date,open,high,low,close,volume,par_sar,base_bb,upper_bb,lower_bb,candle_position,sma_200,ema_50,cmf,atr_14,rsi_14
1996-03-19,4.1903827,4.1903827,3.99991044,3.99991044,14273,3.586827021680448,4.028481472000002,4.514464626372844,3.5424983176271603,27,,3.917263206094232,0.6068865553339918,0.2385634549528071,50.131810460757954
1996-03-20,4.1903827,4.1903827,3.99991044,3.99991044,87496,3.602707565046839,4.009434284500002,4.467755568342788,3.551113000657216,28,,3.920504274090536,0.2818849748942663,0.2351283695990352,50.131810460757954
1996-03-21,4.1903827,4.1903827,3.99991044,3.99991044,799,3.618270497545903,4.009434284500001,4.4677555683428185,3.551113000657184,29,,3.923618241381104,0.2858634104731363,0.2319386474848183,50.131810460757954
1996-03-22,4.1903827,4.1903827,4.1903827,4.1903827,373,3.633522171394985,4.028481472000002,4.483625467749363,3.5733374762506416,30,,3.9340795926994914,0.1565469009723205,0.2289767626644742,54.8284063000508
1996-03-25,3.80943895,4.1903827,3.80943895,4.1903827,200116,3.648468811767085,4.066575846500002,4.433450525375958,3.699701167624046,1,,3.94413069494657,0.4586354417430058,0.2398315474741546,54.8284063000508
1996-03-26,4.1903827,4.1903827,3.99991044,4.1903827,2873,3.663116519331744,4.085623034000002,4.436318912618634,3.73492715538137,2,,3.953787636321214,0.462430673205528,0.2363058840831435,54.8284063000508
1996-03-27,4.1903827,4.1903827,4.1903827,4.1903827,9499,3.677471272745109,4.104670221500003,4.434026875822498,3.775313567177507,3,,3.963065874112539,0.4557258347978908,0.219426892362919,54.8284063000508
1996-03-28,4.1903827,4.57132644,4.1903827,4.57132644,1373,3.6915389310902063,4.142764596000003,4.501641155266514,3.783888036733492,4,,3.9869192296375378,0.3999112535532486,0.2309638100512819,63.95942343095975
1996-03-29,4.95227018,4.95227018,4.57132644,4.57132644,5123,3.726730431446598,4.180858970500003,4.551668238031251,3.8100497029687546,5,,4.009837159455674,0.388423451850908,0.2416766621904761,63.95942343095975
1996-04-01,4.57132644,4.57132644,4.57132644,4.57132644,98,3.800262816359802,4.2094297705000026,4.607146812184197,3.811712728815808,6,,4.031856346928,0.2683575916206192,0.2244140434625849,63.95942343095975
1996-04-02,4.57132644,4.95227018,4.57132644,4.95227018,10174,3.869383258178214,4.2475241445000025,4.760031643511016,3.7350166454889897,7,,4.067951007048471,0.2531043387699508,0.2355947360724003,71.22437281242796
1996-04-03,4.95227018,5.14274243,4.57132644,4.57132644,36373,3.934356473487521,4.257047757000002,4.785928977001201,3.728166536998804,8,,4.087691220105394,0.0976439317814519,0.2595819684958003,58.52056160030612
1996-04-04,4.57132644,4.57132644,4.57132644,4.57132644,49,4.031027350008519,4.266571369500002,4.8106680149932055,3.722474724006799,9,,4.106657307160084,0.0976889418054369,0.2410403993175288,58.5205616003061
1996-04-08,4.57132644,4.57132644,4.57132644,4.57132644,6248,4.1199645564078375,4.285618556500003,4.844191887615552,3.7270452253844537,10,,4.124879626094983,0.0963773646996443,0.2238232279377053,58.5205616003061
1996-04-09,4.57132644,4.76179869,4.57132644,4.57132644,6748,4.2017867862952105,4.304665743500003,4.874810295494704,3.7345211915053023,11,,4.142387344287337,0.0697867519598158,0.2214410152278692,58.5205616003061
1996-04-11,4.38085419,4.38085419,4.38085419,4.38085419,2498,4.277063237791594,4.314189318000002,4.882740836645356,3.745637799354648,12,,4.151738985295676,0.07079345811862,0.2192289605687357,52.25264407565871
1996-04-12,4.57132644,4.57132644,4.57132644,4.57132644,124,4.346317573168266,4.333236505000003,4.90939441060698,3.757078599393026,13,,4.168193395284081,0.0615741625233565,0.217174909813826,57.19051236329416
1996-04-16,4.76179869,4.76179869,4.57132644,4.57132644,4999,4.38085419,4.371330879500002,4.902948970260786,3.8397127887392175,14,,4.184002534292548,0.0859883162478513,0.2152675769699812,57.19051236329415
1996-04-17,4.76179869,4.76179869,4.76179869,4.76179869,2498,4.4418052492,4.4094252920000025,4.938306612336518,3.8805439716634864,15,,4.206661207065389,0.1470304726757412,0.2134964821864111,61.77515297610375
1996-04-18,4.76179869,4.76179869,4.57132644,4.57132644,50246,4.497880223664,4.4284724790000025,4.951837298789371,3.9051076592106337,16,,4.220961804435374,0.0191841259785505,0.211851894173096,55.38723098026768
1996-04-19,4.57132644,4.76179869,4.38085419,4.57132644,99245,5.14274243,4.457043279000002,4.944889503463124,3.96919705453688,17,,4.23470159406536,0.0431766081161088,0.2239299374464463,55.38723098026768
1996-04-22,4.76179869,4.76179869,4.76179869,4.76179869,13999,5.1275046652,4.495137691500002,4.952270371666698,4.038005011333306,18,,4.2553720684157375,0.243128866149893,0.221540102628843,60.164556142973694
1996-04-23,4.76179869,4.95227018,4.76179869,4.76179869,34222,5.112571655696,4.533232104000002,4.943521223670566,4.122942984329439,19,,4.275231935928846,0.1577910688098451,0.2193209160124971,60.164556142973694
1996-04-24,5.14274243,5.14274243,5.14274243,5.14274243,3773,4.38085419,4.580850090500002,5.039171698000991,4.122528482999013,20,,4.309251955304186,0.1566968128286396,0.2308654034401759,68.09039950380871
1996-04-26,4.76179869,4.76179869,4.76179869,4.76179869,499,4.3960919548,4.609420890000002,5.037029421357175,4.181812358642829,21,,4.326998886076571,-0.4241745538617152,0.2415852846230205,56.07519196221499
1996-04-30,4.57132644,4.57132644,4.57132644,4.57132644,1249,4.4110249643040005,4.628468077000003,5.01131205468208,4.245624099317925,22,,4.33658035877945,-0.4364977494230842,0.237934353578519,51.20942967725155
1996-05-01,4.57132644,4.57132644,4.57132644,4.57132644,2299,4.4256593136179205,4.647515264000002,4.975215742706656,4.319814785293348,23,,4.345786087454766,-0.4476488182885852,0.2209390426086248,51.20942967725154
1996-05-02,4.76179869,4.76179869,4.76179869,4.76179869,2248,4.440000975945562,4.6570388765000015,4.986395825531782,4.327681927468221,24,,4.362100307162422,-0.4511198675684088,0.2187628431365802,55.67053032293609
1996-05-06,4.57132644,4.76179869,4.57132644,4.76179869,1399,4.454055805026651,4.666562489000002,4.996469752403026,4.336655225596978,25,,4.377774753548209,-0.4337641762369708,0.2167420864839673,55.67053032293609
1996-05-07,4.76179869,4.76179869,4.76179869,4.76179869,248,4.467829537526118,4.676086101500003,5.005443068112507,4.346729134887498,26,,4.392834515762005,-0.433531084983055,0.2012605088779696,55.67053032293608
1996-05-08,4.76179869,4.76179869,4.76179869,4.76179869,23,4.481327795375596,4.666562527000002,4.9736895660136575,4.359435487986346,27,,4.407303699065456,-0.4877150196849661,0.1868847582438289,55.67053032293608
1996-05-09,4.95227018,5.14274243,4.95227018,4.95227018,6898,4.494556088068084,4.685609714000003,5.013310228045924,4.357909199954081,28,,4.428674933611909,-0.4246718327265439,0.2007461140835555,60.52523365238195
1996-05-10,4.95227018,4.95227018,4.76179869,4.76179869,3799,4.507519814906722,4.695133326500002,5.020054315042337,4.370212337957668,29,,4.44173861033301,-0.4337422203221218,0.2000122123633015,54.14004865336316
1996-05-13,4.95227018,5.14274243,4.95227018,5.14274243,5149,4.520224267208588,4.723704126000003,5.096951549751675,4.350456702248331,30,,4.469228956202303,-0.4144481196549431,0.21293589290878,62.631122341841966
1996-05-14,5.14274243,5.14274243,5.14274243,5.14274243,998,4.532674630464416,4.752274925500002,5.160347596977446,4.344202254022558,-1,,4.495641249292409,-0.3959849923650561,0.1977261862724386,62.63112234184196
1996-05-15,5.14274243,5.14274243,5.14274243,5.14274243,4099,4.544875986455128,4.790369337500002,5.194870104083257,4.385868570916748,-1,,4.521017766182903,-0.3933214012621106,0.1836028872529787,62.63112234184196
1996-05-16,5.14274243,5.14274243,4.76179869,4.76179869,2848,4.556833315326025,4.799892950000002,5.192098727082536,4.407687172917468,-1,,4.5304601553522,-0.4007011772134021,0.1976986624491945,50.86788738857261
1996-05-17,4.76179869,4.76179869,4.76179869,4.76179869,13498,4.568551497619504,4.809416562500003,5.187972079468065,4.43086104553194,-1,,4.539532254750153,-0.3669800230302884,0.1835773294171092,50.86788738857261
1996-05-21,4.38085419,4.38085419,4.38085419,4.38085419,499,5.14274243,4.790369337500002,5.212427083992654,4.368311591007351,-1,,4.533309585544265,-0.3699471764049216,0.1976749844587442,41.769471394670575
1996-05-22,4.57132644,4.57132644,4.57132644,4.57132644,998,5.1275046652,4.790369337500002,5.212427083992654,4.368311591007351,-1,,4.534800442581744,-0.208187282185969,0.1971605034259768,46.88503700730128
1996-05-23,4.38085419,4.38085419,4.38085419,4.38085419,1198,5.112571655696,4.7808457250000025,5.229972118804232,4.331719331195773,-1,,4.528763334637362,-0.4124250822969092,0.196682771038407,42.832721261099394
1996-05-24,4.57132644,4.57132644,4.57132644,4.57132644,1373,5.09793730638208,4.771322112500003,5.229643865289798,4.313000359710207,-1,,4.530432476024132,-0.4720615687666777,0.1962391623928065,47.700709236132106
1996-05-28,4.57132644,4.57132644,4.38085419,4.38085419,8749,5.083595644054438,4.752274887500002,5.241235563367274,4.26331421163273,-1,,4.524566660885931,-0.2546083694457021,0.1958272400790346,43.693825589718905
1996-05-29,4.76179869,4.95227018,4.38085419,4.38085419,60371,5.069540814973349,4.714180475500003,5.194154945861858,4.234206005138147,-1,,4.518930877713934,-0.6426520997619087,0.2226550079305322,43.693825589718905
1996-05-30,4.57132644,4.57132644,4.1903827,4.1903827,4373,5.055767082473882,4.685609676000003,5.216203355679841,4.155015996320165,-1,,4.506046635450642,-0.6580496419111155,0.2339613459354942,39.81503257955514
1996-05-31,4.19024327,4.19024327,4.19024327,4.19024327,599,5.021151707174927,4.666555517500003,5.237994799247556,4.0951162357524495,-1,,4.493662189746695,-0.6615652688507883,0.2172597805115303,39.8122464317712
1996-06-03,4.12675456,4.12675456,3.96803276,3.96803276,28049,4.971297200944432,4.636390833500003,5.283442850875471,3.9893388161245342,-1,,4.4730492709331,-0.7362769305909806,0.217613404046421,35.543412612145815
1996-06-04,3.96803276,4.06326584,3.96803276,3.99977712,7199,4.891036045668877,4.598289755000003,5.298846335446627,3.8977331745533794,-1,,4.454489578739644,-0.7281016668088669,0.2088719523288195,36.58943469422213
1996-06-05,3.99977712,3.99977712,3.87280044,3.87280044,8999,4.817195782815367,4.553839842500003,5.317250779278423,3.790428905721584,-1,,4.4316782399655406,-0.7585106094798717,0.2030222900196181,34.19873172917251
1996-06-06,3.80931172,3.87280044,3.80931172,3.87280044,5849,4.72275624853383,4.509389930000003,5.321182167341981,3.6975976926580247,-1,,4.409761463496304,-0.697524078726968,0.1930556064467882,34.19873172917251
1996-06-10,3.87280044,3.87280044,3.745823,3.745823,17249,4.613142905109771,4.458591145500003,5.326087212047247,3.59109507895276,-1,,4.383724661006253,-0.7261543960232099,0.1883357374148748,31.78977323841612
1996-06-11,3.745823,3.745823,3.65059069,3.65059069,10499,4.491718118394403,4.393507171000003,5.297628224800191,3.489386117199816,-1,,4.354974309202087,-0.7314448706599782,0.1816854925995266,30.07850534176636
1996-06-12,3.65059069,3.65059069,3.65059069,3.65059069,749,4.357137729851298,4.337946771000004,5.280466955763653,3.395426586236355,-1,4.514655952650001,4.327351422174553,-0.7228921795885714,0.1687079574138461,30.07850534176636
1996-06-13,3.71407864,3.745823,3.65059069,3.71407864,9449,4.244090203475091,4.266513581500004,5.169971701649895,3.363055461350114,-1,4.502750835000001,4.3033015091481,-0.7169818057140023,0.1634596968842857,32.87238775811913
1996-06-14,3.745823,3.80931172,3.745823,3.80931172,7949,4.149130281319076,4.199842046000004,5.028520216174746,3.3711638758252622,-1,4.491321882750001,4.2839293605540565,-0.6505223690785213,0.1585863671068367,36.94257917384265
1996-06-17,3.84105608,3.84105608,3.71407864,3.71407864,47849,4.069363946708024,4.128408856500004,4.860308916595564,3.396508796404444,-1,4.479416765100001,4.261582273473505,-0.7318690094786736,0.1563285865992055,34.67817203827431
1996-06-18,3.77756736,3.77756736,3.745823,3.77756736,17999,4.002360225634741,4.079197290000004,4.765034005082663,3.3933605749173457,-1,4.467829091050001,4.242601296474544,-0.6058890280090256,0.1496971675564051,37.43161249281686
1996-06-19,3.77756736,3.87280044,3.77756736,3.87280044,12749,3.946077099933182,4.034747377500004,4.649401604323455,3.4200931506765526,-1,4.4567175824000005,4.228099302102994,-0.5572429887999268,0.1458068755880905,41.42038970492829
1996-06-20,3.87280044,3.87280044,3.87280044,3.87280044,22799,3.898799274343873,4.009344690000004,4.60642593187952,3.412263448120489,-1,4.445606073750001,4.214166013393072,-0.5120635341220585,0.1353920987603697,41.42038970492829
1996-06-21,3.80931172,3.84105608,3.80931172,3.84105608,4499,3.87280044,3.972831172000004,4.514746825217348,3.430915518782659,-1,4.434335843300001,4.199534251299226,-0.489476002187062,0.130256143134629,40.42412765759004
1996-06-24,3.87280044,3.87280044,3.87280044,3.87280044,1199,3.65059069,3.947428484500004,4.457130418867951,3.437726550132056,-1,4.424176695900001,4.18672116066004,-0.4894742449585494,0.1232195871964412,41.92833723738164
1996-06-25,3.87280044,3.87280044,3.80931172,3.80931172,11849,3.655034885,3.909327748500004,4.333538679423806,3.485116817576201,-1,4.414652462350001,4.171920790438078,-0.5127291348640052,0.1189530966824096,39.76580591038257
1996-06-26,3.87280044,3.87280044,3.84105608,3.84105608,2099,3.6593901961,3.8823378430000033,4.247722381612237,3.516953304387769,-1,4.407191673150001,4.158945703754232,-0.501253827992478,0.1149913554908089,41.39343602050489
1996-06-27,3.87280044,3.87280044,3.80931172,3.80931172,4199,3.663658400978,3.853760719500003,4.139421543537113,3.5680998954628937,-1,4.3986198008500015,4.145234567136419,-0.3774029236141002,0.111312595812894,40.22293695045345
1996-06-28,3.80931172,3.87280044,3.80931172,3.87280044,8249,3.66784124175844,3.837881606500003,4.078720042201434,3.597043170798572,-1,4.3903653721500016,4.134550875876167,-0.3161858959196972,0.1078966046834015,43.6546603426571
1996-07-01,3.93628916,3.99977712,3.93628916,3.99977712,6449,3.671940425723271,3.8283582990000022,4.023424086993565,3.633292511006441,-1,4.381793465600001,4.12926563054769,-0.281011532798728,0.1092594672060157,49.85502459558671
1996-07-02,3.87280044,3.87280044,3.87280044,3.87280044,2399,3.68505389349434,3.8235966830000025,4.009212413653492,3.6379809523465134,1,4.371634318200001,4.119208172094839,-0.181900565594464,0.110524982405586,44.57283327982663
1996-07-03,3.80931172,3.80931172,3.80931172,3.80931172,449,3.697642822554567,3.8140734130000022,3.981176170419913,3.646970655580092,2,4.361157727200001,4.107055370051905,-0.1761429974280807,0.1071652493766156,42.1671590225894
1996-07-08,3.87280044,3.87280044,3.80931172,3.87280044,8849,3.709728194452384,3.8140734130000022,3.981176170419913,3.646970655580092,3,4.350046218550001,4.097868902206732,-0.0885160009171859,0.1040454972782859,45.34395597757626
1996-07-09,3.87280044,3.87280044,3.87280044,3.87280044,1499,3.7213301514742887,3.8140734130000022,3.981176170419956,3.6469706555800494,4,4.337982352450001,4.089042688002546,-0.1198381362937108,0.0966136760441226,45.34395597757626
1996-07-10,3.80931172,3.80931172,3.80931172,3.80931172,3899,3.732468030215317,3.8172478490000032,3.981430473935689,3.653065224064318,5,4.324648681500001,4.078072846120093,-0.0355578644255561,0.0942476077552567,42.628255565213294
1996-07-11,3.77756736,3.77756736,3.745823,3.745823,7049,3.7431603938067046,3.8220094645000025,3.9714438062152313,3.6725751227847736,6,4.310997566950001,4.065043440389893,-0.0172989313863648,0.0920505443441669,40.04540195617989
1996-07-12,3.745823,3.745823,3.745823,3.745823,17399,3.99977712,3.8267710800000025,3.959149049389077,3.6943931106109287,7,4.297346452400001,4.052524991747152,-0.0158506851696363,0.0854755054624407,40.04540195617989
1996-07-15,3.745823,3.745823,3.68233505,3.68233505,4799,3.9946980376,3.825183900500002,3.963554006991023,3.686813794008981,8,4.284330259350001,4.0380077391296165,-0.0571538897183749,0.0839049657865521,37.41618833484637
1996-07-16,3.68233505,3.68233505,3.61884633,3.61884633,1649,3.982203518096,3.8156606310000014,3.980730825461804,3.650590436538201,9,4.270996622700001,4.021570036810808,-0.1101420741765548,0.0824466625160841,34.94530626473262
1996-07-17,3.68233505,3.68233505,3.68233505,3.68233505,1499,3.96040208681024,3.814073451500002,3.983571104803216,3.644575798196788,10,4.258932787100001,4.008266703994698,0.1917643734990821,0.0810925237649352,39.26465863691527
1996-07-18,3.61884633,3.61884633,3.55535761,3.55535761,5249,3.939908741401626,3.8029629640000016,4.0063245167346615,3.599601411265341,11,4.245281706850001,3.9905055630537296,0.0302879764030119,0.0843700177817255,34.35209780590229
1996-07-19,3.55535761,3.68233505,3.55535761,3.68233505,7949,3.909144650889496,3.7934396945000017,4.000630221791096,3.586249167208908,12,4.232265513800001,3.97842044489476,-0.0072401838264932,0.0874134050830308,42.1470951038661
1996-07-22,3.745823,3.745823,3.745823,3.745823,599,3.880841687618336,3.7870908225000015,3.9919335090431622,3.5822481359568403,13,4.219566760500001,3.9692989764675146,-0.0088186192674061,0.0857044440056715,45.6236913653645
1996-07-24,3.68233505,3.87280044,3.55535761,3.745823,35849,3.55535761,3.782329168500001,3.9863585528208345,3.578299784179168,14,4.2068680072000015,3.9605352126844746,0.013310785664277,0.1022571858624092,45.6236913653645
1996-07-25,3.68233505,4.06326584,3.68233505,3.87280044,23249,3.55535761,3.782329168500001,3.986358552820852,3.5782997841791504,15,4.194804141100001,3.957094633363514,0.0114200207720644,0.1221624433008086,52.27597532828533
1996-07-26,3.93628916,3.93628916,3.87280044,3.87280044,7949,3.55535761,3.7855036045000015,3.9930586094190312,3.577948599580972,16,4.184644993700001,3.953788978721808,0.0374858245189163,0.1179714630650365,52.27597532828535
1996-07-29,3.87280044,3.87280044,3.87280044,3.87280044,2999,3.5756739392,3.7870908225000006,3.9967952216285902,3.577386423371411,17,4.172581127600001,3.950612957595463,0.0510525509061788,0.1095449299889625,52.27597532828533
1996-07-30,3.745823,3.745823,3.745823,3.745823,1499,3.595177615232,3.783916386500001,3.994100781296164,3.573731991703838,18,4.160834731750001,3.942581978866229,0.0800557067106774,0.1107901092754651,45.34707399274821
1996-08-02,3.68233505,3.68233505,3.68233505,3.68233505,2399,3.61390114422272,3.774393117000001,3.9848649387711528,3.563921295228849,19,4.148770896150001,3.9323762169499066,0.0259029080209326,0.1074113836129319,42.32627581241258
1996-08-05,3.61884633,3.61884633,3.61884633,3.61884633,449,4.06326584,3.755346577500001,3.949064609493728,3.5616285455062733,20,4.1354372595000015,3.920080927265596,-0.0198087607172606,0.1042740504977225,39.49303857300232
1996-08-06,3.61884633,3.68233505,3.61884633,3.61884633,36599,4.0543774498,3.742648872000001,3.937197402115027,3.5481003418849757,21,4.123055980300001,3.9082678058042,-0.2288007340909497,0.101360812605028,39.49303857300232
1996-08-07,3.61884633,3.61884633,3.61884633,3.61884633,1499,4.045666827403999,3.733125602500001,3.9322812871853534,3.5339699178146478,22,4.110674701100001,3.896917944007957,-0.2274114969961976,0.0941207545618117,39.49303857300233
1996-08-08,3.61884633,3.61884633,3.61884633,3.61884633,1199,4.037130417455919,3.720427897,3.9146653759301273,3.526190418069873,23,4.098293421900001,3.886013174831174,-0.2914767072576987,0.0873978435216823,39.49303857300233
1996-08-09,3.745823,3.745823,3.745823,3.745823,14999,4.028764735706801,3.714079025000001,3.895882406150204,3.532275643849798,24,4.085594668600001,3.880515520916226,-0.2694667757889722,0.0902249025558479,48.72591275469308
1996-08-12,3.745823,3.745823,3.745823,3.745823,36749,4.020566367592665,3.710904589000001,3.888104600208629,3.533704577791373,25,4.075752991450001,3.875233461272453,-0.2276391351677572,0.0837802666590016,48.72591275469308
1996-08-13,3.87280044,3.93628916,3.87280044,3.93628916,4349,4.012531966840812,3.7204278970000018,3.9227960078151303,3.518059786184873,26,4.066863645100001,3.877627802399023,-0.1760267562128581,0.0914006876119301,59.48177526060592
1996-08-15,3.99977712,3.99977712,3.93628916,3.93628916,7349,4.004658254103996,3.729951205000001,3.953066227836583,3.5068361821634197,27,4.0579742987500005,3.87992824779514,-0.2218738444064383,0.0894069213539351,59.48177526060592
1996-08-16,4.06326584,4.06326584,4.06326584,4.06326584,1499,3.61884633,3.7489977445,4.013753292667262,3.4842421963327377,28,4.0497198358,3.8871179572933694,-0.2010802238242788,0.0920904755429397,65.1363020111363
1996-08-19,4.19024327,4.19024327,4.19024327,4.19024327,449,3.6277347202,3.7775675915,4.097539778213824,3.457595404786176,29,4.04210026,3.8990052244583353,-0.193838204422021,0.0945824008613012,69.6914114411149
1996-08-20,4.31721995,4.50768535,4.31721995,4.50768535,49049,3.650235062192,3.8188351065,4.2664629764507245,3.371207236549276,30,4.0360678946,3.9228750333031055,0.0470000819429073,0.1105009493712082,77.57844568298975
1996-08-21,4.57117407,4.76163946,4.57117407,4.76163946,8099,3.70168207946048,3.879149199,4.470513285247672,3.2877851127523288,-1,4.03130529975,3.955767755918671,0.1009834538134143,0.1207476037018362,81.68463543605309
1996-08-22,4.82512818,4.82512818,4.60291843,4.6981515,25499,3.7864786699036417,3.9299400215000007,4.612434302693607,3.247445740306394,-1,4.027177626349999,3.984880843921861,0.0500403651125495,0.1279948998659907,77.84639130768484
1996-08-23,4.57117407,4.6981515,4.57117407,4.63466279,82349,3.890343620913277,3.9743820110000008,4.7163018872038585,3.232462134796142,-1,4.02178014815,4.010362488866101,0.038151288843587,0.1279222234469914,74.09682011914033
1996-08-26,4.6981515,4.6981515,4.6981515,4.6981515,7799,3.9838220768219497,4.0219984360000005,4.819304159876893,3.224692712123108,-1,4.0167001135,4.037334606949783,0.0188506313657976,0.1233198296293491,75.37419462633237
1996-08-27,4.82512818,4.82512818,4.82512818,4.82512818,4499,4.067952687139755,4.069614823,4.936320427470479,3.2029092185295216,-1,4.014159684799999,4.068228472559595,0.0200395776401166,0.1235810332272528,77.73863861822386
1996-08-28,4.76163946,4.8886169,4.76163946,4.82512818,34049,4.14367023642578,4.117231210000001,5.0383838736919175,3.196078546308084,-1,4.01257161355,4.097910814027847,0.0430031716273551,0.1238236337110204,77.73863861822386
1996-08-29,4.82512818,4.82512818,4.76163946,4.82512818,9599,4.233063836054686,4.1648475970000005,5.128033608290393,3.201661585709609,-1,4.00907882355,4.126429142105186,0.0712326978630647,0.1195139970173762,77.73863861822386
1996-08-30,4.76163946,4.82512818,4.76163946,4.82512818,5249,4.311730203728124,4.218812856,5.202762073545753,3.2348636384542475,-1,4.0074907523,4.153829104375571,0.0861605658492017,0.115512191516135,77.73863861822386
1996-09-03,4.76163946,4.8886169,4.76163946,4.8886169,11699,4.380956607280749,4.2791269485,5.271986811672117,3.286267085327883,-1,4.007172485899999,4.182644312047118,0.1179295269826374,0.1163311378364111,79.08892616107642
1996-09-06,4.82512818,5.0790823,4.82512818,5.01559358,37649,4.441875842407058,4.3489643110000005,5.342716895863832,3.3552117261361687,-1,4.007489102899999,4.21530898922174,0.1558998745638238,0.126161350848096,81.50515132555502
1996-09-09,4.92036126,5.04733794,4.92036126,5.04733794,9749,4.531084746470071,4.420388891500001,5.399198887886309,3.441578895113693,-1,4.0079644417,4.2479375755267705,0.2989014921767014,0.1262195886446606,82.06315170466338
1996-09-10,4.98384922,4.98384922,4.98384922,4.98384922,7949,4.607804403964261,4.488639036,5.423754051871403,3.553524020128598,-1,4.0081223369,4.276796855702191,0.2935436436800787,0.1217388123128991,77.05584733061454
1996-09-11,5.04733794,5.04733794,5.04733794,5.04733794,1499,4.673783309409265,4.560063616500001,5.434795136964286,3.685332096035715,-1,4.009550033149999,4.3070141531256345,0.2932991122800176,0.1175780914334064,78.47057520056697
1996-09-12,5.0790823,5.0790823,4.95210562,5.01559358,4799,4.730525168091968,4.623552145500001,5.434684694996717,3.8124195960032847,-1,4.009866650149999,4.334801581630511,0.3018483141819885,0.118249419188163,75.94896792050127
1996-09-13,5.0790823,5.14257101,5.0790823,5.14257101,7499,4.7793231665590925,4.693389546000001,5.427025278900181,3.95975381309982,-1,4.0108181543,4.366478814115589,0.3527653130276388,0.1188728485318657,78.8734196645752
1996-09-16,5.0790823,5.20605973,5.0790823,5.20605973,6599,4.837442821509637,4.7568780745,5.4351288837143095,4.078627265285691,-1,4.011134740799999,4.399403555914978,0.3572748910962228,0.119451747208161,80.17165080560191
1996-09-17,5.14257101,5.26954769,5.14257101,5.26954769,2099,4.903793865037903,4.823541001000001,5.423658631746687,4.223423370253315,-1,4.010816409649999,4.433526855290861,0.3929198582904282,0.119989242407578,81.40237247402483
1996-09-18,5.33303641,5.46001309,5.26954769,5.26954769,145349,4.976944630030323,4.8838550935,5.403249684304005,4.364460502695995,-1,4.012402797199999,4.466311986063769,-0.044474290768307,0.1250232536641797,81.40237247402483
1996-09-19,5.26954769,5.26954769,5.20605973,5.20605973,84899,5.073558322024258,4.9346459165,5.363593003410511,4.505698829589489,-1,4.0127193837,4.495321701512248,-0.193093555475103,0.1206278755453097,75.93610390215422
1996-09-23,5.20605973,5.20605973,5.14257101,5.14257101,1799,5.46001309,4.9663901995,5.35645725679716,4.57632314220284,-1,4.014623245299999,4.520704027335297,-0.313342328350604,0.1165465072920732,70.81493998461086
1996-09-24,5.14257101,5.14257101,5.14257101,5.14257101,1499,5.4536642484,4.985436777,5.370825649780631,4.60004790421937,-1,4.01747946815,4.545090967831952,-0.3340016244047238,0.1082217567712109,70.81493998461086
1996-09-25,5.14257101,5.20605973,5.14257101,5.14257101,12599,5.447442383632,5.0076577525,5.375055579949151,4.64025992505085,-1,4.022240409699999,4.568521557720896,-0.3616814026121577,0.1050265398589815,70.81493998461086
1996-09-26,5.14257101,5.14257101,5.0790823,5.14257101,7499,5.44134495615936,5.033053163500001,5.362016269356373,4.704090057643628,-1,4.028906069999999,4.591033300947528,-0.4100835477994723,0.1020595520119114,70.81493998461086
1996-09-30,5.14257101,5.14257101,5.14257101,5.14257101,1649,5.426854449912986,5.055274139,5.348887226077913,4.761661051922086,-1,4.036524091549999,4.612662230714292,-0.4164166061300018,0.0947695840110606,70.81493998461086
1996-10-02,5.0790823,5.0790823,5.0790823,5.0790823,299,5.412943563916466,5.067971845000001,5.341985806633249,4.793957883366752,-1,4.041919950849999,4.630953213823535,-0.4208552269095009,0.0925352358674135,64.51277936870477
1996-10-03,5.0790823,5.0790823,5.0790823,5.0790823,2249,5.399589113359808,5.080669551,5.331006930420801,4.830332171579198,-1,4.049220528849999,4.648526903477514,-0.4578019077910468,0.0859255761625982,64.51277936870477
1996-10-08,5.14257101,5.14257101,4.8886169,4.8886169,9599,5.386768840825416,5.083843987,5.322475630023966,4.8452123439760335,-1,4.056521137299999,4.657942197458787,-0.5108013832624324,0.0979276142938412,49.26002810123812
1996-10-09,4.95210562,4.95210562,4.8886169,4.8886169,11999,5.356879724375891,5.087018423,5.31316152419478,4.86087532180522,1,4.061917027049999,4.666988264225109,-0.5482020300806301,0.0954676932728526,49.26002810123813
1996-10-10,4.82512818,4.82512818,4.76163946,4.79338382,13199,5.328783954913337,5.082256769,5.32806488923368,4.83644864876632,2,4.064932032649999,4.67194495268687,-0.577560421774862,0.0977183894676488,43.320679702975966
1996-10-11,4.85687254,4.85687254,4.85687254,4.85687254,1499,5.28341239532027,5.074320717,5.337836413440022,4.810805020559978,3,4.071121561849999,4.679197014934443,-0.6963151040101083,0.0952734130771025,47.83619036292758
1996-10-15,4.8886169,4.8886169,4.8886169,4.8886169,7349,5.241670560494648,5.066384664999999,5.341957098424762,4.790812231575236,4,4.078422170299999,4.687409559446818,-0.7307204191356597,0.0907356235715951,49.98186761878959
1996-10-16,5.0790823,5.0790823,4.95210562,4.95210562,10499,5.203268072455076,5.064797485,5.342609669022198,4.786985300977801,5,4.084135503649999,4.69778979711557,-0.7565385934097688,0.0978591790307669,54.052584198052
1996-10-17,4.95210562,5.0790823,4.95210562,5.0790823,13499,5.16793778345867,5.066384702999999,5.344142469035235,4.7886269369647625,6,4.090483720399999,4.7127424442875085,-0.6913762085075602,0.0999390005285692,60.90544282103103
1996-10-21,5.0790823,5.0790823,5.01559358,5.0790823,8249,5.1354339175819765,5.069559139,5.346372011850899,4.792746266149101,7,4.097784298399999,4.727108713138978,-0.6609864830108879,0.0973354090622428,60.90544282103103
1996-10-22,5.01559358,5.01559358,5.01559358,5.01559358,1499,5.105530360975418,5.0632102675,5.338855770907806,4.787564764092194,8,4.106672151499999,4.738421845172744,-0.6943215189137324,0.0949177884149398,56.05720318029709
1996-10-23,5.01559358,5.01559358,4.95210562,5.01559358,3749,5.0790823,5.053686959999999,5.321996382131174,4.785377537868825,9,4.113655285899998,4.749291324969891,-0.7084789492201243,0.0926728006710155,56.05720318029709
1996-10-24,5.01559358,5.01559358,5.01559358,5.01559358,149,5.053686872799999,5.0409892545,5.290621122003404,4.791357386996595,10,4.121590777749999,4.759734550657346,-0.718742075310353,0.0860533149088001,56.05720318029709
1996-10-25,5.0790823,5.0790823,5.0790823,5.0790823,749,4.76163946,5.031465984999999,5.259052722225307,4.803879247774691,11,4.130796074449999,4.772257991808039,-0.5058242944532977,0.0844415581296,60.03099706965409
1996-10-29,5.01559358,5.01559358,4.95210562,4.95210562,3149,4.7679883168,5.0187682795,5.233974725520834,4.803561833479165,12,4.138414126499999,4.77931083997243,-0.1476148253236389,0.0874797811203429,50.24467010873946
1996-10-31,4.8886169,5.01559358,4.82512818,5.01559358,17999,4.774210196464,5.012419408,5.219998728403467,4.804840087596532,13,4.147301979599999,4.7885768297774325,0.0244223910683826,0.0948358967546041,54.25975506353832
1996-11-04,4.95210562,4.95210562,4.82512818,4.95210562,8249,4.78030763853472,5.0028961385,5.203061236145039,4.802731040854961,14,4.155872392899999,4.794989723511651,0.0839829072423193,0.1016665755578466,49.92138644007304
1996-11-05,4.8886169,4.8886169,4.8886169,4.8886169,1349,4.7862831317640255,4.990198432999999,5.185470741175354,4.794926124824643,15,4.164125362599999,4.798661377491586,0.1927859897172235,0.0989395858751433,45.9635984560605
1996-11-06,4.8886169,4.8886169,4.8886169,4.8886169,1199,4.792139115128745,4.977500727499999,5.164333884528543,4.790667570471455,16,4.17142597105,4.802189045040935,0.139609070908783,0.0918724725983474,45.9635984560605
1996-11-07,4.82512818,4.8886169,4.82512818,4.82512818,38399,4.79787797882617,4.961628586,5.143542763774709,4.77971440822529,17,4.180313858449999,4.803088618960898,-0.1413541599432001,0.0898450616984654,42.09326921556541
1996-11-08,4.82512818,4.82512818,4.82512818,4.82512818,449,4.803502065249647,4.948930879999999,5.131729234221233,4.766132525778765,18,4.19110646455,4.803952915472236,-0.1412174361619809,0.0834275572914321,42.09326921556541
1996-11-11,4.82512818,4.82512818,4.82512818,4.82512818,149,4.809013669944654,4.936233174,5.116366054494317,4.756100293505683,19,4.200946709399999,4.804783318002736,-0.1431559681004052,0.0774684460563298,42.09326921556541
1996-11-12,4.82512818,4.82512818,4.82512818,4.82512818,449,4.814415042545761,4.933058738,5.118592962573029,4.747524513426971,20,4.209834596799999,4.805581155728119,-0.0855245776263644,0.0719349856237348,42.09326921556541
1996-11-14,4.8886169,4.95210562,4.8886169,4.8886169,6899,4.819708387694845,4.933058737999999,5.118592962573104,4.747524513426893,21,4.219992285249999,4.808837459425055,-0.0519065811288113,0.0758665895077538,47.9844922492442
1996-11-15,4.82512818,4.82512818,4.82512818,4.82512818,2999,4.824895865940949,4.934645955999999,5.115866418339123,4.753425493660875,22,4.228880172649999,4.809476311212308,-0.0560258305453979,0.0749824559714856,43.24632576096781
1996-11-18,4.8886169,4.8886169,4.82512818,4.8886169,6749,5.0790823,4.936233174,5.115243712456399,4.7572226355436005,23,4.23999022235,4.812579863713785,-0.0033786814172522,0.0741614748306652,48.701388010672
1996-11-19,4.95210562,5.01559358,4.95210562,5.01559358,8999,5.0740032176,4.9425820080000005,5.123384925575887,4.761779090424114,24,4.250782794199999,4.820541185921088,0.0631100937753819,0.0779339894856177,57.49987531316004
1996-11-20,5.0790823,5.0790823,4.8886169,4.95210562,21149,4.82512818,4.9425820080000005,5.123384925575926,4.761779090424075,25,4.261257926249999,4.82570057549281,0.0821220536203487,0.0859719473795022,52.63851189376847
1996-11-21,5.01559358,5.01559358,4.95210562,5.01559358,8399,4.8302072624,4.939407572,5.112581065393995,4.766234078606004,26,4.273002859349999,4.833147359983288,0.0489175031413005,0.0843659482809663,56.59087553630891
1996-11-22,5.0790823,5.0790823,5.0790823,5.0790823,12749,4.835184763152,4.939407572,5.112581065393914,4.766234078606087,27,4.28506523605,4.842791867434924,-0.0092975694744257,0.0828747176894687,60.170415490106095
1996-11-25,5.14257101,5.33303641,5.14257101,5.20605973,14849,4.84006271388896,4.9489308795,5.155537022635976,4.742324736364024,28,4.298714857349999,4.857037665966888,-0.039679138533202,0.0950946742830781,66.1775328441999
1996-11-26,5.33303641,5.46001309,5.33303641,5.46001309,22199,4.859781661733401,4.9711518550000005,5.274571092068363,4.667732617931638,29,4.312681887999999,4.88068376102701,0.0685230281293519,0.1064417232628582,74.47056944272043
1996-11-27,5.52350181,5.84094464,5.33303641,5.77745592,25649,4.8957955474293975,5.009244972,5.47388367770041,4.54460626629959,30,4.3282361328,4.91585129667301,0.1547711466160217,0.1351179023155112,80.80593305454268
1996-11-29,5.84094464,5.84094464,5.7139672,5.7139672,3749,4.971407474835046,5.040989217,5.597953822449501,4.484024611550499,-1,4.342520572749999,4.947149959548578,0.1342963024142136,0.1345364407215462,76.70601146025636
1996-12-02,5.7139672,5.84094464,5.7139672,5.77745592,21749,5.040970448048243,5.082256732,5.722798785817561,4.441714678182439,-1,4.357122456299999,4.979710977605497,0.1371980261645291,0.1339965120985786,77.91286974961511
1996-12-03,5.77745592,6.09489875,5.7139672,6.03141004,22949,5.104968383404383,5.133047555,5.894142093907823,4.371953016092177,-1,4.373946471699999,5.020954078091556,0.1224646238446106,0.1516347290915372,81.94286580373688
1996-12-04,6.03141004,6.15838747,6.03141004,6.15838747,186749,5.203961420063945,5.1933616475,6.069963113178134,4.3167601818218655,-1,4.390453012999999,5.065559309146789,0.5065463849797331,0.1498734934421417,83.55822796042536
1996-12-05,6.15838747,6.15838747,6.03141004,6.09489875,14399,5.318492546056271,5.25367574,6.201229921998938,4.306121558001062,-1,4.40759447195,5.1059255617292685,0.4908401707192155,0.1482380603391316,79.7182092958191
1996-12-06,5.96792132,5.96792132,5.84094464,5.90443336,3449,5.419279936929518,5.304466563,6.276877793747981,4.332055332252019,-1,4.421878885249999,5.137239593034003,0.4882301696778272,0.1557892067434793,69.41233273493302
1996-12-09,6.03141004,6.09489875,6.03141004,6.09489875,113249,5.507972840897976,5.3679550915,6.372178164350913,4.363732018649086,-1,4.436163264199999,5.174794854091493,0.719371925972487,0.1582660769760879,73.15042110295406
1996-12-10,5.96792132,5.96792132,5.46001309,5.46001309,13949,6.15838747,5.399699337,6.372939243397458,4.426459430602541,-1,4.4463208536,5.18597988295065,0.6731129891604345,0.1923103329063673,50.84481570206784
1996-12-11,5.33303641,5.39652513,5.20605973,5.20605973,6599,6.1444199824000005,5.4187459145,6.360668248631223,4.476823580368777,-1,4.4533039575,5.186767327932977,0.6519893261556177,0.1967134062701982,44.94159770917456
1996-12-12,5.14257101,5.14257101,5.04733794,5.0790823,18599,6.106885572304001,5.4314436205,6.347506188147565,4.515381052852434,-1,4.455842736799999,5.182544385661096,0.618350183426188,0.1939997193937555,42.297290296653216
1996-12-13,5.0790823,5.0790823,5.01559358,5.01559358,2849,6.043312714365761,5.4377924545,6.340379557560645,4.535205351439355,-1,4.4599687912,5.175997295243014,0.6306696357933028,0.1846775051513443,40.99836349475679
1996-12-16,5.0790823,5.0790823,4.8886169,4.8886169,2399,5.9610951836165,5.4409668905,6.335321644341033,4.546612136658967,-1,4.4634599622,5.164727475821719,0.62686744506541,0.1850909262119626,38.45484292856656
1996-12-18,5.01559358,5.01559358,4.82512818,4.82512818,4499,5.85384735525485,5.4377924545,6.34037955756063,4.53520535143937,-1,4.468538408349999,5.15140985637773,0.6082772711196773,0.1854748171968224,37.21174302650112
1996-12-19,4.76163946,4.76163946,4.63466279,4.6981515,2849,5.730401054224267,5.421920350500001,6.36394962512937,4.479891075870631,-1,4.472029613649999,5.133635018872721,0.5982241614419924,0.1858312866827636,34.78951281237805
1996-12-23,4.82512818,4.95210562,4.82512818,4.95210562,5999,5.57699769723287,5.421920350500001,6.36394962512937,4.479891075870631,-1,4.477742946999999,5.126516218916928,0.6417614270421058,0.1906972033482805,42.807906519986105
1996-12-24,4.95210562,4.95210562,4.95210562,4.95210562,899,5.445070810220268,5.4187459525,6.366640321278554,4.470851583721446,-1,4.482503922899999,5.119676587586852,0.6345952947083111,0.1770759745376891,42.807906519986105
1996-12-27,4.8886169,4.8886169,4.82512818,4.85687254,9149,5.331613687389431,5.4076354645,6.376178715757591,4.439092213242409,-1,4.48774109085,5.109370546505015,0.6391939964695535,0.173497507784997,40.63485235306934
1996-12-30,4.95210562,5.14257101,4.95210562,5.01559358,18749,5.23404056175491,5.398112157,6.378074436124211,4.418149877875789,-1,4.493771863999999,5.105693018406779,0.6316183090426686,0.1815118622289258,45.59209230207583
1996-12-31,5.01559358,5.01559358,4.95210562,4.95210562,1349,5.150127673709223,5.3727167835000005,6.371097667548545,4.374335899451456,-1,4.49948519735,5.099669983175141,0.6099882353572792,0.1730815834982882,44.00905204929898
1997-01-02,5.0790823,5.0790823,4.95210562,4.95210562,7949,4.63466279,5.3314492685,6.327728523982964,4.335170013017036,-1,4.5051985307,5.093883145403567,0.574524320618566,0.1697883761055533,44.00905204929899
1997-01-07,4.8886169,5.04733794,4.8886169,5.04733794,1799,4.6435511802,5.2981178055,6.28554287355094,4.3106927374490605,-1,4.51138802565,5.092057843230878,0.5890150034496455,0.1689978520980138,47.19846907469424
1997-01-08,4.92036126,4.92036126,4.92036126,4.92036126,1499,4.6522618025960005,5.255263072499999,6.230070309026585,4.280455835973413,-1,4.51789499845,5.08532464388849,0.6161273936477569,0.1659963398052986,43.62984011279672
1997-01-09,5.01559358,5.04733794,4.92036126,4.98384922,2999,4.660798212544081,5.202885031499999,6.115862350222903,4.289907712777096,-1,4.5237670498,5.081345215500706,0.6089661109145734,0.1632092212477773,45.83502066501026
1997-01-10,4.95210562,4.95210562,4.95210562,4.95210562,1499,4.669163894293199,5.142570939,5.948149927142457,4.336991950857542,-1,4.52948038315,5.076276996069306,0.293974299245527,0.1538188197300788,44.88946136561803
1997-01-13,5.01559358,5.0790823,5.01559358,5.0790823,7799,4.677362262407335,5.0917801165,5.768580814690627,4.414979418309373,-1,4.53392388115,5.076387007988157,0.3366658852228277,0.1519015240350732,49.38729474107975
1997-01-14,4.95210562,4.95210562,4.95210562,4.95210562,1499,4.685396663159188,5.0441637295,5.610565210772671,4.47776224822733,-1,4.5367801383,5.071513228067053,0.3395683427023082,0.1501211780325679,45.39720633379928
1997-01-15,4.8886169,4.8886169,4.8886169,4.8886169,2399,4.693270375896004,4.9838496370000005,5.284331958516502,4.683367315483499,-1,4.53931895185,5.064340823044815,-0.3160099908748107,0.143933145315956,43.504602261525655
1997-01-16,4.95210562,4.95210562,4.95210562,4.95210562,749,4.700986614378084,4.9584542635,5.164767460585428,4.7521410664145725,-1,4.54407992775,5.059939442533254,-0.2202725178458035,0.1381871149362449,45.93207856819704
1997-01-21,4.82512818,4.82512818,4.82512818,4.82512818,449,4.708548528090522,4.939407686000001,5.119428580159257,4.759386791840745,-1,4.5463012977,5.050731157728028,-0.1656327594039583,0.1373864238693702,42.04133091332708
1997-01-22,4.76163946,4.76163946,4.63466279,4.63466279,16949,5.0790823,4.9171867105,5.129564972319892,4.704808448680109,-1,4.549475059450001,5.034414751150458,-0.2824845423823144,0.1411777785929866,36.98109342350941
1997-01-23,4.6981515,4.6981515,4.63466279,4.63466279,1949,5.0701939098,4.898140171,5.138308058453606,4.6579722835463935,-1,4.553601178650001,5.018738203654362,-0.2755728019150561,0.1356285594077733,36.98109342350941
1997-01-24,4.6981515,4.6981515,4.6981515,4.6981515,299,5.061483287403999,4.888616901000001,5.14415319714105,4.633080604858951,-1,4.559949460100001,5.006166176060073,-0.255641814112818,0.1304757130215038,39.78305984661316
1997-01-27,4.57117407,4.6981515,4.57117407,4.6981515,4799,5.052946877455919,4.882268067,5.149825197590197,4.614710936409803,1,4.564393022850001,4.9940871691557565,-0.1533315167840624,0.1302258356628249,39.78305984661316
1997-01-28,4.6981515,4.6981515,4.6981515,4.6981515,4499,5.033675965157682,4.882268067,5.149825197590197,4.614710936409803,2,4.568836585600001,4.982481848796708,-0.150619465167432,0.1209239902583374,39.78305984661316
1997-01-29,4.63466279,4.6981515,4.63466279,4.6981515,3299,5.015175889351375,4.869570360999999,5.146601435910415,4.592539286089584,3,4.57328014835,4.971331639039974,-0.1849170204329671,0.1168214702398847,39.78305984661316
1997-01-30,4.6981515,4.6981515,4.6981515,4.6981515,149,4.99741581657732,4.856872654999999,5.14080180267777,4.572943507322228,4,4.577723711100001,4.960618692410955,-0.186460911842571,0.1084770795084644,39.78305984661316
1997-01-31,4.63466279,4.6981515,4.63466279,4.63466279,7349,4.980366146714227,4.8457621675,5.145757890789013,4.545766444210988,5,4.580897472850001,4.947836108002683,-0.2737564888199282,0.105263624543574,37.37588849862796
1997-02-03,4.76163946,4.82512818,4.63466279,4.6981515,24899,4.963998463645657,4.8298900635,5.125827522007337,4.533952604992662,6,4.583436316850001,4.938044554747676,-0.2776451489134379,0.1113494649333187,41.20695308430492
1997-02-04,4.82512818,5.01559358,4.76163946,4.76163946,48449,4.57117407,4.820366755499999,5.1121894864382185,4.52854402456178,7,4.585340243200001,4.931126707894826,-0.5184641854803763,0.1260703660095103,44.84086892732337
1997-02-05,4.82512818,4.82512818,4.82512818,4.82512818,1949,4.5800624602,4.814017883499999,5.099557341610902,4.528478425389096,8,4.587561613150001,4.926969902879343,-0.482699734806827,0.1216002484374024,48.28333219202828
1997-02-06,4.6981515,4.6981515,4.6981515,4.6981515,6449,4.588773082596,4.7965585615,5.065093148567448,4.528023974432551,9,4.590100457150001,4.917996632178192,-0.4795156158412603,0.1219842792633023,42.56212958685721
1997-02-07,4.66640714,4.6981515,4.66640714,4.66640714,749,4.59730949254408,4.7838608555,5.05179434421197,4.515927366788029,10,4.592480579350001,4.908130377582969,-0.4874811045025691,0.115538570744495,41.24629197424659
1997-02-10,4.66640714,4.66640714,4.63466279,4.63466279,899,4.605675174293198,4.766401534,5.025287582498383,4.507515485501616,11,4.594701979800001,4.8974061584620685,-0.501507164973737,0.1095532692627453,39.917293209257984
1997-02-11,4.63466279,4.63466279,4.63466279,4.63466279,1949,4.613873542407334,4.7505293925,5.000705539297886,4.500353245702113,12,4.596923380250001,4.887102496953752,-0.4998662268203291,0.1017280357439778,39.917293209257984
1997-02-12,4.50768535,4.63466279,4.47594099,4.50768535,44249,5.01559358,4.721959544999999,4.944509321167454,4.499409768832544,13,4.600414612250001,4.8722233931516445,-0.5925681237762949,0.1057990189051222,34.726536946777685
1997-02-13,4.44419739,4.44419739,4.44419739,4.44419739,5699,5.0048005282,4.696564133499999,4.924128662707967,4.468999604292031,14,4.602636047000001,4.855438059694717,-0.5786003040442237,0.1027768004118992,32.4541157964713
1997-02-14,4.57117407,4.57117407,4.57117407,4.57117407,749,4.982376402672,4.680691992,4.896436275890131,4.464947708109869,15,4.604540003850001,4.844290452255708,-0.5840083961626906,0.1045053632396207,40.79821445630684
1997-02-18,4.50768535,4.57117407,4.50768535,4.57117407,1049,4.9608492421651205,4.661645414499999,4.842643401031487,4.480647427968511,16,4.6073963220000005,4.833580005892739,-0.5770853484962947,0.1015756030082192,40.79821445630684
1997-02-19,4.57117407,4.63466279,4.50768535,4.63466279,1499,4.940183168078516,4.652122144999999,4.817039669728141,4.487204620271857,17,4.610570083750001,4.825779330759691,-0.5652518674083641,0.1033900199362035,44.75562047558172
1997-02-20,4.50768535,4.57117407,4.38070867,4.57117407,6149,4.920343736955375,4.648947709,4.817491573144024,4.480403844855975,18,4.613426401900001,4.815794810729899,-0.4635444228788592,0.114144598512189,41.75011086475948
1997-02-21,4.57117407,4.57117407,4.44419739,4.44419739,3149,4.8879656329380525,4.639424439,4.830180802717084,4.448668075282916,19,4.6146954753500005,4.801222362858138,-0.4673698726800558,0.1150611757613183,36.47450836779371
1997-02-24,4.57117407,4.57117407,4.57117407,4.57117407,1799,4.857530215161769,4.633075567499999,4.824043121436,4.442108013563997,20,4.616599432200001,4.792200861177427,-0.4632406771975486,0.1159122832069384,44.083684887607696
1997-02-26,4.6981515,4.6981515,4.63466279,4.63466279,14399,4.828920922452062,4.629901131999999,4.8185325900080285,4.441269673991969,21,4.61882083265,4.786022897601842,-0.5454733090344509,0.1167026508350142,47.471662758849725
1997-02-27,4.6981515,4.8886169,4.63466279,4.8886169,19949,4.38070867,4.639424402,4.8577686335248575,4.4210801704751415,22,4.62231200365,4.790046191813534,-0.3998255000492727,0.126506326489656,58.34400057503691
1997-02-28,4.8886169,4.8886169,4.8886169,4.8886169,1049,4.3908668346,4.648947672,4.891931289880255,4.405964054119745,23,4.62389845595,4.793911709781631,-0.4216273869280288,0.1174701603118234,58.34400057503691
1997-03-03,4.82512818,4.8886169,4.82512818,4.8886169,2249,4.400821835907999,4.658470942,4.922445054943398,4.394496829056602,24,4.62548490825,4.797625638809802,-0.4055270298674738,0.1136143431466932,58.34400057503691
1997-03-04,4.95210562,4.95210562,4.95210562,4.95210562,2249,4.41057773718984,4.6743430835,4.967268896643157,4.381417270356844,25,4.62738880415,4.803683677287849,-0.3776717067971294,0.110033941493358,60.872740090549
1997-03-05,5.0790823,5.0790823,5.0790823,5.0790823,3899,4.432238852502247,4.6933896235,5.035447875552285,4.351331371447714,26,4.628022864749999,4.814483623276561,-0.3754858227547746,0.1112441371009752,65.39704443007724
1997-03-06,4.95210562,4.95210562,4.95210562,4.95210562,449,4.471049459352112,4.7029129315,5.062212610804801,4.343613252195199,27,4.629926760649999,4.81988056432454,-0.1231580693315633,0.1123678901651912,58.15525305634842
1997-03-07,5.0790823,5.0790823,5.01559358,5.0790823,6149,4.507531429790985,4.7156106375,5.107739057745504,4.323482217254496,28,4.632465539949999,4.830045338272597,-0.0697339317198261,0.1134113751533918,62.61371334719451
1997-03-10,5.14257101,5.14257101,5.14257101,5.14257101,2399,4.541824482003526,4.737831613,5.1716376509895206,4.304025575010479,29,4.635321762799999,4.842301246967789,-0.0720732212374713,0.1098454704995781,64.64226297596538
1997-03-11,5.20605973,5.20605973,5.20605973,5.20605973,599,4.589884204243244,4.7648142425,5.242415176605496,4.287213308394504,30,4.63849542925,4.856566285518072,-0.0659512356941443,0.1065342740353225,66.59426001239027
1997-03-12,5.0790823,5.0790823,5.0790823,5.0790823,449,4.65150175681892,4.787035218000001,5.279470561497113,4.294599874502889,-1,4.641986569799999,4.86529240373305,-0.0587147257138093,0.1079944994613709,59.51721528350587
1997-03-13,5.14257101,5.14257101,5.14257101,5.14257101,1799,4.706957554137028,4.812430629,5.322872132447162,4.301989125552837,-1,4.64484279265,4.876166074567048,-0.0587881313552251,0.1048155144998445,61.708372893635776
1997-03-14,5.0790823,5.0790823,5.0790823,5.0790823,1349,4.756867771723325,4.8410004765,5.343924197765548,4.338076755234451,-1,4.64738157195,4.884123573603635,0.2529320186818886,0.1018635998927127,58.30955682687169
1997-03-17,4.95210562,4.95210562,4.95210562,4.95210562,1499,4.801786967550992,4.866395888,5.336854062976072,4.395937713023927,-1,4.648333106599999,4.886789536207414,0.2675082327113059,0.1036573913289475,52.1258503299124
1997-03-18,4.95210562,4.95210562,4.95210562,4.95210562,149,4.842214243795893,4.885442465500001,5.337015109945145,4.433869821054857,-1,4.6502370025,4.889350951258104,0.26972883231876,0.0962532919483084,52.1258503299124
1997-03-19,4.82512818,4.82512818,4.82512818,4.82512818,599,5.20605973,4.898140171,5.327380854109585,4.468899487890415,-1,4.6515060112,4.886832411208767,0.2568147013782538,0.0984478739520007,46.41688874656921
1997-03-24,4.6981515,4.6981515,4.6981515,4.6981515,1499,5.198441099,4.9013146065,5.3235968385668535,4.479032374433146,-1,4.65118777525,4.879433159788815,0.2359459835723232,0.1004856458125721,41.51976641044002
1997-03-25,4.57117407,4.57117407,4.57117407,4.57117407,149,5.17842951504,4.9013146065,5.3235968385668535,4.479032374433146,-1,4.65023465215,4.867344568032391,0.1640437490505844,0.1023779161116741,37.28362625378188
1997-03-26,4.50768535,4.57117407,4.50768535,4.57117407,1649,5.1419941883376,4.9076634405,5.305367322289776,4.509959558710225,-1,4.64737681035,4.855730038697788,0.2424529768381777,0.0996001163894116,37.28362625378187
1997-03-31,4.44419739,4.44419739,4.44419739,4.44419739,749,5.091249481270592,4.9013146065,5.3235968385668535,4.479032374433146,-1,4.64578880385,4.839591503454737,0.2464759797724396,0.1015555852187393,33.33876503678873
1997-04-02,4.38070867,4.38070867,4.38070867,4.38070867,1649,5.026544272143533,4.8886169005,5.35516038887376,4.422073412126239,-1,4.644835715,4.821596098221218,0.5936275479912919,0.0988365234174008,31.54173064382472
1997-04-09,4.31721995,4.31721995,4.31721995,4.31721995,1499,4.949043999886309,4.860047053000001,5.388910718614656,4.331183387385345,-1,4.64356518255,4.801816641428229,0.3131857855361589,0.0963116803161579,29.81123115184853
1997-04-11,4.19024327,4.19024327,4.19024327,4.19024327,299,4.860588632902226,4.825128371500001,5.428770396088479,4.221486346911522,-1,4.64070740545,4.777833371960456,0.3206830513884449,0.0985020374364323,26.660792079429854
1997-04-14,4.06326584,4.06326584,4.06326584,4.06326584,1799,4.75333337483787,4.783860818500001,5.471503454508953,4.096218182491048,-1,4.6372147412,4.749811115805144,0.2525259067357506,0.1005359940481157,23.936582214061477
1997-04-17,4.06326584,4.06326584,4.06326584,4.06326584,899,4.629121218567053,4.7394188295,5.489846837555259,3.988990821444741,-1,4.63372207695,4.722887771655922,0.2640704368438868,0.0933548516161075,23.936582214061477
1997-04-24,3.99977712,3.99977712,3.99977712,3.99977712,2249,4.527267250424983,4.6854535705,5.48409799426194,3.88680914673806,-1,4.6299119691,4.694530491198828,0.2796987087517926,0.0912215565006712,22.5976162199384
1997-04-25,4.12675456,4.12675456,3.99977712,4.12675456,6749,4.421769224339987,4.6441860175,5.46833959884861,3.8200324361513895,-1,4.625784391,4.672264768406717,0.4255997659449964,0.0937755481791947,30.920456246958125
1997-04-29,4.06326584,4.06326584,3.99977712,3.99977712,3599,4.337370803471989,4.5902207585,5.434498994073414,3.745942522926586,-1,4.621974283149999,4.645892703763317,0.1517230477394871,0.0961471118806808,27.71151236139333
1997-04-30,3.99977712,4.12675456,3.96803276,4.12675456,10799,4.269852066777592,4.539429936,5.3667321370281575,3.712127734971843,-1,4.6168943438,4.625534345184363,0.3896577566824876,0.1006167324606322,34.97855230518962
1997-05-01,4.06326584,4.25373123,4.06326584,4.25373123,1949,3.96803276,4.491813511,5.268218901101856,3.715408120898144,-1,4.6124492878000005,4.610953830863408,0.4240454325761232,0.1070344937134442,41.33018237972041
1997-05-02,4.12675456,4.12675456,4.12675456,4.12675456,899,3.96803276,4.444197124,5.186768824221475,3.701625423778526,-1,4.607369348450001,4.591965624162882,0.4194836241931622,0.1084589348767695,37.3961319029825
1997-05-05,4.06326584,4.06326584,4.06326584,4.06326584,749,3.9737467294,4.3902318655000006,5.07670127134891,3.7037624596510903,-1,4.6038766842,4.57123229929375,0.4302844531633148,0.105246776671286,35.572870897446066
1997-05-06,4.06326584,4.06326584,4.06326584,4.06326584,749,3.979346419412,4.339441042500001,4.961855523779609,3.717026561220393,-1,4.600384019950001,4.551312045988113,0.4367098058735684,0.0977291497661942,35.572870897446066
1997-05-07,4.06326584,4.06326584,4.06326584,4.06326584,6749,3.98483411562376,4.2949990535,4.860403684319415,3.729594422680584,-1,4.5987960782,4.532172979086618,0.3862425709883332,0.090748496211466,35.572870897446066
1997-05-08,4.19024327,4.19024327,4.19024327,4.19024327,149,3.990212057911284,4.256905936000001,4.736191864268693,3.777620007731308,-1,4.596890662350001,4.518763970887143,0.3862425709883332,0.0933362771963613,42.56748855850479
1997-05-09,4.31721995,4.31721995,4.31721995,4.31721995,1349,3.9954824413530585,4.2315105245,4.635599061428561,3.827421987571439,-1,4.596572491150001,4.510860283793529,0.3799696838458202,0.095739163110907,48.57942335208792
1997-05-12,4.31721995,4.31721995,4.31721995,4.31721995,749,4.008351941698936,4.212463947,4.558520182805696,3.866407711194305,-1,4.5953019587,4.503266545213391,0.3862425709883332,0.0889006514601279,48.57942335208792
1997-05-13,4.31721995,4.31721995,4.06326584,4.06326584,4799,4.020706662030978,4.1870685355,4.496733895520995,3.877403175479005,-1,4.59371401695,4.48601161559718,0.2545527156549516,0.1006901842129759,39.0885415407098
1997-05-14,4.06326584,4.06326584,3.93628916,3.99977712,18899,4.31721995,4.158498688,4.423330508198266,3.893666867801735,-1,4.5918086316,4.466943596161997,0.1648431142559243,0.1025677910549062,37.13525213005524
1997-05-15,3.99977712,3.99977712,3.99977712,3.99977712,749,4.31721995,4.1362776745000005,4.37476154563263,3.8977938033673714,-1,4.590855603700001,4.44862334219486,0.1648431142559243,0.09524152026527,37.13525213005524
1997-05-16,4.06326584,4.06326584,4.06326584,4.06326584,1499,4.3096013342,4.1204055330000005,4.332499145752546,3.908311920247455,-1,4.59022071655,4.433511283285257,0.1652111771784963,0.092973463103465,40.57896330870538
1997-05-19,3.93628916,4.06326584,3.93628916,4.06326584,3599,4.302135090716,4.1077078275000005,4.300696375414096,3.914719279585906,-1,4.5906968819500005,4.418991854136816,0.2121519469233746,0.0954022643103603,40.57896330870538
1997-05-21,4.12675456,4.12675456,4.06326584,4.06326584,3449,4.29481817210168,4.101358956,4.291400912276907,3.9113169997230943,-1,4.591014325550001,4.4050418143667445,0.155307012050965,0.0931227254310489,40.57896330870538
1997-05-22,4.06326584,4.06326584,4.06326584,4.06326584,299,4.287647591859646,4.101358956,4.291400912276907,3.9113169997230943,-1,4.591966652550001,4.391638834979814,0.1585913842217876,0.086471102185974,40.57896330870538
1997-05-23,3.99977712,3.99977712,3.99977712,3.99977712,2999,4.280620423222453,4.09818452,4.292733212500364,3.903635827499636,-1,4.592601535950001,4.376271708902174,0.1540310404334026,0.0848295034584044,37.79422899711417
1997-05-27,3.99977712,4.0950102,3.99977712,4.03152148,749,4.273733797958005,4.099771738,4.291581814938458,3.907961661061543,-1,4.5940300283500015,4.362752092082482,0.1537707285919856,0.0855726160685183,40.01094239120717
1997-05-28,4.06326584,4.06326584,4.06326584,4.06326584,8249,4.266984905198845,4.096597302000001,4.28861740256393,3.904577201436072,-1,4.5960934041,4.351007533177286,0.0581982776418558,0.0817277406350527,42.22801954722801
1997-05-29,4.0950102,4.0950102,4.0950102,4.0950102,299,4.260370990294867,4.101358956,4.288192303867539,3.914525608132462,-1,4.598315501650001,4.340968422072295,0.1125659001317185,0.0781574991611204,44.439384876738906
1997-06-04,4.12675456,4.12675456,4.03152148,4.06326584,4949,4.25388935368897,4.098184520000001,4.285341196227453,3.91102784377255,-1,4.600061437650001,4.330078124736126,-0.0720013533262679,0.0793771835067546,42.68003314793252
1997-06-06,3.99977712,4.03152148,3.93628916,4.03152148,2849,4.247537349815191,4.0870740325,4.261955952973866,3.912192112026134,-1,4.60117248645,4.318370021020984,-0.0571078488805492,0.0827771475419864,40.934767098827145
1997-06-09,3.93628916,3.93628916,3.80931172,3.80931172,10949,4.241312386018887,4.071201890500001,4.282605433844144,3.859798347155858,-1,4.6016486518500015,4.29840695039271,-0.1957563336961376,0.092736619860416,31.289457646714357
1997-06-10,3.68233505,3.745823,3.61884633,3.745823,14999,4.224032359378131,4.055329748500001,4.309977440162201,3.800682056837801,-1,4.601489930050001,4.27673699155378,0.0039352666088686,0.0997172462989577,29.17430150244517
1997-06-11,3.68233505,3.80931172,3.68233505,3.80931172,899,4.187721197615443,4.042632042500001,4.318843732473423,3.76642035252658,-1,4.601172486450001,4.258406588747749,0.0140037380871682,0.1016643479918893,33.98049596363306
1997-06-12,3.93628916,3.93628916,3.93628916,3.93628916,449,4.153588705558517,4.0362832085,4.316119371133045,3.756447045866956,-1,4.601489930050001,4.245774532718426,0.0150675696312313,0.1034724259924686,42.399342485576746
1997-06-17,3.80931172,3.80931172,3.80931172,3.80931172,149,4.121504163025006,4.017236631000001,4.304324876440811,3.730148385559192,-1,4.601331208250001,4.22865834398437,0.0150675696312313,0.1051513555644351,37.27972287948071
1997-06-19,3.96803276,3.96803276,3.93628916,3.93628916,2999,4.091344693043506,3.998190091500001,4.251727225425588,3.744652957574414,-1,4.6016486518500015,4.217192885788904,-0.020683925874698,0.1089777615955469,44.49709311817867
1997-06-20,3.80931172,3.84105608,3.745823,3.84105608,3899,4.062994791260895,3.9743818980000016,4.190242888823614,3.758520907176389,-1,4.601807373650002,4.20244242281679,0.0245019212301155,0.1147983614815792,40.71309364878704
1997-06-23,3.77756736,3.77756736,3.71407864,3.71407864,4499,4.036345883585241,3.9569225380000006,4.19639724762286,3.7174478283771415,-1,4.601172486450002,4.183290901922014,0.028017311558024,0.1156682956614664,36.282698833341534
1997-06-26,3.80931172,3.80931172,3.80931172,3.80931172,149,4.0112959103701264,3.9473992680000007,4.194332160789535,3.700466375210467,-1,4.601172486450001,4.1686250516505625,0.0356678314890307,0.1142086373999331,41.43054385843173
1997-07-01,3.745823,3.745823,3.745823,3.745823,299,3.987748935547919,3.9347015620000017,4.195294802662279,3.674108321337725,-1,4.600537599250002,4.152044579036815,0.0359030729395666,0.1105857861570808,39.15913850597247
1997-07-02,3.71407864,3.71407864,3.71407864,3.71407864,2999,3.965614779215044,3.9172422020000015,4.187646824925094,3.646837579074909,-1,4.599109106850002,4.134869444172626,0.0351307423873029,0.1049542557172893,38.03627572885463
1997-07-03,3.71407864,3.71407864,3.71407864,3.71407864,149,3.944808672262141,3.899782842000002,4.175263964959052,3.624301719040951,-1,4.598315497850002,4.1183678440089935,-0.017340575336955,0.0974575231660543,38.03627572885463
1997-07-07,3.745823,3.87280044,3.745823,3.87280044,6599,3.9252509317264126,3.8902595720000015,4.155452615455784,3.6250665285442194,-1,4.598632941450002,4.108737749734131,0.1281674588314362,0.1018335429399076,46.87050411487615
1997-07-08,3.745823,3.745823,3.745823,3.745823,749,3.906866655622828,3.8743874300000014,4.134206216163439,3.614568643836564,-1,4.597998054250001,4.094505798764166,0.1273421102842962,0.103629535587057,41.743174328773954
1997-07-11,3.745823,3.745823,3.745823,3.745823,149,3.889585436085458,3.8616897240000014,4.1205760356377,3.6028034123623027,-1,4.597363167050002,4.080831963518512,0.1327564771992632,0.0962274259022673,41.743174328773954
1997-07-14,3.68233505,3.68233505,3.68233505,3.68233505,5999,3.87334108972033,3.844230402500002,4.10204402795904,3.5864167770409634,-1,4.596728283700002,4.065204633576609,0.1265679763881195,0.0938888919092482,39.25316803653456
1997-07-16,3.65059069,3.65059069,3.65059069,3.65059069,1499,3.858071404137111,3.823596645000001,4.073934058810489,3.573259231189513,-1,4.596252122150002,4.048945263240272,0.139605269850958,0.0894499967728733,38.03159491988208
1997-07-17,3.71407864,3.71407864,3.58710197,3.58710197,1199,3.843717899688884,3.798201233500001,4.035986842285351,3.560415624714651,-1,4.595458517000002,4.030833761544575,0.1196648100757681,0.0921304734319538,35.6425299760232
1997-07-18,3.52361325,3.52361325,3.23791477,3.42838093,18299,3.823188625313773,3.7664569880000007,4.022996983923342,3.5099169920766595,-1,4.594188746400001,4.007208160307533,0.1967752766446538,0.1104916681868142,30.486518643706205
1997-07-21,3.36489221,3.46012453,3.23791477,3.36489221,17849,3.764661239782396,3.7331255245,4.01520324583642,3.45104780316358,-1,4.592918975800002,3.982019299511159,0.1624779329138173,0.118471531887756,28.698192838336556
1997-07-22,3.33314785,3.33314785,3.30140349,3.30140349,299,3.711986592804157,3.707730113,4.044039567090943,3.371420658909057,-1,4.591014318000002,3.955328483451898,0.3096357836868133,0.1145441881814877,26.99299576098001
1997-07-23,3.30140349,3.55535761,3.30140349,3.55535761,13499,3.664579410523741,3.6982068435,4.040397639093858,3.356016047906143,-1,4.591014318000001,3.939643351159667,0.2971034549385405,0.1245020404542386,41.87131583126364
1997-07-25,3.68233505,3.68233505,3.49186889,3.55535761,5549,3.23791477,3.685509138000001,4.029110557780496,3.341907718219505,-1,4.590379430800001,3.9245733220945818,0.2497822160277835,0.1292137632789358,41.87131583126364
1997-07-30,3.55535761,3.55535761,3.55535761,3.55535761,1499,3.2468031756,3.6664625605,3.994213391740158,3.3387117292598427,-1,4.589427103850001,3.910094274561461,0.2468129946213624,0.1199842087590118,41.87131583126364
1997-08-01,3.42838093,3.42838093,3.42838093,3.42838093,749,3.255513813088,3.647416021,3.983905130472008,3.310926911527993,-1,4.587839893500001,3.8912035551668938,0.2451477770707854,0.120483670990511,37.14413348239725
1997-08-07,3.36489221,3.36489221,3.36489221,3.36489221,1499,3.26405023782624,3.6188461735000006,3.949352419610117,3.288339927389884,-1,4.585300352350002,3.8705638945721135,0.283655402206393,0.1164126030626173,35.015488557634086
1997-08-13,3.42838093,3.42838093,3.42838093,3.42838093,299,3.2724159340697154,3.5982124160000004,3.922112592305125,3.274312239694876,-1,4.583078254800002,3.853223386157521,0.2493259192998324,0.1126323257010018,38.79294249479952
1997-08-14,3.42838093,3.49186889,3.42838093,3.49186889,16499,3.280614316388321,3.5871019285,3.9095834709364192,3.264620386063581,-1,4.581173597050002,3.839052621602324,0.4372220788365329,0.109122013865216,42.39873572694682
1997-08-15,3.49186889,3.49186889,3.36489221,3.36489221,3599,3.288648731060555,3.5648809530000003,3.8842854797602655,3.245476426239734,-1,4.5792689431000015,3.820458095657135,0.3857775162661659,0.1103973471605577,37.624661203112495
1997-08-19,3.30140349,3.30140349,3.30140349,3.30140349,749,3.296522457439344,3.5426599775000005,3.870349212192776,3.2149707428072256,-1,4.577364285300002,3.800103013082345,0.3840368175564519,0.1070467309348035,35.473851821793005
1997-08-22,3.36489221,3.36489221,3.36489221,3.36489221,149,3.30140349,3.5252006560000004,3.85170383694362,3.198697475056381,-1,4.576094514700002,3.7830359227653902,0.3953343498648323,0.1039354444394604,39.21585636125617
1997-08-26,3.30140349,3.30140349,3.23791477,3.30140349,2249,3.68233505,3.5045668985000007,3.83287068328776,3.176263113712242,-1,4.574507300500001,3.7641483763824337,0.4096685372287831,0.1055813012652132,36.910674299346105
1997-08-27,3.36489221,3.36489221,3.36489221,3.36489221,749,3.6734466444,3.479171487000001,3.765503956184585,3.1928390178154165,-1,4.573237529900001,3.7484912718184167,0.3645440976581655,0.1025746883176979,40.66668503338416
1997-09-03,3.49186889,3.49186889,3.42838093,3.42838093,1799,3.664736006912,3.4632993835000008,3.7226715456344808,3.2039272213655208,-1,4.572285202900002,3.73593792508044,0.3413781250255357,0.1043176877235767,44.241601620090414
1997-09-04,3.30140349,3.30140349,3.30140349,3.30140349,749,3.65619958217376,3.4410784080000005,3.674695549434481,3.20746126656552,-1,4.570063105350001,3.718897358998854,0.3392170480576594,0.1059362414576069,39.15975094290228
1997-09-10,3.30140349,3.30140349,3.30140349,3.30140349,299,3.647833885930285,3.4220318300000003,3.635073476913971,3.208990183086029,-1,4.567841007800001,3.702525050410664,0.3609226741682191,0.0983693670677778,39.15975094290228
1997-09-15,3.30140349,3.30140349,3.30140349,3.30140349,749,3.639635503611679,3.4045724700000006,3.595961694092408,3.2131832459075933,-1,4.564666579450002,3.6867947931396574,0.3639872276112867,0.0913429837057937,39.15975094290227
1997-09-16,3.42838093,3.42838093,3.42838093,3.42838093,77999,3.631601088939445,3.396636418000001,3.5693439056569374,3.2239289303430643,-1,4.562127038300001,3.676660916153789,0.2019620409065884,0.0938883020125227,46.79306838502083
1997-09-17,3.42838093,3.42838093,3.42838093,3.42838093,149,3.623727362560656,3.396636418000001,3.5693439056569374,3.2239289303430643,-1,4.558952613750001,3.666924446108542,0.1854011446740678,0.0871819947259139,46.79306838502083
1997-09-19,3.30140349,3.36489221,3.23791477,3.23791477,8249,3.6160111107094433,3.3902875460000006,3.5760390384584784,3.204536053541523,-1,4.5541909712500015,3.65010053724154,0.1197505701945941,0.0945594351026343,38.4096155348013
1997-09-24,3.33314785,3.33314785,3.26965913,3.26965913,10499,3.6084491838952544,3.388700328000001,3.5779718466544232,3.1994288093455787,-1,4.548000840150001,3.635181266369323,0.0423589465600579,0.0946075525953033,40.32846987659963
1997-09-25,3.30140349,3.30140349,3.30140349,3.30140349,4799,3.6010384956173493,3.376002622,3.5524905776212123,3.199514666378788,-1,4.540699660300001,3.62209194180582,-0.0521865399385559,0.0901173245527817,42.26555528885329
1997-09-29,3.30140349,3.30140349,3.30140349,3.30140349,7499,3.5937760211050023,3.3633049160000006,3.521994661363793,3.2046151706362083,-1,4.533715920250001,3.609515924087945,-0.038329901299439,0.0836803727990116,42.265555288853285
1997-09-30,3.36489221,3.36489221,3.36489221,3.36489221,449,3.586658796082902,3.3537816460000003,3.4858548114939283,3.2217084805060723,-1,4.52736706735,3.599922837260966,-0.0386178280154528,0.0822381118847964,46.30840211761995
1997-10-01,3.23791477,3.23791477,3.04744938,3.04744938,169499,3.5796839155612443,3.3347350685,3.518166563586328,3.1513035734136725,-1,4.519113556750001,3.5782572114860267,-0.5668719411402456,0.0990384488930252,33.628552503124254
1997-10-02,3.07919374,3.17442682,3.07919374,3.17442682,2849,3.5583945341387944,3.3252117989999994,3.520767926524776,3.1296556714752226,-1,4.510860049950001,3.5624207255453983,-0.5552084677939848,0.101034091114952,40.6311428954814
1997-10-03,3.23791477,3.23791477,3.23791477,3.23791477,3749,3.5379567279732425,3.3156884909999995,3.5087553337452606,3.1226216482547384,-1,4.5029239829000005,3.54969500179852,-0.5490952031404589,0.0983522238924554,43.822596374057134
1997-10-06,3.36489221,3.42838093,3.36489221,3.42838093,2699,3.5183364340543126,3.3125140929999994,3.4957257441583343,3.1293024418416646,-1,4.49594024665,3.5449375872181856,-0.6204653957867325,0.10493179075728,52.13552961502728
1997-10-14,3.42838093,3.42838093,3.36489221,3.36489221,10499,3.49950095189214,3.3125140929999994,3.4957257441583147,3.129302441841684,-1,4.4886390668,3.5378769841900213,-0.6290115197598146,0.1019715714174743,49.50579399828205
1997-10-15,3.42838093,3.42838093,3.42838093,3.42838093,299,3.4814188890164544,3.318862965,3.508772448967866,3.1289534810321333,-1,4.4813378869500005,3.5335830212806085,-0.6299365971632133,0.0992227963162261,52.107342450299946
1997-10-16,3.30140349,3.30140349,3.30140349,3.30140349,5249,3.4640601086557963,3.315688529,3.504533789199105,3.126843268800895,-1,4.472766936499999,3.5244779416225454,-0.6196091037675197,0.1012052708650671,46.90257061054528
1997-10-17,3.30140349,3.36489221,3.30140349,3.36489221,16949,3.4473956795095644,3.318862965,3.508772448967866,3.1289534810321333,-1,4.46435470785,3.5182196776373478,-0.5465283320031923,0.0985112315175622,49.612632026419206
1997-10-21,3.30140349,3.30140349,3.30140349,3.30140349,149,3.4313978275291817,3.315688529,3.504533789199105,3.126843268800895,-1,4.4559424792,3.509717082043726,-0.5475367488775448,0.0960096235520221,47.0277285925109
1997-10-23,3.23791477,3.23791477,3.23791477,3.23791477,2999,3.4160398896280144,3.306165221,3.490473643997408,3.121856798002592,-1,4.44689536335,3.4990581678459325,-0.5400116428702739,0.0936867018697348,44.52921466312827
1997-10-24,3.23791477,3.23791477,3.23791477,3.23791477,749,3.4012962692428936,3.302990785,3.4896894100833844,3.116292159916616,-1,4.4380069693,3.488817250283347,-0.5400116428702739,0.0869947945933251,44.52921466312827
1997-10-27,3.30140349,3.30140349,3.30140349,3.30140349,449,3.387142393673178,3.3029907849999995,3.4896894100834217,3.1162921599165774,-1,4.4288011317,3.481467691056549,-0.5397635745567023,0.0853157892652305,47.74875437788546
1997-10-29,3.30140349,3.30140349,3.30140349,3.30140349,149,3.3735546731262507,3.3029907849999995,3.4896894100834217,3.1162921599165774,-1,4.4192778505,3.4744063498386453,-0.5407572178075046,0.079221804317714,47.74875437788547
1997-10-30,3.17442682,3.17442682,3.17442682,3.17442682,749,3.3605104614012005,3.2902930795,3.475691705802528,3.104894453197472,-1,4.40880224615,3.462642446707718,-0.7087381373652887,0.0826328661521631,42.08328571543162
1997-11-03,3.17442682,3.23791477,3.17442682,3.23791477,3749,3.3479880181451525,3.2807697715,3.4561120756478525,3.105427467352147,-1,4.3986440815500005,3.4538295966407486,-0.6837640716664024,0.0812653721412943,45.56131681228181
1997-11-05,3.17442682,3.17442682,3.17442682,3.17442682,1499,3.3359664726193463,3.2775953739999992,3.4581475018245613,3.097043246175437,1,4.388485917000001,3.442872625007778,-0.6689650959149595,0.079995556274059,42.79377119083991
1997-11-07,3.04744938,3.04744938,3.04744938,3.04744938,10199,3.3244257889145725,3.266484886499999,3.473091125634059,3.059878647365939,2,4.37801030885,3.427365831085904,-0.6269705990294825,0.0833514051116262,37.84268577298023
1997-11-13,3.04744938,3.04744938,3.04744938,3.04744938,2249,3.313346732557989,3.253787180999999,3.48048667371386,3.0270876882861377,3,4.3675347007,3.412467146729594,-0.6335585956815559,0.0773977333179386,37.84268577298023
1997-11-17,2.98396066,2.98396066,2.98396066,2.98396066,899,3.30271083845567,3.237915039499999,3.4918693035003825,2.983960775499616,4,4.356741648950001,3.395662970779414,-0.651270755676042,0.0764042323666573,35.46343597577595
1997-11-19,2.92047194,2.92047194,2.92047194,2.92047194,299,3.28358582774833,3.215694025999999,3.4975575716359977,2.9338304803640005,5,4.3456311536,3.3770280283959075,-0.6516848217691689,0.0754816957690389,33.21453200952347
1997-11-21,2.85698398,2.85698398,2.85698398,2.85698398,299,3.254536716728464,3.206170755999999,3.521063777375942,2.8912777346240555,6,4.334203218450001,3.3566341441450875,0.2359808182226884,0.0746250003569647,31.091249603437703
1997-11-24,2.85698398,2.85698398,2.85698398,2.85698398,2999,3.2147814430556174,3.1902986139999987,3.540062335327258,2.84053489267274,7,4.32309272685,3.3370400200609667,0.1928528708133971,0.0692946431886101,31.091249603437703
1997-12-02,2.79349526,2.79349526,2.79349526,2.79349526,599,3.179001696750056,3.168077638499999,3.557174919953744,2.778980357046254,8,4.31166479165,3.315724539274262,0.2023850619802291,0.0688799343894237,28.94524145921045
1997-12-03,2.85698398,2.98396066,2.85698398,2.92047194,4499,3.132740924340049,3.142682188999999,3.5267748011214115,2.7585895768785864,9,4.30182406685,3.300224437341938,0.1556382278636626,0.0775646105044648,38.14137981381492
1997-12-04,2.98396066,2.98396066,2.79349526,2.79349526,5249,3.092031444619243,3.114112341499999,3.5125756817609157,2.7156490012390826,10,4.29134845865,3.280352704897156,0.2562868790959823,0.0856289526112888,33.47558923237476
1997-12-05,2.79349526,2.79349526,2.73000654,2.73000654,2849,3.056207102464934,3.079193621999999,3.4837307276546445,2.6746565163453537,11,4.28103157225,3.2587705023521694,0.2005407141796245,0.0840475074247681,31.406828732872043
1997-12-08,2.66651859,2.79349526,2.66651859,2.66651859,6899,3.010539023719843,3.047449376999998,3.4761732657779523,2.618725488222045,12,4.2700798025,3.235544937161888,0.0884145947876211,0.0871138761801418,29.44706626980158
1997-12-09,2.79349526,2.92047194,2.79349526,2.92047194,3899,2.955495754324668,3.025228363499999,3.431306856530378,2.61914987046962,13,4.2602390777,3.223189133351618,-0.1428937765524827,0.0990309814529889,44.39389748147169
1997-12-10,2.92047194,2.92047194,2.85698398,2.85698398,5999,2.66651859,3.003007387999999,3.3945828595371417,2.6114319164628563,14,4.2497634695,3.208828146945672,-0.2330311963703594,0.0964921942063468,41.99843553767349
1997-12-12,2.92047194,2.92047194,2.92047194,2.92047194,749,2.671597657,2.9871352464999985,3.3648252977563877,2.6094451952436097,15,4.2389704177,3.197520060398783,-0.2425590937324039,0.0941347489058935,45.18380332443414
1997-12-15,2.79349526,2.79349526,2.79349526,2.79349526,749,2.67657514266,2.9649142709999987,3.333147760517627,2.5966807814823705,16,4.2275424825,3.1816759505792227,-0.2425590937324039,0.0964806011269011,40.40447739823997
1997-12-16,2.73000654,2.73000654,2.73000654,2.73000654,149,2.6814530786068,2.9363444234999987,3.2837955532631624,2.588893293736835,17,4.2161145473,3.1639634246741557,-0.2438886703470526,0.0941240381892653,38.227200592234965
1997-12-18,2.79349526,2.79349526,2.79349526,2.79349526,599,2.686233455834664,2.910949011999999,3.2200932051663065,2.601804818833691,18,4.2050040557,3.1494352613536,-0.241899726859264,0.0919358011757463,41.615386599162136
1997-12-19,2.79349526,2.79349526,2.69826218,2.69826218,2699,2.6909182255179704,2.8871407799999984,3.184572841426013,2.5897087185739838,19,4.1934173987,3.131742199339733,-0.28088617063004,0.0921713210917644,38.22826712435505
1997-12-22,2.82523962,3.1109381,2.82523962,2.98396066,17549,2.695509299807611,2.8744430744999985,3.1295650917482174,2.6193210572517795,20,4.1829417905,3.125946844855822,-0.2516027003402845,0.1150645067280669,51.08952030050518
1997-12-23,3.01570502,3.07919374,2.98396066,3.07919374,4649,2.69826218,2.8696814204999983,3.10501749461795,2.6343453463820468,21,4.1735772311,3.124113389763437,-0.1781476719105882,0.1136479762474907,54.49090887732029
1997-12-24,3.14268246,3.20617041,3.14268246,3.20617041,1499,2.7147692168,2.8776174719999985,3.144929691424369,2.610305252575628,22,4.16453011525,3.127331312125655,-0.1789259641348481,0.1146000258012414,58.62269051010056
1997-12-26,3.26965913,3.26965913,3.26965913,3.26965913,899,2.744253288392,2.8887279594999984,3.198458177351168,2.578997741648829,23,4.1561178828,3.132912795179551,-0.1826984153543084,0.1109492182440098,60.55123614012204
1997-12-29,3.23791477,3.30140349,3.17442682,3.17442682,5399,2.78628575572064,2.8982512674999983,3.2300357586962765,2.56646677630372,24,4.1475469324,3.1345407961529017,-0.2494845984989984,0.1120940362265806,56.311514807791454
1997-12-30,3.30140349,3.30140349,3.30140349,3.30140349,749,2.837797529148576,2.9172978449999984,3.2928473775314395,2.5417483124685574,25,4.13961086535,3.141084431205729,-0.2478570532782888,0.1131570814961106,60.30268067922231
1997-12-31,3.20617041,3.30140349,3.20617041,3.30140349,6149,2.8841581252337187,2.9395188204999982,3.349204359929734,2.5298332810702626,26,4.1319922419,3.14737145311923,-0.1463073571446797,0.1118767956749598,60.30268067922231
1998-01-05,3.23791477,3.33314785,3.23791477,3.33314785,3149,2.925882661710347,2.963327013999998,3.4051429072187136,2.5215111207812826,27,4.12453234025,3.154656802016515,-0.1040167982813601,0.1106879588410341,61.32703974729139
1998-01-06,3.36489221,3.42838093,3.36489221,3.42838093,28649,2.9747544843051053,2.9950712974999982,3.4732521726769305,2.516890422323066,28,4.117548604,3.165391081545279,0.2023664997074989,0.1095840389238174,64.30300990850742
1998-01-07,3.46012453,3.46012453,3.42838093,3.46012453,13949,3.0382621867023905,3.022053926999998,3.5396315435850787,2.5044763104149186,29,4.11072358575,3.176949255994484,0.309378088486467,0.1040240075721161,65.26256934221892
1998-01-08,3.49186889,3.52361325,3.49186889,3.52361325,17099,3.105760161630008,3.0585598264999985,3.608487462141416,2.508632190858581,30,4.1038985675,3.1905439224260728,0.4596384411884324,0.1011286298883935,67.16373147735192
1998-01-09,3.49186889,3.49186889,3.42838093,3.42838093,2099,3.180973717536607,3.0934785459999987,3.644211887882332,2.542745204117665,1,4.09691483125,3.19987086389956,0.4684969039727933,0.1007074648963654,61.70820285975874
1998-01-12,3.30140349,3.39663657,3.30140349,3.36489221,4649,3.2426488333800174,3.1283972269999984,3.654423910092634,2.6023705439073628,2,4.0892962078,3.206342289236832,0.5468187097966245,0.1025838916894822,58.30783555213976
1998-01-13,3.39663657,3.39663657,3.39663657,3.39663657,2249,3.2932224283716143,3.1522054584999983,3.681526370432095,2.622884546567902,3,4.08120142275,3.213804810051074,0.5217790279046159,0.0975239251402334,59.50925159060353
1998-01-14,3.46012453,3.46012453,3.36489221,3.39663657,2399,3.30140349,3.1791880879999987,3.700519602499135,2.6578565735008626,4,4.0734240775,3.2209746829902475,0.5827520688870758,0.0973602390587882,59.50925159060353
1998-01-20,3.30140349,3.30140349,3.23791477,3.23791477,2849,3.52361325,3.1950602294999983,3.70307775291365,2.6870427060863467,5,4.06453568345,3.221639000127885,0.5482895596244014,0.1017432076974462,50.98895915405704
1998-01-21,3.17442682,3.23791477,3.17442682,3.23791477,1199,3.5178992804,3.217281204999999,3.6908032577800447,2.7437591522199534,6,4.055329845799999,3.222277265613066,0.5563167845942153,0.0990106892904858,50.98895915405704
1998-01-22,3.30140349,3.30140349,3.30140349,3.30140349,749,3.504160381984,3.2458510524999986,3.664045004705067,2.82765710029493,7,4.045806564599999,3.22538025480471,0.5535172369069173,0.0964734057697368,54.04152460018032
1998-01-23,3.36489221,3.36489221,3.36489221,3.36489221,1049,3.49097103950464,3.274420899999999,3.639838802886974,2.909002997113024,8,4.0353309602,3.230851311871192,0.5514359972962212,0.0941173567861841,56.93038609383566
1998-01-26,3.42838093,3.42838093,3.36489221,3.39663657,2099,3.4783092707244543,3.309339619499999,3.564777548822468,3.05390169017753,9,4.023426863449999,3.23735269454291,0.576879913977257,0.0919295970157424,58.3404235355806
1998-01-27,3.33314785,3.33314785,3.33314785,3.33314785,149,3.466153972695476,3.3267989789999985,3.534086922959119,3.119511035040878,10,4.0115227667,3.241109367305933,0.6564222341016323,0.0898981058003322,54.4975894162432
1998-01-29,3.39663657,3.39663657,3.39663657,3.39663657,2399,3.454484886587657,3.342671120499999,3.5178121469755093,3.167530094024489,11,3.99961866995,3.247208473293936,0.6245198910133156,0.0880117211003085,57.511550411267386
1998-01-30,3.49186889,3.49186889,3.49186889,3.49186889,151499,3.17442682,3.356956044499998,3.5318378589677133,3.182074230032284,12,3.9869209642,3.256802999439272,0.2429419587196968,0.0885274781645722,61.61831438092914
1998-02-02,3.80931172,3.99977712,3.68233505,3.84105608,970045,3.1807756614,3.385525891999998,3.655090583502457,3.1159612004975394,13,3.97533430725,3.279714884951457,0.0497277003693492,0.118483246152817,72.22079158425365
1998-02-03,3.93628916,3.93628916,3.8611181,3.93628916,547197,3.213535719744,3.4236190089999985,3.768026111844079,3.079211906155918,14,3.9645412593,3.3054628957376746,0.3483310831705555,0.1168225199990443,74.30546610312128
1998-02-04,3.99977712,3.99977712,3.99977712,3.99977712,2699,3.24498537575424,3.458537690499999,3.879421644073872,3.037653736926126,15,3.9550179781,3.332690904532276,0.3479456571012387,0.1130129085705412,75.61904835094099
1998-02-05,3.99977712,3.99977712,3.87280044,3.93628916,17549,3.2751770455240705,3.4902819739999984,3.952692577430332,3.0278713705696645,16,3.94422493015,3.356361424354539,0.3422426979858243,0.1140103208155026,71.67304830664489
1998-02-09,3.87280044,3.93628916,3.87280044,3.93628916,2999,3.304161048503108,3.5204390394999985,4.015446137604862,3.025431941395136,17,3.9366063105,3.3791036884974983,0.3421870681698132,0.1104016350429667,71.67304830664489
1998-02-10,3.93628916,3.93628916,3.93628916,3.93628916,749,3.331985691362984,3.5458344509999984,4.070566425356633,3.021102476643364,18,3.93025745765,3.400954099144655,0.3312446007915615,0.102515803968469,71.67304830664489
1998-02-11,3.84105608,3.84105608,3.84105608,3.84105608,8549,3.358697348508465,3.564881028499998,4.103262380692553,3.026499676307443,19,3.92406732655,3.418213000354669,0.3242570349509378,0.1019956093992927,65.29006796480482
1998-02-13,3.88470524,3.88470524,3.88470524,3.88470524,74999,3.384340539368126,3.5829356279999987,4.13851416023474,3.027357095765258,20,3.918412884850001,3.436506813674093,0.3043070844324344,0.0978280058707718,66.75160898184153
1998-02-17,3.87280044,3.87280044,3.87280044,3.87280044,449,3.408958002593401,3.6051566034999984,4.169708912310973,3.040604294689024,21,3.913333802550001,3.4536163676476583,0.3057549396736188,0.0916906340228595,65.93613218345013
1998-02-18,3.9045448,3.9045448,3.9045448,3.9045448,149999,3.432590767289665,3.632139232999998,4.19975558485114,3.0645228811488563,22,3.90873088565,3.471299835583044,0.2820710409509276,0.087408757306941,67.09064407067966
1998-02-24,3.87280044,3.9045448,3.87280044,3.9045448,8549,3.4552782213980784,3.657534644499999,4.226179764867935,3.0888895241320617,23,3.9047628521500006,3.488289834187631,0.2855470920849686,0.0834327289278738,67.09064407067966
1998-02-25,3.84105608,3.84105608,3.84105608,3.84105608,449,3.477058177342155,3.679755619999998,4.240562760032677,3.118948479967319,24,3.89920760445,3.5021238046116454,0.2862440677325705,0.0820081568615971,62.20075018091314
1998-02-26,3.93628916,4.25373123,3.93628916,4.06326584,24149,3.497966935048469,3.721023173499998,4.266975511023399,3.1750708359765976,25,3.8947634055499942,3.524129374626875,0.2821384907939789,0.1056272278000544,70.34699454854088
1998-02-27,4.06326584,4.06326584,3.99977712,3.99977712,1499,3.5433127927455605,3.759116290999998,4.270116896748371,3.2481156852516246,26,3.890477928449995,3.5427822273866054,0.2807244204567748,0.1026173343857648,65.97224079112178
1998-03-02,3.87280044,3.87280044,3.87280044,3.87280044,5999,3.585937898980827,3.7876861384999994,4.255170138052287,3.3202021389477103,27,3.8847639627499935,3.5557241180773267,0.2799774625588966,0.1043572876439245,58.17950160250764
1998-03-03,3.93628916,4.03152148,3.93628916,4.03152148,3449,3.626005498841977,3.8210176019999977,4.257179885512479,3.3848553184875163,28,3.880161042049995,3.574382838152726,0.2813832285117053,0.1082404128122156,63.91704768285462
1998-03-04,3.96803276,3.99977712,3.93628916,3.99977712,35699,3.6636690427114575,3.8511746294999982,4.247370153602823,3.454979105397173,29,3.8753993995499942,3.591064966852619,0.2944462234646074,0.1073112633256288,62.082524889174
1998-03-06,3.93628916,4.19024327,3.93628916,4.19024327,28799,3.699072773948771,3.894029400500001,4.238917683089391,3.5491411179106094,30,3.8711139261999934,3.61456215521134,0.3044392920537486,0.1177857523737982,68.01445552757937
1998-03-09,4.31721995,4.47594099,4.31721995,4.47594099,18449,3.7323522813118446,3.9479946215,4.302315438260004,3.593673804739997,1,3.868891824849994,3.648341717359915,0.3110431098849887,0.1297794643470983,74.46701360677211
1998-03-10,4.53942971,4.53942971,4.50768535,4.50768535,14849,3.791839378006897,3.9987854445,4.367926360833983,3.629644528166018,2,3.866511005499994,3.682041467659526,0.3254683849145557,0.1250444111794485,75.06883176636006
1998-03-11,4.50768535,4.50768535,4.47594099,4.47594099,5399,3.866598411206207,4.03052969,4.446214666944827,3.614844713055173,3,3.864130182349994,3.713174782261113,0.6494263201030434,0.1183801218094879,73.21050634322651
1998-03-12,4.53942971,4.53942971,4.47594099,4.47594099,449,3.9338815410855865,4.0575122815,4.513345308842217,3.601679254157784,4,3.861114475799994,3.743087182564599,0.1747918135683909,0.1144593073945245,73.21050634322651
1998-03-16,4.53942971,4.63466279,4.53942971,4.63466279,2999,3.994436357977028,4.089256565,4.6085896207493295,3.569923509250672,5,3.8595272616499945,3.778050931875791,0.1820488203312643,0.1176209140092013,76.57338381834712
1998-03-17,4.63466279,4.63466279,4.60291843,4.60291843,6599,4.071263529819785,4.1225880285,4.682367247362484,3.562808809637517,6,3.858098769299994,3.81039867690027,0.1703912561561668,0.1114868744371155,74.55755849749586
1998-03-18,4.6981515,4.76163946,4.6981515,4.76163946,10199,4.1388714410414105,4.1638555435,4.78133156362771,3.5463795233722912,7,3.857146438499994,3.847702237021828,0.1852395781102176,0.1148607426916073,77.71630544093036
1998-03-19,4.76163946,4.95210562,4.76163946,4.92036126,17249,4.226058963695613,4.213059148499999,4.902766002527406,3.523352294472593,8,3.857622603899994,3.889767296746462,0.2054002359604365,0.1202611296422068,80.34433679476554
1998-03-20,4.82512818,4.82512818,4.76163946,4.76163946,2699,4.342226428704315,4.2590883175,4.966005301265033,3.5521713337349663,9,3.858257487249994,3.923958361972091,0.2017739346027452,0.1230083203820492,71.2900000287759
1998-03-23,4.76163946,4.76163946,4.76163946,4.76163946,4799,4.439807099311625,4.302935028499999,5.020235856671371,3.585634200328628,10,3.858892370599994,3.95680860111044,0.243102473712577,0.1142220117833314,71.2900000287759
1998-03-24,4.85687254,4.92036126,4.82512818,4.82512818,4649,4.521774862621765,4.350551415499999,5.073728559429122,3.627374271570877,11,3.859527253999994,3.990860349302188,0.2267590315496252,0.117400568084522,72.71637217080453
1998-03-25,4.82512818,4.82512818,4.82512818,4.82512818,149,4.590627783802282,4.396580584499999,5.117531820557528,3.675629348442469,12,3.860162137399994,4.023576734819749,0.3991755166202124,0.1090148132213419,72.71637217080453
1998-03-26,4.82512818,4.82512818,4.76163946,4.76163946,22499,4.648464237593917,4.439435317499998,5.139905392579197,3.7389652424207993,13,3.860479577199994,4.052520371101328,0.2256622793702873,0.1057629494198175,68.75476141387182
1998-03-27,4.63466279,4.6981515,4.57117407,4.6981515,487347,4.95210562,4.482290088499999,5.134277412559947,3.8303027644400514,14,3.860479577199994,4.077839238901276,0.7665095981469604,0.1118131237469734,64.94444457525978
1998-03-30,4.76163946,4.76163946,4.76163946,4.76163946,1949,4.9444869890000005,4.517208769499998,5.15021837741212,3.884199161587876,15,3.860797016999993,4.104654933846324,0.798839671189197,0.1083613263364753,66.91879533060857
1998-03-31,4.7298951,4.7298951,4.7298951,4.7298951,75449,4.9370207306200005,4.553714668499998,5.14605784075518,3.961371496244816,16,3.861273178549993,4.129174156048429,0.7220397735205432,0.1028886858838698,64.94909372161055
1998-04-01,4.82512818,4.85687254,4.82512818,4.85687254,4949,4.9297037974076,4.602918273499999,5.119482457733727,4.08635408926627,17,3.862066783749993,4.157711347575942,0.7296632417346582,0.1046093111778791,68.89323004764162
1998-04-02,4.85687254,4.85687254,4.85687254,4.85687254,899,4.922533202859448,4.6441858264999984,5.099846015106532,4.1885256378934645,18,3.8625429491499936,4.185129433553357,0.7275342971288977,0.0971372175223163,68.89323004764162
1998-04-03,4.98384922,5.11082666,4.98384922,4.98384922,118499,4.57117407,4.693389431499998,5.064824427798337,4.32195443520166,19,3.863336554349993,4.216451778119891,0.4688257298822424,0.1083384248421508,72.48412544381394
1998-04-06,5.01559358,5.01559358,4.8886169,4.8886169,1649,4.5819671218,4.728308112999999,5.028438484887405,4.428177741112592,20,3.864288881349994,4.24281119466421,0.4467242423032915,0.1096697287819972,66.30223784774316
1998-04-07,4.82512818,4.82512818,4.82512818,4.82512818,749,4.592544312564,4.745767472499999,5.025044960517145,4.466489984482853,21,3.8650824865499938,4.265647154873457,0.4332783182913534,0.1063710852975688,62.47669443722822
1998-04-08,4.8886169,4.8886169,4.8886169,4.8886169,899,4.602909959512719,4.764814049999998,5.028042846357718,4.501585253642278,22,3.8663522570999937,4.29007734095685,0.460409638157866,0.1033080592048853,64.67187486007779
1998-04-09,4.95210562,4.95210562,4.8886169,4.8886169,10649,4.613068293522465,4.785447845499999,5.017745683070356,4.553150007929641,23,3.8676220276499937,4.31354948052717,0.4505207258519402,0.1004638206902507,64.67187486007779
1998-04-13,4.82512818,4.82512818,4.82512818,4.82512818,749,4.623023460852016,4.802907204999999,4.98702394913852,4.618790460861478,24,3.8692092417999935,4.333611390310418,0.4509253576886511,0.0978227420695184,60.56279654471339
1998-04-15,4.82512818,4.95210562,4.82512818,4.95210562,899,4.632779524834976,4.818779346499999,4.996773932768613,4.6407847602313845,25,3.8717487829499935,4.35786606598452,0.4494347112623371,0.0999052204931243,65.31009712183214
1998-04-16,4.95210562,4.95210562,4.82512818,4.82512818,5099,4.6423404675382764,4.829889833999998,4.977799182906486,4.68198048509351,26,3.8730185534999935,4.376190070455715,0.4522508682759344,0.1018389504579011,57.815174656029306
1998-04-17,4.82512818,4.82512818,4.82512818,4.82512818,4949,4.651710191387511,4.833064269999999,4.977666411331905,4.6884621286680925,27,3.874288324049994,4.393795486516275,0.4420462419805121,0.0945647397109082,57.81517465602931
1998-04-20,4.82512818,4.82512818,4.82512818,4.82512818,749,4.66089252075976,4.828302615999998,4.967254151777018,4.689351080222979,28,3.875240650999994,4.410710494103872,0.4364408925758184,0.0878101154458433,57.815174656029306
1998-04-21,4.79922499,4.79922499,4.79922499,4.79922499,74999,4.669891203544565,4.830181892499999,4.966467287782508,4.69389649721749,29,3.8763809055999943,4.425946356688034,0.4013613298678056,0.0833881921997116,56.17272141720629
1998-04-22,4.76163946,4.95210562,4.76163946,4.95210562,7799,4.678709912673674,4.839705200499998,4.981988022517188,4.697422378482808,30,3.8789204467499943,4.446580053288503,0.4093495708461221,0.0910366184711608,62.876033512102765
1998-04-23,4.95210562,5.0790823,4.95210562,4.95210562,91649,4.6873522476202005,4.846054072499999,4.996278709939762,4.695829435060235,-1,3.880825104499994,4.466404585316405,0.2749901926191515,0.0936037657232207,62.876033512102765
1998-04-24,4.95210562,4.95210562,4.8886169,4.8886169,35249,4.6958217358677965,4.849228508499999,5.0002314017828695,4.698225615217128,-1,3.882094875049994,4.482961930990271,0.2276100109952958,0.091452691028705,58.56208515635642
1998-04-27,4.76163946,4.76163946,4.76163946,4.76163946,4949,4.704121834350441,4.849228508499999,5.0002314017828695,4.698225615217128,-1,3.8814599878499942,4.493890461539672,0.2560937849414274,0.0939901730980832,51.02221612771832
1998-04-28,4.76163946,4.76163946,4.76163946,4.76163946,2249,4.712255930863432,4.852402906499998,4.992870277633362,4.711935535366634,-1,3.880825100649994,4.504390422263606,-0.5598431566411253,0.087276589305363,51.02221612771832
1998-05-01,4.8886169,4.8886169,4.8886169,4.8886169,258448,4.720227345446164,4.858751778499999,4.993601842168329,4.723901714831668,-1,3.880825100649994,4.519458127272877,-0.3551485398322806,0.0901123643549799,57.385407398941005
1998-05-04,4.82512818,4.8886169,4.82512818,4.85687254,10949,4.72803933173724,4.865100650499999,4.986357421681269,4.743843879318728,-1,3.880348935249994,4.532690065026881,-0.3911077831621476,0.0882106754724813,55.44599261322952
1998-05-06,4.85687254,4.85687254,4.85687254,4.85687254,149,4.735695078302496,4.865100650499999,4.986357421681269,4.743843879318728,-1,3.879237886449994,4.545403103261121,-0.4019050059393033,0.0819099129387327,55.44599261322952
1998-05-07,4.98384922,5.04733794,4.95210562,4.95210562,65699,4.743197709936446,4.869862304499998,4.99679907515818,4.742925533841816,-1,3.879237886449994,4.561352221564606,-0.4587972666847431,0.0896638763002517,60.133751096913976
1998-05-11,4.95210562,4.95210562,4.95210562,4.95210562,149999,4.750550288937717,4.868275124499998,4.990164649856211,4.746385599143786,-1,3.8786030030499945,4.576675884248347,-0.276304718137507,0.0832593137073766,60.133751096913976
1998-05-12,5.01559358,5.01559358,5.01559358,5.01559358,14999,4.757755816358962,4.874623958499998,5.012296081745834,4.736951835254162,-1,3.8779681158999946,4.593888342905275,-0.2691099222379927,0.0818470741568497,63.132850911791046
1998-05-13,5.01559358,5.01559358,4.95210562,5.01559358,152999,4.764817233231783,4.884147228499998,5.032725030517559,4.735569426482437,-1,3.8770157851499945,4.6104258031835,-0.0521714428231271,0.0805357088599318,63.132850911791046
1998-05-14,5.0790823,5.0790823,4.95210562,4.98384922,25799,4.771737421767147,4.888908844499998,5.043727361266573,4.734090327733423,-1,3.8765396197499946,4.625069858744931,-0.0647941812762231,0.0838529210842224,60.49383951462487
1998-05-15,4.95210562,4.95210562,4.95210562,4.95210562,47849,4.778519206531804,4.892083280499998,5.049332173655162,4.734834387344834,-1,3.8755872927999935,4.637894790558855,-0.0511370515055557,0.0801308267210636,57.88799408630337
1998-05-18,4.8886169,4.8886169,4.8886169,4.8886169,899,4.785165355601168,4.895257716499997,5.049506581277207,4.741008851722787,-1,3.8746349657999946,4.647727030144782,-0.0511290310892503,0.0789421048124162,52.97306061420693
1998-05-20,4.92036126,4.92036126,4.8886169,4.8886169,96449,4.791678581689145,4.892083280499998,5.044119090004317,4.740047470995679,-1,3.8743175221999935,4.657173691707732,-0.1390271887400253,0.0755708373258151,52.97306061420693
1998-05-21,4.95210562,5.01559358,4.95210562,5.01559358,74549,4.798061543255362,4.901606550499997,5.059424415159312,4.7437886858406815,-1,3.874634961999994,4.671229373601546,-0.0593900292622798,0.079242683231114,60.71057662746081
1998-05-22,4.98384922,5.0790823,4.98384922,5.0790823,11849,4.804316845590255,4.914304256499998,5.0857431422761845,4.742865370723811,-1,3.875904732599994,4.687223606009329,-0.0485249939280143,0.0803848544288916,63.9081551274138
1998-05-26,5.20605973,5.36478077,5.20605973,5.36478077,32999,4.81044704187845,4.941286885999997,5.1971665172650106,4.685407254734983,-1,3.879237878949995,4.713794475185434,-0.0187420836740021,0.0950501126839708,74.11665601505959
1998-05-27,5.65047924,5.80920028,5.58699053,5.7139672,215848,4.832620391003312,4.987023996499997,5.402328113573695,4.571719879426299,-1,3.884951844599995,4.753016934982083,0.0069803361074037,0.1200050696351157,81.13864218257451
1998-05-28,5.6822236,5.90443336,5.65047924,5.74571156,631796,4.891215184343113,5.026704293499997,5.5568523020568,4.496556284943194,-1,3.8908245320499946,4.791946135963178,-0.0813692437061154,0.1295728589468931,81.6266445880339
1998-05-29,5.80920028,5.80920028,5.65047924,5.7139672,34199,4.972272638395664,5.0647973724999975,5.671926393729018,4.457668351270977,-1,3.897173381099995,4.828103824748935,-0.038469052079567,0.1316548718792579,79.41390530674977
1998-06-01,5.74571156,5.74571156,5.46001309,5.49175745,10649,5.046845496124011,5.094954399999997,5.723618804086701,4.466289995913293,-1,3.902728624999994,4.854129457111722,-0.0243531950596666,0.1426579860307394,65.93909907262963
1998-06-02,5.49175745,5.49175745,5.30129205,5.30129205,6899,5.115452525234089,5.121937029499997,5.737243423992061,4.506630635007933,-1,3.9076489854999945,4.871665245068125,-0.0280661978747666,0.146072801314258,57.00987485411447
1998-06-03,5.33303641,5.39652513,5.20605973,5.20605973,7499,5.178570992015362,5.1441580429999965,5.737520767957802,4.550795318042191,-1,3.9127280677999945,4.88477875428114,-0.0320389366711392,0.1492437012203825,53.1354433885046
1998-06-04,5.14257101,5.26954769,5.0790823,5.17431537,170549,5.90443336,5.1584429664999965,5.740151420051215,4.576734512948778,-1,3.9182833154499943,4.8961331313681535,-0.0336362800211678,0.1521881075617837,51.870004787554585
1998-06-05,5.11082666,5.11082666,5.11082666,5.11082666,2249,5.8879263388,5.171140672499996,5.736829912351133,4.60545143264886,-1,3.9235211195499935,4.904552485432148,-0.0338031260774919,0.1458524363073706,49.33917319433164
1998-06-08,5.17431537,5.20605973,5.0790823,5.14257101,16499,5.871749458024,5.185425595999996,5.732781452119043,4.63806973988095,-1,3.9292350889999934,4.913886545219122,-0.0334909262781373,0.1445042215711298,50.636087126203655
1998-06-09,5.14257101,5.14257101,5.04733794,5.0790823,36449,5.855896114863519,5.191774429999997,5.73104369440865,4.652505165591344,-1,3.933996727699995,4.92036481011249,-0.0032962443542246,0.1409848536017634,47.98999861556469
1998-06-10,5.14257101,5.14257101,5.0790823,5.0790823,100199,5.8235537878689785,5.198123263999996,5.728879125294706,4.667367402705286,-1,3.9393932535999943,4.926589025402197,-0.0626396750777591,0.1354494147730661,47.98999861556468
1998-06-11,5.20605973,5.26954769,5.01559358,5.01559358,26849,5.792505153954219,5.198123263999997,5.728879125294667,4.667367402705327,-1,3.9438374486999943,4.930079400092307,-0.077968832349853,0.1439140358607042,45.24772722128982
1998-06-12,5.01559358,5.01559358,4.8886169,5.01559358,59849,5.745890459516966,5.198123263999997,5.728879125294667,4.667367402705327,-1,3.9476467604499943,4.933432897343589,-0.1403398958231983,0.1427042247277968,45.24772722128982
1998-06-15,4.8886169,5.01559358,4.8886169,5.01559358,14249,5.6773085747556085,5.199710481999996,5.728078205443222,4.6713427585567695,-1,3.952090955549995,4.936654884898742,-0.1243688065254684,0.1415808286758113,45.24772722128981
1998-06-16,5.0790823,5.0790823,4.85687254,4.85687254,3299,5.61421324077516,5.194948827999996,5.733769480108904,4.656128175891087,-1,3.956058989049995,4.933526165490948,-0.1300577513176843,0.1473400380561104,38.39683543428653
1998-06-17,4.82512818,5.0790823,4.82512818,5.0790823,7199,5.538479170697644,5.2044720979999965,5.727809546395175,4.681134649604818,-1,3.961138071349995,4.9392342491971855,-0.1249181896199102,0.1549553296235311,49.845901894660095
1998-06-18,5.01559358,5.01559358,5.01559358,5.01559358,299,5.452877051813927,5.210820931999996,5.721607552627228,4.7000343113727645,-1,3.965899710049996,4.94222873275808,-0.0672409353015022,0.1484220003647074,47.149631277026906
1998-06-19,4.8886169,4.8886169,4.8886169,4.8886169,14999,5.377547187196256,5.2044720979999965,5.727809546395175,4.681134649604818,-1,3.969391578199995,4.940126307944038,-0.123173535308341,0.1468901917672283,42.229648658158325
1998-06-22,4.8886169,4.8886169,4.8886169,4.8886169,1049,5.311256906332705,5.194948827999996,5.733769480108904,4.656128175891087,-1,3.9722485629499946,4.938106331161919,-0.1326303581441162,0.1363980352124263,42.229648658158325
1998-06-23,4.8886169,5.01559358,4.8886169,5.01559358,5249,5.25292145917278,5.177489468499996,5.715795572398873,4.639183364601118,-1,3.9757404310999953,4.941145046802628,-0.1556415922814019,0.1357250812686815,48.46622946470467
1998-06-25,4.95210562,4.95210562,4.95210562,4.95210562,449,5.201586265672047,5.139396389499995,5.62577796334697,4.653014815653021,-1,3.9801846299999952,4.941574873202525,-0.211583458831284,0.1305652868923471,45.80370131952075
1998-06-26,4.8886169,4.92036126,4.82512818,4.92036126,11999,5.156411295391401,5.098128874499996,5.505347077182604,4.690910671817388,-1,3.9847875506999952,4.940742966802426,-0.1384479149815259,0.1303090121143224,44.4877044488481
1998-06-30,4.85687254,4.85687254,4.85687254,4.85687254,5999,5.116657321544433,5.055274141499996,5.362308516107181,4.7482397668928105,-1,3.989073027799995,4.937453930457233,-0.1326053634320429,0.1255361341061564,41.89512287486864
1998-07-01,4.82512818,4.82512818,4.63466279,4.82512818,40799,5.081673824559101,5.021942677999997,5.271574523631268,4.772310832368725,-1,3.992882339499995,4.933048999066753,-0.0329496908542481,0.1324413923842881,40.6204696152442
1998-07-02,4.8886169,4.95210562,4.8886169,4.95210562,1049,5.019092279720828,5.004483356499996,5.220040716223587,4.788925996776405,-1,3.9973265383999954,4.933796317534724,-0.0182277114539241,0.1320511100711247,47.50103335270027
1998-07-06,4.8886169,4.8886169,4.82512818,4.82512818,3899,4.965272151159912,4.985436778999995,5.193573599072719,4.777299958927271,-1,4.001135850099995,4.929534821945127,-0.0114721393013841,0.1316887050660443,42.23110843732814
1998-07-07,4.82512818,4.92036126,4.82512818,4.85687254,5099,4.63466279,4.969564637499996,5.16573794009005,4.773391334909942,-1,4.005103883599995,4.926685320692377,-0.0215311326451059,0.1290847318470412,43.906583448690384
1998-07-08,4.92036126,4.92036126,4.92036126,4.92036126,1499,4.6403767594000005,4.960041367499995,5.146090814245888,4.773991920754103,-1,4.009706804299995,4.926437318312283,-0.0215763686512795,0.1243993024293953,47.20461324561993
1998-07-09,4.95210562,5.01559358,4.95210562,4.98384922,186749,4.645976449412,4.952105277999996,5.118875836727026,4.785334719272965,-1,4.014468442999995,4.928688765437292,-0.0146132927029636,0.1223159465415814,50.3484158954661
1998-07-10,5.01559358,5.11082666,5.01559358,5.01559358,53999,4.66076113463552,4.948930841999996,5.108159078055713,4.789702605944279,-1,4.019230081699995,4.932096797380927,-0.0909613095133466,0.1226489103600398,51.89098852006617
1998-07-13,4.95210562,5.04733794,4.95210562,5.04733794,164399,4.6877650661573895,4.947343623999996,5.101915500798298,4.7927717472016935,-1,4.023991720399994,4.936616057875793,0.3531217737911244,0.1206905824771799,53.4484986723376
1998-07-14,5.11082666,5.11082666,4.95210562,5.04733794,44699,4.713148761787946,4.948930841999996,5.106888271077263,4.790973412922729,-1,4.028912080899995,4.940958092468899,0.4001606920192604,0.1234070437288098,53.44849867233761
1998-07-15,4.98384922,5.0790823,4.98384922,5.01559358,17849,4.737009435680669,4.948930841999996,5.106888271077263,4.790973412922729,-1,4.033832441399995,4.943884974332864,0.3163894805529238,0.1213946177481806,51.51429767533309
1998-07-16,5.01559358,5.01559358,4.8886169,4.8886169,3899,4.759438469139829,4.942582007999997,5.09951539775631,4.785648618243684,-1,4.039228967299994,4.94171759886883,0.2904993383786493,0.1217933364804534,44.56692166252943
1998-07-17,4.82512818,4.92036126,4.82512818,4.92036126,3449,4.780521760591439,4.945756443999996,5.098128719667609,4.793384168332383,-1,4.045101658599995,4.940880095383777,0.3021667158202086,0.1198961753032781,46.5091479541554
1998-07-20,4.92036126,5.01559358,4.92036126,4.95210562,22349,4.800340054555953,4.939407609999996,5.079082179091998,4.799733040907995,-1,4.050815628099995,4.941320312035394,0.269567486433908,0.118134471353044,48.45410321242339
1998-07-21,5.0790823,5.23780333,5.0790823,5.23780333,90149,4.818969250882596,4.950518097499996,5.1393628863054825,4.76167330869451,-1,4.057323198949995,4.952947097053614,0.3665737418139138,0.1301032741135409,61.88604917321373
1998-07-22,5.17431537,5.17431537,5.17431537,5.17431537,38999,4.852475977211988,4.964803020999996,5.174795426307128,4.754810615692865,-1,4.064148217199995,4.961628205796609,0.3540703383155781,0.125345037391145,58.253305882913565
1998-07-23,5.23780333,5.26954769,5.0790823,5.14257101,38549,4.883302165435029,4.977500726499996,5.197980453374943,4.757020999625049,-1,4.070179626449995,4.968724002039879,0.3188171377894504,0.1299964911489204,56.46843187455366
1998-07-24,5.20605973,5.20605973,5.17431537,5.20605973,7649,4.921926717891526,4.987024033999996,5.228697712621713,4.745350355378278,-1,4.077004644699995,4.978031285489296,0.3210158908583317,0.1252459360668546,59.16338609237822
1998-07-27,5.0790823,5.0790823,5.01559358,5.04733794,8249,4.956688815102373,4.991785649999995,5.234271050209947,4.749300249790044,-1,4.083670941199995,4.980749193509324,0.3176832355022367,0.129904522776365,50.71109020667571
1998-07-28,5.0790823,5.0790823,5.0790823,5.0790823,83849,4.987974702592136,4.999721701999996,5.242726018736209,4.756717385263783,-1,4.0900197940999945,4.98460539376386,0.2753783441408872,0.1228930825780531,52.18246581821407
1998-07-29,5.11082666,5.14257101,5.01559358,5.01559358,21599,5.26954769,5.007657753999995,5.241684207531448,4.773631300468542,-1,4.096368646999995,4.985820616753513,0.2445062416007719,0.1231848216796208,49.0299964057448
1998-07-31,4.98384922,4.98384922,4.95210562,4.95210562,28649,5.2644686078,5.014006625999995,5.234372111254095,4.793641140745895,-1,4.102558781899996,4.984498460018081,0.1640866473874593,0.1189207601310764,46.03501547100628
1998-08-03,4.95210562,4.95210562,4.95210562,4.95210562,1049,5.251974088288,5.014006625999995,5.234372111254062,4.793641140745928,-1,4.108748916799995,4.983228152566391,0.1628176394879154,0.1104264201217138,46.03501547100628
1998-08-04,4.95210562,4.95210562,4.76163946,4.79338382,11999,5.23997934955648,5.012419407999995,5.238584703923463,4.786254112076527,-1,4.113351833699995,4.975783276779474,0.1563255328028969,0.1161435443987343,39.10845765420199
1998-08-05,4.76163946,4.76163946,4.7298951,4.76163946,19649,5.211278956183091,5.007657753999996,5.250143214429499,4.765172293570493,-1,4.118430915999995,4.967385480043024,0.1787847101818349,0.1123824855131104,37.88083911079031
1998-08-06,4.76163946,4.82512818,4.76163946,4.82512818,23849,5.172768247688444,5.002896099999996,5.255577279806542,4.750214920193449,-1,4.123827441899995,4.961806762394279,0.2015617620587047,0.1088900736907454,41.81471450765037
1998-08-07,4.76163946,4.82512818,4.76163946,4.76163946,42899,5.1373383958733685,4.991785611999996,5.26550518272027,4.718066041279721,-1,4.129223963949995,4.95395706426117,0.1824596913809712,0.1056471198556922,39.14505076565086
1998-08-10,4.95210562,4.95210562,4.76163946,4.85687254,140249,5.104742932203499,4.983849559999996,5.26348758180879,4.704211538191202,-1,4.135255373199995,4.9501498280156335,0.2294626908016214,0.1117056227231428,44.834508334175766
1998-08-11,4.82512818,4.82512818,4.63466279,4.76163946,49199,5.07475510562722,4.969564635999996,5.263589291183525,4.675539980816467,-1,4.141128060649995,4.94275726456404,0.0555071308631378,0.1195987746714898,40.73332225282599
1998-08-12,4.76163946,4.79338382,4.76163946,4.79338382,1649,5.030745874064498,4.956866929999995,5.25820356820958,4.65553029179041,-1,4.147953075099995,4.936899482424274,0.0480335165542904,0.1133234593378119,42.61757597663137
1998-08-13,4.7298951,4.82512818,4.7298951,4.79338382,4349,4.991137565658048,4.945756441999995,5.253921299373569,4.6375915846264215,-1,4.155095533149995,4.931271417231166,0.0605635436558911,0.1120312893851111,42.61757597663137
1998-08-14,4.7298951,4.85687254,4.7298951,4.79338382,23399,4.955490088092243,4.940994787999996,5.255423450274626,4.626566125725366,-1,4.162555434799995,4.925864060477003,0.0646706652049104,0.1130988715718888,42.61757597663137
1998-08-17,4.76163946,4.79338382,4.76163946,4.79338382,2099,4.9234073582830185,4.934645915999996,5.255545903591694,4.613745928408298,-1,4.168745565849996,4.920668756928885,0.0627587372156104,0.1072878350310397,42.61757597663137
1998-08-18,4.85687254,4.85687254,4.7298951,4.76163946,2399,4.894532901454717,4.925122607999996,5.254575650125981,4.595669565874012,-1,4.174776975099995,4.914432313912066,0.0744719594399228,0.1086942353859654,40.869860670298856
1998-08-19,4.76163946,4.82512818,4.76163946,4.82512818,30149,4.868545890309245,4.904488850499996,5.20329017164149,4.605687529358503,-1,4.1811258279499945,4.910930191013553,-0.0211931494933816,0.1054652700012536,45.668806727525904
1998-08-20,4.76163946,4.76163946,4.76163946,4.76163946,14999,4.85687254,4.883855054999996,5.161522364917996,4.606187745081996,-1,4.187792120599995,4.9050756525424335,-0.022107172617018,0.1024669450011641,41.99808752615317
1998-08-21,4.7298951,4.7298951,4.60291843,4.63466279,34199,4.834651565000001,4.858459643999997,5.129664355077223,4.587254932922772,-1,4.194140973499994,4.894471226560377,-0.0299784994578104,0.1064850939296524,35.80037873993885
1998-08-24,4.60291843,4.60291843,4.41245303,4.41245303,25799,4.8068435888000005,4.818779308999996,5.1066561843418015,4.530902433658191,-1,4.199061333999995,4.87556855218546,-0.0876762799074856,0.1147511415061058,28.01027972201699
1998-08-25,4.41245303,4.50768535,4.41245303,4.41245303,26099,4.751628910568001,4.787035063499997,5.105491820858639,4.468578306141355,-1,4.203664254699995,4.85740715915858,-0.1293915102199191,0.1133569399699554,28.01027972201699
1998-08-26,4.34896431,4.38070867,4.19024327,4.25373123,26849,4.70414428728848,4.745767509999997,5.112410306895805,4.379124713104188,-1,4.208108449799995,4.833733593309224,-0.1601281012503151,0.1211321414006728,23.732305999501197
1998-08-27,4.12675456,4.12675456,3.80931172,3.80931172,30149,4.621920124522323,4.685453416999996,5.215268902780201,4.155637931219792,-1,4.210647990949995,4.793560186512783,-0.1734339579326265,0.1442240963006247,16.249058744534906
1998-08-28,3.93628916,3.93628916,3.80931172,3.9045448,7499,4.475650611708305,4.633075375999997,5.24746416691704,4.018686585082954,-1,4.213346253899995,4.758696838022086,-0.118026610643704,0.1429921922791515,21.929919939244076
1998-08-31,3.93628916,3.93628916,3.68233505,3.68233505,5099,4.35570961120081,4.5695868474999966,5.291927340328226,3.847246354671767,-1,4.215250911699994,4.716486571825142,-0.12686926100708,0.1509180435449264,18.73639395351711
1998-09-01,3.745823,3.745823,3.745823,3.745823,7499,4.221034698960648,4.517208806499997,5.315019754765882,3.719397858234111,-1,4.217155565649994,4.678421333714351,-0.1125308930739394,0.1446730368631459,22.22142204763716
1998-09-02,3.87280044,3.9045448,3.80931172,3.80931172,18149,4.113294769168518,4.469592419499997,5.315587346240174,3.62359749275982,-1,4.219060219599995,4.644338603764769,-0.1860273434584121,0.1456765199443498,25.655037771502265
1998-09-03,3.80931172,3.80931172,3.68233505,3.77756736,2549,4.027102825334814,4.417214378499996,5.297687081399112,3.5367416756008803,-1,4.221441038949994,4.610347574597523,-0.2396069149015704,0.1443408163768963,25.05935335571849
1998-09-04,3.80931172,3.80931172,3.77756736,3.77756736,8999,3.9581492702678513,4.3680107734999964,5.275563601644134,3.4604579453558597,-1,4.223821858299995,4.577689526966248,-0.1837368607491651,0.1362982123499751,25.05935335571849
1998-09-08,3.87280044,3.87280044,3.80931172,3.87280044,3899,3.902986426214281,4.318807168499996,5.221701207922334,3.4159131290776577,-1,4.226678843049995,4.550046817673453,-0.2488186100127694,0.1333649886106912,30.660953046651485
1998-09-09,3.80931172,3.80931172,3.745823,3.745823,7499,3.87280044,4.268016345499996,5.179795320587497,3.3562373704124946,1,4.228266053399994,4.518508628745082,-0.3697880453192149,0.1329087351384989,27.68910270325361
1998-09-10,3.68233505,3.68233505,3.68233505,3.68233505,2699,3.87280044,4.212463906999996,5.124822896129624,3.300104917870367,2,4.229535823999995,4.485717508009981,-0.3742212774467022,0.1279501076286062,26.315676752921377
1998-09-11,3.68233505,3.68233505,3.68233505,3.68233505,299,3.834707362,4.156911468499996,5.056226965582788,3.2575959714172047,3,4.231757925399994,4.454212313578217,-0.3847990352333315,0.1188108142265629,26.315676752921377
1998-09-14,3.745823,3.80931172,3.745823,3.80931172,7799,3.68233505,4.107707863499996,4.969235628867976,3.2461800981320166,4,4.234456188349994,4.428922094222209,-0.3780142543231203,0.1193940896389512,33.918552773708484
1998-09-15,3.80931172,3.80931172,3.80931172,3.80931172,1349,3.68233505,4.058504258499996,4.868642431743719,3.248366085256272,5,4.236995729499994,4.404623648174279,-0.387039599768769,0.1108659403790262,33.918552773708484
1998-09-16,3.745823,3.80931172,3.745823,3.77756736,12899,3.6848745834,4.009300653499997,4.759997107892003,3.258604199107991,6,4.239376548849994,4.380033205500777,-0.367863645974059,0.1074818532090957,32.93329470772602
1998-09-17,3.68233505,3.68233505,3.30140349,3.30140349,245698,3.80931172,3.9331144189999967,4.6454602377894565,3.220768600210537,7,4.239059105249994,4.337734000971335,-0.7689712517972604,0.1338162829798746,22.41531912021506
1998-09-18,3.30140349,3.30140349,3.17442682,3.17442682,24749,3.80931172,3.853753786999997,4.532041890805094,3.1754656831949,8,4.239693992449994,4.292114111521479,-0.8034895694836313,0.1333277391955978,20.532172799319696
1998-09-21,3.23791477,3.36489221,3.23791477,3.30140349,45749,3.783916324,3.787090821999997,4.404628953680181,3.169552690319813,9,4.240328875799994,4.253262714599068,-0.7518991045689606,0.1374089999673408,27.12542736539308
1998-09-22,3.30140349,3.39663657,3.23791477,3.30140349,43949,3.75953674384,3.731538344999997,4.312891844972128,3.1501848450278658,10,4.240646319399994,4.215934901869693,-0.6940003611855089,0.1389313428268165,27.12542736539308
1998-09-23,3.36489221,3.55535761,3.36489221,3.49186889,23399,3.7361323468864,3.685509137999998,4.183762555674069,3.187255720325926,11,4.240963759199994,4.187540156306176,-0.6332067391037637,0.1471472554820439,36.31706884859156
1998-09-24,3.55535761,3.55535761,3.36489221,3.42838093,39299,3.713664125810944,3.644241622999997,4.08023720892869,3.208246037071304,12,4.241281202799994,4.157769206254954,-0.6262826469501959,0.1502414086618979,34.74396845256058
1998-09-25,3.36489221,3.36489221,3.36489221,3.36489221,14249,3.692094633578506,3.6220206474999976,4.067301070901446,3.1767402240985496,13,4.240963759199994,4.126675990715544,-0.5877005964360988,0.1440447880431909,33.195457805754344
1998-09-28,3.30140349,3.55535761,3.30140349,3.55535761,178649,3.671387921035366,3.604561287999997,4.031152604475814,3.17796997152418,14,4.242233529799994,4.104271348334542,-0.1910227169321277,0.1518954546115344,41.60402320203711
1998-09-29,3.58710197,3.87280044,3.58710197,3.87280044,8549,3.17442682,3.614084557499997,4.055443909464692,3.1727252055353032,15,4.244773070949994,4.095194057811619,-0.1705234564437172,0.1637202671392819,52.36549522575711
1998-09-30,3.745823,3.80931172,3.68233505,3.80931172,10499,3.1883942924,3.617258993499997,4.063251700772352,3.1712662862276417,16,4.247312612099994,4.083982985740575,-0.1548149176768362,0.1656306330579046,50.36634725002995
1998-10-01,3.63471813,3.63471813,3.42838093,3.42838093,299,3.202082415352,3.5982124539999973,4.042303150700004,3.154121757299991,17,4.248264942899994,4.0582731012017295,-0.1327288138448219,0.1810092156966258,40.40038165175353
1998-10-02,3.42838093,3.68233505,3.36489221,3.68233505,44549,3.21549677584496,3.593450838499997,4.031751580841508,3.155150096158487,18,4.2504870442999945,4.043530432527152,-0.0653580612645019,0.1907544745754382,47.813948915697736
1998-10-05,3.69820684,3.71407864,3.5791634,3.5791634,59849,3.2286428491280605,3.5835306404999967,4.013617779235424,3.1534435017645697,19,4.251875843849994,4.025319960663341,-0.1266092099967958,0.1867659578200497,45.34612735839784
1998-10-06,3.61090776,3.68233505,3.55535761,3.55535761,92699,3.241526000945499,3.5676584989999967,3.976792447666457,3.158524550333537,20,4.253145614449994,4.006890064558896,-0.2253165531670659,0.1824953494043319,44.77191606901624
1998-10-07,3.55535761,3.5950352,3.33314785,3.49186889,23999,3.2541514897265893,3.5549607934999967,3.956888593153992,3.153032993846001,21,4.254732824799994,3.986693155752665,-0.2068109400909427,0.1881662065897367,43.20075218206792
1998-10-08,3.30140349,3.47599709,3.30140349,3.36489221,5249,3.2665244687320576,3.539088651499997,3.944697612952989,3.1334796900470057,22,4.255367711999995,3.9623088049388353,-0.2078340117510395,0.1883304346904698,40.1649392838093
1998-10-09,3.46012453,3.46012453,3.46012453,3.46012453,5699,3.2786499881574165,3.5279781254999967,3.9294354891380334,3.126520761861959,23,4.256796200549995,3.942615303960842,-0.2065718320735442,0.1816805693554363,43.37866549290989
1998-10-12,3.55535761,3.55535761,3.42838093,3.42838093,30149,3.2905329971942683,3.5089315859999965,3.8908623835837166,3.1270007884162765,24,4.258700858299995,3.922449250080025,-0.2431379967848768,0.1777731486871909,42.55813963742724
1998-10-13,3.33314785,3.33314785,3.33314785,3.33314785,1199,3.302178346050383,3.485123392499996,3.848080901335503,3.122165883664489,25,4.260129350649995,3.8993393912533567,-0.2431780138354318,0.1718774294952487,40.107082206524986
1998-10-14,3.36489221,3.55535761,3.36489221,3.49980288,38699,3.313590787929376,3.4712351684999967,3.808733353386643,3.13373698361335,26,4.262708561749995,3.8836712927728327,-0.2192790226587524,0.1754725959598738,45.97130679545327
1998-10-15,3.61884633,3.80931172,3.58710197,3.80931172,57299,3.324774980970788,3.4966305799999966,3.854982234427845,3.1382789255721484,27,4.267152760649996,3.880755231095467,0.1302028697664107,0.1850466133913114,54.81900378972301
1998-10-16,3.80931172,3.93628916,3.745823,3.745823,49349,3.335735490151372,3.525200388999996,3.866971207139085,3.183429570860908,28,4.271596955749995,3.875463771052508,0.0942528961489733,0.1854337238633605,52.9051365250586
1998-10-19,3.93628916,4.44419739,3.93628916,4.15056035,41699,3.359757636945317,3.567658231999996,3.98931523024218,3.1460012337578123,29,4.278064837599995,3.886251872187703,0.0862795030147999,0.2220723428731205,62.01064141738007
1998-10-20,4.31721995,4.31721995,4.06326584,4.19024327,66749,3.424824022128598,3.612100220999996,4.095047807185385,3.129152634814607,30,4.285048577649995,3.89817310347446,0.0948927665705062,0.2243496119536119,62.77067138243044
1998-10-21,4.12675456,4.31721995,4.12675456,4.31721995,88649,3.4859864242008824,3.653367773999996,4.221675770718385,3.0850597772816064,1,4.292032317699995,3.914606313142128,0.1819692583938213,0.2219293103854968,65.17174512118177
1998-10-22,4.24579267,4.34896431,4.24579267,4.34896431,63149,3.5434790821488296,3.699396942999996,4.332758083048212,3.06603580295178,2,4.299809662949996,3.931639960077731,0.2635695163431783,0.2134466196436756,65.76617820218057
1998-10-23,4.34896431,4.76163946,4.34896431,4.63466279,47849,3.5975221806199,3.762885471999996,4.496090026062428,3.029680917937565,3,4.309332944199996,3.959209482819781,0.274005985610643,0.2276772289548416,70.62542431515146
1998-10-26,4.6981515,4.79338382,4.57117407,4.6981515,202198,3.690651562970308,3.820025166499996,4.651205102057031,2.988845230942961,4,4.319491108749996,3.988187601140574,0.1075323583944161,0.2272866947437815,71.590476323844
1998-10-27,4.82512818,4.95210562,4.78544526,4.84893397,55799,3.8009247886732767,3.868831842999996,4.813556849482868,2.924106836517124,5,4.329133418899996,4.021942360703689,0.0802238915219816,0.2291915108335114,73.79260178632092
1998-10-28,4.8886169,5.01559358,4.8886169,4.98384922,53399,3.9390664884324833,3.927558717999996,4.9889983892385485,2.866119046761443,6,4.339767745099995,4.059664198323152,0.0926287291569219,0.2247249464882606,75.614033725171
1998-10-29,4.85687254,4.85687254,4.84893397,4.84893397,4049,4.089780281251936,3.998586369999996,5.106027223715248,2.8911455162847437,7,4.349410055249996,4.090615954075186,0.0886594943528249,0.2183099681676705,70.34865604300103
1998-10-30,4.85687254,4.95210562,4.85687254,4.8886169,19349,4.219394143076665,4.058900462499996,5.22092540837992,2.896875516620072,8,4.359885663449996,4.121910108817335,0.0402378239486404,0.2100858025842655,70.98857295110969
1998-11-02,4.82512818,4.98384922,4.82512818,4.98384922,17849,4.330862064245932,4.129134753499995,5.33563674823151,2.9226327587684806,9,4.371154876849996,4.155711642589204,0.1224984353657813,0.2064168909711036,72.52121937635562
1998-11-03,4.98384922,4.98384922,4.98384922,4.98384922,2099,4.4267244764515015,4.200559333999996,5.431617619484873,2.969501048515118,10,4.382106646649996,4.188187626017078,0.2411946627699154,0.1916728273303105,72.52121937635562
1998-11-04,4.98384922,4.98384922,4.92036126,4.98384922,16949,4.509166150948292,4.275158350499996,5.506216687553322,3.044100013446669,11,4.393534581849996,4.219390041467389,0.2568252937429697,0.1825167653781454,72.52121937635562
1998-11-05,5.01559358,5.0790823,4.95210562,5.04733794,230098,4.580065991015531,4.359280636999996,5.559586334422307,3.1589749395776847,12,4.403851468249996,4.251858586507884,0.3105963465925748,0.1785496164225636,73.67903894180762
1998-11-06,5.0790823,5.33303641,5.0790823,5.33303641,127799,4.659908600453046,4.452926230999996,5.650256385260349,3.255596076739643,13,4.415120681599996,4.294257716840908,0.3846055810163264,0.1862031059638091,78.14222852717486
1998-11-09,5.39652513,5.77745592,5.26954769,5.58699053,255598,4.781071606171498,4.560856710999995,5.758473217375076,3.3632402046249146,14,4.427024782199996,4.344953121278519,0.3897032447535719,0.2091820433949656,81.19472585879555
1998-11-10,5.61873488,5.61873488,5.0790823,5.33303641,95249,4.980348468937199,4.660851138999996,5.761799930657363,3.559902347342629,15,4.437341668599996,4.383701485542106,0.362155737025839,0.2327870817238967,70.57985197764629
1998-11-11,5.26954769,5.26954769,4.82512818,5.14257101,93299,5.77745592,4.742989545499995,5.723757390323764,3.7622217006762257,16,4.4471823895499965,4.413461074736533,0.3647293204868421,0.2524385923150469,63.83894641155772
1998-11-12,5.20605973,5.26954769,5.0790823,5.23780333,18749,5.7584093652,4.814414125999996,5.717806046786316,3.9110222052136754,17,4.456864388749996,4.445788222001768,0.3448965305376323,0.2480119350068292,65.60763934643396
1998-11-13,5.23780333,5.23780333,5.0790823,5.20605973,10949,5.739743741496,4.887425962499995,5.660144479412165,4.1147074455878245,18,4.466387669949996,4.475602790942875,0.3906532456870393,0.2416340132206272,64.47559556163662
1998-11-16,5.23780333,5.23780333,5.01559358,5.01559358,7949,5.721451430266081,4.930677623999996,5.62659592591983,4.234759322080162,19,4.474799898599996,4.496778900317664,0.3986053533536591,0.2402465658477252,58.00799786205175
1998-11-17,4.95210562,5.01559358,4.8886169,4.92036126,10049,5.703524965260759,4.967183523499996,5.574920505351782,4.359446541648209,20,4.482259800249996,4.513389973246383,0.4109736180426447,0.2321558597157449,55.03536852829141
1998-11-18,5.0790823,5.0790823,4.82512818,4.82512818,7049,5.685957029555544,4.992578934999996,5.527658318042659,4.457499551957333,21,4.489084818499996,4.525615000962211,0.3645655402871325,0.2337128783074774,52.156954536714615
1998-11-19,4.82512818,4.82512818,4.7298951,4.76163946,2549,5.668740452564433,5.013212692499995,5.474109198760261,4.55231618623973,22,4.495274949549996,4.534870862100948,0.3317977331209496,0.2238214641426575,50.26936231733091
1998-11-20,4.63466279,4.8886169,4.63466279,4.8886169,18599,5.631186638461855,5.025910397999995,5.457448900509635,4.594371895490355,23,4.502576129399996,4.548743255744048,0.3397205394981343,0.2259737959896105,53.865501075080495
1998-11-23,4.8886169,4.95210562,4.66640714,4.72195654,31649,5.571395207554144,5.027100649999995,5.455133619365625,4.5990676806343656,24,4.509361451049997,4.555535933558007,0.3487199341027576,0.2302398448474955,48.87035348263081
1998-11-24,4.66640714,4.6981515,4.63466279,4.6981515,43649,5.515191262500895,5.019561526499995,5.464845373968158,4.574277679031832,25,4.515869025699996,4.561128700869458,0.4060546934869177,0.2200294095012458,48.183042749064825
1998-11-25,4.60291843,4.82512818,4.60291843,4.82512818,9149,5.462359554150842,5.011625474499995,5.464760744159943,4.558490204840048,26,4.523011483749996,4.571481621619675,0.406463013596156,0.2201851481082997,52.0563213386146
1998-11-27,4.82512818,5.01559358,4.76163946,5.01559358,26999,5.393604264218775,5.019958454999995,5.466907291444061,4.573009618555929,27,4.531899877799996,4.588897776850276,0.4272349074608652,0.2225972175291355,57.22175300503745
1998-11-30,5.01559358,5.01559358,4.82512818,4.8886169,17549,5.330349397481273,5.019958454999995,5.466907291444061,4.573009618555929,28,4.540153388449997,4.600651467954187,0.4285464928144046,0.2203020877056258,53.11336333980223
1998-12-01,5.01559358,5.01559358,4.85687254,4.85687254,11549,5.272154920082771,5.013609620999995,5.466003983685775,4.561215258314215,29,4.547930733699997,4.610699353132453,0.402814023815718,0.2159034414409382,52.1061379926883
1998-12-02,4.82512818,4.95210562,4.74576766,4.8886169,15749,5.21861600087615,5.008848004999995,5.46438885630669,4.553307153693299,30,4.555549357149997,4.6215980804605925,0.4033456924946916,0.2152201927665855,53.0646716926702
1998-12-03,4.8886169,4.8886169,4.57117407,4.57117407,17099,5.169360195206058,4.988214247499995,5.482178989399984,4.494249505600005,-1,4.561422044649997,4.619620668285667,0.3709024380071538,0.2225218097118294,43.65552261727181
1998-12-04,4.63466279,4.76163946,4.63466279,4.63466279,97799,5.109541582685452,4.967580489999994,5.483912517733309,4.45124846226668,-1,4.5679296193499965,4.620210555411719,0.1926955590670497,0.2202320654466987,45.72821433192661
1998-12-07,4.63466279,4.6981515,4.57117407,4.6981515,7199,5.055704831416906,4.935836244499994,5.436210868768287,4.435461620231701,-1,4.574437193999996,4.623267063042633,0.0707549537326821,0.2135710200576488,47.79630335123044
1998-12-08,4.60291843,4.8886169,4.60291843,4.76163946,126299,5.007251755275216,4.894568690999995,5.300562833771938,4.488574548228051,-1,4.580786046849997,4.628693431550765,0.0099024540562776,0.2187229807678167,49.85413479726862
1998-12-09,4.7298951,4.76163946,4.63466279,4.63466279,35099,4.963643986747695,4.859650009999994,5.22709172536168,4.492208294638308,1,4.584754080399996,4.6289275240389705,-0.0375547186697504,0.2121696728558298,45.9525967666051
1998-12-10,4.76163946,4.76163946,4.67434038,4.6981515,31049,4.924396995072925,4.837429034499994,5.187065735201587,4.487792333798401,2,4.588563392099997,4.631642189762933,-0.14077708164024,0.2060844583661276,48.13804632336619
1998-12-11,4.66640714,4.76163946,4.50768535,4.60291843,67649,4.889074702565632,4.805684789499994,5.11738041593736,4.493989163062627,3,4.591579098649996,4.6305157678114455,-0.1785982205005463,0.2095037191971185,45.186493497359606
1998-12-14,4.6981515,4.6981515,4.65053458,4.65053458,8999,4.843307980257756,4.777908531999994,5.03640878446181,4.519408279538179,4,4.595150325749996,4.63130081926982,-0.2054085394214612,0.2013415299687528,46.93833241770275
1998-12-15,4.57117407,4.66640714,4.44419739,4.66640714,15899,4.8030332646268254,4.760449209999995,4.998757297355531,4.5221411226444586,5,4.5988009156499965,4.632677537729827,-0.1630552693245567,0.2028321171138419,47.540213217777
1998-12-16,4.66640714,4.66640714,4.44419739,4.53942971,33299,4.75279624217907,4.7414026324999945,4.986341823260105,4.496463441739884,6,4.6018166183999965,4.6290207601717945,-0.1565606206495521,0.2042162337485674,43.30804951236639
1998-12-17,4.50768535,4.63466279,4.50768535,4.53942971,8549,4.709592402874,4.7271177089999945,4.983896971862894,4.470338446137095,7,4.605308486549997,4.625507385655253,-0.1517562831372203,0.1986991770522412,43.3080495123664
1998-12-18,4.57117407,4.63466279,4.50768535,4.57117407,46049,4.67243710107164,4.717594439499995,4.982543779259547,4.452645099740442,8,4.608740830699997,4.623376667394263,-0.1406332984487157,0.1935761958342239,44.7345260781032
1998-12-21,4.50768535,4.6981515,4.50768535,4.59497986,59399,4.44419739,4.702912587499995,4.96077506276252,4.445050112237469,9,4.612351727799997,4.622263067104292,-0.1656974933926136,0.1933540497032079,45.835205999033896
1998-12-22,4.6981515,4.82512818,4.65846858,4.66640714,54449,4.4492764722,4.700135117499995,4.958313726033246,4.441956508966744,10,4.616161039499997,4.62399420721785,-0.2013387909533593,0.1959822118672645,49.11015450044494
1998-12-23,4.6981515,4.6981515,4.60291843,4.60291843,18749,4.464310540512,4.695373463999995,4.957012395441745,4.433734532558245,11,4.619652907649996,4.6231677061504834,-0.2964746060973637,0.1887858445910313,46.4233215597319
1998-12-24,4.63466279,4.6981515,4.63466279,4.6981515,5249,4.47874324609152,4.689024629999995,4.943834335280762,4.434214924719228,12,4.623938384749996,4.626108247085758,-0.3036498501283844,0.1821035035488148,50.77384252261698
1998-12-28,4.76163946,4.95210562,4.6981515,4.95210562,23549,4.49259864344786,4.685850231999995,4.92543433901401,4.446266124985979,13,4.628382583649997,4.638892457788278,-0.3100637114619596,0.1872356904381852,60.082394420431726
1998-12-29,4.95210562,4.95210562,4.79338382,4.82512818,80699,4.520169062040988,4.682675795999995,4.912930092783888,4.452421499216102,14,4.632509338949996,4.64619581944364,-0.3401394023977442,0.1851989839783148,54.53003059020585
1998-12-30,4.74576766,4.74576766,4.55530227,4.66640714,46199,4.546085255518529,4.673152525999995,4.889111557325574,4.457193494674415,15,4.636477372449996,4.646988420249771,-0.3012989429291747,0.1912437644084352,48.496967283200725
1998-12-31,4.60291843,4.7298951,4.57117407,4.67434038,97799,4.55530227,4.662438699999995,4.854518011347218,4.470359388652772,16,4.639691466949996,4.648061046122329,-0.2468191218896854,0.1889207119506899,48.801867014169744
1999-01-04,4.76163946,4.82512818,4.63466279,4.79338382,31499,4.55530227,4.673549187499995,4.868905703823986,4.478192671176004,17,4.6436595004499965,4.653759978431258,-0.200304977250793,0.1890310460970692,53.27219302222513
1999-01-05,4.79338382,4.98384922,4.79338382,4.79338382,37049,4.57117407,4.681485238999994,4.882686338062078,4.48028413993791,18,4.6466752031999965,4.659235423198659,-0.1421047536671021,0.1891334999472785,53.272193022225125
1999-01-06,4.98384922,4.98384922,4.76163946,4.82512818,34949,4.604188081999999,4.687834072999995,4.89852758865674,4.47714055734325,19,4.648421139149997,4.665741021504594,-0.1632457281114007,0.1914960899510443,54.50081743494163
1999-01-07,4.82512818,5.01559358,4.82512818,5.01559358,31499,4.634560973039999,4.700531778999995,4.953795756787781,4.447267801212209,20,4.650960680299997,4.679460729680884,-0.1606530002484406,0.1914224692402554,61.10828495683686
1999-01-08,4.8886169,5.23780333,4.8886169,5.20605973,103949,4.672664233736,4.729101625999995,5.062450774672302,4.395752477327688,21,4.654611273999996,4.70011167086987,-0.0038032631666328,0.2026913235802372,66.36808708200333
1999-01-11,5.11082666,5.22193153,5.0790823,5.19018717,14699,4.74048092528768,4.753703409499996,5.142327981075553,4.365078837924438,22,4.6581825048999965,4.71933031789458,0.0232828275941956,0.198416888324506,65.57221001663027
1999-01-12,5.0790823,5.20605973,5.0790823,5.15844281,5549,4.800159613853158,4.781479628499995,5.201192099984217,4.361767157015773,23,4.660801404999996,4.736550415624205,0.0493291237862552,0.1933140698727556,63.92125120469657
1999-01-13,5.04733794,5.04733794,4.92036126,4.92036126,6149,4.85267685979078,4.794970962499995,5.21432617555364,4.375615749446351,24,4.662388619149996,4.743758684031099,0.0532889611904776,0.1965117470247017,53.11908506593131
1999-01-14,4.92036126,4.95210562,4.76163946,4.76163946,22349,5.23780333,4.799732578499996,5.215285907554344,4.384179249445648,25,4.662388619149996,4.74445989093184,0.0026223901899543,0.1960799193800801,47.371584548064135
1999-01-15,4.6981515,4.8886169,4.6981515,4.6981515,11699,5.228280052600001,4.807668667999995,5.208848016488855,4.406489319511135,26,4.661277570349996,4.74264387560118,-0.0066809655250143,0.195678882281503,45.26197812388974
1999-01-19,4.79338382,5.04733794,4.79338382,5.04733794,2999,5.207074910496001,4.833064079499996,5.227352053223916,4.438776105776077,27,4.662706062749995,4.754592662440349,0.0031708045066196,0.2066437078328242,56.686904949093545
1999-01-20,4.8886169,5.26954769,4.8886169,5.26954769,40499,4.6981515,4.867982760499995,5.286279380285608,4.449686140714382,28,4.665245603899995,4.7747869772466105,0.0587506530141398,0.2190927851304796,62.10707467491672
1999-01-21,5.26954769,5.26954769,5.0790823,5.26954769,103199,4.7095794238,4.901711151999995,5.335031364240249,4.468390939759741,29,4.667467701449996,4.7941893581389,0.1953706251115251,0.2170479711925882,62.10707467491672
1999-01-22,4.95210562,5.58699053,4.95210562,5.33303641,137999,4.720778789124,4.935042615499996,5.39270751531731,4.477377715682682,30,4.670007242599996,4.815320615074629,0.2660657270905583,0.246893466821689,63.61579714761076
1999-01-25,5.33303641,5.372714,5.17431537,5.33303641,27149,4.75542725875904,4.971548514499996,5.433874108698406,4.5092229203015854,-1,4.672864227349996,4.8356231952677815,0.3040013052198589,0.2434295499058541,63.61579714761076
1999-01-26,5.26954769,5.39652513,5.26954769,5.39652513,45449,4.788689789608679,5.006467195999996,5.48609156674964,4.526842825250351,-1,4.6763560954999965,4.857619349571006,0.3349198818281731,0.2351115420554359,65.22173418602308
1999-01-27,5.33303641,5.39652513,5.33303641,5.34096964,25349,4.820621819224331,5.025910396999995,5.526225023585955,4.525595770414036,-1,4.679252746399997,4.876574262921162,0.287313770197405,0.2228527690514762,62.61723266741802
1999-01-28,5.46001309,5.58699053,5.34096964,5.36478077,79649,4.851276567655358,5.052893026499995,5.565051598236968,4.540734454763022,-1,4.682427174749996,4.89571961613994,0.2701882238655719,0.2245076348335136,63.29379752515075
1999-01-29,5.34096964,5.34096964,5.20605973,5.26954769,20699,4.880705126149143,5.083050053999996,5.5710891896475445,4.595010918352447,-1,4.684490550499997,4.91037954060504,0.2678848756475278,0.2198085923454055,58.71668074955463
1999-02-01,5.20605973,5.33303641,5.20605973,5.33303641,6299,4.908956542303177,5.115984855499995,5.577431829092029,4.654537881907962,-1,4.686871369849997,4.926954319796999,0.2697534076553175,0.2131777414635909,60.75427015384285
1999-02-02,5.33303641,5.33303641,5.0790823,5.0790823,16799,4.93607790181105,5.130269779499995,5.567962762447941,4.69257679655205,-1,4.687347535249997,4.932920122942215,0.2260405006118659,0.2160903392161915,50.102034104298205
1999-02-03,5.20605973,5.20605973,5.12669845,5.20605973,8249,4.962114406938608,5.150903574999996,5.56117485919208,4.740632290807912,-1,4.688934749399998,4.943631480081736,0.2955645973638208,0.209725131415035,54.40653264795528
1999-02-04,5.20605973,5.23780333,5.14257101,5.14257101,23849,4.987109451861064,5.166775716499996,5.5490096656199634,4.784541767380028,-1,4.6905219635499975,4.951433030274609,0.2879494077165333,0.2015470734568182,51.99147987869741
1999-02-05,5.20605973,5.20605973,5.12669845,5.12669845,2999,5.011104694986621,5.172330959999996,5.548800585225118,4.795861334774873,-1,4.691712371299997,4.958306183989331,0.2506872377569556,0.1928195167813312,51.37745879379339
1999-02-08,5.0790823,5.14257101,4.95210562,4.95210562,40199,5.58699053,5.159633254499996,5.547649705063327,4.771616803936665,-1,4.692029814899997,4.9580630246172,0.0804439644806462,0.1926513648683789,45.07193181113258
1999-02-09,5.01559358,5.01559358,4.57117407,4.8886169,27599,5.574292831799999,5.144554740999996,5.54970975350892,4.739399728491072,-1,4.692347258499996,4.955339647181232,0.0844522771280887,0.2106348038063519,43.00501624928462
1999-02-10,4.76163946,4.83306141,4.76163946,4.76163946,1799,5.534168081328,5.124714573499996,5.562735465659215,4.686693681340777,-1,4.691394927699997,4.9477435614094185,0.0800442762363592,0.2046592778201839,39.13918396936325
1999-02-11,4.8886169,4.8886169,4.85687254,4.85687254,2999,5.49564832087488,5.121540137499997,5.566307278177497,4.676772996822496,-1,4.691553649499997,4.944179991942383,0.0852958692007859,0.1991105751187422,43.258902726314325
1999-02-12,4.8886169,4.95210562,4.82512818,4.82512818,24749,5.458669350839885,5.124714573499997,5.559966008222004,4.68946313877799,-1,4.691553649499997,4.939511293434838,0.0812900403616337,0.1939582083245463,42.23267944646612
1999-02-16,4.6981515,4.82512818,4.6981515,4.82512818,21899,5.423169539606289,5.131063407499997,5.544393506759946,4.717733308240047,-1,4.691553649499997,4.935025681143276,0.1309074738342369,0.1891738134442216,42.23267944646612
1999-02-17,4.82512818,4.82512818,4.82512818,4.82512818,9299,5.389089720822038,5.119952919499997,5.553156429508083,4.68674940949191,-1,4.691683165449996,4.9307159752160885,0.1251724430344294,0.1756613981982058,42.23267944646612
1999-02-18,4.82512818,4.82512818,4.6981515,4.6981515,899,5.356373094789157,5.091383109999997,5.555611408846692,4.627154811153302,-1,4.690413394849997,4.9215957997174185,0.06706460055227,0.1721839183269054,37.75777100954566
1999-02-19,4.6981515,4.76163946,4.6981515,4.6981515,2549,5.324965133797591,5.062813300499997,5.549455544554077,4.576171056445916,-1,4.689143624249996,4.912833278159873,-0.1209728328818851,0.164419921303555,37.75777100954567
1999-02-22,4.76163946,4.76163946,4.66640714,4.6981515,5549,5.294813491245687,5.031069054999997,5.525822958648788,4.536315151351206,-1,4.688191297249997,4.904414384898701,-0.2363757743911047,0.1594779497818725,37.75777100954566
1999-02-23,4.60291843,4.6981515,4.57117407,4.57117407,23099,5.26586791439586,4.992975937999996,5.505851074532418,4.480100801467574,-1,4.687238970299997,4.891346137255615,-0.3398331477681876,0.1571564840831673,33.34489713703053
1999-02-24,4.57117407,4.6981515,4.19024327,4.22198687,43649,5.238080160620025,4.934249024999996,5.51352438521605,4.354973664783943,-1,4.6845407073499965,4.865096754225983,-0.5568811380229687,0.1822101802200839,24.77104541881509
1999-02-25,4.31721995,4.3727701,4.19024327,4.3727701,5849,5.175209947182824,4.885839047999997,5.482624792108799,4.289053303891195,1,4.681961473349996,4.845789826609278,-0.5188973807802983,0.1822327980615065,32.805554909474296
1999-02-26,4.44419739,4.50768535,4.25373123,4.47594099,33599,5.116111946551854,4.841397058999997,5.421034110785288,4.261760007214705,2,4.680056815599996,4.831285950663816,-0.3157688907516648,0.1873557496285418,37.70781892476845
1999-03-01,4.50768535,4.50768535,4.44419739,4.47594099,32999,5.060559825958743,4.801716723999997,5.367163477433196,4.236269970566798,3,4.678152157849996,4.817350854167195,-0.300539257575402,0.1785080503693602,37.70781892476844
1999-03-02,4.38070867,4.50768535,4.38070867,4.50768535,85049,5.008340832601218,4.760449170999996,5.283659219908452,4.23723912209154,4,4.675930056499996,4.805207108905736,-0.0529627091948593,0.1748272382001202,39.28838932772199
1999-03-03,4.63466279,4.6981515,4.57117407,4.57117407,3899,4.959254978845145,4.735053759499996,5.243018961231575,4.227088557768417,5,4.674025398749996,4.796029342674139,-0.0224801974642682,0.1759443033286831,42.434385102192806
1999-03-04,4.57117407,4.63466279,4.57117407,4.63466279,1649,4.913114276314436,4.706483912499996,5.167363556270358,4.245604268729634,6,4.672120744799996,4.78970124256927,-0.039600217006772,0.1679117616623486,45.47702534786149
1999-03-05,4.6981515,4.7298951,4.57117407,4.60291843,70799,4.869742015935571,4.679501283499997,5.096164897801444,4.26283766919855,7,4.670057369049996,4.782376426390083,-0.0776185617696562,0.1672552808293237,44.21854456271833
1999-03-08,4.6981515,4.82512818,4.6981515,4.79338382,43199,4.828972091179437,4.662835551999996,5.030387407301889,4.295283696698103,8,4.669105042049996,4.78280808888459,-0.0200309671826766,0.1711806000558006,52.67980797630104
1999-03-09,4.82512818,4.82512818,4.6981515,4.6981515,17849,4.19024327,4.650137845999997,4.993595919385481,4.306679772614514,9,4.667835271449996,4.779488222653821,0.0276885584686963,0.168023177194672,48.70198870713646
1999-03-10,4.85687254,4.85687254,4.85687254,4.85687254,2249,4.2029409682,4.648550627999997,4.987853981993225,4.309247274006769,10,4.667676549649996,4.782522901765436,0.0020300984921832,0.1673587388236241,54.82461243729535
1999-03-11,4.82512818,4.82512818,4.57117407,4.61085166,77099,4.229098231072,4.641011237999997,4.976608946689715,4.30541352931028,11,4.666287723449996,4.775790696206007,-0.0988896594765783,0.1758115767647938,45.716433846361866
1999-03-12,4.57117407,4.57117407,4.44419739,4.44419739,54149,4.25420920342912,4.6203774804999975,4.9510597027258125,4.289695258274183,12,4.663430742499997,4.7627870371391055,-0.1811846778985412,0.1751574834244514,40.774734995509
1999-03-15,4.60291843,4.76163946,4.60291843,4.63466279,33899,4.278315736891956,4.610854210999998,4.928098920447871,4.293609501552124,13,4.661208644949997,4.757762556859141,-0.1705255320626321,0.1853206681798476,47.72896938425013
1999-03-16,4.57117407,4.57117407,4.57117407,4.57117407,299,4.301458009016278,4.598156505499998,4.900036472925053,4.296276538074943,14,4.657240611449996,4.750445361296037,-0.2172401961470557,0.1766183861670014,45.79851787617768
1999-03-17,4.57117407,4.6981515,4.57117407,4.60291843,81149,4.323674590255627,4.587046017999997,4.8704874581292685,4.3036045778707255,15,4.651685367599996,4.74465999144129,-0.2575413983027724,0.1730726035836442,46.95379414971226
1999-03-18,4.66640714,4.76163946,4.66640714,4.76163946,6149,4.345002508245402,4.5902204159999975,4.87992100478725,4.300519827212745,16,4.646765007099996,4.745325852953397,-0.2440954419038647,0.1720474911848124,52.41509926105745
1999-03-19,4.69021218,4.6981515,4.60291843,4.6981515,4799,4.365477309515586,4.590220415999998,4.879921004787202,4.300519827212795,17,4.641685928599996,4.743475878327773,-0.2314998013024362,0.171095601100183,50.18925661059952
1999-03-22,4.76163946,4.76163946,4.60291843,4.60291843,8999,4.385133118734962,4.585458762499998,4.871007640803989,4.299909884196008,18,4.637241733499996,4.737963821530606,-0.2415733836847946,0.1702117031644556,46.96733436507804
1999-03-23,4.57117407,4.6981515,4.46006919,4.46006919,26549,4.404002695585564,4.579903518499998,4.870624032821643,4.289183004178354,19,4.633035619199996,4.727065992843131,-0.2457012498838977,0.1750596036527087,42.55443564274384
1999-03-24,4.57117407,4.66640714,4.50768535,4.57117407,32699,4.422117489362141,4.597362878499999,4.837557540473435,4.357168216526562,20,4.629861190899996,4.720952584104184,-0.1992068409567214,0.1772937712489438,46.74549922533616
1999-03-25,4.6981515,4.6981515,4.50768535,4.50768535,52349,4.439507691387655,4.604108640999998,4.825539178610378,4.382678103389618,21,4.626528040799996,4.712589163158922,-0.2723061670931546,0.1782346554454479,44.73695105541447
1999-03-26,4.57117407,4.57117407,4.50768535,4.57117407,8999,4.456202285332149,4.608870294999997,4.823048579221348,4.394692010778647,22,4.623829777849997,4.7070434732311215,-0.3078177849968512,0.1700385171993444,47.181039848976
1999-03-29,4.57117407,4.57117407,4.50768535,4.50768535,18299,4.472229095518864,4.610457512999998,4.821113391107907,4.399801634892089,23,4.620655349549995,4.699225507614215,-0.3440381306650356,0.1624278173993912,45.03604117179445
1999-03-30,4.57117407,4.57117407,4.50768535,4.50768535,89099,4.487614833298109,4.610457512999998,4.821113391107907,4.399801634892089,24,4.617798364799996,4.691714128884246,-0.6164444594215504,0.1553607390137203,45.03604117179445
1999-03-31,4.57117407,4.57117407,4.50768535,4.57117407,73499,4.502385141566185,4.610457512999998,4.821113391107941,4.399801634892056,25,4.615258823649996,4.68698706775153,-0.4455067596066367,0.1487984519413117,47.78894690423864
1999-04-01,4.63466279,4.63466279,4.57117407,4.57117407,64049,4.50768535,4.607283076999998,4.818297411815473,4.396268742184524,26,4.613036726099995,4.682445381565196,-0.4949708257536856,0.1427048996597895,47.78894690423864
1999-04-05,4.63466279,4.82512818,4.57117407,4.7378291,87449,4.50768535,4.614028610499998,4.832545619916537,4.395511601083459,27,4.611647903699996,4.684617292092051,-0.3952726566862637,0.1506512718269474,54.69666671258516
1999-04-06,4.76163946,4.95210562,4.76163946,4.85687254,28949,4.5216528376000005,4.617203046499998,4.847573078866947,4.386833014133048,28,4.610854298499996,4.691372399853147,-0.4307042397058451,0.1551959324107369,58.88152700282022
1999-04-07,4.79338382,5.01559358,4.76163946,4.8886169,329998,4.547480004544,4.626726316499997,4.883884140950915,4.36956849204908,29,4.611013020299996,4.699107478290279,-0.2897865024248842,0.1622500886671129,59.944110287923166
1999-04-08,5.01559358,5.14257101,5.01559358,5.14257101,119249,4.58492909058048,4.641011239999997,4.969552870912859,4.312469609087136,30,4.611330463849996,4.716498205023994,-0.161916157143346,0.1688003759051763,67.23814518667595
1999-04-09,5.14257101,5.49175745,5.14257101,5.39652513,272398,4.640693282522432,4.680294913499997,5.144778608339461,4.215811218660534,1,4.613235121599995,4.743165927572073,-0.0122801833643986,0.1816850947690922,72.60952350924273
1999-04-12,5.49175745,5.96792132,5.39652513,5.65047924,405597,4.74282098261974,4.740609005999998,5.355667589479636,4.12555042252036,2,4.617044433299996,4.778746841784932,-0.0045994446712992,0.2095216015712999,76.71994155279535
1999-04-13,5.90443336,5.90443336,5.65047924,5.90443336,35399,4.914335029852976,4.804097534499998,5.598343336102611,4.009851732897384,3,4.622123515599996,4.8228914111267,0.0273283901818739,0.2126953528876356,79.95881836633193
1999-04-14,5.90443336,5.96792132,5.77745592,5.84094464,12299,5.06183711047356,4.867586062999997,5.77249652063257,3.9626756053674246,4,4.626250270899996,4.862815067160947,0.0248098264292085,0.2111074991099474,77.07191334059627
1999-04-15,5.90443336,5.90443336,5.77745592,5.90443336,52199,5.188688899807262,4.932661809499997,5.934122840928762,3.931200778071233,5,4.631011909599995,4.903662843350714,0.0788817381758884,0.2050982091735225,77.9300418336789
1999-04-16,5.96792132,6.15838747,5.77745592,6.03141004,117449,5.297781438634245,4.996150338499997,6.1017727108368165,3.8905279661631775,6,4.636567153499995,4.947888223611471,0.092042980859477,0.2176577335182708,79.57641600209254
1999-04-19,6.15838747,6.18219327,5.90443336,5.90443336,81149,5.435478403652766,5.056464431499997,6.220545450516125,3.892383412483868,7,4.641804957599996,4.985399797587491,0.0435342701600051,0.2219507461241086,73.65893147102764
1999-04-20,5.90443336,5.90443336,5.39652513,5.46001309,61499,6.18219327,5.099319164499997,6.256543436251905,3.9420948927480897,8,4.644979382149995,5.004012083564453,0.0235203471205227,0.2423762806866723,57.53301330483225
1999-04-21,5.33303641,5.77745592,5.33303641,5.58699053,161399,6.18219327,5.155665231499997,6.292461195704805,4.018869267295189,9,4.6481538066999954,5.02687398342467,0.0455896391352859,0.2568079399233386,60.21314445065206
1999-04-22,5.58699053,5.58699053,5.33303641,5.39652513,87899,6.1482269956,5.196932784499997,6.305431650118127,4.088433918881867,10,4.651010791449996,5.041370106819781,0.0270986992326606,0.2566040956431001,54.64245425647066
1999-04-23,5.46001309,5.46001309,5.26954769,5.26954769,19949,6.115619372176,5.235025901499997,6.297573581622056,4.172478221377937,11,4.653074167199996,5.050318247336652,0.0427454883236056,0.2518799030971644,51.23904715160422
1999-04-26,5.33303641,5.55524617,5.23780333,5.55524617,71849,6.06485507124544,5.284229506499996,6.309749836277666,4.258709176722325,12,4.656248591749996,5.070119342343058,0.0702214464374368,0.2565629700187956,57.63310276519371
1999-04-27,5.55524617,5.55524617,5.36478077,5.42826949,154499,5.998690931945805,5.330258713499996,6.292943777874415,4.3675736491255766,13,4.658470693099996,5.084164446172742,0.0518350764500327,0.251841715017453,54.22948761713232
1999-04-28,5.58699053,5.58699053,5.39652513,5.55524617,78899,5.937819923790141,5.3826367544999965,6.271786449378241,4.493487059621752,14,4.661168956049996,5.102638239264007,0.1132542672917175,0.2474576925162064,56.96639949255122
1999-04-29,5.58699053,5.58699053,5.46001309,5.55524617,7499,5.881818596286929,5.431840359499995,6.241264639663875,4.622416079336116,15,4.663708497199996,5.120387569881104,0.0855726285318487,0.2388519601936201,56.96639949255122
1999-04-30,5.46001309,5.55524617,5.46001309,5.52350181,37499,5.830297374983975,5.479456746499996,6.186301464949716,4.772612028050276,16,4.666089316549996,5.136195971454394,0.1210274880198791,0.2285934687512187,55.99557500269452
1999-05-03,5.58699053,5.77745592,5.52350181,5.77745592,128249,5.782897851385258,5.531438087499996,6.161183754434148,4.901692420565845,17,4.669898628249995,5.161343420416967,0.1634250255985176,0.2304049431261317,61.62929303364564
1999-05-04,5.46001309,5.96792132,5.46001309,5.80920028,52499,5.23780333,5.579054474499996,6.137564058410886,5.020544890589106,18,4.674501545149996,5.186749571773164,0.1703490431261929,0.2502266064742651,62.27938313859896
1999-05-05,5.84094464,6.19013183,5.84094464,6.0631544,132449,5.2524056898,5.637781349499996,6.1374485493928175,5.138114149607175,19,4.680215510849996,5.221118388566373,0.2037346806467666,0.2595626738689605,67.08395576533289
1999-05-06,6.22187543,6.34885287,6.03141004,6.19013183,93449,5.289914735408,5.690159390499996,6.190823977349251,5.189494803650741,20,4.686405641899996,5.259118915681418,0.1485091909099972,0.2636969707354634,69.1966191932844
1999-05-07,6.09489875,6.22187543,6.03141004,6.03141004,16799,5.35345102348352,5.721903635999996,6.224576914983933,5.219230357016059,21,4.690373675449996,5.289404842125284,0.0917458944537542,0.2584661435400731,63.69345829978742
1999-05-10,6.03141004,6.15838747,5.77745592,5.872689,65999,5.413175134274509,5.733014123999997,6.238695456422468,5.227332791577526,22,4.693865543599996,5.31227873066939,0.1211708980545117,0.267213672572925,58.66868663452068
1999-05-11,5.90443336,5.99966568,5.77745592,5.84094464,37199,5.469315798418038,5.729839687999997,6.231961376585094,5.2277179994149,23,4.697357411749996,5.333010727113727,0.0861138423839431,0.2639991073891446,57.68845843167684
1999-05-12,5.90443336,6.03141004,5.7139672,6.03141004,52499,5.522088022712956,5.739362957999996,6.256551021310534,5.2221748946894575,24,4.701484163299996,5.360398935462208,0.1212821542750557,0.2678165168613485,61.81124222412579
1999-05-13,6.03141004,6.15838747,6.03141004,6.09489875,52349,5.571693913550178,5.748886227499996,6.284565436111179,5.213207018888814,25,4.706721967349996,5.389202849757808,0.0867259451757077,0.257756582085538,63.10187044182822
1999-05-14,6.22187543,6.34885287,6.15838747,6.22187543,311248,5.618323450937168,5.758409496999996,6.319986971709276,5.1968320222907165,26,4.712435932999996,5.421856676433973,-0.0069510285435436,0.2574849776508567,65.60548228118581
1999-05-17,6.38059723,6.38059723,6.22187543,6.34885287,277498,5.662155216080937,5.780630472499996,6.39614184909918,5.165119095900812,27,4.719102229449995,5.458209468338523,0.1240235981206415,0.2504304649615098,67.94760885629186
1999-05-18,6.50757391,6.76152802,6.47583031,6.6662957,367198,5.719630577194462,5.840944602999996,6.548492873593188,5.133396332406804,28,4.727673179849996,5.505585398991914,0.183205652523451,0.2620193710356877,72.91350456187376
1999-05-19,6.69804006,6.89643869,6.60280698,6.88850546,525597,5.823820321475016,5.906020349499996,6.736841244563644,5.075199454436348,29,4.737355179049995,5.559817558247133,0.3416639245147167,0.2642773952474243,75.74619626563484
1999-05-20,6.8567611,7.11071521,6.82501674,6.92024982,345598,5.952534525698014,5.9822065839999965,6.888220490290989,5.076192677709004,30,4.747989509049996,5.613167843021755,0.2853522573398523,0.2658074720154654,76.13024173173353
1999-05-21,6.95199418,6.98373854,6.92024982,6.92024982,41399,6.114679821500292,6.0647416904999965,6.996418407958587,5.133064973041406,-1,4.758782560849995,5.6644259597660005,0.2756792203195729,0.2513561325857893,76.13024173173353
1999-05-24,6.98373854,6.98373854,6.60280698,6.72978442,115049,6.254124775890252,6.1234686029999965,7.067272255343815,5.1796649506561785,-1,4.768305842049995,5.706204722912432,0.2334780960098542,0.2606115202582329,68.57438696687338
1999-05-25,6.72978442,7.01548214,6.72978442,6.8567611,430347,6.374047436665617,6.194893183499996,7.133638445680988,5.2561479213190045,-1,4.778781450249995,5.7513245808374345,0.214318856941354,0.2624033916683591,70.66469171548566
1999-05-26,6.96786598,7.01548214,6.88850546,6.92024982,397498,6.47718092493243,6.263143365999996,7.204423933774126,5.321862798225866,-1,4.789098336649995,5.79716478629479,0.1226800806296637,0.2549975094063334,71.67904903620915
1999-05-27,6.98373854,7.11071521,6.92024982,6.98373854,107849,6.56587572484189,6.334567984499996,7.266893569097538,5.402242399902455,-1,4.800208832049995,5.843697090361661,0.108185684278798,0.250388072305881,72.69579968035951
1999-05-28,7.11071521,7.11071521,6.6662957,6.6662957,81449,6.642153252764025,6.391707678999995,7.255776081678581,5.527639276321409,-1,4.8095733914499945,5.875955859367086,0.08101128396265,0.2642474607126038,60.919323817100654
1999-06-01,6.82501674,6.8567611,6.22187543,6.28536415,38399,7.11071521,6.417103090499995,7.236148413636404,5.598057767363586,-1,4.817033293099994,5.89201108645073,0.0381898749039888,0.2907216185188463,50.373625797532014
1999-06-02,6.22187543,6.41234159,6.22187543,6.28536415,11099,7.11071521,6.440911283999995,7.214299792659641,5.667522775340349,-1,4.824493194749994,5.907436696785996,0.0319613774052597,0.2835605143389287,50.373625797532014
1999-06-03,6.34885287,6.60280698,6.34885287,6.49963534,99599,7.092938414400001,6.462735330999996,7.216641346021532,5.708829315978459,-1,4.833024452349994,5.930660172990467,0.0272326817309246,0.2859806797432909,55.409228393697305
1999-06-04,6.6662957,6.6662957,6.50757391,6.63455134,95549,7.075517154712001,6.484956306499996,7.231575892979766,5.738336720020225,-1,4.842389011749994,5.958263748167312,0.0437365263491718,0.2774577997616273,58.27980778115248
1999-06-07,6.63455134,6.6662957,6.60280698,6.60280698,44849,7.058444320217761,6.513526153499996,7.231727222395393,5.795325084604598,-1,4.851277405749994,5.983539953337221,0.0353675893617016,0.2621742940643682,57.34439488909986
1999-06-08,6.69804006,6.69804006,6.53931827,6.60280698,157499,7.041712942413406,6.550032052499995,7.205731537363441,5.89433256763655,-1,4.860483243349995,6.007824934774977,0.0348838501376581,0.2547848294883419,57.34439488909986
1999-06-09,6.60280698,6.6662957,6.50757391,6.53931827,103349,7.025316192165138,6.584950733999994,7.154623027949207,6.015278440050782,-1,4.870006520749993,6.028667810666154,0.0216519974219685,0.2479231838106033,55.2861324702922
1999-06-10,6.6662957,6.6662957,6.47583031,6.47583031,3749,7.009247376921835,6.6071717474999945,7.120641729225779,6.09370176577421,-1,4.880323407149994,6.046203594953756,0.0063512353772307,0.2438190556812745,53.22865624430025
1999-06-11,6.63455134,6.6662957,6.34885287,6.34885287,17249,6.993499937983398,6.619869453499996,7.093015835588826,6.146723071411167,-1,4.890005406349994,6.058072193975177,0.0015847938603746,0.2490778967040406,49.2786541003557
1999-06-14,6.34885287,6.55519083,6.25361979,6.30123671,21599,6.97806744782373,6.623837517499995,7.084738844525556,6.162936190474434,-1,4.900242933749994,6.0676080573487,0.0288304749740395,0.2528274069394662,47.84481892868801
1999-06-15,6.42821339,6.42821339,6.09489875,6.09489875,7799,6.962943607467256,6.611139811499996,7.113750037205703,6.1085295857942885,1,4.911670868899995,6.068678280589928,-0.0264425287936403,0.2585764950152187,42.12491335820361
1999-06-16,6.12664311,6.19013183,6.03141004,6.19013183,22349,6.928221813168566,6.587331617999996,7.121364227831187,6.053299008168805,2,4.923098804049994,6.073441164880519,-0.0673626230631124,0.2514440160855602,45.37107385640499
1999-06-17,6.09489875,6.34885287,6.09489875,6.34885287,73049,6.874413106778452,6.560348988499996,7.085241230024584,6.035456746975408,3,4.936431393149994,6.084241623904812,-0.272583913366707,0.2516233092223059,50.36767107848181
1999-06-18,6.38059723,6.41234159,6.31710851,6.41234159,22349,6.823832922771746,6.534953576999996,7.036359274824568,6.0335478791754245,4,4.949763986099994,6.097108289241878,-0.2464564169896158,0.2404525785635698,52.24906740117639
1999-06-21,6.31710851,6.38059723,6.28536415,6.34885287,69449,6.776287549805441,6.506383729499996,6.981124484777487,6.031642974222505,5,4.962461691849994,6.106980625742197,-0.2092392073137844,0.2323472115233147,50.19978333798967
1999-06-22,6.31710851,6.50757391,6.31710851,6.31710851,75899,6.731594899217114,6.485749933999996,6.955706547630125,6.015793320369866,6,4.975159397599994,6.115220934928777,-0.2335569960603779,0.2293556535573637,49.161529153112575
1999-06-23,6.36472467,6.41234159,6.31710851,6.38059723,81149,6.689583807664088,6.461941740499995,6.901570515213611,6.022312965786379,7,4.9881745469499945,6.125627848460982,-0.2379253687255264,0.2197754697318377,51.32963810262685
1999-06-24,6.41234159,6.41234159,6.28536415,6.28536415,130349,6.6500933816042425,6.430197456999996,6.821949076476929,6.038445837523063,8,5.000237365499994,6.131892017148787,-0.2341003083617727,0.2131470390367064,48.021381304715
1999-06-25,6.31710851,6.31710851,6.12664311,6.15838747,158399,6.612972381107988,6.388929903499995,6.705397714135038,6.072462092864952,9,5.012300187849994,6.132931054515502,-0.2780608126774631,0.2115269219626559,43.95369698169864
1999-06-28,6.19013183,6.28536415,6.15838747,6.25361979,190349,6.578078640641508,6.368296107999996,6.662785954090871,6.07380626190912,10,5.025156611549994,6.137663946103129,-0.1327713957572161,0.2054876189653234,47.54262098060728
1999-06-29,6.19013183,6.19013183,6.03141004,6.09489875,99899,6.545278524603018,6.358772837999996,6.67489809783445,6.042647578165542,11,5.037219430049994,6.1359868795892805,-0.1200458510010345,0.2066820568963717,42.641609710155976
1999-06-30,6.11077055,6.28536415,6.0631544,6.15838747,33749,6.5144464155268365,6.352424003999995,6.679115052514811,6.02573295548518,12,5.048964808799994,6.136865334115191,-0.1189866513563319,0.2077911778323452,45.08041206221578
1999-07-01,6.09489875,6.22187543,6.03141004,6.22187543,32099,6.485464232995226,6.338536008499995,6.662619155314175,6.014452861685815,13,5.0610276273499935,6.140199063365576,-0.1152421806143598,0.2065536215586062,47.48500974485214
1999-07-02,6.09489875,6.25361979,6.09489875,6.19013183,39749,6.458220981415512,6.316315032999996,6.616205919461893,6.016424146538099,14,5.073090449699993,6.1421572110767295,-0.1555401616497506,0.2031370085901344,46.39130220433702
1999-07-06,6.25361979,6.28536415,6.19013183,6.25361979,223648,6.432612324930582,6.298855673499995,6.569199599649844,6.028511747350146,15,5.087851531199994,6.146528292603132,-0.0614013634202417,0.1954295308336962,48.92510068815631
1999-07-07,6.22187543,6.47583031,6.22187543,6.44408595,209548,6.03141004,6.290919621999995,6.532942352441382,6.048896891558608,16,5.104199826849993,6.158197220344186,0.057338148735643,0.1996099129170037,55.6911942048165
1999-07-08,6.50757391,6.50757391,6.41234159,6.41234159,196199,6.0402984454,6.284570787999996,6.505980030071351,6.06316154592864,17,5.119754517349993,6.168163666213041,-0.0243141768230138,0.1921543705657891,54.39775829867936
1999-07-09,6.44408595,6.47583031,6.28536415,6.34885287,25049,6.058989463983999,6.278221915999995,6.484064613305587,6.072379218694404,18,5.134991764249994,6.175249517341942,-0.0266742604220634,0.1920337840968042,51.80623514307782
1999-07-12,6.28536415,6.34885287,6.22187543,6.28536415,29999,6.07693284182464,6.275047479999995,6.478378156060225,6.071716803939765,19,5.148959240549994,6.179567738230493,-0.016581118246411,0.1873869023756039,49.27803110112009
1999-07-13,6.15838747,6.28536415,6.15838747,6.22187543,111449,6.094158484551654,6.271079415999996,6.475306397386047,6.066852434613945,20,5.162926713049995,6.181226863397925,-0.0077041207086148,0.1830718864916322,46.81753158259134
1999-07-14,6.22187543,6.25361979,6.19806507,6.25361979,53099,6.110695101569588,6.279015467999995,6.466924431421834,6.091106504578157,21,5.177370350949994,6.184065801696046,0.0249117507493143,0.1739635174565156,48.209953734357946
1999-07-15,6.25361979,6.44408595,6.25361979,6.41234159,95099,6.126570253906804,6.290125955999995,6.481936063920746,6.0983158480792445,22,5.191655270849995,6.19301779339424,0.0450278411934392,0.175142277638193,54.60915007491996
1999-07-16,6.44408595,6.8567611,6.41234159,6.6662957,35549,6.141810400150532,6.305998097499995,6.5577805098564,6.054215685143591,23,5.205622747149993,6.2115777113003485,0.0103810517262855,0.1943763656640364,62.57669657097784
1999-07-19,6.8567611,7.04722649,6.60280698,6.8567611,47849,6.1847074421415,6.328219072999995,6.674377252837557,5.9820608931624335,24,5.220859994049993,6.236879020661119,0.0022420339611962,0.2122365902594623,67.22359462363808
1999-07-20,6.92024982,7.17420393,6.92024982,7.04722649,228448,6.25370896597018,6.363137753999996,6.830318030511958,5.895957477488033,25,5.238954221849993,6.268657352792055,-0.0089646299604708,0.2197513216695008,71.08957904553034
1999-07-21,7.04722649,7.17420393,7.00754357,7.04722649,32549,6.345758462373162,6.399643652999996,6.952905281525203,5.846382024474789,26,5.255778679049993,6.2991894758198175,0.0194945628054551,0.2159591101216793,71.08957904553034
1999-07-22,7.07897085,7.07897085,6.63455134,6.8567611,19949,6.428603009135846,6.423451846499996,7.011286711161819,5.835616981838172,27,5.272166667549994,6.321055029709236,0.0065210311001163,0.2322777101129879,62.53512727338112
1999-07-23,6.8567611,6.8567611,6.69804006,6.79327238,8699,6.5031631012222615,6.448847257999995,7.0542478885131255,5.843446627486865,28,5.288356241399994,6.339573357171619,0.0775286635070366,0.2270236622477745,59.94566718148373
1999-07-26,6.8567611,6.8567611,6.8567611,6.8567611,6899,6.570267184100035,6.483765939499996,7.098613911737775,5.868917967262217,29,5.305180702449994,6.359855229439399,0.1457572142534236,0.215342594944362,61.65557273464851
1999-07-27,6.8567611,6.98373854,6.8567611,6.98373854,6149,6.630660858690032,6.520271876999996,7.162228546330631,5.878315207669361,30,5.323274934099994,6.384321241618245,0.1052692395805405,0.2090307981626218,64.88434948799362
1999-07-28,7.04722649,7.36466933,7.01548214,7.23769265,80849,6.685015165821029,6.577411571999996,7.259905996879051,5.89491714712094,-1,5.342162774699995,6.417786787044981,0.1343041546341072,0.2213093690081488,70.27531323652214
1999-07-29,7.36466933,7.36466933,7.17420393,7.23769265,88799,6.766573665522506,6.631376830999995,7.3428735801540626,5.919880081845928,-1,5.3612093332999935,6.449939958141256,0.1138344998329982,0.2191062283647096,70.27531323652214
1999-07-30,7.17420393,7.26943625,7.11071521,7.23769265,55649,6.838345145259805,6.682167691999996,7.414215690974153,5.950119693025838,-1,5.380732057299993,6.4808322205670885,0.1129631654519253,0.2147930006243732,70.27531323652214
1999-08-02,7.20594829,7.20594829,7.11071521,7.11071521,24599,6.901504047428629,6.728196860999995,7.446340490328257,6.010053231671733,-1,5.398786618949994,6.50553351427034,0.0934466251577632,0.208520460579775,64.12731000314704
1999-08-03,7.11071521,7.11864845,6.98373854,6.98373854,21299,6.957083881337193,6.764702798499995,7.45637842271357,6.07302717428642,-1,5.414658753049994,6.524286652534248,0.0376022841123829,0.2032625641097911,58.60584551962069
1999-08-04,6.8567611,6.8567611,6.47583031,6.47583031,36299,7.36466933,6.766290016499996,7.4551554041493295,6.077424628850662,-1,5.428308789599994,6.522386403807415,-0.1176062681992915,0.2250229688162346,42.74989417785934
1999-08-05,6.41234159,6.6662957,6.41234159,6.6662957,15899,7.3468925496,6.778987721999995,7.450429804642704,6.107545639357285,-1,5.440887466349993,6.528029905618889,0.0687806718216107,0.2270894789007893,48.38898714033832
1999-08-06,6.53931827,6.6662957,6.47583031,6.47583031,91199,7.309510511216,6.785336593999996,7.442642400113033,6.128030787886959,-1,5.452315401549994,6.525982862653443,-0.0113778626889203,0.2244734725507329,43.7483334782216
1999-08-09,6.47583031,6.60280698,6.47583031,6.60280698,5249,7.273623754367359,6.801208735499996,7.423874092085895,6.178543378914097,-1,5.463743336699994,6.528995573137622,-0.0067161736931264,0.2175094152256806,47.37195171650295
1999-08-10,6.41234159,6.60280698,6.41234159,6.50757391,94649,7.239172467792665,6.815493659499997,7.396023397286464,6.23496392171353,-1,5.474536384699993,6.528155507916539,-0.0068234769078457,0.215577699138132,45.02907926921938
1999-08-11,6.60280698,6.60280698,6.41234159,6.41234159,29549,7.206099232680958,6.823429749499996,7.376718751324128,6.270140747675865,-1,5.483424778699994,6.523613785645302,-0.0875944001661419,0.2137839627711226,42.75206512583621
1999-08-12,6.41234159,6.47583031,6.31710851,6.31710851,157349,7.17434892697372,6.818668095499996,7.38744887109096,6.249887319909032,-1,5.491519563749994,6.515515539541564,-0.2855711720605791,0.2098509511446139,40.54411800610523
1999-08-13,6.47583031,6.47583031,6.25361979,6.25361979,86399,7.122914501955297,6.798034299999996,7.415303288968772,6.18076531103122,-1,5.498542992849995,6.505245117990914,-0.3531756617605885,0.2107337774914272,39.09454157524044
1999-08-16,6.33298107,6.33298107,6.28536415,6.28536415,2249,7.053370924998873,6.769464452499996,7.424927974849186,6.114000930150805,-1,5.505050567499994,6.496622334932448,-0.3762274945702715,0.2013500276706109,40.24492533724987
1999-08-17,6.53931827,6.53931827,6.15838747,6.15838747,70949,6.989390834198964,6.725022501499995,7.418553140267127,6.031491862732864,-1,5.511597834999995,6.483358222582155,-0.5154486075616926,0.2141772256941387,37.216840084380095
1999-08-18,6.22187543,6.28536415,6.09489875,6.12664311,265498,6.906290497779067,6.678993332499997,7.402428544876779,5.955558120123214,-1,5.517787966049995,6.4693693946377575,-0.5495840737344186,0.2124835238588431,36.47789188470991
1999-08-19,6.12664311,6.19013183,6.03141004,6.19013183,61499,6.808923488045579,6.645661868999996,7.394254814841333,5.897068923158659,-1,5.5238193790999945,6.458418901906865,-0.4798707595832431,0.2086434000117829,39.08301112316107
1999-08-20,6.15838747,6.15838747,5.99966568,5.99966568,29849,6.700071605319198,6.605981533999996,7.4017187552417,5.810244312758292,-1,5.5288984613999945,6.4404285794791445,-0.4972887999529711,0.2073450250109413,34.51045258904237
1999-08-23,5.99966568,6.09489875,5.99966568,6.09489875,47249,6.588006657268126,6.567888416499995,7.384623641124022,5.751153191875969,-1,5.534453709049995,6.426878390087805,-0.4443364183772657,0.1993370282244455,38.3916480407564
1999-08-24,6.0631544,6.22187543,6.0631544,6.22187543,49949,6.493872100905226,6.529795260999995,7.336399752358819,5.723190769641171,-1,5.540326396499995,6.418839058319656,-0.3962295438331118,0.196435885494128,43.22318613934994
1999-08-25,6.28536415,6.79327238,6.28536415,6.63455134,128699,5.99966568,6.499638195499996,7.240545771131922,5.75873061986807,-1,5.5468339711499945,6.427298363483591,-0.363085073946202,0.2232188186731189,55.45110584708803
1999-08-26,6.69804006,6.69804006,6.60280698,6.60280698,2249,6.015537814,6.4678939119999965,7.129782967315639,5.806004856684354,-1,5.5519130533999945,6.434181054327372,-0.366277497453071,0.2140769801964675,54.47913353455333
1999-08-27,6.50757391,6.57106262,6.50757391,6.53931827,192149,6.03109250532,6.432975192999995,6.994866750311662,5.871083635688329,-1,5.557944462699994,6.438304082392965,-0.3545230088864725,0.2055881294681485,52.49717648501875
1999-08-30,6.50757391,6.60280698,6.41234159,6.41234159,95999,6.0463361028136005,6.398056511999996,6.86609893318947,5.930014090810522,-1,5.564293315599994,6.437285945436378,-0.3855741857368816,0.2045079337918522,48.682570412686445
1999-08-31,6.41234159,6.57106262,6.41234159,6.50757391,70349,6.061274828357329,6.374248280499996,6.762308204986859,5.986188356013134,-1,5.570642168499994,6.440042336203579,-0.3501723119430213,0.2012374406638628,51.527393127869935
1999-09-01,6.50757391,6.63455134,6.50757391,6.53931827,22499,6.075914779390182,6.377422678499997,6.769769510174917,5.985075846825077,-1,5.577308461199994,6.4439355100779485,-0.3368670125732167,0.1959331541878726,52.473185726169405
1999-09-02,6.63455134,6.63455134,6.41234159,6.41234159,2249,6.090261931402378,6.364724972999997,6.734651250779022,5.994798695220972,-1,5.584292201249995,6.44269653281999,-0.351972469249655,0.1978100538887388,48.40473158046048
1999-09-03,6.47583031,6.60280698,6.47583031,6.47583031,71849,6.104322140374331,6.364724972999996,6.734651250779059,5.994798695220933,-1,5.592069546499995,6.4439958966309705,-0.3435368756623799,0.1972854350395433,50.47247161555523
1999-09-07,6.44408595,6.47583031,6.41234159,6.41234159,48749,6.118101145166844,6.355201703499997,6.709601957979336,6.000801449020658,-1,5.600005613549993,6.442754551272893,-0.369062811579596,0.1877285268224331,48.38425843371613
1999-09-08,6.39646903,6.41234159,6.22187543,6.34885287,234148,6.131604569863507,6.347265651499997,6.6947022937302805,5.999829009269714,-1,5.607941680599995,6.439072132399446,-0.2914735296678565,0.1879240720494021,46.32041209937185
1999-09-09,6.28536415,6.47583031,5.96792132,6.03141004,35249,6.79327238,6.328219073999997,6.700196371446022,5.956241776553972,-1,5.6136556462999945,6.4230853836779,-0.2886238847473461,0.2107801376173019,37.668611275286025
1999-09-10,6.15838747,6.22187543,6.12664311,6.15838747,12299,6.7767653588000005,6.320283021999996,6.6995705803866255,5.940995463613367,-1,5.620837800949994,6.41270507333759,-0.2158296451246618,0.2093290842160661,42.31032037569799
1999-09-13,6.12664311,6.22187543,6.0631544,6.0631544,9449,6.760588478024,6.310759752499997,6.70551348541347,5.916006019586525,-1,5.627662815449994,6.39899720379494,-0.1743055449747439,0.2057142232006328,39.9098458466813
1999-09-14,6.03141004,6.03141004,6.03141004,6.03141004,2999,6.74473513486352,6.2980620469999975,6.711176858884962,5.884947235115033,-1,5.633694224749995,6.3845820209010204,-0.1726687863740903,0.1932878044005876,39.11324976872693
1999-09-15,6.03141004,6.09489875,6.03141004,6.03141004,1799,6.729198858566249,6.291713175499998,6.716944261142681,5.866482089857316,-1,5.638773307049995,6.370732139297059,-0.1313553387151647,0.1840164405148313,39.11324976872693
1999-09-16,6.03141004,6.03141004,5.77745592,5.90443336,46799,6.713973307794925,6.280602687999998,6.733234116715217,5.827971259284779,-1,5.643852389349995,6.352445912657958,-0.00420171330346,0.1890119890494861,35.798507315529335
1999-09-17,5.79332848,5.99966568,5.79332848,5.90443336,58049,6.676512612283128,6.266317764499998,6.746653742269037,5.78598178673096,-1,5.649090193449995,6.334876792945882,-0.0532698654331246,0.19024950411738,35.798507315529335
1999-09-20,5.872689,5.872689,5.74571156,5.77745592,22799,6.640550344591803,6.255207276499998,6.768827168572842,5.741587384427155,-1,5.6535343885499945,6.313017150869573,-0.0376292666954385,0.1879975252518528,32.59484471238714
1999-09-21,5.77745592,5.96792132,5.77745592,5.90443336,11099,6.586860017516295,6.245684006999999,6.777578100077395,5.713789913922602,-1,5.660200684999994,6.296994257109982,-0.0777475522449001,0.1881738020195776,38.52000819618775
1999-09-22,5.90443336,5.90443336,5.90443336,5.90443336,2249,6.536391110065317,6.229811903499998,6.782152978127287,5.67747082887271,-1,5.666549537849994,6.281599712125277,-0.1278139013332254,0.1747328161610363,38.52000819618775
1999-09-23,5.872689,5.90443336,5.80920028,5.90443336,8549,6.488950337061398,6.193306004499999,6.730112652275107,5.656499356724892,-1,5.672580947149994,6.266808874787031,-0.185686246239899,0.1690542635781051,38.52000819618775
1999-09-24,5.84094464,5.84094464,5.58699053,5.58699053,32999,6.444356010437715,6.142515181999999,6.706277567789622,5.578752796210376,-1,5.676707702499995,6.240149331854206,-0.2111768384224805,0.1796534468939548,30.224254833452022
1999-09-27,5.58699053,5.58699053,5.26954769,5.52350181,61199,6.375766772002698,6.091724358999999,6.685571283418092,5.4978774345819055,-1,5.681151897599994,6.212045507467766,-0.200528579379068,0.1894955464015295,28.88442713443459
1999-09-28,5.5473076,5.55524617,5.33303641,5.39652513,23099,6.265144863802428,6.040933535999999,6.687800331155193,5.394066740844805,-1,5.6846437657499935,6.18006431619452,-0.108707296750671,0.1918322759442774,26.36695110984041
1999-09-29,5.39652513,5.49175745,5.33303641,5.36478077,15149,6.165585146422186,5.983793878999999,6.657041793167243,5.310545964832755,-1,5.688453077449995,6.148092412422186,-0.1490230664660749,0.1894671876625432,25.76242424723345
1999-09-30,5.26954769,5.30129205,5.20605973,5.30129205,10499,6.075981400779967,5.921892567999999,6.607002737414356,5.236782398585642,-1,5.691706864799994,6.114884555072297,-0.1209606291995984,0.1872710342580759,24.550087116932488
1999-10-01,5.20605973,5.20605973,4.98384922,5.01559358,14399,5.971590800286371,5.8520551675,6.604407755515984,5.099702579484015,-1,5.693452796999995,6.071775105069461,-0.1300373017826509,0.1965690196682133,19.99109117782595
1999-10-04,4.98384922,5.14257101,4.8886169,5.0790823,181499,5.833306979046279,5.782217767,6.54916215335275,5.015273380647249,-1,5.696151059949995,6.032845975458894,0.0822556851703812,0.2006679546919124,23.395515632714705
1999-10-05,5.14257101,5.14257101,4.8886169,4.95210562,54599,5.6821565663988745,5.709205968499999,6.499956769785818,4.91845516721418,-1,5.698214439499995,5.990464000735016,0.1072499183117255,0.2044741086424901,21.431396173866915
1999-10-06,4.95210562,5.33303641,4.95210562,5.23780333,542097,5.555190219775055,5.6536534915,6.4123082065898345,4.894998776410166,-1,5.701547585799995,5.9609478960003095,0.2467334317388286,0.2170781573108837,34.71246490648625
1999-10-07,5.14257101,5.65047924,5.14257101,5.65047924,31499,4.8886169,5.6346069515,6.373232639634225,4.8959812633657736,-1,5.706825082699996,5.948772654588533,0.2982245919671467,0.2378517339315348,48.30547351182039
1999-10-08,5.49175745,5.74571156,5.49175745,5.74571156,35249,4.9038541468,5.613973155999999,6.315018470939616,4.912927841060382,-1,5.712221604799995,5.94080947440859,0.3260995255876871,0.2390019036507109,50.848673388740366
1999-10-11,5.65047924,5.77745592,5.61873488,5.61873488,8399,4.937528443328,5.591752179999999,6.26193217321975,4.921572186780248,-1,5.7173006870499945,5.9281790981572735,0.3272946938599235,0.2332675562470887,47.49364845556441
1999-10-12,5.84094464,5.84094464,5.52350181,5.58699053,71549,4.98792409192832,5.5695312045,6.208679750765678,4.930382658234321,-1,5.721744882199995,5.9147991543079685,0.2743062473705778,0.2392800758008681,46.66469206483072
1999-10-13,5.52350181,5.65047924,5.52350181,5.65047924,16049,5.056165735774054,5.550484664499999,6.155219223296984,4.945750105703014,-1,5.725236750299995,5.904433667472362,0.2854769663919248,0.2312584582436632,48.59709874472048
1999-10-14,5.58699053,5.65047924,5.46001309,5.46001309,168149,5.11894804811213,5.528263651,6.1116244983224215,4.944902803677578,-1,5.728411174849994,5.88700540953227,0.1373649094311339,0.2283447219405444,43.50466344228904
1999-10-15,5.61873488,5.61873488,5.33303641,5.33303641,26249,5.17670777546316,5.4996938035,6.06215885892649,4.937228748073509,-1,5.731744321199995,5.865281135040808,0.1176649927668646,0.2324414182305056,40.46070009704641
1999-10-18,5.26954769,5.28542025,5.14257101,5.26954769,21299,5.84094464,5.474298392,6.030131387524927,4.918465396475073,-1,5.734720357749995,5.841919039156855,0.1387311084378453,0.2294431312140409,38.99166336637919
1999-10-19,5.20605973,5.65047924,5.20605973,5.52350181,377398,5.8269771674,5.4552518145,5.975809407457448,4.934694221542553,-1,5.738370947699995,5.829432088993841,0.2017236659333725,0.2447985868416094,47.242974083563176
1999-10-20,5.46001309,5.65047924,5.46001309,5.58699053,45299,5.813289044252,5.439379673,5.922174364096797,4.956584981903202,-1,5.742338981249994,5.819924576876436,0.2053996725613538,0.2409176984957801,49.096535952298346
1999-10-21,5.52350181,5.58699053,5.52350181,5.55524617,10799,5.79987468356696,5.421920313499999,5.859300490784709,4.98454013621529,-1,5.745989571199995,5.8095450315087325,0.2002430099768031,0.2282442000317958,48.184959768615805
1999-10-22,5.58699053,5.65047924,5.58699053,5.58699053,38099,5.78672861009562,5.4219203135,5.859300490784678,4.9845401362153225,-1,5.748846555949995,5.800817403998586,0.1967503021808651,0.2187434050295247,49.20070430117757
1999-10-25,5.52350181,5.58699053,5.46001309,5.57111873,9149,5.773845458093708,5.4243011595,5.864377311071377,4.984225007928623,-1,5.750671850949995,5.791809612861386,0.1852146527001756,0.2121886932417014,48.686797749395886
1999-10-26,5.39652513,5.39652513,5.0790823,5.20605973,35249,5.761219969131833,5.4147778895,5.86497319294399,4.96458258605601,-1,5.750751213749994,5.768839029219763,0.1855646512310166,0.2321778172958656,38.679528823094
1999-10-27,5.14257101,5.39652513,5.14257101,5.36478077,43799,5.73393446236656,5.4147778895,5.864973192943958,4.964582586056042,-1,5.751782903549993,5.752993607289577,0.2065958308763384,0.233733267489018,44.06296904488364
1999-10-28,5.30129205,5.33303641,5.26954769,5.26954769,7799,5.707740375871897,5.413190671499999,5.865195416182072,4.961185926817926,-1,5.753528835699995,5.734034943866456,0.1963922672271866,0.2238403969540882,41.69757642045822
1999-10-29,5.26954769,5.39652513,5.20605973,5.20605973,9599,5.682594052837022,5.422713978999999,5.848048519830618,4.99737943816938,-1,5.755750937049994,5.713330033518752,0.1973316243242619,0.2214564686002248,40.150167597031775
1999-11-01,5.17431537,5.17431537,4.82512818,5.01559358,24149,5.658453582723541,5.419539542999999,5.855890343551401,4.983188742448597,-1,5.757338147449994,5.685967819655271,0.1608554870632296,0.2328475458430658,35.85168704250678
1999-11-02,4.95210562,4.95210562,4.82512818,4.85687254,26099,5.608454058560128,5.414777888999999,5.872960455806485,4.956595322193513,-1,5.756385820449993,5.653454279276633,0.1730225274055735,0.2298202497114183,32.709032241070645
1999-11-03,4.85687254,4.85687254,4.57117407,4.7298951,125549,5.561454505846521,5.389382477499999,5.932429846383566,4.846335108616432,-1,5.753687557499993,5.617236272246177,0.0094898307172361,0.2338115511606027,30.41228656882265
1999-11-04,4.7298951,4.79338382,4.7298951,4.76163946,13499,5.482232070978799,5.344940488499999,5.938386390527015,4.751494586472983,-1,5.751148016349994,5.58368345607966,-0.0186468381202828,0.2216456346491311,31.703413388533832
1999-11-05,4.76163946,4.8886169,4.6981515,4.82512818,4349,5.409347430900494,5.298911319499999,5.903577159365861,4.694245479634137,-1,5.748608475199994,5.553936190351046,-0.0504016753581263,0.219418475031336,34.32782769959978
1999-11-08,4.7298951,4.79338382,4.63466279,4.6981515,4949,5.342293562028455,5.252882150499999,5.892312436364178,4.613451864635819,-1,5.745434050649994,5.520376006415711,-0.0436965751721451,0.2173503975290977,31.703864825841634
1999-11-09,4.57117407,4.66640714,4.50768535,4.53942971,22049,5.280604002666178,5.2005041095,5.8914270059833616,4.509581213016638,-1,5.741148573549995,5.48190752420333,-0.0169507395791704,0.2154300941341621,28.745952258169112
1999-11-10,4.57117407,4.63466279,4.44419739,4.44419739,24149,5.20331213739956,5.140190016999999,5.8728070636533465,4.407572970346652,-1,5.736664712299994,5.441213009136533,-0.0555568008075548,0.2136469016960077,27.111546400955348
1999-11-11,4.44419739,4.57117407,4.44419739,4.50768535,41999,5.112218367711613,5.092573629999999,5.8588722186415945,4.326275041358403,-1,5.7323792351999945,5.404604081327257,0.1212233764543534,0.2074561715748642,29.970176316782243
1999-11-12,4.57117407,4.57117407,4.47594099,4.47594099,2399,5.032055850386219,5.049718859,5.852433063554662,4.247004654445337,-1,5.728411201699994,5.368185920883051,0.1513482048308682,0.1994402364623739,29.350346705175756
1999-11-15,4.47594099,4.53942971,4.25373123,4.44419739,145649,4.961512835139873,5.008451343999999,5.845830809901186,4.171071878098812,-1,5.723967006599994,5.331951076534696,0.1643560050142738,0.2056015395722044,28.71090034478742
1999-11-16,4.38070867,4.44419739,4.25373123,4.28547559,169199,4.86242341042029,4.946550032999999,5.805247111350615,4.087852954649383,-1,5.719998973049994,5.290912822160786,-0.1346149863542946,0.2045204410313327,25.696319762934905
1999-11-17,4.50768535,4.50768535,4.12675456,4.12675456,12599,4.77720650516145,4.873538234499999,5.750132723963526,3.996943745036472,-1,5.7146024471999946,5.24525955697801,-0.1762429607445387,0.2171211802433804,23.0859047333373
1999-11-18,4.19024327,4.28547559,4.0950102,4.0950102,64199,4.673134193935618,4.800526435999999,5.681077994009376,3.919974877990622,-1,5.709364643149995,5.200151739057304,-0.2426900589656366,0.215217195225996,22.59159149043705
1999-11-19,4.14262635,4.14262635,4.0950102,4.0950102,71549,4.569071875027206,4.725927419499999,5.579716896410657,3.8721379425893407,-1,5.704206201899995,5.156812855172704,-0.2722152431512813,0.2032456919955677,22.59159149043705
1999-11-22,4.19024327,4.19024327,3.80931172,3.80931172,299848,4.483740773522309,4.637837068999998,5.488180546262922,3.7874935917370736,-1,5.698492232399994,5.103969673401225,-0.4703359590264862,0.2159375389958843,18.4648143760698
1999-11-23,4.03152148,4.03152148,3.84105608,3.87280044,50999,4.348854962817848,4.571174104499999,5.441684894914114,3.700663314085884,-1,5.693413150099994,5.055688526993333,-0.4871182105216582,0.2163855547818926,21.879890247757928
1999-11-24,3.87280044,3.87280044,3.745823,3.80931172,125249,4.240946314254279,4.493400651999999,5.344117260072471,3.642684043927528,1,5.688651511399995,5.006811005150458,-0.4816388975097688,0.2099992608689002,20.93555863248332
1999-11-26,3.87280044,3.87280044,3.80931172,3.87280044,58949,4.141921651403423,4.423563289499999,5.236433388688165,3.610693190311832,2,5.683731150899995,4.962340002595538,-0.4111826242825513,0.1995342222354073,24.44723462696581
1999-11-29,3.77756736,3.93628916,3.77756736,3.93628916,61799,4.062701921122738,4.360074760999998,5.1148341297572095,3.605315392242787,3,5.679286955799995,4.922102714650615,-0.342356848237455,0.1966190492185925,27.89610325294028
1999-11-30,3.93628916,3.99977712,3.80931172,3.84105608,157349,3.745823,4.301347885999999,5.025089148586614,3.5776066234133834,4,5.674366595299995,4.879708728978041,-0.3838377613005244,0.1961795028458359,25.9803185517316
1999-12-01,3.9045448,4.15849892,3.87280044,4.15849892,33599,3.7509020824,4.266429204999999,4.945607970286747,3.5872504397132507,5,5.671033448999997,4.85142599137106,-0.3505963899266174,0.2048411697854191,40.619300009596
1999-12-02,4.19024327,4.44419739,4.0950102,4.19024327,101699,3.767205955904,4.239446613499998,4.884870727097374,3.594022499902623,6,5.668493907849996,4.825497257199646,-0.3973455853630365,0.2151515998007463,41.85764556441475
1999-12-03,4.15849892,4.31721995,4.15849892,4.31721995,48749,3.80782544194976,4.217225637999999,4.818282926443595,3.6161683495564025,7,5.666589250099996,4.805564813780052,-0.355545665502668,0.2111208448149787,46.65024546464692
1999-12-06,4.31721995,4.41245303,4.28547559,4.31721995,18899,3.846007758832775,4.191830226499998,4.7273494405928655,3.65631101240713,8,5.664684592349996,4.786414034808285,-0.3593229891971102,0.2051106016139088,46.65024546464692
1999-12-07,4.25373123,4.25373123,4.06326584,4.12675456,60449,3.881899136702808,4.163260379499998,4.646054959115979,3.6804657998840167,9,5.662462494799996,4.760545035796195,-0.3588248893946486,0.2085994236414867,40.79969245109805
1999-12-08,4.12675456,4.12675456,3.96803276,3.99977712,40799,3.9156370319006393,4.136277749999998,4.591495323379164,3.681060176620832,10,5.661351446049996,4.730710999882619,-0.3616687051350787,0.2050367362385234,37.42951786955433
1999-12-09,3.99977712,4.22198687,3.99977712,4.22198687,123749,3.947350653386601,4.1251672239999975,4.560179377476107,3.690155070523888,11,5.660597529899997,4.710761034004869,-0.2528227286314774,0.2062633800786289,45.8580278873983
1999-12-10,4.25373123,4.31721995,4.15849892,4.15849892,129299,3.96803276,4.107707902499998,4.506423890505116,3.70899191449488,12,5.659010319549997,4.689103696200757,-0.3131635133973506,0.2028674979301554,44.03298808519508
1999-12-13,4.15849892,4.31721995,4.0950102,4.31721995,56999,3.9966026378,4.099771850499998,4.474448315825834,3.7250953851741615,13,5.658216714349996,4.674520019879158,-0.2713991998647,0.2042490873637157,49.44939378945749
1999-12-14,4.31721995,4.38070867,4.22198687,4.25373123,171449,4.023458322932,4.090248542499998,4.438148797951547,3.742348287048449,14,5.656946943749996,4.658018498707427,-0.3491504807519857,0.2009971382663074,47.470381155645846
1999-12-15,4.25373123,4.25373123,4.19024327,4.19024327,24149,4.04870266695608,4.085486926499998,4.425076332821761,3.7458975201782354,15,5.655042289749996,4.6396743720914495,-0.3269555950986009,0.1911750541044283,45.50898972330215
1999-12-16,4.19024327,4.22198687,4.15849892,4.19024327,14999,4.072432350338715,4.088661361999998,4.430911024539986,3.74641169946001,16,5.6528201921499965,4.622049622989824,-0.3191505831318089,0.1820545466683977,45.50898972330215
1999-12-17,4.15849892,4.22198687,4.06326584,4.0950102,45599,4.44419739,4.088661361999998,4.430911024540007,3.746411699459989,17,5.650280650999997,4.601381410323556,-0.3009311100460458,0.1803878669063693,42.45717326909897
1999-12-20,4.06326584,4.12675456,3.93628916,4.0950102,72449,4.4365787590000005,4.088661361999998,4.430911024539986,3.74641169946001,18,5.646788782899996,4.581523715801064,-0.2301512141368124,0.1811076906987715,42.45717326909896
1999-12-21,4.06326584,4.12675456,3.99977712,4.12675456,92099,4.416567175040001,4.104533503999997,4.422039576054951,3.787027431945043,19,5.643931798199997,4.563689631259846,0.0009146446146338,0.1772412442202879,43.91124285329065
1999-12-22,4.06326584,4.12675456,3.93628916,4.06326584,69149,4.397356054438401,4.114056773999997,4.414136590938833,3.813976957061161,20,5.6399637646999965,4.544065168857499,0.038747416804627,0.1781858267759816,41.64467782593562
1999-12-23,4.06326584,4.15849892,4.03152148,4.03152148,45449,4.378913378660864,4.125167261999997,4.394133115080435,3.856201408919559,21,5.637067113799997,4.523965416353284,0.0090790344367356,0.1745280848634115,40.51851632608578
1999-12-27,4.06326584,4.12675456,3.80931172,4.03152148,40349,4.36120840991443,4.133103313999997,4.380301231398008,3.8859053966019865,22,5.635003734249997,4.504653889437469,-0.0211822622390891,0.1847362816588821,40.51851632608577
1999-12-28,3.80931172,4.15849892,3.80931172,4.0950102,215698,4.328094608519564,4.141039365999997,4.372119312132128,3.9099594198678655,23,5.632305471299997,4.488589431028156,0.0291850951591027,0.1964827758261049,44.02927870236673
1999-12-29,4.0950102,4.19024327,4.06326584,4.12675456,86249,4.29696763520839,4.155324289999997,4.341400946382005,3.969247633617989,24,5.630083373749998,4.474399828242738,0.1008894298307399,0.1915181082670974,45.75331934371968
1999-12-30,4.19024327,4.25373123,4.12675456,4.22198687,92849,4.267708280295887,4.158498687499997,4.346836095127051,3.970161279872944,25,5.628178715949997,4.46450128086067,0.1053039690208623,0.1869080055337333,50.66308755486737
1999-12-31,4.19024327,4.57117407,4.19024327,4.25373123,167099,3.80931172,4.161673085499997,4.354138603522353,3.969207567477641,26,5.625639174799996,4.456235788670056,0.0607270045915359,0.200766776567038,52.21562010863941
2000-01-03,4.41245303,4.50768535,4.31721995,4.50768535,44699,3.824548967,4.171196355499997,4.407387246449183,3.9350054645508106,27,5.624686844049997,4.458253418526132,0.0583678696003799,0.2045658725265353,62.40729747009478
2000-01-04,4.47594099,4.47594099,4.12675456,4.19024327,128999,3.83948146906,4.164847521499997,4.391635715978856,3.938059327021138,28,5.622623468249997,4.447743216623146,0.0124675788021612,0.2171633666317828,48.48624225822566
2000-01-05,4.34896431,4.44419739,4.19024327,4.28547559,9599,3.8541153210788,4.172783572999997,4.404733940406864,3.940833205593129,29,5.621750500249997,4.441379780284984,0.0234643936095884,0.2197912775866554,51.94916104437327
2000-01-06,4.25373123,4.31721995,4.22198687,4.31721995,12599,3.868456496057224,4.188655714499997,4.414441897162345,3.962869531837648,30,5.620480729649996,4.436510767332631,0.0464272350926352,0.2108942634733229,53.081381980474575
2000-01-07,4.22198687,4.28547559,4.19024327,4.28547559,3749,3.88251084753608,4.191830150499998,4.421158989895505,3.96250131110449,1,5.619369680849997,4.43058781920194,-0.0286804469986697,0.2049001503680856,51.76774862379106
2000-01-10,4.19024327,4.47594099,4.06326584,4.41245303,33299,3.8962841119853584,4.204527855999997,4.4524380947662365,3.956617617233757,2,5.6185760756499965,4.429876650997943,0.0761152633493008,0.2197412217703652,56.41420238053557
2000-01-11,4.31721995,4.34896431,4.22198687,4.25373123,43199,3.909781911145651,4.201353419999998,4.444999620672237,3.957707219327758,3,5.617306305049997,4.422968987429396,0.0212616744607797,0.2176501459296248,49.93813841037998
2000-01-12,4.12675456,4.28547559,4.12675456,4.19024327,48149,3.923009754322738,4.198179021999997,4.440664411213249,3.955693632786745,4,5.615719094649997,4.413842488706675,0.0955480902661269,0.213440923363223,47.58507871115977
2000-01-13,4.0950102,4.19024327,4.0950102,4.19024327,17699,3.9359730406362834,4.198179021999997,4.440664411213249,3.955693632786745,5,5.613814440649996,4.405073891894649,0.1286205043649684,0.2049975052658499,47.585078711159774
2000-01-14,4.12675456,4.19024327,4.12675456,4.12675456,4949,3.9486770612235578,4.195004586499998,4.439476571278092,3.950532601721904,6,5.611592343099996,4.394159408290937,0.1257502179374682,0.194889734175432,45.11938964009455
2000-01-18,4.0950102,4.25373123,3.99977712,4.25373123,65249,3.9611270013990874,4.202940637999998,4.444196966316472,3.9616843096835233,7,5.609171853749997,4.388652420906979,0.1954307861378952,0.1991086181629011,50.62935003015464
2000-01-19,4.22198687,4.25373123,4.19024327,4.19024327,18149,3.973327942771105,4.207702291499997,4.443957177836801,3.971447405163192,8,5.605838707399996,4.380871669891019,0.1503752778274852,0.1894214282941225,48.03267024365783
2000-01-20,4.22198687,4.22198687,4.12675456,4.15849892,29549,3.9852848653156814,4.209289509499998,4.443767614193078,3.9748114048069176,9,5.602188117499996,4.372151169895293,0.071731398259826,0.1826936341302566,46.7418039398015
2000-01-21,4.0950102,4.31721995,4.0950102,4.22198687,53999,3.9970026494093687,4.217225560999998,4.441938088707541,3.992513033292453,10,5.597585196799996,4.366262373820968,0.0594646737708689,0.1855162138352382,49.65589238803598
2000-01-24,4.28547559,4.57117407,4.28547559,4.57117407,76199,4.008486077821181,4.244208190499997,4.500610568013297,3.987805812986697,11,5.593458441499996,4.374298126612302,0.1599566196025528,0.1972069985612926,61.97838426189368
2000-01-25,4.63466279,5.26954769,4.44419739,5.20605973,29399,4.0197398376647575,4.302935102999997,4.780356643811036,3.8255135621889576,12,5.591236343949996,4.406916228705938,0.1688344625656051,0.2420743772354859,74.296878950617
2000-01-26,5.14257101,5.20605973,5.01559358,5.20605973,38849,4.069732151758167,4.3584875794999975,4.966819135783645,3.7501560232163498,13,5.587744475799997,4.438255189540999,0.1005886291387585,0.238388075290094,74.296878950617
2000-01-27,5.11082666,5.14257101,4.98384922,5.11082666,115499,4.11772477328784,4.407691184499997,5.08801910788306,3.727363261116935,14,5.584093885899996,4.464630541323705,0.1647775159890907,0.2372325349122302,70.33276269253463
2000-01-28,5.0790823,5.17431537,4.98384922,5.0790823,108899,4.163797689956327,4.450545955999997,5.184545918590681,3.716545993409314,15,5.579967130599996,4.488726688722775,0.1180376705940903,0.2338920788470709,69.01098770319516
2000-01-31,5.04733794,5.14257101,5.01559358,5.14257101,28499,4.208027689958073,4.4949879449999965,5.281682365557742,3.708293524442251,16,5.575522935449997,4.514367642498352,0.2895188542537545,0.2262553182151373,70.2165494921224
2000-02-01,5.0790823,5.17431537,5.0790823,5.17431537,261748,4.25048848995975,4.528319445999997,5.368979342006535,3.6876595499934575,17,5.5718723454999965,4.540247945537633,0.4261953520021631,0.2168965861997704,70.82764347661393
2000-02-02,5.26954769,5.49175745,5.11082666,5.23780333,45149,4.29125085796136,4.580697448999997,5.460214143631792,3.7011807543682025,18,5.570761296699995,4.567603058653805,0.5246001517029946,0.2286133150426439,72.06226453135388
2000-02-03,5.20605973,5.33303641,5.20605973,5.26954769,50699,4.363281253483678,4.629901053999996,5.5471455028002925,3.7126566051997,19,5.569174082499996,4.595130299098753,0.5069483121132218,0.2213535553967408,72.68474721820279
2000-02-04,5.17431537,5.17431537,5.17431537,5.17431537,749,4.430989825274658,4.672755824999997,5.607482923247667,3.738028726752327,20,5.568063033699996,4.617843439134096,0.5008089888131868,0.2123448957255449,67.80392086845175
2000-02-07,5.17431537,5.52350181,5.14257101,5.30129205,133349,4.494635882758178,4.723546647999997,5.678748343212879,3.768344952787114,21,5.568221755499996,4.644645345442563,0.4252830576154917,0.2243867460308631,70.6353112984896
2000-02-08,5.26954769,5.65047924,5.26954769,5.65047924,149999,4.576945156937524,4.785447958499996,5.8099322911090505,3.760963625890942,22,5.5686979208499965,4.684089811895796,0.483856132389463,0.2355685177429443,76.70291687602148
2000-02-09,5.58699053,5.6822236,5.55524617,5.61873488,232798,4.684298565243771,4.853698140999997,5.908811727753332,3.798584554246662,23,5.569650247799996,4.720742559664588,0.4373933744672355,0.2278120114755912,75.18202302427795
2000-02-10,5.61873488,6.03141004,5.58699053,5.90443336,154049,4.804049569414518,4.939407645499997,6.042428330357489,3.836386960642504,24,5.571396183749996,4.767161806736565,0.4555495391859154,0.2432839756559061,79.18273072362443
2000-02-11,5.84094464,6.22187543,5.84094464,6.09489875,49499,4.975880035296486,5.034640419499997,6.190131653763856,3.8791491852361375,25,5.574094446649997,4.8192299221586605,0.446027319069866,0.2531158909661985,81.34209604150398
2000-02-14,5.96792132,6.53931827,5.84094464,6.53931827,60299,5.175239298449048,5.155268604999996,6.40623427035361,3.9043029396463824,26,5.579173528949997,4.886684367172046,0.4698495444117979,0.2849200151828986,85.19981964723323
2000-02-15,6.44408595,6.53931827,6.22187543,6.38059723,31799,5.42077351332822,5.261611904999997,6.549016901968136,3.9742069080318574,27,5.582189235499997,4.945269185322162,0.4401747843751644,0.2872430740984059,78.9235589561426
2000-02-16,6.22187543,6.53931827,6.19013183,6.44408595,29099,5.62211156952914,5.3743040389999965,6.661431220347682,4.087176857652311,28,5.585363663849996,5.004046313348744,0.4559807002749797,0.2916676002342339,79.57180380317445
2000-02-17,6.53931827,6.53931827,6.34885287,6.44408595,49799,5.787208775613895,5.488583390499997,6.728626756753863,4.248540024246131,29,5.587268321599996,5.060518455962519,0.4563430296609043,0.2844388716460743,79.57180380317445
2000-02-18,6.38059723,6.41234159,6.15838747,6.15838747,35099,5.922588484603393,5.585403420499997,6.711940250429605,4.458866590570389,30,5.587109599799996,5.103572142787518,0.4360108580770238,0.2845288436713547,68.5657910590487
2000-02-22,6.0472826,6.6662957,6.0472826,6.6662957,49649,6.033599845974782,5.6901595019999975,6.809589388878268,4.570729615121727,-1,5.590284028099997,5.164855419540948,0.426962783648375,0.308420576266258,75.14707131933268
2000-02-23,6.47583031,6.98373854,6.28536415,6.92024982,142049,6.0472826,5.775869006499997,6.9922130019335,4.559525011066494,-1,5.595521832199996,5.233694415637381,0.451430377516466,0.3362744201043824,77.66502645917333
2000-02-24,6.95199418,7.33292497,6.72978442,7.17420393,64499,6.0472826,5.8742762164999975,7.203519756505379,4.545032676494616,-1,5.602188128649996,5.309792827965327,0.4403464564361313,0.3553362865254979,79.8622125167301
2000-02-25,7.30118061,7.36466933,7.23769265,7.33292497,80399,6.28536415,5.985381131999997,7.408922972553489,4.561839291446505,-1,5.608695703299997,5.389131343339236,0.4325859340907033,0.3435597946308195,81.11279684469442
2000-02-28,7.23769265,7.23769265,6.72978442,7.17420393,45299,6.501225186,6.090137213499997,7.539606233449547,4.640668193550447,-1,5.614092229199997,5.459134189874952,0.468871363175676,0.3621012771571895,76.0281550425435
2000-02-29,7.14245957,7.23769265,7.07897085,7.14245957,17699,6.6739140148,6.190131641499997,7.640257506266287,4.740005776733708,-1,5.618695149899996,5.525146949879856,0.4528503732784346,0.3475741716459616,75.01532231726502
2000-03-01,7.23769265,7.55513472,7.06309906,7.42815805,29849,6.72978442,6.302823775499997,7.7698726136584755,4.835774937341518,-1,5.624091675799997,5.599774836159077,0.3548434086398191,0.3578928493855358,77.87240917275267
2000-03-02,7.57100729,8.03129859,7.55513472,7.96781064,35999,6.894854479999999,6.439324140999996,7.990222408566438,4.888425873433554,-1,5.630599250499996,5.692638985329309,0.3858245886083846,0.3754105415722833,82.04827782316518
2000-03-03,8.09478731,8.6344399,7.90432192,8.44397451,142049,7.06309906,6.598045481999999,8.281662068788268,4.91442889521173,-1,5.638376595749996,5.800534496100709,0.4071356405454224,0.4007467871742631,84.77796175490374
2000-03-06,8.50746323,8.69792862,8.34874143,8.44397451,88799,7.377367228,6.761528438999998,8.494660693419798,5.028396184580199,-1,5.645995219199997,5.90419881037127,0.3601518819483582,0.3970639588046729,84.77796175490374
2000-03-07,8.60269554,8.60269554,7.61862344,7.6741736,77699,8.69792862,6.880172516499999,8.519552862372892,5.240792170627106,-1,5.649764838099997,5.973609586435141,0.3431325846935013,0.4389931117471962,65.96992102304125
2000-03-08,8.09478731,8.09478731,7.61862344,7.61862344,13499,8.69792862,6.978579726499999,8.545572019060542,5.411587433939456,-1,5.654209033199997,6.038119933633763,0.2615478331503568,0.4416481659081107,64.85183699013169
2000-03-09,7.72972832,7.72972832,7.23769265,7.36466933,213598,8.6763425164,7.065876448999999,8.509815301231203,5.621937596768794,-1,5.656748574349997,6.0901414785893015,0.1918446044390774,0.4452472733432456,59.85724707984227
2000-03-10,7.55513472,7.87257756,7.36466933,7.87257756,51299,8.618796521744,7.164283658999999,8.545075757675027,5.78349156032497,-1,5.661510213049997,6.160040932762271,0.1956595045883674,0.4497230559615852,65.56868939507184
2000-03-13,7.93606628,7.93606628,7.17420393,7.23769265,26549,8.56355236687424,7.221423354,8.512116191222377,5.930730516777622,-1,5.6627799835999975,6.202301784418652,0.1690970695195713,0.472018719821472,55.0290633624169
2000-03-14,7.25356445,7.36466933,7.23769265,7.26943625,30749,8.480191460661786,7.257929252999999,8.510113287366654,6.005745218633344,-1,5.665795686349997,6.244150194833607,0.1128022548225243,0.447372859834224,55.41495358789194
2000-03-15,7.30118061,7.36466933,6.98373854,6.98373854,41849,8.401832208822078,7.288086318499998,8.481996229350628,6.094176407649368,-1,5.669287558299998,6.273153659349936,0.0788380084149242,0.442626997703208,51.15997450718301
2000-03-16,6.92024982,6.95199418,6.60280698,6.60280698,29699,8.288384715316312,7.296022369999998,8.469318232740097,6.122726507259901,-1,5.670874772449999,6.2860812405519,0.044897407920913,0.4382201807244074,46.0795124731426
2000-03-17,6.47583031,6.6662957,6.47583031,6.60280698,18149,8.11982694178468,7.303958421499999,8.456052879654996,6.151863963345002,-1,5.671390630649999,6.298501857785158,0.0509488855108666,0.4205234099583783,46.0795124731426
2000-03-20,6.50757391,6.82501674,6.50757391,6.60280698,35849,7.922547345970519,7.326179396999999,8.403770535281204,6.248588258718794,-1,5.671231908849999,6.310435391989662,0.0677241055317529,0.4131605113899227,46.07951247314259
2000-03-21,6.8567611,6.92024982,6.79327238,6.79327238,69299,7.748941301654057,7.332528230999999,8.395895575603838,6.269160886396161,-1,5.672184235849998,6.329370175833205,-0.0281247999592938,0.406323534862071,49.22812542339643
2000-03-22,6.79327238,7.11071521,6.60280698,6.95199418,6299,7.59616798265557,7.334115448999998,8.395108647698624,6.273122250301371,-1,5.673930171849998,6.353786803447589,-0.133275914677761,0.4135795845147803,51.75632315371615
2000-03-23,6.63455134,6.98373854,6.63455134,6.98373854,11099,7.461727461936901,7.324592179499999,8.394537156555877,6.25464720244412,-1,5.676152273199998,6.378490793116311,-0.1582073235031223,0.4089801284780103,52.26825229709813
2000-03-24,6.92024982,7.04722649,6.92024982,6.98373854,34199,7.343419803704473,7.307132857999998,8.387311221017287,6.22695449498271,-1,5.678691814349998,6.402225998876455,-0.204805537336531,0.3888370243010094,52.26825229709813
2000-03-27,6.95199418,7.11071521,6.92024982,7.11071521,22349,7.239309064459936,7.303958421999998,8.386052200867795,6.221864643132202,-1,5.6825011260499965,6.430009889508751,-0.2211870815670474,0.3746676218509374,54.50766632660421
2000-03-28,7.11071521,7.11071521,6.72978442,6.72978442,15599,7.147691613924743,7.2833246644999985,8.392352490816888,6.17429683818311,-1,5.684643864599998,6.441765753449585,-0.2337803016061742,0.3751149910044419,47.333054387650215
2000-03-29,6.60280698,6.60280698,6.47583031,6.53931827,10499,7.11071521,7.238882675499998,8.391512763212605,6.086252587787392,-1,5.686865962199997,6.445591342333914,-0.2532308652467058,0.3664606423612674,44.20032622617348
2000-03-30,6.38059723,6.41234159,5.7139672,5.7139672,28199,7.11071521,7.126190503499998,8.405473217593293,5.846907789406703,-1,5.684485139049998,6.416900199497291,-0.311715158591778,0.3992385300497483,33.77005599501659
2000-03-31,5.85681644,5.96792132,5.7139672,5.90443336,46049,6.9151704886,6.999213445999999,8.233433335660523,5.7649935563394745,-1,5.682263041499998,6.396803460693476,-0.3976029150199984,0.3888610721890521,37.43897186926885
2000-04-03,5.90443336,6.03141004,5.90443336,6.03141004,23099,6.747002028196,6.878585222499998,7.989870893665419,5.7672995513345775,-1,5.680358383749998,6.38247430694079,-0.3512545791302414,0.3701550441755484,39.831957407193485
2000-04-04,5.7139672,5.77745592,5.58699053,5.77745592,16799,6.60237715224856,6.783749338499999,7.930433880230427,5.637064796769571,-1,5.677501398999998,6.3587480956882105,-0.2648681336494491,0.3754596488772949,36.8001490030248
2000-04-05,5.58699053,5.58699053,5.14257101,5.33303641,153749,6.439915292688791,6.669469986999998,7.91211112773165,5.426828846268346,-1,5.672581038499998,6.318524108014163,-0.2324577173959435,0.3939900246717739,32.18350877933179
2000-04-06,5.46001309,5.52350181,5.39652513,5.52350181,115049,6.206393321804808,6.577411611,7.872110886318222,5.282712335681778,-1,5.668295561399998,6.287346762994,0.0161271881586252,0.3794525514809329,35.89522281629061
2000-04-07,5.55524617,5.58699053,5.55524617,5.58699053,15449,6.014905305679942,6.463132259499998,7.681616132696761,5.244648386303235,-1,5.664803693299997,6.25988181268051,-0.0308655911647157,0.356883706375152,37.13044404785458
2000-04-10,5.84094464,5.84094464,5.58699053,5.58699053,45449,5.857885132457553,6.380597153499998,7.601658528156826,5.15953577884317,-1,5.661946708599998,6.233493919242059,-0.0604199486014915,0.3495315923483554,37.13044404785458
2000-04-11,5.58699053,5.58699053,5.58699053,5.58699053,899,5.84094464,6.296474867499998,7.4925684889822675,5.1003812460177285,-1,5.658613562299998,6.2081408451541344,-0.0420712599333971,0.3245650500377586,37.13044404785458
2000-04-12,5.52350181,5.96792132,5.52350181,5.58699053,117599,5.14257101,6.226637466999998,7.417157620227201,5.036117313772795,-1,5.656074021199998,6.183782009265737,-0.089856675446195,0.3331260828922045,37.130444047854574
2000-04-13,5.65047924,5.67428504,5.46001309,5.46001309,7199,5.1590780162000005,6.169497772499998,7.391594472057736,4.94740107294226,-1,5.652582149299998,6.155398914392571,-0.0640290283842681,0.3246365019713327,35.300635684795395
2000-04-14,5.46001309,5.46001309,5.0790823,5.0790823,70799,5.96792132,6.093311538499998,7.385810196425062,4.800812880574934,-1,5.646868183649998,6.113190419710509,-0.1509301311339121,0.328657522544809,30.452231845095326
2000-04-17,5.20605973,5.46001309,5.0790823,5.0790823,32849,5.9501445396,6.017125304499998,7.359194781240117,4.675055827759879,-1,5.641312935999997,6.072637160114019,-0.1734364398810359,0.332391327363037,30.452231845095326
2000-04-18,5.0790823,5.12669845,5.0790823,5.12669845,16199,5.932723294808,5.933796607999997,7.279704083957191,4.587889132042803,-1,5.635678329299997,6.035541524423273,-0.07679896088693,0.3120502432656772,31.809965973029836
2000-04-19,5.01559358,5.14257101,5.01559358,5.0790823,29549,5.915650474911841,5.840151013999998,7.149788748363816,4.53051327963618,-1,5.628853311049998,5.998033319543929,-0.0775084087284551,0.2988307566038432,31.1549627211038
2000-04-20,5.01559358,5.0790823,4.95210562,4.95210562,6899,5.879648199115367,5.738569367999998,6.991582580416255,4.48555615558374,-1,5.621552131199998,5.9570165470127945,-0.1001725875784693,0.2865554654178543,29.41551613205479
2000-04-24,4.95210562,4.95210562,4.82512818,4.82512818,1949,5.823995644368445,5.630638849999999,6.805471532144066,4.455806167855931,-1,5.613933507749998,5.912628767914254,-0.1068455753987936,0.2751570350308648,27.74715666138738
2000-04-25,4.8886169,4.8886169,4.74576766,4.74576766,3749,5.744086247218969,5.512391472499997,6.533555641565671,4.491227303434324,-1,5.606235525299997,5.866869508780361,-0.1439155537555345,0.2657064782429458,26.726866217661723
2000-04-26,4.61085166,4.67434038,4.61085166,4.67434038,164999,5.644254388497072,5.409619270499997,6.328632092593042,4.490606448406951,-1,5.598497850049998,5.820103660592896,0.0788984476899268,0.2563643012255926,25.807076740423256
2000-04-27,4.76163946,4.76163946,4.66640714,4.66640714,24899,5.520246061077423,5.315973713999997,6.131286840628551,4.500660587371444,-1,5.590561786799997,5.774860659785332,0.0506433706538259,0.2448548739951931,25.70128144914419
2000-04-28,4.68227894,4.82512818,4.63466279,4.63466279,77249,5.4111187329481325,5.262008493499998,6.107137872004256,4.41687911499574,-1,5.581673392799997,5.730147017832966,-0.0024582464125433,0.2409699108526793,25.25513468890929
2000-05-01,4.57117407,4.66640714,4.50768535,4.53942971,19199,5.315086684194356,5.193758310999997,6.040808129262922,4.346708492737072,-1,5.571039062849996,5.683452221447359,-0.0391358744513817,0.2350950450774879,23.913974062795333
2000-05-02,4.58704587,4.66640714,4.57117407,4.63466279,153449,5.202050497407146,5.123920948499998,5.911429578494942,4.336412318505054,-1,5.559928571299996,5.642323224135698,-0.0082674696529687,0.2273723582862387,28.029903083919702
2000-05-03,4.53942971,4.63466279,4.44419739,4.44419739,2549,5.104839376770146,5.0572580219999965,5.837884238982015,4.276631805017979,-1,5.546913425799996,5.595337897306847,-0.0266361215195335,0.2247361469800788,25.10485120245181
2000-05-04,4.57117407,4.57117407,4.50768535,4.50768535,9749,4.999136658886923,5.015990468999997,5.820826183553912,4.211154754446081,-1,5.534215720099996,5.552684856235991,-0.0174853713203358,0.2177533279100731,27.809146521772533
2000-05-05,4.44419739,4.44419739,4.38070867,4.41245303,156899,4.910346375865015,4.960438029999996,5.77084173761265,4.150034322387342,-1,5.5219941797499965,5.5079698826581085,-0.1368667673501652,0.2112692816307822,26.27648793835847
2000-05-08,4.31721995,4.47594099,4.31721995,4.44419739,7349,4.815011588809313,4.903298372999997,5.689734435455357,4.1168623105446365,-1,5.510248804799996,5.466253314318575,-0.1496613122727361,0.207515835800012,27.706771915712665
2000-05-09,4.38070867,4.38070867,4.38070867,4.38070867,14999,4.71545326104745,4.842984279999996,5.594691355595489,4.091277204404503,-1,5.497868542649996,5.423682936110003,-0.1051667766848933,0.1972281846714398,26.59545392846657
2000-05-10,4.31721995,4.41245303,4.31721995,4.31721995,10499,4.63580659883796,4.779495750999996,5.482003345531363,4.076988156468629,-1,5.484535949699996,5.380292230772356,-0.1153854848289604,0.1899428200520512,25.49422183918942
2000-05-11,4.44419739,4.44419739,4.06326584,4.19024327,150899,4.572089269070368,4.709658387999996,5.352341844253209,4.066974931746783,-1,5.469298702799996,5.3336236440754,-0.0763576600976299,0.2035848721911904,23.40673225240154
2000-05-12,4.34896431,4.44419739,4.34896431,4.44419739,5249,4.470324583256295,4.658867602999996,5.210420576074242,4.1073146299257495,-1,5.455331226499997,5.298744183131267,-0.0635458280148681,0.2071826756061054,34.8895671041703
2000-05-15,4.20611507,4.60291843,4.20611507,4.60291843,1949,4.06326584,4.635059409499996,5.152024926215591,4.1180938927844,-1,5.4421573553999965,5.271456898694747,0.0131802049333844,0.2207270102056693,40.85747738836035
2000-05-16,4.63466279,4.6981515,4.53942971,4.6981515,6299,4.0740588918,4.616012869499995,5.092633389041815,4.139392349958175,-1,5.430094536849996,5.248974334040051,0.0588647389741688,0.2162980659052643,44.16437718485024
2000-05-17,4.63466279,4.63466279,4.63466279,4.63466279,2549,4.099022596128,4.591411086499996,5.006929726541569,4.175892446458422,-1,5.418349158099995,5.224883685254167,0.0407721857523966,0.2053831119120312,42.4598910689587
2000-05-18,4.6981515,4.76163946,4.66640714,4.66640714,233398,4.12298775228288,4.570777328499996,4.92364128451986,4.217913372480131,-1,5.409302042249996,5.202982644263807,-0.1883842267478016,0.1997826517754575,43.63131444102293
2000-05-19,4.6981515,4.79338382,4.63466279,4.79338382,98249,4.161306854745907,4.562841238499996,4.887016379730742,4.238666097269249,-1,5.399937482849997,5.186919945273069,-0.0816275709844349,0.1968496787914962,48.17612033388808
2000-05-22,4.44419739,4.82512818,4.44419739,4.57117407,14099,4.211873011966234,4.550143532999996,4.851307266825968,4.248979799174023,-1,5.390414201649996,5.162773048203537,-0.0831461258276049,0.2099983295921036,41.82135703072798
2000-05-23,4.63466279,4.63466279,4.44419739,4.60291843,10049,4.27319852876961,4.543001071499996,4.831789599119495,4.254212543880496,-1,5.380414758899997,5.140817965136732,-0.0737245747262026,0.2086031203355248,42.97851911827318
2000-05-24,4.76163946,4.76163946,4.76163946,4.76163946,599,4.328391493892649,4.547366025499995,4.846419780842868,4.248312270157123,-1,5.371685086649998,5.125948219837252,-0.2508121961269596,0.2050401138829873,48.49466113612188
2000-05-25,4.60291843,4.63466279,4.60291843,4.63466279,5549,4.378065162503384,4.545778807999995,4.842617247521016,4.248940368478975,-1,5.362796692649998,5.106682124549517,-0.2247171438752997,0.2017316078913453,44.76388760260343
2000-05-31,4.41245303,4.6981515,4.41245303,4.6981515,26249,4.82512818,4.548953243499995,4.850840914690002,4.247065572309989,-1,5.354701907599998,5.090661315743653,-0.1257339699128187,0.2077292408991063,46.9610255702972
2000-06-01,4.6981515,4.82512818,4.6981515,4.6981515,21899,4.41245303,4.556889332999996,4.865625667694785,4.248152998305206,-1,5.346924566149998,5.075268773949785,-0.136500518476001,0.2019612008348845,46.9610255702972
2000-06-02,4.7298951,4.82512818,4.7298951,4.76163946,1649,4.41245303,4.563238166499995,4.883131389923203,4.243344943076788,-1,5.339305942699997,5.06296958516744,-0.2292601489264975,0.1966051636323927,49.2999019083613
2000-06-05,4.82512818,4.82512818,4.63466279,4.63466279,32399,4.420706533,4.572761436499995,4.889234275430307,4.256288597569683,-1,5.331687319299997,5.046173240258913,-0.257643051215533,0.1961666083729361,45.023588804043584
2000-06-06,4.60291843,4.60291843,4.60291843,4.60291843,749,4.42879496594,4.577523090499995,4.892799594270738,4.262246586729253,-1,5.324068695899997,5.028790698680132,-0.2483735811582333,0.1844221620605835,43.99612809217374
2000-06-07,4.76163946,4.76163946,4.76163946,4.76163946,749,4.4367216302212,4.594982411999995,4.910434634578655,4.279530189421335,-1,5.316926234049998,5.018314179516206,-0.3084631257833712,0.1825863669133989,50.1247493966636
2000-06-09,4.66640714,4.66640714,4.60291843,4.60291843,1049,4.444489761216776,4.602918463999995,4.91069038043954,4.295146547560449,-1,5.309942497799997,5.002024150123413,-0.320044158712387,0.1808816999910133,44.84031978515368
2000-06-12,4.66640714,4.66640714,4.66640714,4.66640714,749,4.45210252959244,4.617203387499995,4.908473091172413,4.325933683827577,-1,5.302800039749997,4.988862698746024,-0.3273425785051013,0.1724964864202266,47.23653554378088
2000-06-13,4.57117407,4.63466279,4.31721995,4.63466279,18749,4.82512818,4.633075529499995,4.889772421384197,4.376378637615793,-1,5.294863976549997,4.974972506246179,-0.2768811776331351,0.1851172509616389,46.15685564670782
2000-06-15,4.57117407,4.57117407,4.53942971,4.57117407,3149,4.8149700154,4.652122069499994,4.813331522343291,4.490912616656696,-1,5.284547090199996,4.959137273452211,-0.2510471855434899,0.1786969530358075,43.99116102798871
2000-06-19,4.63466279,4.63466279,4.63466279,4.63466279,1949,4.8050150140920005,4.661645339499994,4.792183256670237,4.531107422329752,-1,5.274706369249995,4.946412783905066,-0.2636539485684164,0.1704677935332499,46.68513856391892
2000-06-20,4.63466279,4.63466279,4.63466279,4.63466279,1499,4.795259112810161,4.663232557499994,4.791630035632739,4.53483507936725,-1,5.265183091849996,4.934187293948004,-0.2679469713657475,0.1582915225665892,46.68513856391892
2000-06-21,4.63466279,4.63466279,4.63466279,4.63466279,149,4.7856983295539575,4.660058121999994,4.787983819347378,4.532132424652611,-1,5.256294697849995,4.922441234969651,-0.284660378001791,0.1469849852404043,46.68513856391892
2000-06-22,4.47594099,4.60291843,4.47594099,4.60291843,151499,4.776328761962878,4.658470903999995,4.788389768299028,4.528552039700962,-1,5.246771420449996,4.90991092889241,0.0258619765066747,0.147823329151804,45.32373420026366
2000-06-23,4.41245303,4.60291843,4.41245303,4.60291843,311848,4.76714658572362,4.655296468499995,4.787369258441361,4.5232236785586295,-1,5.237089421249994,4.8978720073672175,0.7987078403652498,0.1508691913552466,45.32373420026366
2000-06-27,4.58704587,4.63466279,4.57117407,4.60291843,11099,4.758148053009148,4.645773198999995,4.76331263769866,4.5282337603013305,-1,5.2280423054499945,4.88630520041164,0.7521912531780807,0.1446277291155861,45.32373420026366
2000-06-28,4.57117407,4.57117407,4.31721995,4.31721995,32399,4.7493294909489645,4.633075492999995,4.816506772162335,4.449644213837655,-1,5.217249253649995,4.863988131768046,0.6867929594714745,0.1547042113216157,34.134556813292875
2000-06-29,4.53942971,4.53942971,4.53942971,4.53942971,1499,4.740687300129985,4.629901056999996,4.817461028327592,4.442341085672401,-1,5.207884694249994,4.8512603505222405,0.6854703888273361,0.1595260362272146,45.42058725511829
2000-06-30,4.47594099,4.47594099,4.47594099,4.47594099,1049,4.732217953127385,4.615616133499996,4.804381187914017,4.426851079085975,-1,5.1985201348499945,4.836541944227251,0.6849775826544758,0.1526662279252707,43.14580267202894
2000-07-05,4.50768535,4.63466279,4.41245303,4.63466279,26999,4.723917993064838,4.615616133499996,4.804381187914055,4.426851079085937,-1,5.191536398599994,4.828625114649712,0.6954154109622546,0.1576336230734656,49.90104441734118
2000-07-06,4.63466279,4.63466279,4.63466279,4.63466279,2999,4.7157840322035405,4.612441697999996,4.797649892432865,4.427233503567127,-1,5.183917775199993,4.821018748977174,0.6792639555818323,0.1463740785682181,49.90104441734118
2000-07-07,4.50768535,4.57117407,4.47594099,4.47594099,181499,4.707812750559469,4.601331172499997,4.791240505610951,4.4114218393890425,-1,5.175981708149994,4.807486287840814,0.3372955872927163,0.1472560586704882,43.8575014260718
2000-07-10,4.47594099,4.61085166,4.44419739,4.50768535,18599,4.70000089454828,4.5886334669999975,4.767616110037933,4.409650823962062,-1,5.168363084699995,4.795729388317645,0.3253111482141333,0.1486416451940247,45.28476739023876
2000-07-11,4.60291843,4.60291843,4.60291843,4.60291843,1499,4.692345275657314,4.5870462489999975,4.764927618972616,4.409164879027379,-1,5.161220626649995,4.788168174265973,0.3804582936673306,0.1448267476801658,49.437620895618366
2000-07-12,4.63466279,4.63466279,4.63466279,4.63466279,1499,4.684842769144168,4.588633466999997,4.767616110038012,4.409650823961981,-1,5.154871773799995,4.782148355275151,0.3800879718231813,0.1367494342744397,50.77870142552161
2000-07-13,4.50768535,4.50768535,4.50768535,4.50768535,2399,4.677490312761284,4.575935761499997,4.739380444544167,4.412491078455826,-1,5.147888033749995,4.771385100166322,0.3792757959500893,0.1360514346834083,45.57191988218664
2000-07-14,4.50768535,4.50768535,4.50768535,4.50768535,4799,4.670284905506058,4.5711741074999965,4.736732199643729,4.405616015356264,-1,5.141539180899996,4.7610439334931325,0.3787947155486443,0.1263334750631649,45.57191988218664
2000-07-17,4.41245303,4.41245303,4.41245303,4.41245303,299,4.663223606395937,4.558476401999997,4.731650201886468,4.3853026021135255,-1,5.134079279249995,4.747373701983598,0.3790145250109211,0.1241119639872245,41.840202792483886
2000-07-18,4.34896431,4.34896431,4.19024327,4.19024327,3899,4.6563035332680185,4.536255425999996,4.768574888436497,4.303935963563495,-1,5.125508328799994,4.725525449748947,0.3566387882146803,0.1311189494167085,34.70008503392431
2000-07-19,4.22198687,4.34896431,4.12675456,4.12675456,4349,4.637661122737298,4.514034450499996,4.806081664370075,4.221987236629917,-1,5.116619934799995,4.702044238386243,0.346234922588854,0.1376254351726579,32.96893553280222
2000-07-20,4.34896431,4.50768535,4.22198687,4.50768535,8699,4.60700672897306,4.507685578499997,4.7944401170584925,4.220931039941501,-1,5.111223408899994,4.694422321194626,0.3545124246706506,0.1550043890888966,49.30943780249845
2000-07-21,4.12675456,4.53942971,4.12675456,4.53942971,2999,4.578191598834676,4.502923924499997,4.7841966880543785,4.221651160945615,-1,5.106303048399995,4.688344179579151,0.3577162925374462,0.1734094434396897,50.39467034236272
2000-07-24,4.33309175,4.53942971,4.33309175,4.47594099,12299,4.551105376504596,4.494987834499996,4.769827845113023,4.22014782388697,-1,5.101700127699995,4.6800146427329095,0.3582073478708569,0.1757614803368547,48.173320502363886
2000-07-27,4.38070867,4.38070867,4.25373123,4.25373123,3749,4.53942971,4.477528474499996,4.766715026022247,4.188341922977745,1,5.096144879999994,4.663297646155148,0.1969366606580715,0.179079214598508,41.30993888582216
2000-08-01,4.12675456,4.12675456,3.81724495,3.81724495,12149,4.53942971,4.438244800499996,4.840123354004328,4.036366246995664,2,5.088724644499996,4.630119109051025,-0.5945541086155907,0.1974654335557573,31.74302227136752
2000-08-02,3.80931172,3.80931172,3.46012453,3.745823,81449,4.4816549292,4.395390028999996,4.889987193484845,3.900792864515148,3,5.082375791599995,4.59544083026471,-0.3633739984079629,0.2088693611589175,30.49839252751545
2000-08-03,3.61884633,3.61884633,3.55535761,3.58710197,101099,4.37950188928,4.358884129999996,4.966123322973818,3.751644937026175,4,5.074915889949995,4.555898129862173,-0.2423120274676951,0.2075547917904234,27.88199792081417
2000-08-04,3.61884633,3.65059069,3.58710197,3.65059069,68849,4.287564153352,4.314442178999996,4.98872377268817,3.6401605853118215,5,5.068408315299996,4.520395877318558,-0.0849360803707046,0.1972643580911075,30.45213838065162
2000-08-07,3.58710197,3.58710197,3.23791477,3.52361325,7199,4.2048201910168,4.266825791999996,5.018791278003626,3.514860305996367,6,5.059837364899996,4.481306362521752,-0.0756116636297532,0.2126508982274569,28.28130126222335
2000-08-08,3.55535761,3.61884633,3.55535761,3.61884633,55499,4.0887915404947845,4.216034968999996,4.998369888680716,3.4337000493192766,7,5.049679200349996,4.447484400462075,-0.0223755828186667,0.20426391121121,32.185891360666375
2000-08-09,3.58710197,3.58710197,3.58710197,3.58710197,149,3.9866863280354106,4.163656927999996,4.966860253926265,3.360453602073728,8,5.038886152399996,4.413743912992974,-0.0224868788691976,0.191941086124695,31.56891833374999
2000-08-10,3.68233505,3.80931172,3.68233505,3.77756736,26849,3.896833741071161,4.128738246499996,4.935315638531345,3.3221608544686463,9,5.029680314799997,4.388795812875602,0.4351561846817933,0.1941031335443596,39.11072844052944
2000-08-11,3.87280044,3.93628916,3.77756736,3.9045448,5249,3.23791477,4.098581218999996,4.891210806478303,3.305951631521689,10,5.0212680861499965,4.369805577076559,0.4682119657686566,0.1915758954340482,43.57536514896127
2000-08-14,4.03152148,4.03152148,4.03152148,4.03152148,749,3.2518822578,4.070011371499996,4.828315344482096,3.311707398517896,11,5.013173297349997,4.356539534053949,0.4690806765875629,0.1869616657601876,47.70478802160236
2000-08-15,3.87280044,3.87280044,3.77756736,3.87280044,19349,3.283067826688,4.031918253999996,4.748320905066255,3.3155156029337385,12,5.005237234099997,4.337569373502814,0.4950850120758875,0.1917468410630314,43.42649437070417
2000-08-16,3.80931172,3.80931172,3.80931172,3.80931172,8999,3.31300597282048,3.996999572499996,4.684746160316051,3.3092529846839414,13,4.997618610649997,4.316853387090939,0.4874626338923919,0.1825855467013863,41.81121315462092
2000-08-17,3.7299512,3.99977712,3.7299512,3.99977712,2849,3.341746593107661,3.971604160999996,4.618332242683069,3.3248760793169234,14,4.991269757799997,4.304419023675608,0.4963665125418662,0.1888170019370016,48.05363018598559
2000-08-18,3.87280044,3.96803276,3.84105608,3.84105608,12299,3.3693375885833543,3.943034313499996,4.55909541608936,3.3269732109106323,15,4.982857529149997,4.286247927845192,0.4547568707336872,0.1866672903700729,43.83352776618133
2000-08-21,3.84105608,3.84105608,3.80931172,3.80931172,3599,3.39582494424002,3.923987735999996,4.531798632935448,3.316176839064544,16,4.973969135099997,4.267544547145381,0.4557523022990914,0.1756013667722105,43.019794851733806
2000-08-22,3.80931172,3.80931172,3.80931172,3.80931172,1049,3.4212528056704192,3.908115593999996,4.510472321872199,3.305758866127793,17,4.965239462849997,4.249574632355365,0.4692034148346257,0.1630584120027669,43.019794851733806
2000-08-23,3.80931172,3.80931172,3.77756736,3.77756736,1649,3.4456635526436026,3.871609694499996,4.409210563768093,3.3340088252318987,18,4.956192346999997,4.231064543243391,0.4527576198303837,0.1536788368597121,42.11309818715753
2000-08-24,3.9045448,3.9045448,3.77756736,3.77756736,2849,3.4690978697378583,3.8335165769999953,4.275989660644098,3.391043493355893,19,4.947224590149997,4.213280339978944,0.4392505360619508,0.1517715942268756,42.11309818715753
2000-08-25,3.745823,3.745823,3.745823,3.745823,599,3.491594814148344,3.797010677499996,4.127839809170713,3.4661815458292797,20,4.939923406499997,4.194948679587613,0.4402328309354493,0.1431982203535273,41.10826900430121
2000-08-28,3.87280044,3.87280044,3.71407864,3.87280044,3749,3.51319188078241,3.777964137999996,4.0376310721658575,3.5182972038341336,21,4.932463504849997,4.182315415290059,0.458246909689984,0.1443070474711325,46.59715391414357
2000-08-29,3.80931172,3.96803276,3.745823,3.96803276,4649,3.533925064751114,3.785503528499997,4.057746373838759,3.5132606831612345,22,4.925955930199996,4.173912173906135,0.507753556676197,0.1498715269374802,50.33581100722138
2000-08-30,3.96803276,3.96803276,3.96803276,3.96803276,149,3.553828921361069,3.796614016499997,4.079405229704627,3.5138228032953656,23,4.919765795349997,4.165838471400012,0.4755306316249353,0.1391664178705173,50.33581100722138
2000-08-31,3.85692788,3.93628916,3.84105608,3.93628916,2849,3.5729366237066267,3.814073375999996,4.085871688992878,3.542275063007114,24,4.914369273249997,4.156836537619619,0.6918229981366286,0.1382957223083375,49.00941879582229
2000-09-01,3.99977712,4.12675456,3.99977712,3.99977712,8549,3.5912800179583617,3.831532697499996,4.10394207637597,3.559123318624021,25,4.910083796149998,4.150677344771791,0.4805423656617276,0.142022127857742,51.74802665321378
2000-09-05,4.01564968,4.110882,3.99977712,4.0950102,5849,3.62340849048086,3.860102545,4.116740668804214,3.6034644211957865,26,4.906909371649998,4.148494319486622,0.4820074615235434,0.1398137530107604,55.60016915412904
2000-09-06,4.14262635,4.15849892,4.07913764,4.15849892,3449,3.653609254652008,3.8870851745,4.149988283036604,3.6241820659633968,27,4.903893668949998,4.148886656761657,0.2485340321184553,0.1354957192242775,58.00706301793547
2000-09-07,4.23785943,4.57117407,4.23785943,4.57117407,13799,3.694000427879848,3.936288779500001,4.3037552463933375,3.568822312606664,28,4.902623898399998,4.165446947476886,0.3291234417179526,0.1552942499939719,69.55854028420292
2000-09-08,4.57117407,4.63466279,4.57117407,4.63466279,2549,3.781717792091863,3.979143551000001,4.448390002703751,3.509897099296251,29,4.902306454849999,4.183847568752302,0.3016721495433723,0.1487367121372597,70.88545853941925
2000-09-11,4.6981515,5.01559358,4.65053458,4.92036126,108299,3.8840711918408393,4.0299343740000015,4.651173910772543,3.408694837227461,30,4.904211112599998,4.2127304586051535,0.3861378671646124,0.1653220034131697,75.9630145472102
2000-09-12,4.95210562,5.01559358,4.95210562,5.01559358,20549,4.042484326183121,4.079137979,4.834491468012151,3.3237844899878497,-1,4.907068093549998,4.244215286895147,0.4428115768894045,0.1603155974550862,77.37918076600016
2000-09-13,4.96797742,5.11082666,4.96797742,5.04733794,8699,4.178719621717485,4.137864854000001,4.99561231501036,3.2801173929896423,-1,4.909766356499998,4.275710292899259,0.3798409197451738,0.1590680004940085,77.84769210206186
2000-09-14,5.01559358,5.17431537,5.01559358,5.17431537,45449,4.327856747842687,4.2061150365,5.160240216586816,3.251989856413184,-1,4.9132582283999975,4.310949707687523,0.5045205728747636,0.159043271173008,79.66220584612135
2000-09-15,5.11082666,5.17431537,5.0790823,5.11082666,18149,4.480219299831004,4.261667513500001,5.287920944994591,3.2354140820054105,-1,4.916591374749998,4.34231743130762,0.4426936878343829,0.1544853996606503,76.29706112435414
2000-09-18,5.0790823,5.0790823,5.0790823,5.0790823,26699,4.605156592461423,4.323568824500001,5.389457940440275,3.2576797085597256,-1,4.920559408299997,4.371210171256341,0.4636139890392168,0.1457181825420324,74.6002005104507
2000-09-19,5.04733794,5.04733794,5.01559358,5.01559358,10649,4.707605172418367,4.383882917500001,5.462982554587089,3.304783280412913,-1,4.925003603399998,4.396480108854131,0.4280612252907191,0.1398446495033158,71.19005907344088
2000-09-20,5.04733794,5.04733794,5.01559358,5.01559358,46499,4.791613007983061,4.444197010500001,5.522941710383979,3.3654523106160235,-1,4.9296065202999975,4.420759068506911,0.2315812959250639,0.132123200253079,71.19005907344089
2000-09-21,4.93623306,4.93623306,4.6981515,4.7298951,599,5.17431537,4.491813397500001,5.532037655901838,3.451589139098165,-1,4.9327809447999975,4.432882050134091,0.2359230782956407,0.1453602630921448,57.47769167818409
2000-09-22,4.57117407,4.82512818,4.57117407,4.82512818,6449,5.164792092600001,4.544191438500001,5.539823368221706,3.5485595087782964,-1,4.9378600270999975,4.448264251305303,0.2609021662480271,0.1531169664427059,60.22772588171992
2000-09-25,4.9044887,4.95210562,4.82512818,4.82512818,5399,5.141047371696001,4.598156697500001,5.529789994775264,3.666523400224738,-1,4.942621665799997,4.463043228901173,0.2415122283475796,0.1512498574110841,60.22772588171992
2000-09-26,4.82512818,4.82512818,4.7140233,4.82512818,9299,5.118252439628161,4.645773084500002,5.519813238075892,3.771732930924111,-1,4.947700748099997,4.477242638748186,0.2535886731598779,0.1483823590245781,60.22772588171991
2000-09-27,4.82512818,4.82512818,4.6981515,4.6981515,4199,5.0963693048430345,4.682279021500001,5.499161979156355,3.8653960638436473,-1,4.951827503399998,4.485905731346296,0.2285006741449178,0.146853381951394,54.37192671616204
2000-09-28,4.6981515,4.82512818,4.63466279,4.82512818,14399,5.075361495449313,4.725133792500001,5.474802567975568,3.975465017024434,-1,4.9562716984999975,4.499208572469971,0.259249792179674,0.1499685253834372,58.696662121758784
2000-09-29,4.76163946,4.76163946,4.57117407,4.63466279,50699,5.05519399843134,4.760052474000001,5.419072841868935,4.101032106131068,-1,4.960239732049997,4.504520502569188,0.1808702670817756,0.1573960671417631,50.90290659100973
2000-10-02,4.53942971,4.63466279,4.53942971,4.63466279,5549,5.035833201294087,4.791796757500001,5.355550106862235,4.228043408137768,-1,4.962620551399997,4.509624121684122,0.2168219671069342,0.1529558537744944,50.902906591009724
2000-10-03,4.63466279,4.6981515,4.44419739,4.6981515,39299,5.006048991816441,4.821953822500001,5.289748254005343,4.354159390994659,-1,4.965160092549997,4.517017352206313,0.2800615372341041,0.160170014933459,53.30007925590783
2000-10-04,4.76163946,5.01559358,4.6981515,4.85687254,9899,4.44419739,4.856872503500002,5.212067879106662,4.501677127893341,-1,4.967858355499997,4.530345006629595,0.2683079154347171,0.1714037338667834,58.72566134398559
2000-10-05,4.85687254,5.20605973,4.6981515,4.9044887,45599,4.44419739,4.873538235000001,5.203964489827962,4.543111980172039,-1,4.970794699249996,4.545017308330396,0.2038285608329627,0.1954397693048703,60.21884137966151
2000-10-06,4.77751202,4.77751202,4.65053458,4.65053458,299,4.4746718836,4.8743318245000005,5.202528139418916,4.546135509581085,-1,4.973413599349997,4.549155240552733,0.1988160036916397,0.1996193657830938,49.8588402813868
2000-10-09,4.6981515,4.6981515,4.6981515,4.6981515,9149,4.503927397456,4.8632213365000005,5.199380835716746,4.527061837283255,-1,4.976905471249998,4.554998231119293,0.1138350972113022,0.1887620482271585,51.542218316048725
2000-10-10,4.96003885,4.96003885,4.63466279,4.6981515,9599,4.532012690757759,4.8473492325,5.183208822565129,4.511489642434871,-1,4.979286294399999,4.560612084800889,0.0452129321586203,0.1985201919252186,51.542218316048725
2000-10-11,4.64259602,4.64259602,4.57117407,4.57117407,17399,4.558974572327449,4.823541039,5.166746212880932,4.480335865119068,-1,4.981349670149998,4.5610262802988935,-0.0047734446690695,0.1934099946448459,46.69399199551915
2000-10-12,4.51561934,4.57117407,4.51561934,4.57117407,3749,5.20605973,4.793383974,5.113198433103627,4.473569514896373,-1,4.982619440749999,4.561424232836192,-0.1303776554811691,0.1835631900273569,46.69399199551915
2000-10-13,4.63466279,4.6981515,4.63466279,4.6981515,3899,5.1922509222,4.772750216,5.059522169678821,4.48597826232118,-1,4.984841542099999,4.566786086450459,-0.1050409072722224,0.1795213500254028,51.93721226222164
2000-10-16,4.6981515,4.6981515,4.57117407,4.6981515,2999,5.178718290556,4.753703676000001,5.004964885145158,4.502442466854843,-1,4.987381083249999,4.571937671295538,-0.1033173660292892,0.1757682128807312,51.93721226222164
2000-10-17,4.63466279,4.63466279,4.63466279,4.63466279,5099,5.16545631154488,4.7346571365,4.96004124130318,4.509273031696821,-1,4.989603180849998,4.574397479872184,-0.0685835387453073,0.1677482483892504,49.134687383331006
2000-10-18,4.63466279,4.63466279,4.63466279,4.63466279,1799,5.152459572113982,4.715610597,4.904188508854273,4.527032685145728,-1,4.992301443799998,4.576760825367392,0.1084207640425513,0.1557662306471611,49.134687383331006
2000-10-19,4.76163946,4.95210562,4.76163946,4.85687254,32399,5.139722767471703,4.721959469000001,4.920329260146385,4.523589677853616,-1,4.9961107554999975,4.58774559849024,0.097566768189684,0.1673145591723639,58.27400063756087
2000-10-20,4.8886169,4.8886169,4.82512818,4.85687254,49049,5.127240698922269,4.723546687000001,4.92566558209638,4.521427791903621,-1,4.999761345399998,4.5982995961965045,0.0644022665795775,0.1598984278029093,58.27400063756087
2000-10-23,5.01559358,5.01559358,5.01559358,5.01559358,1499,5.115008271743823,4.7330699570000005,4.968619940373344,4.497519973626657,-1,5.004522984099998,4.614664066149583,0.0822893402773753,0.15981432867413,63.68002656098846
2000-10-24,5.01559358,5.01559358,4.92036126,4.98384922,2849,5.103020493108947,4.741006009000001,4.9981343338643525,4.48387768413565,-1,5.009284622799998,4.629141915320187,0.0570216472736476,0.1552013280545493,61.95125254296964
2000-10-25,4.45213062,4.82512818,4.45213062,4.76163946,35399,5.091272470046769,4.744180407,5.000680922221031,4.487679891778969,-1,5.012935212699998,4.634337897464493,0.1326704279745701,0.1820954189077958,51.42667494792951
2000-10-30,4.63466279,4.63466279,4.50768535,4.50768535,13349,5.065706796044898,4.7283082655,5.001548615396986,4.4550679156030135,-1,5.0149985884499975,4.629371130897258,0.0513679482919424,0.1872281825572389,42.53340401546766
2000-10-31,4.63466279,4.63466279,4.63466279,4.63466279,7799,5.041163749003102,4.728308265500001,5.001548615396935,4.455067915603067,-1,5.0175381295999975,4.629578646940503,0.1157579139345129,0.1829245580888647,47.42868807115784
2000-11-01,4.63466279,4.63466279,4.63466279,4.63466279,6599,5.017602423842979,4.728308265500001,5.001548615396935,4.455067915603067,-1,5.0196015091999975,4.629778025099699,0.0967119803381966,0.1698585182253744,47.42868807115784
2000-11-02,4.28547559,4.50768535,4.28547559,4.50768535,151049,4.994983551689259,4.718784958000001,5.008354506358413,4.42921540964159,-1,5.020871279799998,4.624990077056574,0.3432256957753524,0.1826677097807048,43.16430201923754
2000-11-03,4.38070867,4.57117407,4.38070867,4.38070867,5999,4.952413073987904,4.694976764500002,5.012197007023376,4.377756521976627,-1,5.020236396399998,4.615410414034748,0.331734942319866,0.1832246876535116,39.35378428545881
2000-11-06,4.50768535,4.50768535,4.38070867,4.44419739,10499,4.91239682494863,4.671962199000001,4.991819995649596,4.352104402350406,-1,5.021506166999998,4.608696177798091,0.3862422434001452,0.179206972821118,42.10580422979364
2000-11-07,4.44419739,4.44419739,4.38070867,4.44419739,65849,4.874781550851711,4.6616453395000015,4.99655845179973,4.326732227200273,-1,5.022299775999998,4.602245244943264,0.4798821785998344,0.1709413833338953,42.10580422979365
2000-11-08,4.38070867,4.38070867,4.25373123,4.25373123,19349,4.839423193200608,4.639424326000002,5.017847294675731,4.2610013573242735,-1,5.021982332399998,4.5885780286709785,0.4255519044772556,0.1723360102386171,36.3644366106562
2000-11-09,4.19024327,4.19024327,4.12675456,4.14262635,749,4.79256783614456,4.611648068500001,5.046147471142744,4.177148665857258,-1,5.021268086199997,4.571089727546626,0.4466882911230452,0.1690960573644301,33.495263334152426
2000-11-10,4.01564968,4.01564968,3.99977712,3.99977712,449,4.725986508530104,4.583078221000002,5.093053091719058,4.073103350280945,-1,5.019204706649997,4.548685311564405,0.505012783986389,0.1672212839812565,30.196398548834765
2000-11-13,3.93628916,3.93628916,3.55535761,3.93628916,293848,4.638841381906492,4.551333975500001,5.134156809986719,3.968511141013284,-1,5.017617496299998,4.524669776208938,0.707109104303128,0.1870211572683096,28.83705217269568
2000-11-14,3.95216096,4.15849892,3.95216096,4.12675456,40649,4.487153653839583,4.522764128499999,5.129526001628177,3.916002255371821,-1,5.017300052749998,4.509065257926235,0.7047757492475062,0.1895346288920018,37.87283756041208
2000-11-15,4.12675456,4.12675456,3.98390532,4.12675456,9299,4.356702207702041,4.494194281499999,5.118780220906243,3.869608342093754,-1,5.016982609199999,4.494072681536971,0.7072438551524488,0.1861999582568589,37.87283756041208
2000-11-16,4.12675456,4.26960379,4.12675456,4.26960379,30449,3.55535761,4.475941331499999,5.104365401987094,3.847517261012904,-1,5.017696855349999,4.48526997990807,0.723317679945062,0.1831034776670832,44.051975768338174
2000-11-17,4.26960379,4.26960379,4.26960379,4.26960379,1499,3.5696425336,4.457688381499999,5.087815882535728,3.8275608804642696,-1,5.017776218149999,4.4768124822646165,0.7235963689021694,0.1700246578337201,44.051975768338174
2000-11-20,4.28547559,4.28547559,4.17437071,4.28547559,2099,3.583641758728,4.429118533999999,5.035631166554851,3.8226059014451454,-1,5.018252379749999,4.469309074724827,0.7556998554404909,0.1658161022741687,44.75995104339334
2000-11-21,4.19024327,4.22198687,4.17437071,4.17437071,9899,3.61171511197888,4.394993442499999,4.977731873363979,3.8122550116360183,-1,5.018331738699998,4.457742864343461,0.783459630251215,0.1619081578260138,40.86193271674699
2000-11-22,4.06326584,4.06326584,4.06326584,4.06326584,599,3.638665531099725,4.347377055499999,4.872252785441036,3.822501325558962,-1,5.017538133549999,4.442273177114306,0.7844551612033202,0.1582793515527271,37.35824504868359
2000-11-24,4.06326584,4.19024327,4.06326584,4.06326584,79499,3.664537933455736,4.301347886499999,4.750952454541468,3.851743318458529,-1,5.0149985924,4.427410144286293,0.6053598040241333,0.1560435000132466,37.35824504868359
2000-11-27,4.04739404,4.22198687,3.745823,4.06326584,8849,3.6893754397175065,4.266429205499999,4.674142286132356,3.858716124867642,-1,5.009284622949999,4.413129975490753,0.5996550832474007,0.1789092407265862,37.35824504868359
2000-11-28,4.06326584,4.06326584,3.93628916,3.93628916,17849,3.7132194457288064,4.237859395999999,4.653939441827711,3.821779350172288,-1,5.002935770099999,4.394430335667586,0.590219185975863,0.1751997721032586,33.284503392119774
2000-11-29,3.79343992,3.99977712,3.79343992,3.99977712,6599,3.736109691499654,4.206115112499999,4.5920397861441895,3.820190438855808,1,4.997380522399999,4.378953738974739,0.5998128114049099,0.1774238740958829,36.98454157476708
2000-11-30,3.84105608,3.99977712,3.55535761,3.84105608,84599,4.28547559,4.166434776999998,4.530526433989926,3.802343120010071,2,4.991190391299998,4.3578597131325925,0.5728808825104196,0.196494990946177,32.17960169265905
2000-12-01,3.93628916,3.99977712,3.93628916,3.93628916,2399,4.2708732304,4.137864967499999,4.479333573554027,3.796396361445971,3,4.985158982049998,4.341327534578373,0.4740583196153369,0.1937968515928786,37.43200392476682
2000-12-04,3.98390532,3.98390532,3.98390532,3.98390532,1499,4.256562917992,4.118024799999999,4.446616312029231,3.789433287970767,4,4.979206931799999,4.327310977143927,0.4859037950989202,0.1833553736219587,39.93671670507218
2000-12-05,3.98390532,3.98390532,3.71407864,3.71407864,40949,4.24253881183216,4.081518862499999,4.419155407069617,3.7438823179303817,5,4.971588308349999,4.303262650197107,0.4081541909948077,0.1895318955061045,32.09576727777605
2000-12-06,3.68233505,3.87280044,3.68233505,3.87280044,14549,4.228795187795517,4.052949014999999,4.358135883329066,3.7477621466709303,6,4.964604572099998,4.286381779208985,0.3625440846192628,0.1895985736842399,39.60712389316556
2000-12-07,3.68233505,3.68233505,3.68233505,3.68233505,299,4.215326436239606,4.024379205999999,4.354957988280192,3.6938004237198063,7,4.957144670499999,4.262693672181181,0.4031476839196298,0.1896604891353656,34.65340235689817
2000-12-08,3.87280044,4.31721995,3.87280044,4.31721995,7049,3.55535761,4.033108885999999,4.38429568088089,3.681922091119109,8,4.952224309999999,4.264831957585841,0.4106273313763525,0.2214622327685538,54.90149243559448
2000-12-11,4.38070867,4.44419739,4.31721995,4.44419739,19499,3.5705948568,4.0553298994999984,4.44894598331024,3.661713815689757,9,4.946192900749999,4.271865896111886,0.4286718674962022,0.2147133189993714,57.72300170034009
2000-12-12,4.44419739,4.50768535,4.44419739,4.50768535,3149,3.605538958128,4.083899708999999,4.519513800326143,3.648285617673855,10,4.940637653099999,4.281113717832989,-0.0069253754505066,0.2039115076422734,59.10079376412804
2000-12-13,4.47594099,4.47594099,4.22198687,4.22198687,5549,3.65966774164032,4.088661324499999,4.528110126738622,3.649212522261377,11,4.932225420649998,4.27879501791797,-0.104948580225025,0.2097534342392539,51.03978150548223
2000-12-14,4.31721995,4.41245303,4.22198687,4.22198687,8399,3.7105487981419008,4.093422939999998,4.536468625182375,3.650377254817621,12,4.922860861249998,4.276567247411383,-0.1564790879932204,0.2083757717935929,51.03978150548223
2000-12-15,4.31721995,4.38070867,4.28547559,4.28547559,26699,3.758376991253386,4.094216529999999,4.5385765931373205,3.649856466862677,13,4.911591647849997,4.276916594179564,-0.3255265994269879,0.2048290595226219,52.70240285875588
2000-12-19,4.28547559,4.28547559,3.93628916,4.0950102,50099,3.8033354927781833,4.085486850499999,4.522521201876493,3.648452499123505,14,4.900163712699998,4.269783010094091,-0.2966487390584638,0.2151403002710061,47.49196383959495
2000-12-20,3.96803276,3.98390532,3.9204166,3.9204166,22049,3.845596484211492,4.067233900999999,4.499803990067575,3.6346638119324233,15,4.887545365949997,4.25608236656099,-0.3411031324836092,0.2122441073945056,43.26899708029004
2000-12-21,4.06326584,4.06326584,4.06326584,4.06326584,449,3.8853218161588026,4.0616786575,4.491447117217091,3.6319101977829087,16,4.875641265399994,4.248520934146833,-0.3244404377327671,0.2072873311520409,47.39085551238229
2000-12-22,3.9204166,4.06326584,3.9204166,3.9204166,19949,4.50768535,4.0545361955,4.48868750537028,3.62038488562972,17,4.864451411049994,4.235654097513624,-0.3569921724103017,0.2026846103554666,43.9518383848536
2000-12-26,3.87280044,3.87280044,3.87280044,3.87280044,299,4.495939975,4.045012925499999,4.486278066659996,3.6037477843400025,18,4.850483934749994,4.221424542317012,-0.2066746069865558,0.1916082924729333,42.83597866276016
2000-12-27,3.87280044,3.87280044,3.42838093,3.71407864,77999,4.4710143936,4.027553565499999,4.491592868019565,3.563514262980432,19,4.834453078849994,4.2015286245790895,-0.1246432613677819,0.2096662365820094,39.2580764447786
2000-12-28,3.745823,3.84105608,3.71407864,3.745823,13949,4.408456385784,4.0180302575,4.496755945829877,3.539304569170122,20,4.817311174199994,4.183657815772066,-0.0990579812636869,0.2037598939690088,40.33152052121043
2000-12-29,3.80931172,3.93628916,3.77756736,3.84105608,7499,4.34965185843696,4.010094205499999,4.494989758661911,3.525198652338086,21,4.799851829749994,4.170222453584926,-0.1187410909308598,0.202810341542651,43.55427960446775
2001-01-02,3.80931172,3.87280044,3.68233505,3.87280044,1799,4.294375602730742,4.011681423499999,4.494556933820002,3.528805913179996,22,4.783344812299994,4.158558845209046,-0.2180962462588499,0.2019285592896045,44.62786735937689
2001-01-03,3.61884633,3.84105608,3.61884633,3.84105608,899,4.242415922366898,4.0069197695,4.494530134403451,3.519309404596548,23,4.7668377948499945,4.146107756377319,-0.2088880026652233,0.2056446700546327,43.73210745434699
2001-01-04,3.58710197,3.77756736,3.55535761,3.77756736,3599,4.193573822824884,3.9966028715,4.494350485251642,3.4988552577483567,24,4.748584841399994,4.131655191813502,-0.1964540889350569,0.2113627986221589,41.91985004110908
2001-01-05,3.54741904,3.93628916,3.54741904,3.93628916,33449,4.147662249255391,4.0077133975,4.489400507900009,3.5260262870999903,25,4.7284272339999935,4.123993778801208,0.0334251606093966,0.2240418930062904,47.74940511767984
2001-01-08,3.84105608,3.87280044,3.745823,3.87280044,24449,4.104505370100068,4.0077133975,4.489400507900009,3.5260262870999903,26,4.7055713636499945,4.114143059632533,0.0626768064687399,0.221643626362984,45.77044304126673
2001-01-09,3.87280044,4.12675456,3.87280044,4.12675456,7349,3.42838093,4.029934373,4.490051022542627,3.569817723457373,27,4.683985263899994,4.114637628274394,0.083345693040035,0.223951518765628,53.98545200557116
2001-01-10,4.19024327,4.25373123,3.93628916,4.19024327,13049,3.4423484026,4.023585539,4.470999540071399,3.5761715379286003,28,4.666565612249994,4.117602555400889,0.0841698542683701,0.2306294152823688,55.78860320327794
2001-01-11,4.31721995,4.31721995,4.22198687,4.22198687,6599,3.474803715696,4.012475013,4.427415086975659,3.59753493902434,29,4.649582429399993,4.121696057934187,0.0077453587906812,0.2232256484764854,56.70218476458787
2001-01-12,4.15849892,4.44419739,4.15849892,4.44419739,5999,3.52534868975424,4.009300615,4.409756785343836,3.6088444446561634,30,4.634980069699994,4.134343168995592,0.0163114561688249,0.2276879928710221,62.537949271738086
2001-01-16,4.57117407,4.76163946,4.57117407,4.76163946,15599,3.598856585773901,4.0362832445,4.547760080841107,3.5248064081588923,-1,4.619425379199994,4.158943023544785,0.0779966518461231,0.2340989983802348,68.9718236466575
2001-01-17,4.79338382,4.95210562,4.79338382,4.95210562,4349,3.715134873196511,4.072789182,4.718642708436918,3.4269356555630823,-1,4.607997444049993,4.190047439092048,0.116862228973951,0.2309823670673609,72.0711808374778
2001-01-18,4.95210562,5.04733794,4.95210562,5.04733794,10799,3.86357136281293,4.1108822995,4.880443466608778,3.341321132391222,-1,4.596886952499993,4.223666674421772,0.239761736954733,0.2212859351339779,73.4966797339509
2001-01-19,5.01559358,5.01559358,4.8886169,4.95210562,5999,4.029298683619119,4.1537370705,5.006004173358064,3.301469967641936,-1,4.586728787899992,4.252232907581702,0.2945475319513062,0.2168170140529796,69.66730384678465
2001-01-22,4.95210562,5.01559358,4.95210562,5.01559358,19649,4.171824179512443,4.2084959195,5.1315542755325385,3.2854375634674606,-1,4.578792720899992,4.282168620225557,0.4494626456643928,0.205864938763481,70.76104321171111
2001-01-23,5.0790823,5.0790823,5.0790823,5.0790823,5699,4.294396105980701,4.2592867425000005,5.253813600770557,3.264759884229444,-1,4.571174097499991,4.313420137079456,0.4410044089100087,0.1956952088518038,71.8540155095959
2001-01-24,5.01559358,5.01559358,5.01559358,5.01559358,5999,4.419945897023789,4.3140455915,5.347739432751146,3.280351750248854,-1,4.563238030499991,4.34095635052732,0.5394876428997255,0.1862518882195321,69.07338856725086
2001-01-25,5.01559358,5.01559358,5.01559358,5.01559358,3299,4.525407721499983,4.371185248500001,5.427100801525648,3.315269695474353,-1,4.554349636499991,4.367412712467425,0.5334492780573602,0.1729481819181369,69.07338856725086
2001-01-26,4.95210562,4.96797742,4.92036126,4.96797742,54149,4.613995654059986,4.4338801875,5.475085927890672,3.392674447109328,-1,4.544429552699991,4.390964269625566,0.7160462496151038,0.1673970489239843,66.8240659790892
2001-01-29,4.95210562,4.97591065,4.95210562,4.95210562,22799,4.688409517410388,4.494194318500001,5.508386212252451,3.4800024247475507,-1,4.53427138809999,4.412969812777504,0.6284617366755562,0.1571404761436997,66.05194897622584
2001-01-30,4.85687254,4.9044887,4.6981515,4.76163946,61349,5.0790823,4.5402234875000005,5.514440059306346,3.5660069156936545,-1,4.52316089269999,4.426643132276426,0.4461791601016511,0.1640557364191497,57.47031265180911
2001-01-31,4.79338382,4.79338382,4.69021218,4.69021218,15749,5.071463683999999,4.5810940745,5.507282460285494,3.654905688714506,-1,4.511058377549991,4.436979173363625,0.3720832236760735,0.1597068723892105,54.60515149334767
2001-02-02,4.7298951,4.7298951,4.7298951,4.7298951,13499,5.05621362384,4.625536025500001,5.488566546574679,3.762505504425323,-1,4.501058930949991,4.448466072447404,0.3553263373181617,0.1511337329328383,55.91998693605456
2001-02-05,4.66640714,4.66640714,4.66640714,4.66640714,6749,5.0415735660864,4.6699780145,5.440331983028424,3.899624045971576,-1,4.491694375299991,4.457012780978879,0.3413080416305029,0.1448733205804928,53.26198895965109
2001-02-06,4.60291843,4.60291843,4.50768535,4.50768535,749,5.019063580521216,4.698547824,5.396966191108568,4.0001294568914325,-1,4.485662966049991,4.458999940548335,0.2654977644201483,0.1458624969676004,47.21921670233031
2001-02-13,4.6981515,4.6981515,4.6981515,4.6981515,2549,4.978153322079518,4.739815376999999,5.326845576197773,4.152785177802226,-1,4.479631556749991,4.468378433075851,0.1994129393999386,0.1490484721842004,53.96825942582791
2001-02-14,4.63466279,4.63466279,4.63466279,4.63466279,149,4.940515884313157,4.7652107885,5.283927905348438,4.246493671651562,-1,4.47264782049999,4.474899388249347,0.1778930804716307,0.1429370605996146,51.599738479519225
2001-02-15,4.57117407,4.57117407,4.57117407,4.57117407,899,4.905889441568105,4.7842573285,5.241454096562635,4.327060560437364,-1,4.466616411249991,4.478674865965059,0.1563112490084889,0.1372621791282136,49.27102955603046
2001-02-16,4.47594099,4.47594099,4.47594099,4.47594099,149,4.874033114242657,4.7969550345,5.202129240235159,4.3917808287648405,-1,4.462330934149992,4.478567655142899,0.186006024385586,0.1342601006190555,45.92311052655708
2001-02-20,4.66640714,4.66640714,4.44419739,4.44419739,449,4.834223901818391,4.7969550345,5.202129240235159,4.3917808287648405,-1,4.456934412049991,4.477219801607883,0.1643978108251184,0.14054221843198,44.82965349514477
2001-02-21,4.41245303,4.41245303,4.25373123,4.31721995,48449,4.787420720400184,4.774734059,5.230772173946569,4.318695944053431,-1,4.450585559149991,4.47094529762326,0.0561387869588671,0.1441082142582672,40.65919090732213
2001-02-22,4.44419739,4.44419739,4.25373123,4.25373123,299,4.712704191744158,4.7398153395,5.240904303490248,4.238726375509752,-1,4.443919262649991,4.462427098892936,0.0403185890101265,0.1474194960969625,38.71962442137213
2001-02-23,4.19024327,4.19024327,4.06326584,4.06326584,44849,4.648447977099976,4.6906117345,5.251000872460326,4.130222596539674,-1,4.43630063919999,4.446773716191252,-0.1415776976933148,0.1504942028043223,33.54913711760459
2001-02-26,3.93628916,3.96803276,3.93628916,3.96803276,23249,4.55481883516398,4.6414080915,5.269978100690036,4.012838082309964,-1,4.428205850349992,4.427999561046496,-0.0638974770326885,0.1488143797468707,31.298621681313563
2001-02-27,3.93628916,3.99977712,3.93628916,3.93628916,20399,4.443483493634464,4.5874428705,5.261895879755622,3.912989861244378,-1,4.420587230699991,4.408716800221144,-0.1845686393719713,0.1427196354792371,30.5626771768639
2001-02-28,3.93628916,3.93628916,3.80931172,3.80931172,59399,4.35218851358026,4.5239543415000005,5.239160214087382,3.808748468912619,-1,4.414238377799991,4.385210718643844,-0.3130479583026664,0.1415951929450058,27.75165768987064
2001-03-01,3.745823,3.745823,3.55535761,3.55535761,6599,4.243613154864208,4.450942543000001,5.244347009076785,3.657538076923217,-1,4.406619754349991,4.35266745948134,-0.3296666819923818,0.1496208298775054,23.1630443522112
2001-03-02,3.65059069,3.65059069,3.52361325,3.65059069,36449,4.105962045891367,4.382692398500001,5.204400848557905,3.560983948442096,-1,4.399239215549992,4.325135037148739,-0.2165751141694818,0.148003444886255,27.97262683825707
2001-03-05,3.65059069,3.65059069,3.49186889,3.53948581,31949,3.9894922867130935,4.311267818,5.164782113719587,3.457753522280413,-1,4.391541233099992,4.294325263535063,-0.397394347791075,0.1487690416800939,25.933133846806854
2001-03-06,3.53948581,3.65059069,3.53154724,3.55535761,63599,3.8899676073704743,4.2414304175,5.102315446862572,3.380545388137429,-1,4.384557493049993,4.265346139867021,-0.3954400030126239,0.1466457851315158,26.754707332798617
2001-03-07,3.42838093,3.46012453,3.36489221,3.46012453,26249,3.81034786389638,4.176354671000001,5.066381586907104,3.2863277550928984,1,4.377732474799992,4.233768821833021,-0.3060702530603882,0.1497757576221219,24.96531401956692
2001-03-08,3.46012453,3.46012453,3.46012453,3.46012453,3449,3.721256733117104,4.114850288500001,5.024137905173911,3.205562671826092,2,4.371304259149992,4.203429829996431,-0.2753514262914721,0.1390774892205417,24.96531401956692
2001-03-09,3.46012453,3.49186889,3.46012453,3.49186889,7799,3.649983828493683,4.052948978000001,4.954859184957901,3.1510387710421,3,4.365391901699993,4.1755254794083365,-0.2591469238589393,0.1314108371333602,26.85647969156979
2001-03-12,3.57122941,3.69820684,3.57122941,3.65059069,22199,3.36489221,4.002158155500001,4.874072971232314,3.130243339767688,4,4.360312819449992,4.154939801392323,-0.2352554938625098,0.1367627737666916,35.59684062369513
2001-03-13,3.69820684,3.93628916,3.69820684,3.87280044,10049,3.3715585026,3.970413910000001,4.81210256516895,3.1287252548310525,5,4.356503507699992,4.143875512710271,-0.2166172396172345,0.1474010377833565,45.42857270713081
2001-03-14,3.93628916,3.93628916,3.93628916,3.93628916,449,3.394147728896,3.932320793000001,4.704944860526848,3.1596967254731534,6,4.353487804949993,4.135734871427515,-0.2177347010577282,0.141407300798831,47.87690953069954
2001-03-15,3.77756736,3.77756736,3.77756736,3.77756736,749,3.41583338614016,3.889466021500001,4.593550315328179,3.185381727671823,7,4.3492023277999925,4.121689086665652,-0.2174142516350569,0.1426440507417717,42.71711447080663
2001-03-16,3.93628916,3.93628916,3.93628916,3.93628916,149,3.4366516170945536,3.857721776,4.489542330356971,3.2259012216430296,8,4.346662786649993,4.114418501306215,-0.2178149610659819,0.1437924614030737,48.67411296988929
2001-03-19,3.93628916,3.93628916,3.93628916,3.93628916,4499,3.456637118810772,3.830739184500001,4.397378875472754,3.264099493527248,9,4.3438058056999935,4.1074330369412655,-0.2155111897164462,0.1335215713028541,48.67411296988929
2001-03-20,4.03152148,4.03152148,3.84105608,3.84105608,899,3.4758232004583407,3.800582119,4.292718115117847,3.3084461228821542,10,4.340948820949993,4.096986881767098,-0.2163685961833726,0.1375889876383646,45.38953937984309
2001-03-21,3.84105608,3.84105608,3.80931172,3.80931172,1049,3.50916509723084,3.775186707500001,4.206754132680047,3.3436192823199544,11,4.337774392599993,4.08570550287427,-0.2208015867663388,0.1300286570927671,44.316031487325176
2001-03-22,3.71407864,3.84105608,3.65059069,3.84105608,5099,3.54050648019699,3.7545529500000008,4.128202809528949,3.380903090471053,12,4.335076129649994,4.076111407859593,-0.2033068081883895,0.1343455665861408,45.6990921842073
2001-03-23,3.5950352,3.79343992,3.5950352,3.77756736,68849,3.5699673801851706,3.740268026000001,4.086451769457656,3.3940842825423467,13,4.332377866699994,4.064403798139609,0.070295808773456,0.1423223746871308,43.37849267155143
2001-03-26,3.77756736,3.77756736,3.66646248,3.66646248,3449,3.5950352,3.725189512000001,4.056320656427432,3.39405836757257,14,4.3297589627499935,4.048798256251781,0.0025108919805769,0.14009255363805,39.58973789394725
2001-03-27,3.66646248,3.66646248,3.23791477,3.42838093,24299,4.03152148,3.699794100500001,4.040050741436549,3.3595374595634526,15,4.3246798804499935,4.024468165026221,0.049403706956081,0.1606964933781893,32.94867892738267
2001-03-28,3.42838093,3.46012453,3.30140349,3.30140349,3299,4.0156493458,3.674398689,4.051942153929756,3.2968552240702445,16,4.318172305749994,3.996112687574212,0.232729923629192,0.1605553895654614,30.053135952687995
2001-03-29,3.30140349,3.49186889,3.20617041,3.49186889,7949,4.000094654284,3.671224253000001,4.053752721930312,3.288695784069689,17,4.312140892699993,3.976338421002674,0.2768685201409155,0.1694941817393571,38.74841545013111
2001-03-30,3.42838093,3.42838093,3.42838093,3.42838093,14399,3.96833768451264,3.6601137650000006,4.057031495630042,3.2631960343699595,18,4.306109483399993,3.954849891943746,0.1758664593251087,0.1619223087579744,37.09314516107873
2001-04-02,3.42838093,3.42838093,3.42838093,3.42838093,1499,3.9378509935321344,3.654558521,4.061068105884371,3.2480489361156284,19,4.299919352349994,3.934204050298893,0.2430365486153588,0.1503564295609762,37.09314516107873
2001-04-03,3.26965913,3.26965913,3.26965913,3.26965913,3899,3.908583770190849,3.6402735969999993,4.078560204687167,3.2019869893128314,20,4.292300728899994,3.908143465189133,0.4934973003335302,0.1509539560209065,33.00514259282379
2001-04-04,3.30140349,3.42838093,3.30140349,3.30140349,6149,3.880487235783215,3.632337545,4.088757394927642,3.175917695072358,21,4.285951875999993,3.884349740671912,0.3753003066260107,0.1515088020194131,34.55854902775479
2001-04-05,3.42838093,3.46012453,3.17442682,3.33314785,17699,3.8535145627518874,3.625988711,4.095168078456707,3.156809343543294,22,4.279603023099994,3.8627339802534055,0.3587593688876649,0.1610937240180265,36.15284828535813
2001-04-06,3.42838093,3.55535761,3.33314785,3.33314785,9299,3.812769298186773,3.618052659000001,4.10119951437517,3.134905803624831,23,4.272460565049994,3.841965896714056,0.2731179419302933,0.165459155159596,36.15284828535814
2001-04-09,3.42330162,3.42330162,3.42330162,3.42330162,4349,3.774468749495567,3.6066882055,4.096880136677525,3.116496274322476,24,4.266403759199994,3.825547689784093,0.2695304802655981,0.1600801990767677,40.89552954532631
2001-04-10,3.54519975,3.55535761,3.54519975,3.55535761,1199,3.738466233725833,3.590816064,4.065836328436309,3.1157957995636907,25,4.2606897897499945,3.8149520003807953,0.2633642132968437,0.1580784698569986,47.09478828961285
2001-04-11,3.65185994,3.80931172,3.65185994,3.74328373,6899,3.17442682,3.5811657925,4.035093855620332,3.127237729379668,26,4.255915450899995,3.812141479973705,0.2602085593017846,0.164926729867213,54.42126866235354
2001-04-12,3.7585209,3.7585209,3.7585209,3.7585209,749,3.187124518,3.5802134695000007,4.032566551173754,3.127860387826248,27,4.250899858099994,3.810038712131599,0.2602085593017846,0.1542346184481264,54.9658227418336
2001-04-16,3.76360021,3.76360021,3.76360021,3.76360021,3299,3.19956826204,3.5715790220000008,4.002500425054485,3.140657618945516,28,4.246544545199994,3.808217594400948,0.2558678456344614,0.1435806678446888,55.15815289023388
2001-04-17,3.69757222,3.73312587,3.61122774,3.73312587,1499,3.2117631311992003,3.561420857500001,3.966263150565043,3.1565785644349584,29,4.242195582399994,3.805272820895029,0.2680650341234211,0.1442086537129253,53.67697427447424
2001-04-18,3.78899524,3.78899524,3.74836304,3.75344159,3899,3.223714102975216,3.557040133,3.951445685794394,3.162634580205606,30,4.237154593049993,3.803240223605027,0.2530804646014743,0.1378987048762878,54.55313591219394
2001-04-19,3.66201856,3.78391669,3.66201856,3.77883738,10949,3.235426055315712,3.555516416000001,3.946229950773126,3.164802881226875,1,4.233034187799992,3.802283249346007,0.2962548569329271,0.1367558066708386,55.68159452002956
2001-04-20,3.78391669,3.78391669,3.78391669,3.78391669,149,3.2469037686093976,3.5526594465000003,3.935740605323068,3.1695782876769325,2,4.228621735549992,3.801562992116752,0.2775091738996832,0.1273503426229216,55.91735825360731
2001-04-23,3.70773008,3.74836304,3.68233505,3.68233505,1649,3.258151927637209,3.547897831,3.9219391667293455,3.173856495270655,3,4.223860096849992,3.7968873865435455,-0.0450806264134018,0.1255097210069986,50.16924135681
2001-04-24,3.55535761,3.55535761,3.40298514,3.45885527,2999,3.269175123484465,3.5375174705000005,3.909337472158222,3.165697468841779,4,4.218298502849993,3.783631225110465,-0.0242371378266039,0.1364983059350701,40.34359298234295
2001-04-26,3.52996258,3.68233505,3.52996258,3.68233505,299,3.279977855414776,3.550215176500001,3.923601646600949,3.176828706399053,5,4.213536864149992,3.779658826086525,-0.0005698547537767,0.1427112683682794,50.734456610556535
2001-04-30,3.81946958,3.93628916,3.73820442,3.93628916,24299,3.2905645327064805,3.58195946,3.972876114792399,3.191042805207602,6,4.210044995999993,3.785801192122348,0.2236644256801497,0.150657185627688,59.39057333426927
2001-05-01,3.7585209,3.86518186,3.60614843,3.60614843,9599,3.3163935177982213,3.5876734370000007,3.9764908645348007,3.1988560094652008,7,4.204902424199993,3.778755985764609,0.0800753384676778,0.1634774387971388,47.665565938859366
2001-05-02,3.65693925,3.75344159,3.61630629,3.75344159,16949,3.3411893434862923,3.60392647,3.9919256235822433,3.215927316417757,8,4.200655039999994,3.777763264362075,0.2115825079242664,0.1623214188830575,52.19970027328086
2001-05-03,3.79407455,3.79407455,3.70773008,3.74836304,5849,3.3649933361468407,3.619925575500001,4.004020088479828,3.235831062520174,9,4.196382263049994,3.776610314387092,0.201980393766283,0.1568944939628391,52.03231323645262
2001-05-04,3.79915386,3.79915386,3.79915386,3.79915386,149,3.387845169100967,3.646400312000001,4.002226375174893,3.290574248825109,10,4.192363440199994,3.7774943749993626,0.2079010259606359,0.1493156601083506,53.63366504813218
2001-05-07,3.82454889,3.95152633,3.82454889,3.95152633,899,3.409782928736928,3.6789064540000007,4.021253362994004,3.3365595450059966,11,4.190534972099994,3.784319157548407,0.2742482739741128,0.1495340036720398,58.14768460528726
2001-05-08,3.8956562,4.02771218,3.8956562,4.02771218,1049,3.4422875328127125,3.7136346705000007,4.049492519094807,3.377776821905194,12,4.1879763844499935,3.793863981958274,0.3086599338260259,0.1482855734097513,60.23238070410671
2001-05-09,4.0327915,4.08358232,4.0327915,4.08358232,1049,3.4891215045876955,3.751156394000001,4.07609821046004,3.4262145775399624,13,4.186014591099994,3.8052254854108902,0.4405319368334376,0.1416844710233404,61.73755271598217
2001-05-10,4.11913597,4.34769429,3.9667635,4.34769429,42149,3.548567586128926,3.7973760275,4.180411153443794,3.4143409015562067,14,4.184579748599994,3.826498771865365,0.6285898567898918,0.1587734938073875,67.91908684738969
2001-05-11,4.3349964,4.45943456,4.16484748,4.16484748,10949,3.644462790593455,3.8278505210000007,4.225711802716495,3.4299892392835063,15,4.182230672049994,3.839767348654959,0.5028295106555668,0.168474464249717,60.61767585978122
2001-05-14,4.11405666,4.23087548,4.04294936,4.12421452,7499,3.758558838310371,3.8468970605,4.26280393995026,3.4309901810497405,16,4.1804720396999935,3.8509221396880977,0.4861924344852333,0.1698638682318801,59.09727478785653
2001-05-15,4.14961031,4.14961031,4.14961031,4.14961031,149,3.8566814393469193,3.866451531000001,4.300287924406003,3.432615137593998,17,4.178681664499993,3.8626354012689568,0.4881996969960098,0.1595447197867458,59.77633529245152
2001-05-17,4.2816663,4.58641124,4.2816663,4.58641124,1799,3.9410668762383514,3.9075920825,4.439566286764669,3.375617878235332,18,4.178599128549993,3.891018767493704,0.5057989429495244,0.1793487348019783,69.23649640372982
2001-05-18,4.57117407,4.58133193,4.56101621,4.56101621,2699,4.044321974440215,3.9489865995,4.54518074243616,3.3527924565638414,19,4.178230895649993,3.917293177003754,0.4726681511716893,0.168352041601837,68.23175728251636
2001-05-21,4.56609476,4.64228137,4.56609476,4.57117407,3149,4.131056256929781,3.989873223500001,4.636817171245298,3.3429292757547038,20,4.178548339249993,3.942935564964391,0.4764782821256293,0.1621315500588486,68.42911005410379
2001-05-22,4.57117407,4.57117407,4.51022538,4.51022538,1499,4.2230767772824205,4.0264426235,4.703519602406623,3.349365644593377,21,4.178561039399994,3.965182224377552,0.4243176070422132,0.154904202911788,65.78825104985779
2001-05-23,4.5305411,4.5305411,4.47975028,4.4899089,4049,4.298533603971585,4.0617422340000005,4.757907025960968,3.365577442039033,22,4.178948318749994,3.985759741068629,0.3948779331171946,0.1474675327038031,64.88927929570536
2001-05-24,4.56609476,4.56609476,4.47467173,4.52038324,2699,4.3604082018567,4.1036446435,4.804289005570532,3.403000281429468,23,4.1805990185999935,4.006725368477702,0.4037087950073501,0.1434643539392457,65.64755285472077
2001-05-25,4.52038324,4.52038324,4.52038324,4.52038324,299,4.411145372122494,4.156721042,4.813392687586398,3.500049396413602,24,4.182567161999994,4.026868814419753,0.4174944548350492,0.1332169000864425,65.64755285472077
2001-05-29,4.52038324,4.5305411,4.52038324,4.5305411,9899,4.452749851740445,4.1991313445000005,4.837067852591541,3.56119483640846,25,4.1826814407499935,4.046620668756233,0.4556186246849505,0.1244269686516966,65.93197954560185
2001-05-30,4.51022538,4.51022538,4.34261574,4.35785291,13799,4.64228137,4.220209532,4.849818245951219,3.590600818048781,26,4.181773556749993,4.0588258546873615,0.2294098798189861,0.1289625680337182,57.25321952081838
2001-05-31,4.44927594,4.46959242,4.43911808,4.45943456,56549,4.6362880574,4.2628738385,4.833099825187065,3.692647851812935,27,4.181691024599994,4.074535999993739,0.325946837135526,0.1277323496027383,60.54339168631568
2001-06-01,4.49498821,4.49498821,4.42895946,4.4899089,8999,4.630414611052,4.299697204,4.82708565246466,3.7723087555353394,28,4.182871912949994,4.090825133327318,0.2874536758770336,0.1233249496311141,61.50074289835217
2001-06-04,4.46959242,4.49498821,4.46959242,4.49498821,9299,4.62465863363096,4.3370284625,4.805427787281069,3.8686291377189312,29,4.186260629249993,4.106674665745854,0.3358851112522612,0.1163300096574631,61.66768722247159
2001-06-05,4.4899089,4.4899089,4.4899089,4.4899089,2999,4.6190177757583415,4.3715662145000005,4.773361150050008,3.9697712789499926,30,4.189981058749994,4.121703459246016,0.3306103009862873,0.1083835311105015,61.38104624307191
2001-06-06,4.49498821,4.49498821,4.44927594,4.46959242,34949,4.613489735043174,4.397469519,4.751574548583568,4.043364489416431,-1,4.194393510999994,4.13534616358931,0.2561908137054548,0.1039070124597514,60.17619407446176
2001-06-07,4.46705315,4.54577827,4.46705315,4.54577827,32249,4.608072255142311,4.4233728235,4.739223177965591,4.10752246903441,-1,4.198869448899994,4.151441540311298,0.3502484743563275,0.1021083058554834,63.101171949259566
2001-06-08,4.54577827,4.54577827,4.5305411,4.5305411,3299,4.6027631248394645,4.4457207625,4.723154025735881,4.168287499264118,-1,4.203904088149994,4.166308189710855,0.329620074214542,0.0959032247229488,62.11848462485727
2001-06-11,4.5305411,4.54577827,4.49498821,4.52546255,31349,4.597560177142675,4.454609175499999,4.730295795921941,4.178922555078057,-1,4.208437169249994,4.180392674428076,0.1939288829960408,0.0926808558141668,61.77318348246762
2001-06-12,4.52546255,4.85052397,4.42895946,4.85052397,134549,4.34261574,4.488892999999999,4.781909939877662,4.195876060122337,-1,4.214754279249993,4.206672333077956,0.5298468167173338,0.1161725453988692,72.36282379290546
2001-06-13,4.85052397,4.95210562,4.85052397,4.9013148,21149,4.3527739046,4.527748014,4.823112785209268,4.232383242790732,-1,4.220373016449994,4.233913214133722,0.5132817753273544,0.1151303385846642,73.59372929583503
2001-06-14,4.89115617,4.89623549,4.82512818,4.82512818,131849,4.376747173216001,4.5615239075,4.829416557890742,4.293631257109258,-1,4.224975933349993,4.257098114755928,0.119993644452406,0.1123486444000453,68.65429898064326
2001-06-15,4.82512818,4.82512818,4.74894157,4.75910019,71699,4.399761511087361,4.570158355,4.851497401377074,4.288819308622927,-1,4.228613826899993,4.276784470647852,0.0112210338466878,0.1097656419428992,64.6071368686662
2001-06-18,4.79973239,4.79973239,4.72354654,4.75402088,44999,4.421855275443867,4.579808588500001,4.872252635877894,4.287364541122107,-1,4.233019929099993,4.29549962395578,0.0002810668957645,0.1073670853755493,64.29315186465885
2001-06-19,4.8048117,4.82512818,4.8048117,4.82512818,749,4.443065289226112,4.5925062940000005,4.903793979846586,4.281218608153415,-1,4.238099011399994,4.316269371251631,0.005919941874049,0.1047771007058672,66.73076812171621
2001-06-20,4.75402088,4.7641795,4.72354654,4.72354654,19349,4.463426902457067,4.6031723520000005,4.9170596624145615,4.28928504158544,-1,4.241717858499994,4.332241024928038,-0.0223665053398703,0.104548853512591,60.38837867430401
2001-06-21,4.77941667,4.77941667,4.6981515,4.6981515,22949,4.482974051158784,4.613584482000001,4.925562172923394,4.301606791076608,-1,4.246003335599994,4.346590455323017,-0.0531108232827831,0.1028857332616916,58.88168360931565
2001-06-22,4.75402088,4.75402088,4.74386302,4.74386302,899,4.501739313912433,4.624758471000001,4.938586214680871,4.31093072731913,-1,4.250676092099994,4.362169771584859,-0.0546365629690566,0.0995274223144279,60.77863476166885
2001-06-25,4.60672772,4.78449522,4.60672772,4.70323005,9299,4.519753966155935,4.6339008115,4.94567996910594,4.322121653894061,-1,4.255145683749993,4.375544684463884,-0.0526864610293726,0.1051159992919688,58.207995956577314
2001-06-27,4.75910019,4.77433736,4.73878371,4.73878371,7499,4.5370480323096976,4.644312942000001,4.95549782556366,4.333128058436342,-1,4.259951765499994,4.389789352131968,-0.0792999458830819,0.1026868071996853,59.80976925264611
2001-06-28,4.77433736,4.82512818,4.60672772,4.60672772,24749,4.553650335817309,4.6567566825,4.939753687508711,4.3737596774912895,-1,4.264097567299993,4.3982967391071845,-0.0981078319317222,0.1109520681139934,51.85929660954676
2001-06-29,4.82512818,4.82512818,4.6981515,4.71846722,24149,4.569588547184617,4.6697083155,4.9387636253092735,4.400653005690727,-1,4.268960788399993,4.410852444240236,-0.1584673587232477,0.1186269532487082,57.06057764391221
2001-07-03,4.67275571,4.67275571,4.60164841,4.60164841,449,4.584889230097232,4.675295290999999,4.933610537820907,4.416980044179092,-1,4.272605028249993,4.418334638975913,-0.1734533353216973,0.1184978001595147,50.872297349314
2001-07-05,4.62196489,4.62196489,4.59656986,4.61688558,2099,4.95210562,4.6813901595,4.927882324138247,4.434897994861753,-1,4.275849292349993,4.426120950388622,-0.188403944174274,0.111847602290978,51.60947199888887
2001-07-06,4.60672772,4.62196489,4.5305411,4.5305411,39749,4.944994904800001,4.6834217695,4.924170498829516,4.442673040170484,-1,4.278661834049993,4.43021585821652,-0.2382879237065072,0.1103887585559081,47.27998705253877
2001-07-09,4.53562041,4.53562041,4.48482959,4.48482959,1499,4.928416752608,4.684183628,4.922302929129588,4.446064326870413,-1,4.281404536199993,4.432357573188421,-0.2472321417457142,0.1061317629447718,45.12189568355975
2001-07-10,4.57625338,4.57625338,4.42895946,4.42895946,2849,4.90180152285152,4.678342687500001,4.934781767572392,4.42190360742761,-1,4.283550447899993,4.432224313847699,-0.3184150191396522,0.1090719170201452,42.564606180398
2001-07-11,4.52038324,4.52038324,4.42895946,4.42895946,599,4.863974157823399,4.673263605500001,4.944791045127516,4.401736165872485,-1,4.285220194199993,4.432096280363475,-0.3153089574188803,0.1078113358044206,42.564606180398
2001-07-12,4.50514607,4.50514607,4.50514607,4.50514607,2249,4.829172981997527,4.6722477815,4.946121280809868,4.398374282190133,-1,4.2869534299499925,4.43496097799628,-0.3427250281614514,0.1055524268183906,47.28916029865656
2001-07-13,4.45943456,4.45943456,4.4188016,4.4188016,5399,4.797155900237724,4.650661662999999,4.932855506098749,4.36846781990125,-1,4.286191567599993,4.434327276898387,-0.7669493732943337,0.1041804299027913,42.97462630151426
2001-07-17,4.36801077,4.36801077,4.26642913,4.30198278,4349,4.759320470213952,4.620695062,4.916991147112986,4.324398976887014,-1,4.284528167549993,4.429137296627862,-0.8009417673382718,0.1076227184811634,37.93216171528434
2001-07-18,4.30706209,4.30706209,4.23087548,4.23087548,1049,4.700173509388278,4.590982427,4.917008942323227,4.264955911676774,-1,4.281080738649993,4.421362323426769,-0.7101040433311756,0.1053772821610803,35.22295239781619
2001-07-19,4.21563831,4.21563831,4.16484748,4.16484748,1649,4.634471785273919,4.5612697915,4.926546957531637,4.195992625468363,-1,4.276827008149993,4.41130291780219,-0.7046247030631658,0.1025666191495745,32.874949144332604
2001-07-20,4.16484748,4.16484748,3.92613054,3.93628916,3149,4.559331896430092,4.520383205500001,4.964714295894941,4.07605211510506,-1,4.271271764249993,4.392674927300143,-0.838372381705794,0.112291642067462,26.33155571983681
2001-07-23,3.86010254,3.86010254,3.72296725,3.72296725,12149,4.445355652272675,4.465275159,5.007384992941443,3.923165325058557,-1,4.264015023649993,4.36641188113151,-0.8563198101082762,0.119508089776929,21.941859345465417
2001-07-24,3.69757222,3.69757222,3.59599057,3.59599057,5849,4.3008779718181405,4.4088973605,5.056168219945278,3.7616265010547214,-1,4.256440843199993,4.336199280694981,-0.8450837412700772,0.1200415605071484,19.82344776681417
2001-07-25,3.57059478,3.57059478,3.5502783,3.5502783,2549,4.159900491454512,4.3515037005,5.083962015642532,3.619045385357469,-1,4.248796823199993,4.305378850079491,-0.8243237617779244,0.1147323254709235,19.10821002259385
2001-07-26,3.51472464,3.55535761,3.49948747,3.50456678,9749,4.03797605316361,4.2895388885,5.085659415843797,3.4934183611562037,-1,4.241241689199993,4.273974455174414,-0.822971124798276,0.1105278836515718,18.39352646060371
2001-07-27,3.50456678,3.50456678,3.413143,3.4436181,15449,3.930278336530888,4.226558291,5.079101540386796,3.374015041613204,-1,4.233381811799993,4.241411460853849,-0.8282648957541071,0.1091633048193167,17.456044432528373
2001-07-30,3.40298514,3.40298514,3.33187783,3.39689027,13049,3.8268512692247114,4.159463618999999,5.050540518639944,3.268386719360054,-1,4.226716787649994,4.208292982781149,-0.6956806020703317,0.1093473737607941,16.75112743257671
2001-07-31,3.32679852,3.32679852,2.92047194,2.99157924,32249,3.727856581379768,4.0787061950000005,5.07906250366267,3.078349886337331,-1,4.217549042949994,4.160578718358359,-0.6457317553453276,0.1355667277778802,12.16303932562397
2001-08-01,2.89380689,2.92047194,2.87983974,2.87983974,34499,3.5663796531038146,3.986774821,5.069597316029617,2.9039523259703826,-1,4.207822600749993,4.110353660383521,-0.7055027650795643,0.1338647829366031,11.24833850521314
2001-08-02,2.8493654,2.8493654,2.16368891,2.30590351,119549,3.429071670483052,3.871987576,5.140550493644227,2.603424658355772,-1,4.195226477399993,4.039590909388089,-0.6586356509890569,0.1754566434411315,7.943821264641059
2001-08-03,2.36177365,2.3668522,2.30590351,2.36177365,25049,3.175995118386441,3.7592319795,5.138931653718256,2.379532305281744,-1,4.183544588149994,3.973794154117968,-0.5542382653322779,0.1672775039096221,10.694246757978236
2001-08-06,2.28629785,2.28629785,2.28558703,2.28558703,8699,2.973533876709153,3.646984276,5.119572249208375,2.1743963027916253,-1,4.170846882399994,3.907589953172165,-0.5083512452698413,0.1607710122017919,10.244744672589476
2001-08-07,2.34145717,2.34145717,2.03671223,2.10781953,15449,2.8115648833673226,3.5281337729999995,5.091918361622114,1.964349184377885,-1,4.158212666099994,3.837010720890904,-0.5072388549316353,0.1710548641873782,9.26607595309629
2001-08-08,2.03671223,2.15861036,2.03671223,2.08242374,32099,2.6565943526938582,3.410806987,5.037483985359302,1.7841299886406978,-1,4.145451470849994,3.768203388306947,-0.4792226311815728,0.1675436688882798,9.131864958526409
2001-08-09,2.08242374,2.13351931,2.08242374,2.10781953,380698,2.5326179281550867,3.2947499905,4.945334590637017,1.6441653903629831,-1,4.1324998109999935,3.7030902958243215,-0.2302518999943228,0.1592259475391169,10.527483006914592
2001-08-10,2.20432187,2.20940042,2.15353105,2.15353105,10949,2.433436788524069,3.1771692395,4.800928147208894,1.5534103317911063,-1,4.1189831035499935,3.642323266576309,-0.2424458133620459,0.15510844342918,13.114220066787894
2001-08-13,2.13829388,2.13829388,2.10781953,2.10781953,4799,2.354091876819256,3.061620136,4.643883763085811,1.479356508914188,-1,4.104999757699993,3.582146649455669,-0.2418257389693783,0.1472943774699529,12.718239111097674
2001-08-14,2.14337242,2.15861036,2.08242374,2.10781953,236698,2.2906159474554046,2.9519119735,4.478234967953439,1.42558897904656,-1,4.092286182449993,3.5243298996730936,-0.2639985229025564,0.1422152519363848,12.718239111097674
2001-08-15,2.0925816,2.0925816,2.06210726,2.0925816,15749,2.239835203964324,2.8449972795,4.295679561806165,1.394314997193835,-1,4.079258332949993,3.4681829075290507,-0.2428994080497921,0.1353221817980716,12.571485729545143
2001-08-16,2.08242374,2.08242374,1.9808421,2.03671223,8549,2.199210609171459,2.738590517,4.0955921830532045,1.3815888509467948,-1,4.065951136599994,3.412046802527912,-0.2386643143678599,0.1336377045267807,12.023674626740544
2001-08-17,1.94528844,1.94528844,1.90973479,1.90973479,1049,2.1555369073371677,2.6372627985,3.9221317610299664,1.3523938359700338,-1,4.052643940199994,3.3531326059581894,-0.2373130881186586,0.1331619713462964,10.86487961216939
2001-08-20,1.90465624,1.90465624,1.58975268,1.71673012,47699,2.1063764838697336,2.5369509420000003,3.7796752186964913,1.294226665303509,-1,4.0383717204499945,3.288959959450025,-0.2261868981583131,0.1465062669644181,9.384401718237726
2001-08-21,1.44753884,1.67609716,1.44753884,1.53388255,12599,2.003051723095787,2.433845541,3.6498870641809935,1.2178040178190068,-1,4.022550375699994,3.220133394373553,-0.2220046181563718,0.1552694821812454,8.23900060189284
2001-08-22,1.57451551,1.65070213,1.5694362,1.62530633,27299,1.90465624,2.3375969425000003,3.4878858302663405,1.18730805473366,-1,4.007186149849994,3.157591156554983,-0.2046264258940219,0.1525230605968708,13.897746513190242
2001-08-23,1.71673012,1.71673012,1.5694362,1.5999113,137999,1.81323276,2.2423641685,3.3022508140649687,1.1824775229350313,-1,3.9920123923999937,3.096505671984199,-0.244175811433721,0.1521495505542371,13.646012406661184
2001-08-24,1.55927834,1.57451551,1.53388255,1.53388255,98849,1.740093976,2.146877391,3.0948625395647134,1.1988922424352864,-1,3.9765084911999935,3.0352263338671714,-0.3022135755410032,0.145998064800363,12.987314821279568
2001-08-27,1.54912048,1.60498985,1.40182656,1.47293387,17699,1.71673012,2.0506795709999994,2.8506753797231816,1.2506837622768172,-1,3.959588797849993,2.9739599627351256,-0.3138175011354988,0.1500812951717657,12.39266547178353
2001-08-28,1.49832966,1.52372469,1.49832966,1.52372469,24149,1.653749408,1.9772868434999995,2.682216042832942,1.272357644167057,-1,3.942923058599993,2.917087991255317,-0.2800360879229154,0.1429891183737824,15.850458064563696
2001-08-29,1.51864538,1.52372469,1.44753884,1.44753884,13499,1.60498985,1.9056717985,2.513632784614336,1.2977108123856635,-1,3.925082784899993,2.8594586127747164,-0.2678345702801709,0.1382174563470836,14.900441072579156
2001-08-30,1.57451551,1.57451551,1.30024492,1.3205614,118049,1.30024492,1.856404693,2.4859611408331137,1.2268482451668852,-1,3.9067663457999937,2.799109702469825,-0.2928854438269528,0.1479355373222919,13.453166277588297
2001-08-31,1.34595643,1.34595643,1.21897975,1.24437554,340348,1.57451551,1.8005347874999995,2.4390423567037303,1.1620272182962692,-1,3.889180026199994,2.738139735314146,-0.3783591734112709,0.1464384760849854,12.658703433784764
2001-09-04,1.46785455,1.52372469,1.35103574,1.50340821,69899,1.57451551,1.7614258464999994,2.371487797359422,1.151363895640577,-1,3.8741586404999935,2.6897188911841794,-0.32550914967545,0.1559320956503436,28.186799642764186
2001-09-05,1.56181762,1.56181762,1.42214304,1.52372469,37349,1.5674047947999998,1.732221104499999,2.3289342409666034,1.1355079680333953,-1,3.858603949999994,2.643993628392643,-0.3057386974140983,0.1547708445324619,29.249249001957864
2001-09-06,1.52372469,1.52372469,1.47293387,1.47801318,13049,1.56181762,1.7020005764999993,2.285789410390227,1.1182117426097713,-1,3.842820701949994,2.5982689049262646,-0.3108337005964539,0.1473436999230004,28.2370068851922
2001-09-07,1.44753884,1.44753884,1.44753884,1.44753884,149,1.56181762,1.6689865419999994,2.2315361372745794,1.1064369467254196,-1,3.827519969399993,2.55314223571347,-0.4046705550090336,0.1389958884999289,27.55242879342414
2001-09-10,1.44804623,1.52372469,1.44245952,1.47293387,17699,1.5549608626,1.6349566829999993,2.157030026432157,1.1128833395678417,-1,3.812981095399993,2.5107811233325497,-0.3972253318889164,0.134872265749934,29.09512196096017
2001-09-17,1.3205614,1.3916687,1.03105363,1.21390044,173399,1.548241240348,1.5902607284999992,2.0955403343293213,1.0849811226706771,-1,3.7968296106499935,2.459923057319509,-0.344658162755104,0.1568014067677959,23.579627681142316
2001-09-18,1.19358472,1.19358472,1.15295176,1.15295176,13049,1.5275537359340798,1.5425173399999992,2.023000596388057,1.0620340836119415,-1,3.7803733824999934,2.408669280954037,-0.3541130902233592,0.149954783427239,22.49889421141472
2001-09-19,1.17326824,1.1834261,1.01581646,1.09708162,20549,1.5076937316967167,1.4927423409999991,1.940092780445392,1.0453919015546065,-1,3.7645901344499935,2.3572344707205457,-0.3664122157880056,0.1512158446110076,21.524971739264718
2001-09-20,1.10724025,1.10724025,1.01622253,1.01622253,4049,1.4781810953949135,1.441717855999999,1.861172265228563,1.022263446771435,-1,3.748958115349993,2.304645767162877,-0.3719260439994582,0.1469159785673642,20.164514909938617
2001-09-21,1.01581646,1.01581646,0.96502564,1.01073715,3149,1.4504392172712188,1.396767973999999,1.7982663395517515,0.9952696084482464,-1,3.734012915499993,2.253904252764333,-0.3682728642611438,0.1400789008125525,20.071833682339943
2001-09-24,1.09708162,1.11739811,1.09708162,1.11739811,899,1.4116061310895214,1.366801373499999,1.7576252445292768,0.9759775024707212,-1,3.7199184602499935,2.209335384420634,-0.3744842705765023,0.1376919050402273,27.08927616075069
2001-09-25,1.08692376,1.1427939,1.07168659,1.1427939,26099,1.3758796918023597,1.3472469409999992,1.7417928072479747,0.9527010747520236,-1,3.7049986569499938,2.1675102281688443,-0.3449012293569015,0.1329358625373539,28.69452661524761
2001-09-26,1.05137011,1.05137011,1.05137011,1.05137011,149,1.343011367658171,1.318550129999999,1.7115102142189906,0.9255900457810076,-1,3.6896217346999935,2.1237400274563405,-0.3622460885285337,0.1299707144989715,26.437896081149404
2001-09-27,1.01581646,1.01581646,1.01581646,1.01581646,1949,1.3127725094455174,1.2893453879999992,1.6811395601897217,0.8975512158102767,-1,3.6733527980499936,2.080292044418837,-0.3304447466852624,0.1232266384633307,25.59490200659367
2001-09-28,1.16818893,1.16818893,1.04121149,1.06660728,7649,1.284952759889876,1.265981624499999,1.652351887089626,0.8796113619103723,-1,3.657337815499994,2.040539700716137,-0.2594201390500529,0.1253084835730928,29.074169164812943
2001-10-01,0.9751835,1.01073715,0.8685233,0.98026281,157049,1.259358590298686,1.2413480714999992,1.6345603982247856,0.8481357447752127,-1,3.640811751599993,1.9989602148057009,-0.1335278699631593,0.1305067333178719,26.78143882853428
2001-10-02,0.98026281,0.98026281,0.98026281,0.98026281,449,1.2202750612688174,1.214174977499999,1.6006309485466306,0.8277190064533675,-1,3.624841212099993,1.959011296970183,-0.160345909920907,0.1211848237951667,26.78143882853428
2001-10-04,0.98026281,0.98026281,0.96522905,0.96522905,2549,1.1850998851419356,1.1900594879999988,1.5754489880150897,0.8046699879849082,-1,3.6093510281499936,1.9200394441478228,-0.151220403571843,0.1136026049526548,26.361659677378142
2001-10-05,0.95517252,0.95517252,0.94470915,0.95486778,13049,1.153442226627742,1.1717748069999991,1.565277826785176,0.7782717872148222,-1,3.5938090378499936,1.8821895749655555,-0.0437768685555656,0.1069538403131795,26.05850345185783
2001-10-08,0.94470915,0.94470915,0.94470915,0.94470915,749,1.1249503339649678,1.1567914874999992,1.5607769035219603,0.7528060714780377,-1,3.578216254399994,1.845425636731612,0.2925700758501217,0.1000398967193809,25.74588941353602
2001-10-09,0.95527385,0.95527385,0.94470915,0.95486778,8099,1.099307630568471,1.1293644659999993,1.509260842123503,0.7494680898764956,-1,3.5633091474999934,1.8105017992127248,0.2369062112861246,0.0936488112394252,26.69297512357599
2001-10-10,0.95486778,0.95486778,0.92439267,0.92439267,18149,1.0762291975116238,1.0993978649999991,1.4429498378748846,0.7558458921251137,-1,3.5479322252499936,1.77575242159654,0.1734586310595081,0.0891364040080377,25.63658629205824
2001-10-11,0.9398843,1.03613294,0.93963061,0.98534212,38549,1.0554586077604615,1.074764311999999,1.3739842003356562,0.7755444236643417,-1,3.533653655449993,1.7447559391809893,0.1813156697571965,0.0907509658646064,31.477356507369063
2001-10-12,0.99087854,1.02607641,0.99042067,0.99042067,33149,1.0367650769844154,1.051908403499999,1.2990390806855725,0.8047777263144257,1,3.518924312999993,1.7151741639189897,0.1089058903186244,0.0871783461599916,31.95692359332027
2001-10-15,0.99042067,0.99042067,0.91931412,0.91931412,33899,1.03613294,1.024227415999999,1.1856968665018446,0.8627579654981532,2,3.5036013569999933,1.683963966118245,0.0527851516504394,0.0860303607199922,28.90646710652939
2001-10-16,0.99519523,0.99549998,0.97010495,0.9751835,95849,1.02607641,1.012291568999999,1.149362410551367,0.875220727448631,3,3.489906881299993,1.656168653721451,-0.0638161166541506,0.0853271820971356,34.219539201447986
2001-10-17,0.97010495,0.97010495,0.93963061,0.93963061,104699,1.010321099,1.001625511499999,1.125852004646008,0.87739901835399,4,3.475241032149993,1.6280691225951196,-0.2141520949777837,0.0817718755187688,32.552354342145264
2001-10-18,0.93963061,0.93963061,0.90407695,0.92947198,15299,0.9961413191,0.993245029499999,1.1131205665237671,0.873369492476231,5,3.4614767167999934,1.6006731562188403,-0.2034447980247991,0.0784705744102853,32.071543361843595
2001-10-19,0.93963061,0.94978847,0.93963061,0.94978847,106649,0.98337951719,0.989923326499999,1.1107459689985248,0.8691006840014731,6,3.444639559399993,1.5751482665631995,-0.0065051556506156,0.0743167112381221,34.165855401221066
2001-10-22,0.91931412,0.91931412,0.88376047,0.88376047,2999,0.971893895471,0.9835744924999992,1.112432350382231,0.8547166346177669,7,3.4268373747999936,1.5480350196391526,-0.0147682183991439,0.073724660435399,30.83816912865582
2001-10-23,0.84820682,0.86344399,0.58409408,0.62980636,183299,0.9615568359239,0.9591949049999992,1.148074540179833,0.7703152698201656,8,3.407447979849993,1.51202605259448,-0.1576714300286268,0.0898633554042991,21.9735207835607
2001-10-24,0.55869905,0.78725737,0.50790823,0.78725737,1345193,0.91931412,0.941418078499999,1.1246726537209106,0.7581635032790874,9,3.390274332349993,1.483603751316265,0.5462377354098404,0.103398054303992,34.537820193258426
2001-10-25,0.71615083,0.72630869,0.65520139,0.69583435,17849,0.86344399,0.9236412904999992,1.128488956504777,0.7187936244952211,10,3.372643569749994,1.452710833617588,0.5429830311673458,0.105445048996564,31.3783043767784
2001-10-26,0.70599221,0.72122938,0.66536001,0.68567649,8849,0.8136689836000001,0.9071342919999992,1.1318537596716252,0.6824148243283733,11,3.3546445742499937,1.422631055436506,0.5401754788706634,0.101903929068238,31.038555171622093
2001-10-29,0.68567649,0.68567649,0.68567649,0.68567649,299,0.7708624780960001,0.8880877524999992,1.119971648697909,0.6562038563020892,12,3.337597905699994,1.3937308763997802,0.544089941376421,0.0946250769919353,31.038555171622093
2001-10-30,0.71107152,0.797416,0.71107152,0.72630869,41399,0.50790823,0.8753900464999992,1.1134246219988615,0.6373554710011369,13,3.3216273661499933,1.3675574573252791,0.5182060866790128,0.0958475364925113,34.336840587566
2001-10-31,0.73646655,0.74662517,0.5942527,0.62980636,237598,0.5136983854,0.8578672239999993,1.1133958368980816,0.6023386111019169,14,3.304460068749993,1.3386260417438955,0.4100639640320769,0.0998850317430462,30.594238345475205
2001-11-01,0.64504353,0.6602807,0.62472705,0.6602807,27149,0.519372737692,0.8426198064999992,1.1069448178114727,0.5782947951885258,15,3.288159389249994,1.3120242636362918,0.4184704512834343,0.0952899330471144,33.07498828699097
2001-11-02,0.6602807,0.6602807,0.62980636,0.62980636,7799,0.5249336029381599,0.8263667354999992,1.100864555943726,0.5518689150562723,16,3.2719444188499938,1.2852706203564372,0.410783764631465,0.0906602478294633,31.84904993831735
2001-11-05,0.6602807,0.731388,0.60948988,0.71615083,24449,0.5303832508793968,0.8149388194999994,1.0878035994241255,0.542074039575873,17,3.256954779799994,1.2629521972052045,0.4144419514076105,0.0928915244130731,38.773614313981945
2001-11-06,0.64504353,0.82789034,0.64504353,0.7720202,317848,0.5357239058618088,0.8057964404999993,1.071452674250609,0.5401402067493897,18,3.242085765799993,1.2436999620206866,0.4098410730603118,0.0993169019549965,42.821926455428525
2001-11-07,0.80249531,0.81773248,0.73646655,0.73646655,112799,0.5474105632273365,0.7964001344999991,1.0578736243183775,0.5349266446816205,19,3.226562818149994,1.2238084556669342,0.3614159053249844,0.0980275468153538,40.96561866185691
2001-11-08,0.76186234,0.76186234,0.71107152,0.71107152,1049,0.558629754298243,0.7826866044999992,1.031549060429212,0.5338241485707865,20,3.210754173549994,1.2037011248564662,0.3667626436455509,0.0946534948999714,39.64369276884685
2001-11-09,0.68567649,0.71107152,0.68059718,0.68059718,3449,0.5694001777263134,0.767195429999999,1.0004900457687285,0.5339008142312696,21,3.194951879049994,1.1831872446660163,0.3818617800595041,0.0900692695499734,38.05665077629956
2001-11-12,0.68059718,0.76186234,0.61964774,0.76186234,15299,0.5797397842172608,0.759322840999999,0.9819349168556304,0.5367107651443677,22,3.179873353949994,1.1666646993849965,0.4029495638552429,0.0937939360106896,44.44372818924042
2001-11-13,0.83296965,0.83296965,0.74662517,0.797416,93749,0.5896658064485704,0.750434465999999,0.9509617120488302,0.5499072199511678,23,3.164178988149993,1.1521843582326434,0.4310270356846509,0.0932618320099261,47.01769503152426
2001-11-14,0.79233669,0.82789034,0.77709952,0.79233669,185699,0.6042640370616561,0.743069769999999,0.9252409656198726,0.5608985743801254,24,3.148776669399993,1.1380726849686182,0.429391968324006,0.0902281882949313,46.684919370365016
2001-11-15,0.85328613,0.88883978,0.85328613,0.88883978,899,0.6179863738379567,0.741038159999999,0.9155960505157504,0.5664802694842477,25,3.1325870954999937,1.1282988455580842,0.4295843048366913,0.0906763955595791,53.42905715113006
2001-11-16,0.89391833,0.93963061,0.86842121,0.88883978,151349,0.6396546463309202,0.737990725499999,0.899505539381225,0.576475911618773,26,3.1160800780499933,1.1189082939675712,0.3610692478561823,0.089285895876752,53.42905715113006
2001-11-19,0.95994633,0.96502564,0.9091555,0.96502564,288898,0.6696522426978282,0.742053983999999,0.9211634522662548,0.5629445157337432,27,3.099795271899993,1.11287368008649,0.4226263526256577,0.0883501790284126,58.26298606696597
2001-11-20,0.89645837,1.07676514,0.89645837,1.05644942,89999,0.7050970503740888,0.7633861369999991,0.9813516178288356,0.5454206561711628,28,3.082856532049993,1.110660964004667,0.5008525866404575,0.0949185069549545,63.19938037628106
2001-11-21,1.05644942,1.06660728,1.03105363,1.06660728,3449,0.7571305829217163,0.7773536324999991,1.0323109471042935,0.5223963178957046,29,3.064381371149993,1.1089333685535034,0.0899454770912792,0.0906781600296006,63.71291331315793
2001-11-23,1.06152797,1.21897975,1.06152797,1.18850541,51449,0.801879420912676,0.8019871854999993,1.1102988179127835,0.4936755530872148,30,3.045563370099993,1.1120538407670917,0.1055520970315736,0.0954477043132006,69.2570963547813
2001-11-26,1.22913761,1.27484988,1.21390044,1.2545334,1361543,0.8686154735666479,0.8304300309999991,1.1910878473780817,0.4697722146219166,1,3.026599347399993,1.1176412744624995,0.2094856049559434,0.0947974732908291,71.77285050677474
2001-11-27,1.25961271,1.25961271,1.20882189,1.2545334,16949,0.9417376667246512,0.8588728764999992,1.2571442596887508,0.4606014933112478,2,3.008111486299993,1.123009593111029,0.2128063128082551,0.0916541409129127,71.77285050677474
2001-11-28,1.25971404,1.25971404,1.17326824,1.1834261,4049,1.001697865114214,0.8817287469999991,1.2989611015342528,0.4644963924657456,3,2.988950648899993,1.1253788678909888,0.2233684418606622,0.0912821165619904,65.11742243797057
2001-11-29,1.19358472,1.22405906,1.19358472,1.19358472,4799,1.0508652277936557,0.9099176649999992,1.3314176401399207,0.4884176898600775,4,2.9695231609999926,1.1280536071893814,0.286321851568085,0.0876643196647054,65.60807881310095
2001-11-30,1.21897975,1.44753884,1.21897975,1.44753884,69449,1.0911824651907978,0.9492805719999992,1.414907093963456,0.4836540500365426,5,2.951682887299993,1.1405824398486213,0.297084378138286,0.0995421625457978,75.05448448149998
2001-12-03,1.45261738,1.55927834,1.44753884,1.51356683,50999,1.1624537401526382,0.9934685954999992,1.495732245428365,0.4912049455716333,6,2.934172753549993,1.1552092786780872,0.2985722078481035,0.1004134009353837,76.83596799950118
2001-12-04,1.57451551,1.57451551,1.51864538,1.55419903,12149,1.21897975,1.0353710054999994,1.5764331291111977,0.494308881888801,7,2.917103861599993,1.170855935592672,0.2945695531574209,0.097594492297142,77.88272963292846
2001-12-05,1.53896186,1.57451551,1.27992843,1.36627291,89549,1.57451551,1.0650836409999993,1.610285753525329,0.5198815284746697,8,2.8991746980499924,1.1785193463537436,0.2587464306916416,0.1116653914187747,63.57363442619865
2001-12-06,1.39674725,1.42214304,1.08184445,1.25961271,403797,1.57451551,1.0912409489999992,1.6208436280836651,0.5616382699163333,9,2.881664564299993,1.1816994782614398,0.2779233200551734,0.1279963341745765,57.15523216655164
2001-12-07,1.26977057,1.34087788,1.26469126,1.30532423,733196,1.57451551,1.1209535844999992,1.6281105682345058,0.6137966007654925,10,2.864740124549993,1.1865475077413834,0.2356314231207461,0.1246583938763925,59.06278316451352
2001-12-10,1.3205614,1.41706373,1.26469126,1.41706373,27149,1.5548086676,1.1577769119999994,1.637920502413079,0.6776333215869199,11,2.848175967699993,1.1955873595946624,0.2424761615365591,0.1266379707423644,63.35745282120933
2001-12-11,1.42214304,1.528804,1.42214304,1.49832966,114449,1.5358900988959998,1.1946002779999991,1.6603894915399506,0.7288110644600481,12,2.832335580299993,1.2074596066693817,0.2450629089032261,0.125573849260767,66.13965862475638
2001-12-12,1.48309173,1.53388255,1.48309173,1.53388255,50549,1.08184445,1.2314236054999994,1.6819867903454735,0.7808604206545251,13,2.8174665662999927,1.2202605064078371,0.2570810873227127,0.1202322043135693,67.30910806217534
2001-12-13,1.53388255,1.53388255,1.46785455,1.47293387,49349,1.090885212,1.2654534644999993,1.6795561522755924,0.8513507767244062,14,2.801340478149993,1.2301692657643926,0.2759888486117748,0.1163604754340287,63.27457365910276
2001-12-14,1.48817104,1.48817104,1.47293387,1.47293387,32549,1.0997451587599998,1.2946581689999994,1.6797703957936907,0.909545942206308,15,2.785531833549993,1.2396894463226518,0.2642897551127164,0.1091373821887409,63.27457365910276
2001-12-17,1.49325035,1.50848752,1.45261738,1.47293387,168599,1.1084279065847995,1.323862873499999,1.6678374369630042,0.9798883100369944,16,2.770040632549993,1.2488362864668614,0.2681577267094084,0.1053325791752594,63.27457365910276
2001-12-18,1.4226512,1.43738021,1.3916687,1.42214304,113849,1.1169369994531038,1.3467187434999992,1.650705426320162,1.0427320606798365,17,2.7547716427999926,1.2556326297426708,0.2089885438226519,0.1036134785198837,59.55886981892087
2001-12-19,1.47293387,1.47293387,1.40690587,1.46785455,372598,1.1252759104640415,1.3672889999999993,1.6444151124693085,1.09016288753069,18,2.739889928599993,1.2639550579880563,0.258980787108005,0.1009288014827492,61.73667729994106
2001-12-20,1.44753884,1.46277601,1.41198518,1.41198518,26099,1.133448043254761,1.3845578949999993,1.6252312704015115,1.1438845195984868,19,2.7253637547499934,1.269760160812054,0.2495449220944359,0.0977102706625528,57.65036853634388
2001-12-21,1.42214304,1.42706998,1.34595643,1.40182656,55949,1.1414567333896657,1.3952239524999994,1.6184747990381982,1.1719731059618006,20,2.7111042313999936,1.2749392352900129,0.2464761653173993,0.0965247906152276,56.91273105202821
2001-12-24,1.34595643,1.42214304,1.34595643,1.41706373,80249,1.1493052497218723,1.4033504689999994,1.6171574105665036,1.1895435274334951,21,2.697873220849993,1.280512744886483,0.2188180202138184,0.0950720634284256,57.78521954195016
2001-12-26,1.44245952,1.62530633,1.44245952,1.61006916,335098,1.156996795727435,1.4211272569999995,1.6415055021428313,1.2007490118571678,22,2.6860834028499934,1.2934365258713267,0.288982515051021,0.1031556731835381,66.92211028385177
2001-12-27,1.59483199,1.5999113,1.47333994,1.49832966,296848,1.1757291770983376,1.4368724349999993,1.630435351410138,1.2433095185898606,23,2.673893605349993,1.301471550739118,0.2043940836360266,0.1055537836704282,58.96508553255455
2001-12-28,1.51864538,1.55927834,1.51864538,1.55927834,140249,1.1937122632144042,1.4551571159999994,1.6203483477100935,1.289965884289905,24,2.6626434384499937,1.3115816209062112,0.2408113797513913,0.1023677048368262,61.64398736136536
2001-12-31,1.57959482,1.91989341,1.57959482,1.72688798,290098,1.210976025885828,1.4691245729999995,1.67225927825222,1.2659898677477792,25,2.6535010902999936,1.3278681447922422,0.1938943845402901,0.1208139452056243,67.85828061329642
2002-01-02,1.69133433,1.69133433,1.59483199,1.67101785,41549,1.2535110689326785,1.4769971239999995,1.6978431256822206,1.2561511223177784,26,2.643603226099993,1.3413249959768605,0.1987326366962855,0.1216169484052226,64.12856933478743
2002-01-03,1.62530633,1.67101785,1.62530633,1.6659393,22799,1.2934940093967175,1.4825841374999995,1.7162417928334883,1.2489264821665107,27,2.6342354935499936,1.35405496868365,0.2023044097568132,0.1161951320905638,63.78537649380318
2002-01-04,1.70149295,1.74720446,1.69641364,1.74720446,20399,1.3310779734329146,1.5016307149999994,1.7554888134045596,1.2477726165954393,28,2.625194727799993,1.3694725957940952,0.2234700996088567,0.113700134084095,66.84317556187843
2002-01-07,1.7776788,1.81831177,1.7776788,1.81323246,47699,1.3664068996269396,1.5293117024999996,1.792149242433417,1.2664741625665823,29,2.616960267449993,1.386874943410013,0.2556858622701953,0.1106577895066596,69.12430604506055
2002-01-08,1.81323246,1.81323246,1.70149295,1.76752094,37199,1.399616090249323,1.5524215379999995,1.8136914463506992,1.2911516296492995,30,2.608497249499993,1.401802237393934,0.3141530507499356,0.1107350552561839,65.7516942853197
2002-01-09,1.7825547,1.83354894,1.74720446,1.7776788,132299,1.430832729434364,1.5704522914999992,1.8414603214583527,1.2994442615416453,-1,2.599926299049993,1.4165424947510348,0.2733479438905964,0.1089928713093137,66.14696480251064
2002-01-10,1.73704584,1.73704584,1.49832966,1.67609716,29099,1.4601763702683022,1.5793406664999994,1.8519597639868128,1.306721569013186,-1,2.590053831399993,1.4267211090745235,0.2684485794456694,0.1211611762157912,58.83418116095723
2002-01-11,1.48817104,1.63546419,1.48817104,1.62530633,47549,1.487759392652204,1.5839118554999994,1.8563946432354492,1.3114290677645493,-1,2.578816360849993,1.434508764797091,0.2647082035434573,0.1259301007718062,55.52862531610119
2002-01-14,1.76752094,1.76752094,1.47801318,1.57959482,23699,1.91989341,1.589244902999999,1.856964175252687,1.3215256307473116,-1,2.5670328891499934,1.440198414020735,0.2826293746761205,0.1376142192881057,52.660959783046
2002-01-15,1.50919833,1.54912048,1.48309173,1.48309173,46949,1.9110558054,1.5897527959999995,1.8566247219539955,1.3228808700460035,-1,2.5555605109999937,1.441880504843451,0.2746985690019086,0.134677710053241,47.12761911006249
2002-01-16,1.45261738,1.46785455,1.37643153,1.42722235,20549,1.902394952892,1.5874672199999993,1.8590434087810217,1.3158910312189769,-1,2.543015176949994,1.4413056752417472,0.3154783236923917,0.1326764593351524,44.23005261666775
2002-01-17,1.42214304,1.42214304,1.36119436,1.42214304,27599,1.88135641597632,1.5874672199999993,1.8590434087810217,1.3158910312189769,-1,2.530444446349994,1.440554199349914,0.323527369777042,0.1279158543826415,43.965394973159
2002-01-18,1.37135222,1.44753884,1.33579857,1.44703068,36149,1.8501466926177408,1.5864260264999994,1.8599810231016625,1.3128710298983364,1,2.518474319349994,1.4408081789832508,0.2264912534010933,0.1267604554981671,45.68048357324106
2002-01-22,1.44708096,1.51864538,1.44708096,1.49325035,8549,1.8089988428083208,1.5904892849999994,1.855850765701145,1.325127804298854,2,2.506894012499994,1.4428647347093977,0.2451951669253003,0.1228214729625837,48.81384545952592
2002-01-23,1.50848752,1.50848752,1.50848752,1.50848752,2699,1.7711428209836555,1.5958223329999994,1.8498480855680397,1.3417965804319594,3,2.4952311696999936,1.4454381772698135,0.2404133544423503,0.1151368798938277,49.84106929227657
2002-01-24,1.50848752,1.53347648,1.50848752,1.53347648,4499,1.7363152809049631,1.6016429704999997,1.844088917325452,1.3591970236745476,4,2.484010715299993,1.4488906597298208,0.2113496517536296,0.1086977427585543,51.55803983366653
2002-01-25,1.53388255,1.63546419,1.53388255,1.58467337,158399,1.704273944032566,1.6003731809999997,1.8428953057740536,1.3578510562259452,5,2.473601769749994,1.4542154718972788,0.0427615931097132,0.1082184547043719,54.95973645766552
2002-01-28,1.62530633,1.65578068,1.58467337,1.5999113,19499,1.6747959141099606,1.6054522629999994,1.8434254954028604,1.3674790305971385,6,2.464459421599994,1.45992903378366,0.198566847275249,0.1055676586540596,55.9511961612502
2002-01-29,1.60498985,1.64562282,1.528804,1.528804,76649,1.65578068,1.6039285459999997,1.843450063817136,1.364407028182863,7,2.4555964241499946,1.4626300128509675,0.0118370425865587,0.1063713130359125,50.37818908634878
2002-01-30,1.54404117,1.59483199,1.51356683,1.57959482,7349,1.65578068,1.5965638879999993,1.8294763743760756,1.3636514016239232,8,2.4460350537999944,1.4672168680332824,0.0696649921559033,0.1045780163904902,53.90958610680863
2002-01-31,1.56435765,1.58553732,1.56435765,1.58553732,3749,1.64562282,1.5922898614999994,1.8227042613292368,1.3618754616707616,9,2.4368208357499945,1.4718568857574674,0.046814417923038,0.0986209916483123,54.31920150371696
2002-02-01,1.61514847,1.65070213,1.57451551,1.57451551,35249,1.33579857,1.5877186719999994,1.8157220713405875,1.3597152726594113,10,2.4275515086499944,1.4758827141591353,-0.0213490545525098,0.0970185365305757,53.37177458281075
2002-02-04,1.58467337,1.58467337,1.54404117,1.54404117,3749,1.3420966412,1.5775605074999994,1.794048840691934,1.361072174308065,11,2.4189234188499937,1.4785555947803457,-0.0532056573740851,0.092990941064106,50.73677082763435
2002-02-05,1.52372469,1.55419903,1.52372469,1.53896186,136949,1.348268750976,1.5638469774999997,1.7517423528201757,1.3759516021798233,12,2.4101112106999936,1.4809244679262146,-0.089347453365043,0.088525469559527,50.2910983550624
2002-02-06,1.52372469,1.52372469,1.38658939,1.44753884,11699,1.35431741855648,1.5478478724999991,1.7172281741680586,1.37846757083194,13,2.4006831656499936,1.4796152276153829,-0.1017634974218157,0.0930859695909893,42.97406620525762
2002-02-07,1.50340821,1.53388255,1.49325035,1.53388255,28049,1.3602451127853503,1.5356580599999992,1.6682094669236052,1.4031066530763932,14,2.391686839149994,1.4817433579049757,-0.0244288858052483,0.0926043796202044,50.32498573369288
2002-02-08,1.52372469,1.55927834,1.52372469,1.55927834,6749,1.3660542531296431,1.5298171189999992,1.6464377195560762,1.413196518443922,15,2.382366722749994,1.4847839454381138,-0.0358073546912589,0.0885293275044755,52.27367659262819
2002-02-11,1.52372469,1.528804,1.51356683,1.528804,40349,1.3717472106670503,1.5249920024999992,1.633083652851202,1.4169003521487964,16,2.3722339546999938,1.4865102220875994,-0.0370939770889535,0.0854709119684415,49.75153924046816
2002-02-12,1.51864538,1.52372469,1.49832966,1.52372469,180899,1.3773263090537096,1.5221984959999992,1.6273489493598965,1.417048042640102,17,2.361136159499994,1.4879696129861248,0.1892186604990112,0.0815425853992671,49.324367702662016
2002-02-13,1.49325035,1.49325035,1.45261738,1.45261738,25049,1.3827938254726353,1.5206747784999992,1.628886466838546,1.4124630901614523,18,2.3496066418999937,1.4865832509082375,0.2204302524419284,0.0807972085850338,43.67127771900014
2002-02-14,1.44245952,1.44245952,1.37135222,1.37135222,9449,1.65070213,1.5178812719999992,1.637845136541375,1.3979174074586234,19,2.337645401949993,1.4820643869510517,0.2091521983169239,0.0808306336861028,38.272602566994856
2002-02-15,1.37135222,1.37135222,1.28500774,1.34595643,110249,1.6451151318,1.5140719414999992,1.649761857287125,1.3783820257128734,20,2.3257095547499937,1.476726820011795,0.2097154690901214,0.0812244798513811,36.74391497439941
2002-02-19,1.27484988,1.44753884,1.27484988,1.42193963,5249,1.6307108361279998,1.5128173889999992,1.6513966950098724,1.374238082990126,21,2.3140520449499937,1.47457830275643,0.1804070464791035,0.0877576570048539,43.95658217675414
2002-02-20,1.40182656,1.40182656,1.37135222,1.37643153,145949,1.60935917876032,1.5069764479999992,1.6576794817820135,1.3562734142179849,22,2.302040015699993,1.4707294097071584,0.0573759592841632,0.08510263936165,40.94528711056536
2002-02-22,1.35611505,1.35611505,1.32564071,1.32564071,3449,1.5892886208347006,1.4978341074999992,1.667990353754186,1.3276778612458124,23,2.289748635799993,1.465039656777466,0.0539295236580338,0.0826517951215322,37.83033889072091
2002-02-25,1.27484988,1.41706373,1.19358472,1.41706373,84749,1.5704222963846186,1.4920134699999992,1.6648380165450547,1.3191889234549437,24,2.278422279199993,1.463158247884232,0.123361205743159,0.0927108818985656,45.82020161831915
2002-02-26,1.36881295,1.36881295,1.36881295,1.36881295,184199,1.540275290273849,1.4812204489999992,1.656494146089235,1.3059467519107633,25,2.267972067599993,1.4594584322809288,0.1205176642627667,0.0895351603343823,42.70107446592969
2002-02-27,1.37084406,1.3916687,1.30024492,1.36627291,59099,1.512540044651941,1.4695385294999992,1.642743851706686,1.2963332072933125,26,2.2563917568999927,1.4558040980738336,0.1486787078797234,0.0896700617390693,42.536916113339295
2002-02-28,1.37084406,1.40182656,1.31548209,1.3205614,69599,1.4870236186797858,1.4591263994999992,1.6416169243506578,1.2766358746493407,27,2.243313118099993,1.4505004628552518,0.162818522691597,0.0894325194719929,39.58739947252947
2002-03-01,1.36576551,1.38151008,1.34087788,1.35611505,69749,1.463548506785403,1.447952410999999,1.6269024016171771,1.269002420382821,28,2.232062951199993,1.44679907411583,0.1363079495266068,0.0873979595097077,42.9035718601429
2002-03-04,1.37135222,1.54912048,1.36104199,1.54912048,81449,1.19358472,1.4461315689999992,1.6201169462006644,1.272146191799334,29,2.2210413456499927,1.4508116782681504,0.1882526155083416,0.0949413502590143,56.77484069326522
2002-03-05,1.67609716,1.89957693,1.5999113,1.77259949,308998,1.2006954352,1.4560357679999991,1.6748925985431775,1.2371789374568207,30,2.2111625278999925,1.4634308081399876,0.2079561031586406,0.1131924288119418,66.82494900131627
2002-03-06,1.7065715,1.86402328,1.7065715,1.85386466,44849,1.2286506949920002,1.4715269424999993,1.7490931177296152,1.1939607672703834,1,2.2014360818999923,1.4787419395854784,0.2292806197157241,0.1163538110396603,69.59350255384561
2002-03-07,1.86910259,1.93005127,1.79799529,1.81831177,140249,1.2554877443923202,1.4854944379999993,1.800780130042349,1.1702087459576496,2,2.190770009099993,1.4920584035233029,0.1685061390524402,0.1174753945368274,66.96071068456368
2002-03-08,1.72688798,2.01131644,1.72688798,1.90465624,53399,1.295961555928781,1.5083503079999994,1.871897694457478,1.1448029215425208,3,2.1801547293999928,1.5082387108361146,0.17312118581031,0.1294006134984826,69.93543709987443
2002-03-11,1.83862749,2.08750305,1.83862749,2.06210726,135449,1.3531899466544783,1.5347615434999993,1.971311039043033,1.0982120479569657,4,2.1700473540999927,1.5299590460974437,0.2078895511429099,0.137934538248591,74.45253744265563
2002-03-12,1.9808421,2.00623789,1.92959416,1.96052561,74699,1.4266212569890304,1.5548239069999992,2.029271229412563,1.0803765845874354,5,2.158111510699993,1.5468440093877398,0.1885800871584071,0.1375472926594059,67.41507142593787
2002-03-13,1.93005127,1.93005127,1.74212515,1.88433976,39749,1.4927094362901274,1.572600694999999,2.067996433114157,1.077204956885841,6,2.1467089720999923,1.5600791368627305,0.1777266607964944,0.1433225188980198,62.63333041624348
2002-03-14,1.91933421,1.96560492,1.87418114,1.94020913,43799,1.5521887976611146,1.5934249169999992,2.113263126424553,1.0735867075754455,7,2.1357889451499923,1.5749861954171331,0.0965946713668583,0.1396154661195898,64.61543710194266
2002-03-15,2.01035192,2.01035192,1.87418114,1.88941831,146999,1.6057202228950032,1.6152649634999992,2.1461895143525367,1.0843404126474616,8,2.124487985149992,1.5873168665772457,0.0409287512831896,0.1393694171110477,61.425462652567845
2002-03-18,1.88433976,1.92426115,1.87926045,1.92426115,7499,1.6538985056055029,1.6429104099999994,2.1777195714914583,1.1081012485085404,9,2.1111772346999924,1.6005303678879417,0.0503393504639268,0.1326287944602586,62.7828597694262
2002-03-19,1.85386466,1.88433976,1.8437068,1.8437068,52799,1.6972589600449526,1.6677979284999993,2.191220119189968,1.1443757378100303,10,2.0975906876499923,1.6100666985590029,-0.0040578458277197,0.1289091912845258,57.725390951962936
2002-03-20,1.78783666,1.88941831,1.75228377,1.75736232,26699,1.736283369040457,1.6845690629999992,2.196780739315278,1.1723573866847203,11,2.0835216288999923,1.615842997439042,-0.0200309925737405,0.129496716192774,52.81434206046108
2002-03-21,1.75228377,1.75228377,1.65070213,1.6659393,6149,2.08750305,1.6990444514999994,2.191591220477346,1.2064976825226528,12,2.0693001984999926,1.6178075583237854,0.0351787673050978,0.127865535750433,48.14393604844764
2002-03-22,1.75228377,1.89449762,1.75228377,1.89449762,20549,2.0787670316,1.7274872969999997,2.195590549682109,1.2593840443178903,13,2.056323142099992,1.6286581489777543,0.0493521677112715,0.1350578774825449,58.11585189044895
2002-03-25,1.75736232,1.83852616,1.65070213,1.83852616,6599,2.070205733568,1.7485604184999997,2.1963747963420035,1.3007460406579958,14,2.0429138566999923,1.6368882670570584,0.0021093086286028,0.1428248498052202,55.31078537316447
2002-03-26,1.85894397,2.00115858,1.85894397,2.00115858,13799,2.0618156614966403,1.7801776999999994,2.2049819435245075,1.3553734564754916,15,2.0303177333999924,1.6511733773685462,0.0122067542402643,0.1442396762477045,61.17471067100202
2002-03-27,1.9808421,2.08242374,1.96560492,2.08242374,36149,1.65070213,1.8159852414999995,2.215155661127353,1.416814821872646,16,2.0180771465999925,1.66808515629527,0.0195755848688752,0.1422810436585827,63.73536508516575
2002-03-28,2.05702871,2.08242374,2.00623789,2.00623789,17249,1.6593365622,1.8502690659999992,2.186104976710906,1.5144331552890915,17,2.006319071499993,1.6813460478131024,0.0536301624631225,0.1375599583972554,59.75635556775625
2002-04-01,2.04687009,2.08242374,1.98592141,2.08242374,22649,1.667798305756,1.8865845004999997,2.150122042450955,1.6230469585490437,18,1.9944340173999928,1.6970745847616082,0.0869264616672113,0.1346272706545943,62.29158605816219
2002-04-02,2.10274022,2.10274022,2.06718657,2.06718657,4049,1.67609081444088,1.9124878049999992,2.1372435385344453,1.6877320714655528,19,1.9823204057499928,1.711588780261153,0.0214147620558925,0.1275505834649804,61.45769163539332
2002-04-03,2.05702871,2.05702871,2.03163292,2.03163292,138149,1.6931567906632448,1.9254394764999996,2.1462776981216027,1.704601254878396,20,1.9700036292999925,1.724139530839147,-0.1546582667470877,0.1209793739317675,59.45758340390138
2002-04-05,2.03163292,2.06210726,2.01639575,2.05702871,57899,1.709540127836715,1.9355976789999996,2.1609758461326902,1.7102195118673085,21,1.9578392283499928,1.737194008453298,-0.1470089261379653,0.1156030979366412,60.44775532502479
2002-04-08,1.98592141,2.03163292,1.95544706,2.03163292,61799,1.7252681315232463,1.9462637364999995,2.1686004534464214,1.723927019553577,22,1.945649430849992,1.7487406324355217,0.0055184136105936,0.1146015659411668,58.89861506428715
2002-04-09,2.00623789,2.03163292,2.00115858,2.03163292,54299,1.7403670150623167,1.952612570499999,2.177075769432853,1.7281493715671452,23,1.9330787040999928,1.7598344476341286,0.0478584713255749,0.1085924783739406,58.89861506428715
2002-04-10,1.9808421,2.08242374,1.9808421,2.05702871,46799,1.754861943259824,1.952358642999999,2.1763367633384525,1.7283805226615456,24,1.9207111421499925,1.771489124589653,-0.043404410224461,0.1080917042043734,60.084974637115934
2002-04-11,2.04433081,2.04687009,1.9808421,2.03163292,19799,1.768777074329431,1.9559140084999989,2.1825396430248136,1.729288373975184,25,1.9082419939999924,1.7816908420567252,-0.0158579979748138,0.105812768904061,58.27356710281776
2002-04-12,2.05657083,2.15861036,2.03163292,2.15861036,8549,1.7821356001562538,1.9696275384999988,2.2100428503587595,1.7292122266412382,26,1.8947824259499928,1.7964719996231282,-0.0314554174289476,0.1073245311251995,64.10105634194775
2002-04-15,2.18400539,2.44303881,2.18400539,2.40748516,71399,1.8047240857468787,1.992991339999999,2.2992376854204943,1.686744994579504,27,1.8823132777499925,1.8204333000300643,0.0090401198541768,0.1199748110448281,72.27426126220547
2002-04-16,2.48367101,2.61572776,2.48367101,2.54462046,41849,1.8557892636871285,2.025751447499999,2.410728574362728,1.6407743206372702,28,1.8709107391499924,1.8488327964994733,0.165508839245681,0.1262796531130547,75.57424456842065
2002-04-17,2.61064845,2.70715079,2.49382964,2.69191362,62549,1.931783113318416,2.064134070999999,2.5426827487509343,1.5855853932490631,29,1.8605748062999925,1.8818947895779252,0.2135786763739822,0.1324969028906936,78.5300608193763
2002-04-18,2.68175576,2.76810023,2.68175576,2.76810023,16499,2.0248272345202056,2.110353742499999,2.6670042963362786,1.5537031886637198,30,1.850645203049992,1.9166479441042812,0.3186270839002618,0.1292003005413584,79.88590762427268
2002-04-19,2.79349526,2.91539339,2.79349526,2.89507691,49049,2.128885453887377,2.167239471999999,2.7958517493648136,1.5386271946351844,-1,1.840994946699992,1.955017707472741,0.3851756611495665,0.1304926476455471,81.93367079908936
2002-04-22,2.92047194,2.92047194,2.54462046,2.73762513,9299,2.2547267236653967,2.220823763499999,2.8520732208086987,1.5895743061912992,-1,1.8310653396499923,1.9857081946306727,0.3895793648894932,0.148018278528008,72.12771854569552
2002-04-23,2.66651859,2.70715079,2.63604348,2.64112279,43499,2.3745608626056254,2.258155021999999,2.896068722947707,1.620241321052291,-1,1.8207801960999923,2.011410727782411,0.3041824127682369,0.1447013764902931,66.8470989950302
2002-04-24,2.62080631,2.70207148,2.62080631,2.6462021,27899,2.472824856536613,2.298538818999999,2.9272747860008046,1.6698028519991934,-1,1.8102918914999924,2.0363045070850614,0.2748758392972254,0.1401702188838436,66.9841105653694
2002-04-25,2.6462021,2.6462021,2.53446184,2.64594764,5249,2.92047194,2.330778271999999,2.961335932609769,1.7002206113902287,-1,1.800005479449992,2.0602120809248627,0.2670441106808414,0.1381395075349976,66.96917883401733
2002-04-26,2.69699293,2.69699293,2.45319667,2.66651859,42299,2.9127517380000003,2.359983014499999,2.995907233985984,1.724058795014014,-1,1.7896441538499923,2.0839888067709467,0.2594682150692432,0.1456864184253549,67.59800361879306
2002-04-29,2.66143928,2.66143928,2.53954115,2.66143928,2249,2.8943695352800005,2.3927430839999992,3.0198433771705693,1.765642790829429,-1,1.7799177116499922,2.106633923368165,0.2892329520047619,0.1443500628235439,67.25752783019631
2002-04-30,2.64112279,2.8493654,2.57575533,2.8493654,40349,2.8767226206688004,2.431090167,3.071257294739233,1.7909230392607656,-1,1.7705722025499924,2.135760647941962,0.3048895880351723,0.153582920479005,72.73022093771873
2002-05-01,2.87983974,3.04744938,2.87983974,2.92047194,41849,2.45319667,2.473754435499999,3.124866354127172,1.8226425168728264,-1,1.7621663201999922,2.166533639787376,0.2703792034002645,0.1567615675876476,74.46907547298197
2002-05-02,2.88491905,2.88491905,2.61572776,2.79349526,12599,2.4650817242,2.5118475524999995,3.1439036737456,1.8797914312543995,-1,1.753049368599992,2.191120369991792,0.5164551855365148,0.1673317541885299,66.3347451855079
2002-05-03,2.76302092,2.78790855,2.6462021,2.66651859,21749,2.476729077316,2.5423220465,3.1416489617436474,1.9429951312563516,-1,1.7437292560499924,2.2097634374430943,0.4548383282571315,0.1659004260322063,59.35286808756232
2002-05-06,2.64188465,2.71730865,2.64188465,2.6462021,17999,2.48814348336968,2.5730505054999995,3.125692645481536,2.020408365518463,-1,1.7345361185999926,2.226878679111993,0.3639091967624445,0.159437824172763,58.29562100298371
2002-05-07,2.7122301,2.72238796,2.65128065,2.72238796,625496,2.499329601302286,2.6075882575,3.104051392401373,2.111125122598626,-1,1.7260032610999927,2.2463104156174047,0.664924135564047,0.1534912553032799,61.09433192343879
2002-05-08,2.79857457,2.79857457,2.6467095,2.65178881,749,2.5102919968762403,2.6373262625,3.064767279776259,2.20988524522374,-1,1.7171174078499924,2.2622115291226046,0.6705409640806175,0.1533750992101885,57.25960441931593
2002-05-10,2.6462021,2.6462021,2.51922467,2.54462046,5999,3.04744938,2.6629756394999995,2.992247942042858,2.333703336957141,-1,1.7073147797999924,2.273286389157012,0.6661763882294252,0.1518886021237465,51.93101615078184
2002-05-13,2.50551121,2.5451789,2.4379595,2.46843384,15599,3.0368848858,2.678466813499999,2.931750801647308,2.42518282535269,-1,1.6975629409999922,2.280939230366541,0.6488684242601723,0.1486979448291931,48.47720758615397
2002-05-14,2.42272233,2.77825809,2.3668522,2.77825809,79349,3.012927870368,2.6970054599999997,2.92079889480535,2.4732120251946488,-1,1.6899443175499922,2.300441930744324,0.6681350638562086,0.1674627980556793,60.099072357728765
2002-05-15,2.65635996,2.69191362,2.65635996,2.69191362,4049,2.9741633301459203,2.7043701179999995,2.91703769059644,2.491702545403559,-1,1.6822495082499922,2.3157937616955264,0.6970608998416379,0.1642081789088451,56.28842034950849
2002-05-16,2.55477832,2.63096493,2.55477832,2.63096493,4799,2.937724662337165,2.7013226834999995,2.9163505432356853,2.4862948237643137,-1,1.674580095499992,2.3281534153545254,0.6890363571859167,0.1622744018439276,53.70008225833062
2002-05-17,2.67667645,2.67667645,2.67667645,2.67667645,449,2.903472314596935,2.6967514944999995,2.909784441737855,2.483718547262144,-1,1.6682820319499918,2.341820985340622,0.6838582822164798,0.1539484817122185,55.35810519038773
2002-05-20,2.62588562,2.62588562,2.62588562,2.62588562,4499,2.871275107721119,2.6832919299999998,2.8777043716024298,2.488879488397569,-1,1.662796623799992,2.352960774935108,0.6816383156883978,0.1465800780184886,53.0834589769356
2002-05-21,2.80365312,2.80365312,2.54969901,2.64112279,12899,2.841009733257852,2.678466812999999,2.872034109780182,2.484899516219816,-1,1.6580222848999917,2.364261246114123,0.6753816440498064,0.1542496517314537,53.69811899265516
2002-05-22,2.49382964,2.55020717,2.46335453,2.54969901,22949,2.812560281262381,2.673895623999999,2.874947929419303,2.4728433185806957,-1,1.6530193884499922,2.371533315286118,0.7500412951736227,0.1559295523220641,49.50713221360121
2002-05-23,2.55020717,2.60048983,2.55020717,2.60048983,449,2.80365312,2.6716100105,2.8748965798113337,2.468323441188665,-1,1.648499003699992,2.380512002137643,0.7827977248180411,0.1484196428704881,51.75970041100546
2002-05-24,2.63096493,2.63096493,2.63096493,2.63096493,149,2.7774450648,2.670860875,2.87463005203179,2.467091697968209,-1,1.644435737849992,2.3903336855832253,0.7815088693225154,0.1399950326654532,53.11133826659022
2002-05-28,2.61511751,2.70715079,2.59033197,2.70715079,27899,2.752809492912,2.6728924849999998,2.8772573260313794,2.4685276439686192,-1,1.640987040449992,2.402757885756432,0.7893935928472561,0.1383395889036352,56.40022218163565
2002-05-29,2.6467095,2.69191362,2.6462021,2.69191362,19799,2.72965205533728,2.6744162019999997,2.8788711528575965,2.469961251142402,-1,1.639488712349992,2.4140973263150034,0.7932450370785241,0.1328116675533755,55.56083164806552
2002-05-30,2.64025961,2.86968188,2.64025961,2.86968188,68399,2.3668522,2.675432026,2.8835233327895224,2.467340719210477,-1,1.6394379230499916,2.431963387243827,0.7991165751755364,0.1397124248709916,62.56145627566455
2002-05-31,2.92555125,2.92555125,2.74778375,2.87476043,57449,2.3769087936,2.6731464505,2.871183182389588,2.475109718610412,-1,1.642282207649992,2.449327977155834,0.832718290844699,0.1424306445230636,62.74203235701772
2002-06-03,2.87476043,2.87476043,2.87476043,2.87476043,1499,2.3988544918559995,2.677209709,2.887888087234012,2.466531330765988,-1,1.644847141549992,2.466011602757566,0.8379610583986904,0.1322570270571305,62.74203235701772
2002-06-04,2.85444395,2.85952326,2.8239696,2.85952326,7199,2.4199223621817594,2.6868599425,2.9118880678520296,2.4618318171479703,-1,1.647716822699992,2.481443432453348,0.8736620250863707,0.1264380129816211,61.70640041468166
2002-06-05,2.85444395,2.97634207,2.85444395,2.8956864,31199,2.440147517694489,2.6993341575,2.9410081504719985,2.4576601645280016,-1,1.6516561570499924,2.4976882547100794,0.8679282179931592,0.1261137349115053,63.256548907361854
2002-06-06,2.83412823,2.88491905,2.83412823,2.88491905,14549,2.47231919083282,2.707460712,2.962263008358915,2.452658415641085,-1,1.655668633599992,2.512873776093998,0.6555499930524245,0.1215026231321121,62.4460001997562
2002-06-07,2.7528623,2.82904891,2.7528623,2.82904891,449,2.5025605635828505,2.7163237170000003,2.975064638856909,2.457582795143092,-1,1.6592747804999917,2.525272800953057,0.6590917642123049,0.1222564893369613,58.27346437874506
2002-06-10,2.7833374,2.7833374,2.68175576,2.73762513,1649,2.5309874539678794,2.7259739505,2.9724870433839823,2.479460857616018,-1,1.662195250899992,2.533600343268623,0.6767620455420327,0.124044822241464,52.13463095935981
2002-06-11,2.73716801,2.73762513,2.70715079,2.70715079,7649,2.5577087309298068,2.737909798,2.954714612780548,2.5211049832194523,-1,1.665191907199992,2.540406243140442,0.6889119762674853,0.1173612163670737,50.23494943596595
2002-06-13,2.63604348,2.68175576,2.63604348,2.63604348,1349,2.5828267312740185,2.7307990675,2.9511438658823663,2.5104542691176337,-1,1.6678330269499917,2.5441567230172875,0.5957212741241328,0.1140573659122827,46.0211257737967
2002-06-14,2.63096493,2.63096493,2.54969901,2.61064845,7199,2.97634207,2.726735809,2.9527238805154856,2.5007477374845144,-1,1.6704233611999917,2.546764241722492,0.5877685183340238,0.1120778733471197,44.58280118710415
2002-06-17,2.64112279,2.64112279,2.53954115,2.64112279,18299,2.9678092088,2.727243702,2.952412710075406,2.502074693924594,-1,1.6734454139999917,2.550464576949061,0.6059563900984879,0.111328142393754,46.73418789323519
2002-06-18,2.59454733,2.62588562,2.59454733,2.62588562,4199,2.950678486448,2.7247041605,2.9532179847556064,2.4961903362443936,-1,1.6770261681499912,2.5534222649118425,0.6121768515879487,0.1067029507942001,45.77726177130813
2002-06-19,2.63604348,2.63604348,2.52430398,2.53446184,2399,2.93423299299008,2.7201329715,2.9597584962525865,2.480507446747413,-1,1.6811148267499911,2.5526787188368685,0.6099753151308243,0.1070627043089001,40.42830827266412
2002-06-20,2.56493618,2.56493618,2.56493618,2.56493618,599,2.9096372522106755,2.716323641,2.963165767023444,2.469481514976556,-1,1.686270094899991,2.553159403588364,0.6476091005907854,0.1015921068582644,42.82644545729024
2002-06-21,2.48367101,2.57001549,2.42272233,2.50906681,4799,2.8865172558780348,2.714292031,2.967181039640272,2.461403022359728,-1,1.6906888972999912,2.5514302822711734,0.6111745608647078,0.1048564677969598,39.67321552708152
2002-06-24,2.41256447,2.41764302,2.33129855,2.41764302,7649,2.849413661807792,2.7051496905,2.985557358167549,2.4247420228324508,-1,1.6947775558999914,2.546183722966421,0.6210189351588711,0.1100644529543198,35.116750301639
2002-06-25,2.41815118,2.48382339,2.41815118,2.48367101,7349,2.797602150627013,2.6977849945,2.99294832308804,2.4026216659119606,-1,1.699526498199991,2.543732244026562,0.6307711805970667,0.1069298756004398,40.43732327602518
2002-06-26,2.41256447,2.41256447,1.96560492,2.33637786,39299,2.750971790564311,2.679246348,3.013689384458228,2.344803311541772,-1,1.703843718149991,2.5356006995549323,0.600444972153933,0.1362967480575513,33.78224107618763
2002-06-27,2.38716868,2.38716868,2.21955904,2.33637786,58349,2.656727766096594,2.66146956,3.027622200200395,2.295316919799604,-1,1.707906983999991,2.527788039180229,0.5420015033384873,0.1385333831962976,33.78224107618762
2002-06-28,2.33637786,2.34247272,2.30590351,2.34247272,4949,2.5737930245650027,2.635109102,3.013222290989588,2.256995913010412,-1,1.7123816533999905,2.5205207717613964,0.4374991852531413,0.1312502279679906,34.3011360154247
2002-07-01,2.26527055,2.27542917,2.26527055,2.27542917,1049,2.5008104520172023,2.605142539,2.9972713226795697,2.213013755320429,-1,1.7171559922499906,2.510909336398204,0.4424749267521595,0.1273896523988484,31.387473374152464
2002-07-02,2.27542917,2.27542917,2.23987552,2.24495407,4649,2.436585788175138,2.573652221,2.9751578967876684,2.172146545212331,-1,1.7221588848999907,2.5004797181080787,0.4215050727596856,0.1208299379417878,30.134428728716717
2002-07-03,2.20940042,2.20940042,2.20940042,2.20940042,749,2.380068083994121,2.541146079,2.9500123595091314,2.132279798490868,-1,1.7256888459499908,2.489064843672468,0.4009890352072539,0.1147387745173744,28.6951578363213
2002-07-08,2.15861036,2.15861036,2.15861036,2.15861036,1799,2.330332504314827,2.504292277,2.9115584944415738,2.097026059558425,-1,1.7288632742999912,2.4761058443127637,0.5167506233699297,0.1101710091947048,26.731010035675325
2002-07-10,2.1386489,2.20432187,2.13321456,2.1890847,20099,2.286565194197048,2.4695005594999992,2.8592693790553043,2.079731739944694,-1,1.732418631899991,2.464850113163243,0.4862578432632171,0.1073807449665116,29.834356923683146
2002-07-11,2.13392538,2.18400539,2.13392538,2.18400539,9599,2.248049961293402,2.4372483835,2.809008274239571,2.065488492760428,-1,1.736100964649991,2.4538365946078216,0.5093368924292696,0.1036506431831893,29.609248062383088
2002-07-12,2.20432187,2.20432187,2.20432187,2.20432187,4499,2.2141565563381937,2.4105832204999995,2.768587420003451,2.052579020996548,-1,1.7397579046499907,2.4440517034467306,0.5015099768661695,0.0976982029558186,31.82504124967264
2002-07-15,2.13321456,2.2297169,2.10781953,2.2297169,12449,1.96560492,2.386711526,2.7255914991340124,2.0478315528659867,-1,1.7448369869499905,2.435646417037055,0.5852214807276297,0.0994267148875459,34.59644574376368
2002-07-17,2.23479621,2.23479621,2.08242374,2.12813525,15449,1.9708871596,2.3613161145,2.697766678380058,2.0248655506199413,-1,1.7497129043999906,2.4235871555846216,0.5271889663315693,0.1032085545384355,29.440872860013343
2002-07-18,2.13321456,2.13321456,2.13321456,2.13321456,1199,1.981443521616,2.33744442,2.6674327408083114,2.007456099191688,-1,1.7548935690999905,2.41219999497346,0.525200331222375,0.0961993227856901,30.00256931893197
2002-07-19,2.10274022,2.1230567,2.0519494,2.10781953,14099,1.9915776291513605,2.310779257,2.624067583847583,1.9974909301524164,-1,1.7603515540999908,2.400263506150971,0.4878610006193759,0.0951325968724265,28.769440094900546
2002-07-22,2.10781953,2.10781953,1.86402328,2.00623789,11399,2.23479621,2.2797968705,2.5847569129453025,1.974836828054697,-1,1.765329057799991,2.3848115212038743,0.4617325393660719,0.1057514292386817,24.441940818982477
2002-07-23,1.85386466,1.85386466,1.74720446,1.75228377,35099,2.2273807514,2.240687967,2.600640418107212,1.8807355158927883,-1,1.7685034860999909,2.3600065113527418,0.2857755932330661,0.1167001435787759,17.396684390336347
2002-07-24,1.67609716,2.03163292,1.63038565,2.03163292,51449,2.208173699744,2.214022804,2.552305326745889,1.8757402812541104,-1,1.7729476811999914,2.347129115613418,0.4064282864943857,0.137024938323149,38.42275598299637
2002-07-25,1.7776788,1.85894397,1.7776788,1.85894397,12149,2.17350641675936,2.1815166619999995,2.5250490050189387,1.8379843189810603,-1,1.776985550499991,2.327984600099167,0.4330274770278679,0.1453770227286384,32.85517742210382
2002-07-26,1.69641364,1.7776788,1.69641364,1.7776788,749,2.140919170753798,2.149518451,2.5174651876885576,1.7815717143114416,-1,1.780794862199991,2.3064039804874352,0.420260742672525,0.146602258962307,30.607517844400903
2002-07-29,1.75228377,2.03163292,1.75228377,2.03163292,9449,2.11028715950857,2.1269165464999995,2.464243138748871,1.7895899542511284,-1,1.7856199903999908,2.2956286447820458,0.4243172570548369,0.1560841797507137,43.59390269055609
2002-07-30,2.05702871,2.05702871,2.05702871,2.05702871,299,2.081493068938056,2.112949089,2.437311423326406,1.7885867546735934,-1,1.7910038198999905,2.2862717845945144,0.3896154286885426,0.1467492947685198,44.708267005238994
2002-07-31,2.10781953,2.20940042,2.05702871,2.10274022,13649,1.63038565,2.101267207,2.409003814378066,1.7935305996219333,-1,1.7966162069499907,2.279074468335906,0.3405572663121735,0.1471508958564827,46.7476031995211
2002-08-01,2.03163292,2.03163292,2.03163292,2.03163292,149,1.6419659454,2.085725217,2.373942795563157,1.7975076384368416,-1,1.8019482262999904,2.2693708782050863,0.3254942061762758,0.1417192104381625,44.027260653096114
2002-08-02,1.90465624,1.90465624,1.75228377,1.75228377,60599,1.653314634892,2.059567947,2.3683910084059154,1.750744885594084,-1,1.8059353062499903,2.2490929523931222,0.0356623870983832,0.1515499204068651,35.32930501456168
2002-08-06,1.76752094,1.7776788,1.65070213,1.7776788,899,2.20940042,2.0362041835,2.3559023486427884,1.716506018357211,-1,1.8101001544999908,2.23060612288751,0.0514459864366625,0.1497946882349462,36.5563756627718
2002-08-07,1.74720446,1.74720446,1.74720446,1.74720446,2399,2.1982264542000003,2.0130943855,2.345923841092992,1.6802649299070072,-1,1.8140618378999909,2.211649194931137,0.0511400693340947,0.1412718062181643,35.68144284049933
2002-08-08,1.85386466,1.85386466,1.8437068,1.8437068,2249,2.1872759677160003,1.9973492075,2.3309466521045565,1.6637517628954428,-1,1.818658408549991,2.1972200814044256,0.0429653021941662,0.1387995486311525,40.53501106635609
2002-08-09,1.79799529,1.79799529,1.79799529,1.79799529,749,2.1765444909616805,1.9777947369999995,2.309989924876386,1.6455995491236126,-1,1.8227216743999903,2.181564207231703,0.0017640227135908,0.1321504030146416,39.032480207414274
2002-08-12,1.65070213,1.65070213,1.65070213,1.65070213,149,2.166027643742447,1.9511295739999996,2.2981207370079817,1.6041384109920171,-1,1.826023081699991,2.16074608655595,-0.0366991490656271,0.1332320285135958,34.58401488831794
2002-08-13,1.66085999,1.66085999,1.66085999,1.66085999,2249,2.155721133467598,1.9239564799999995,2.2724953983202663,1.575417561679732,-1,1.8297308110499912,2.1411427102204224,-0.0370336155489293,0.1244410164769104,35.13306472569711
2002-08-14,1.52372469,1.528804,1.39674725,1.52372469,43649,2.145620753398246,1.8886568694999997,2.24898219172376,1.5283315472762389,1,1.832473516999991,2.1169302388392293,0.0672446439837424,0.1344175681571311,31.31210964742027
2002-08-15,1.48309173,1.48309173,1.42214304,1.42214304,3149,2.115665813262316,1.853357259,2.249472317420426,1.4572422005795735,2,1.8348860791499908,2.0896836820220046,0.0817594907105252,0.1320721454316217,28.81241879955627
2002-08-16,1.4576967,1.4576967,1.4576967,1.4576967,2999,2.0869090707318234,1.8195813659999995,2.2294463797797404,1.4097163522202587,3,1.837527202749991,2.064899878805456,0.0812094978736953,0.1251779679007916,30.891907720941404
2002-08-19,1.48309173,1.48817104,1.44245952,1.48309173,18899,2.0593025979025503,1.7883449759999994,2.2007953226716963,1.3758946293283023,4,1.840193719049991,2.0420838729699478,0.1041649042596743,0.119501793050735,32.41063515518054
2002-08-20,1.50340821,1.52372469,1.50340821,1.52372469,4499,2.0328003839864484,1.7642193159999997,2.179305347258731,1.349133284741268,5,1.8433935401499917,2.0217560618730865,0.1166626150910162,0.1138683049756826,34.876684980576684
2002-08-21,1.50848752,1.55419903,1.48309173,1.48309173,20399,2.0073582586269905,1.7507597139999995,2.18359897085236,1.317920457147639,6,1.847659966999992,2.000631970427083,0.1687880322699019,0.1108139474774195,33.55810758253209
2002-08-22,1.45261738,1.45261738,1.39674725,1.39674725,23999,1.982933818281911,1.7190154304999996,2.157884474175349,1.2801463868246503,7,1.850707416399992,1.9769502166848445,-0.1482977534023821,0.1090661283718895,30.88589264606972
2002-08-23,1.39207477,1.39674725,1.34595643,1.34595643,17249,1.9594863555506343,1.6933660534999997,2.15585181508846,1.2308802919115394,8,1.853958026799992,1.9522053623050464,-0.2736826917101694,0.104903606345326,29.402703563689883
2002-08-26,1.41706373,1.41706373,1.41706373,1.41706373,7499,1.9226745600175963,1.6753352999999993,2.1511919111075555,1.1994786888924434,9,1.857614962999992,1.9312194159401428,-0.2690124044023896,0.102489584463517,34.16899398874915
2002-08-27,1.45261738,1.51864538,1.42214304,1.51864538,2999,1.8880714722165408,1.6496859229999994,2.100605760194153,1.1987660858058455,10,1.861779807449992,1.9150400419817055,-0.3047975222636033,0.1024247320018372,40.36328884729965
2002-08-28,1.48817104,1.48817104,1.48766288,1.48817104,3449,1.8555445696835484,1.6212430394999997,2.0361219270683337,1.206364151931665,11,1.865589119199992,1.898300081119678,-0.2857828931660945,0.0973217154302774,39.17246901849466
2002-08-29,1.50848752,1.50848752,1.50848752,1.50848752,4499,1.824969281302536,1.5915304044999996,1.9447555212527812,1.2383052877472178,12,1.8699825249999915,1.8830133140169456,-0.2730109851833699,0.0918213414709719,40.43416746326381
2002-08-30,1.43738021,1.50848752,1.38709755,1.50848752,18899,1.7962285102243831,1.5653731344999997,1.856358273833501,1.274387995166498,13,1.8742235590999916,1.8683260279770653,-0.1735495143692728,0.0939333863659025,40.43416746326381
2002-09-03,1.41706373,1.41706373,1.37643153,1.37643153,2399,1.7692121854109204,1.5465805224999998,1.835392522076555,1.2577685229234443,14,1.877956684949992,1.8490360476642396,0.0888872941407027,0.0966564294826237,34.966669227631456
2002-09-04,1.40182656,1.42214304,1.36119436,1.39674725,95849,1.7438168400862653,1.5275339449999996,1.8027974583439852,1.2522704316560138,15,1.881359667049992,1.8312992320695636,0.112732282705157,0.0941058759481506,36.391663056718464
2002-09-05,1.38151008,1.38151008,1.38151008,1.38151008,11399,1.7199452154810893,1.5092492259999997,1.7720157474228635,1.2464827045771358,16,1.884407116449992,1.8136604417923257,0.1091999547994842,0.0884723969518541,35.758790040425424
2002-09-06,1.39674725,1.40182656,1.34595643,1.34595643,34049,1.6975058883522238,1.4843617074999995,1.7069133288291365,1.261810086170863,17,1.887454565849992,1.7953191079965485,-0.0013619314263365,0.0861436635981502,34.26156713242388
2002-09-09,1.39674725,1.44245952,1.38658939,1.41706373,55049,1.6764129208510905,1.4653151295,1.6365189097238684,1.2941113492761316,18,1.890984526899992,1.7804855637613894,0.0122396082788325,0.0868836226268538,39.699562005079486
2002-09-10,1.43280906,1.62530633,1.43280906,1.62530633,35699,1.656585531400025,1.4640453395,1.6300274281510805,1.2980632508489194,19,1.895708072649992,1.774400103613884,0.0984846726637071,0.0955521210106499,52.176337310866025
2002-09-11,1.78783666,1.82339032,1.78275811,1.81323246,19799,1.34595643,1.471663963,1.6813232288366604,1.2620046971633394,20,1.900964923249992,1.775922941119222,0.1176467428629363,0.1028758259384606,60.18301789798589
2002-09-12,1.82846963,1.82846963,1.79840136,1.79840136,449,1.3555051078,1.4853977964999998,1.73840359975609,1.2323919932439096,21,1.905969850049992,1.7768044477419975,0.0246010253720302,0.0976752862285706,59.33867589159719
2002-09-13,1.82339032,1.89449762,1.82339032,1.89449762,1499,1.374423688688,1.5090155255,1.816347671983834,1.2016833790161658,22,1.911480654699992,1.7814198662619192,0.0368883352201979,0.0975624986408156,62.96430016440495
2002-09-16,1.8030746,1.8030746,1.77259949,1.77259949,4949,1.40562812456672,1.5247606649999998,1.8516092346603736,1.197912095339626,23,1.915899453249992,1.7810739691536086,0.0237969675209844,0.0993007580236145,56.12750936826862
2002-09-17,1.76752094,1.76752094,1.76752094,1.76752094,2999,1.4349602942927169,1.5389821255,1.881706851670768,1.1962573993292318,24,1.9202928590499924,1.7805424778142511,-0.0151569858582435,0.092570600307642,55.855395663357854
2002-09-18,1.67609716,1.73145913,1.54912048,1.73145913,449,1.4625325338351536,1.5493688475,1.9020608144312827,1.1966768805687171,25,1.924125026499992,1.7786176406450651,-0.02646504953811,0.1015584474285247,53.85865075580247
2002-09-19,1.16310962,1.78783666,1.16310962,1.78783666,9899,1.89449762,1.5646060940000002,1.9306085216874889,1.1986036663125117,26,1.927781962699992,1.7789791708158469,0.0585585059729634,0.1389276326122015,56.47809157531496
2002-09-20,1.85386466,1.85386466,1.7776788,1.80815314,29249,1.87986986,1.5851763885,1.9573227890349616,1.2130299879650384,27,1.9314896919999915,1.7801232480387548,0.1083499406067113,0.1344460774256157,57.41627774256605
2002-09-23,1.76823176,1.76823176,1.76823176,1.76823176,749,1.8655346552,1.606290155,1.969561947169329,1.2430183628306708,28,1.934388323749992,1.77965691517449,0.1640407050803114,0.127694313323786,54.91140639228029
2002-09-24,1.7776788,1.7776788,1.73196729,1.76752094,7199,1.85386466,1.6238130155,1.9826666592716535,1.2649593717283465,29,1.936953261449992,1.779180994579412,0.1758954073018739,0.1218383988006584,54.8655089398672
2002-09-25,1.87418114,1.87418114,1.87418114,1.87418114,2399,1.16310962,1.6415898035,2.012853421598517,1.2703261854014831,30,1.940051500149992,1.7829064904782586,0.1674084370862317,0.1207542417434685,60.2363216015036
2002-09-27,1.78783666,1.84878611,1.75228377,1.84878611,3899,1.1773310504,1.6596205570000002,2.034340239326888,1.2849008746731123,1,1.943378300199992,1.7854900049693072,0.1685059419292547,0.1208358937617922,58.45284216181432
2002-09-30,1.82339032,1.93005127,1.8030746,1.88941831,20399,1.1912680521919998,1.6786670965000003,2.059399180960536,1.2979350120394648,2,1.946857468149992,1.7895656247744325,0.1815608534180527,0.1212745206359499,60.469570882458285
2002-10-01,1.87926045,1.88941831,1.85386466,1.88941831,3299,1.2208193809043195,1.697713636,2.080593296750959,1.3148339752490412,3,1.949066865499992,1.7934814163519055,0.144193577936086,0.1151516013048106,60.469570882458285
2002-10-02,1.91532226,1.98592141,1.91532226,1.98592141,599,1.249188656468147,1.7281881300000002,2.100814432547459,1.3555618274525414,4,1.951428638399992,1.801028082769478,0.1537779854925322,0.1138195654973241,65.13163309230374
2002-10-03,1.86371854,1.9148141,1.82918044,1.9148141,17699,1.2933926216800582,1.7540914725,2.102174318799777,1.4060086262002227,5,1.953231713749992,1.805490279523616,0.2062882434656097,0.1168853801046581,59.55793036957432
2002-10-04,1.85894397,1.88941831,1.81831177,1.84878611,14099,1.3349443489792547,1.7774552740000005,2.082427789274456,1.472482758725545,6,1.955644279749992,1.807188155228572,0.1965651482818984,0.1154294479543254,54.8629926226839
2002-10-07,1.86910259,1.86910259,1.86910259,1.86910259,2999,1.3740029726404994,1.803612582,2.0375207085303497,1.5697044554696504,7,1.958691729149992,1.809616172278432,0.3686122296691336,0.1086356645290164,56.01201730376841
2002-10-08,1.81323246,1.81323246,1.7776788,1.78275811,23399,1.4107180788820697,1.8218973010000004,1.9754507661685743,1.6683438358314264,8,1.961078898549992,1.80856291493418,0.3187900893613369,0.107406244919801,50.16700334769161
2002-10-09,1.75228377,1.75228377,1.5999113,1.72688798,3599,1.4452302787491451,1.8269763835000004,1.9594574409714,1.694495326028601,9,1.962628019799992,1.80535997630931,0.182808702398848,0.1127948567112438,46.76631177132598
2002-10-10,1.69133433,1.73704584,1.69133433,1.73196729,6599,1.4776717466241966,1.822913125,1.9616674286921707,1.6841588213078296,10,1.9637962079499915,1.8024818317481608,0.1677610076704114,0.1080031890890121,47.11728384362104
2002-10-11,1.83862749,1.83862749,1.82796147,1.82796147,1049,1.5081667264267449,1.8243911305,1.962698580136058,1.686083680863942,11,1.9652666025499916,1.8034810332482327,0.1632990793471468,0.1079072612969398,53.37390570612767
2002-10-14,1.91989341,1.91989341,1.77259949,1.91989341,34049,1.53683200744114,1.82566092,1.9669537162327408,1.6843681237672596,12,1.9675014002499915,1.8080462244934,0.3069567171108899,0.1107205940614441,58.444520901324864
2002-10-15,1.95036775,1.9808421,1.95036775,1.9808421,3599,1.5637773715946717,1.8360730505,1.9902908869378764,1.681855214062124,13,1.9700409413999915,1.814822533336796,0.3545707614614168,0.1071654580570552,61.43862413927741
2002-10-16,1.99099996,2.02147506,1.99099996,2.00623789,7199,1.5891060138989914,1.848008898,2.0155338794296918,1.6804839165703094,14,1.9727074615000009,1.822329017911824,0.3468327909440774,0.1024131367672655,62.64631010974246
2002-10-17,2.07734443,2.19924256,2.07734443,2.19924256,9749,1.623695537587072,1.8713980695000003,2.0901048444508645,1.652691294549136,15,1.9765929591000009,1.837109941130968,0.3769445990252754,0.1088839605696037,70.26751283188739
2002-10-18,2.23479621,2.4379595,2.22463835,2.4379595,4199,1.6812502398283649,1.9039042115,2.230106488336064,1.5777019346639356,16,1.9814434838500008,1.8606726689297537,0.3588279036951936,0.118157744814632,76.62104467323442
2002-10-21,2.41256447,2.61572776,2.41256447,2.45319667,112949,1.772055351048961,1.936156388,2.3371026453854475,1.535210130614553,17,1.9866495413000007,1.8839089042658417,0.0301037707104587,0.1242295694707297,76.95948484998101
2002-10-22,2.52430398,2.52938329,2.45319667,2.45319667,4799,1.8901694883021063,1.9704046335,2.421949234327454,1.518860032672546,18,1.9919063918500013,1.906233914686789,0.0127631537840462,0.1207979302228205,76.95948484998101
2002-10-23,2.38716868,2.39224799,2.260192,2.33637786,13049,1.991747646339812,1.9988474795,2.467047721348964,1.5306472376510367,19,1.996502962500001,1.923102304699072,0.0056274732314267,0.125955554492619,68.18317649242118
2002-10-24,2.33637786,2.37701082,2.20940042,2.20940042,2099,2.079104862252238,2.015608443500001,2.48873201691434,1.5424848700856613,20,1.9994996188000012,1.9343296817696964,-0.0016213836379977,0.128930900600289,60.1533197932939
2002-10-25,2.18451355,2.21447973,2.18400539,2.21447973,2549,2.154232067936925,2.0338931245000005,2.508079392765148,1.559706856234853,21,2.003080369150001,1.9453159581708848,-0.0063168099450721,0.1218982891288398,60.3544548603307
2002-10-28,2.28558703,2.51414612,2.28558703,2.41256447,14849,2.18400539,2.0600504325,2.556658528627721,1.5634423363722796,22,2.007346799800001,1.9636394292230068,-0.0266002460508873,0.134596010619637,67.28903261272075
2002-10-29,2.29066634,2.29066634,2.15861036,2.260192,18149,2.61572776,2.0785891170000004,2.576015629170526,1.5811626048294751,23,2.010013319900001,1.975268941802497,-0.0034954820107934,0.1431215891468058,58.772891366929386
2002-10-30,2.31098283,2.45827598,2.29574489,2.45827598,7799,2.606585412,2.1022068455000005,2.624046771736927,1.5803669192630738,24,2.013949610550001,1.9942103942808305,0.0202340485674964,0.1470474742077482,64.97821428775754
2002-10-31,2.4379595,2.53954115,2.43288019,2.53954115,4349,2.59762591096,2.133443198,2.6808398734651027,1.5860465225348976,25,2.018317619800001,2.0155959141129545,-0.0246939061318609,0.144162723192909,67.1619432606268
2002-11-01,2.59541128,2.59541128,2.52938329,2.5750948,3899,2.15861036,2.1697586325,2.732939929365103,1.606577335634897,26,2.0224570715000008,2.0375370468928384,-0.0130831254001191,0.1385816708219869,68.09913266256885
2002-11-04,2.61572776,2.61572776,2.51414612,2.58017411,9149,2.1673463784,2.2053122085,2.7777860574477597,1.6328383595522409,27,2.0262917797500006,2.0588169317205702,-0.0032421489083517,0.1359388114775593,68.23859432723067
2002-11-05,2.62080631,2.62080631,2.62080631,2.62080631,4499,2.185281633664,2.2472146185,2.8124753869230847,1.6819538500769158,28,2.0305582066000007,2.080855730868783,0.0588505160080154,0.1291311963720193,69.39137446086912
2002-11-06,2.62080631,2.62080631,2.53954115,2.55985763,26549,2.21141311424416,2.288863101,2.816103577748007,1.7616226242519932,29,2.0344691007500004,2.099640119070007,0.0003738538331435,0.1257121937740179,65.54823269054268
2002-11-07,2.61572776,2.61572776,2.61572776,2.61572776,2099,2.2359767059895104,2.3330511245000003,2.812127012890225,1.8539752361097757,30,2.039167253750001,2.1198788500868697,-0.0175273410872141,0.1207234749330166,67.33420300294436
2002-11-08,2.49382964,2.61572776,2.49382964,2.61064845,135299,2.25906648223014,2.3721854735,2.805517518193947,1.9388534288060533,-1,2.044093964350001,2.1391247167501297,0.285232677927876,0.1208073781520868,66.99417904313285
2002-11-11,2.61572776,2.67667645,2.61064845,2.6462021,7949,2.280770871896331,2.408500908,2.804234174235741,2.0127676417642597,-1,2.049427000750001,2.159010104328556,0.2193910985374182,0.1168945654269378,68.20450821263009
2002-11-12,2.57001549,2.58017411,2.51922467,2.51922467,36299,2.3124433181446244,2.4354200365000005,2.7812231584799725,2.0896169145200285,-1,2.054607665450001,2.173136165727436,0.1092757974188313,0.1176147700392994,59.77402471137526
2002-11-13,2.49890818,2.56493618,2.49382964,2.55477832,32249,2.3415819686930543,2.4628470580000004,2.7502155498894103,2.1754785661105904,-1,2.060245445300001,2.1881025247185173,0.1541295280114613,0.1142927536079209,61.21945019180392
2002-11-14,2.54969901,2.63096493,2.54969901,2.60556914,5549,2.36838952719761,2.4831633870000003,2.749820637978797,2.2165061360212035,-1,2.0661625758000013,2.204473764533477,0.1384696191730745,0.111933694064498,63.25096848346888
2002-11-15,2.53446184,2.61064845,2.39224799,2.61064845,20849,2.67667645,2.4917978345000007,2.7631825885719272,2.220413080428074,-1,2.0719806646500007,2.2204021835713803,0.1693192919348455,0.119538463059891,63.45713283518572
2002-11-18,2.59541128,2.59541128,2.51414612,2.51414612,3149,2.6709878808,2.4948453070000003,2.765796253816846,2.2238943601831545,-1,2.0770851435000006,2.2319215536274046,0.4036009730720415,0.1178930249841845,56.92319894320264
2002-11-19,2.28558703,2.52938329,2.23479621,2.29066634,23699,2.665413082984,2.4867187905000003,2.771571634648501,2.2018659463515,-1,2.0809960376000007,2.234225270740056,0.3567159331569962,0.1305140289138856,45.29250237701631
2002-11-20,2.17892608,2.18400539,2.17892608,2.18400539,19649,2.64818840806464,2.4791001670000004,2.7868591158789675,2.171341218121033,-1,2.0842486821500006,2.23225586365221,0.3968735282809223,0.1291730454200366,40.98798117790662
2002-11-21,2.15861036,2.15861036,1.85386466,1.85894397,157574,2.620032668380761,2.4615773445000007,2.8563665596651857,2.066788129334816,-1,2.0856200351500007,2.217616181548202,0.0016030881956448,0.1435278800328911,31.24274474974699
2002-11-22,2.10274022,2.15861036,1.85894397,2.10781953,19349,2.5587392277103,2.4562443345000005,2.8668076456637603,2.0456810233362406,-1,2.0881595763000007,2.213310430507096,0.0200749274195612,0.1546806307448275,42.51241962540827
2002-11-25,2.13829388,2.14337242,2.13321456,2.13829388,27449,2.502349262293476,2.4425308050000005,2.8757131004590417,2.00934850954096,-1,2.0912070257000006,2.2103686049970137,0.0167140747604289,0.1461715064059112,43.728653368111885
2002-11-26,2.05753611,2.07734443,2.05702871,2.05702871,7123,2.450470494109998,2.432372640500001,2.89096508806453,1.973780192935472,-1,2.093594195150001,2.2043552757814444,-0.0134219167056169,0.1415353395197747,41.22399892278693
2002-11-27,2.04179078,2.04179078,2.02147506,2.02147506,599,2.402742027381198,2.4105325945000007,2.90250032744476,1.9185648615552415,-1,2.095773883850001,2.1971835026135444,-0.0289420842835827,0.1339652188397908,40.14074184346576
2002-11-29,2.04179078,2.06210726,1.96052561,2.06210726,62249,2.358831837990702,2.3866609000000008,2.897252929247861,1.8760688707521405,-1,2.098211842600001,2.191886395060072,0.0694929653918615,0.1316521067798057,42.01599729988758
2002-12-02,2.17384753,2.17384753,2.00623789,2.00623789,12899,2.318434463751446,2.358218054500001,2.886716971116252,1.82971913788375,-1,2.100522826200001,2.1846060615283043,0.0450329816399247,0.1342205020098196,40.15331563262945
2002-12-03,1.97119163,1.97119163,1.95544706,1.96052561,1649,2.2812688794513303,2.327235629500001,2.872442397797016,1.7820288612029862,-1,2.1026306449500014,2.17581859284092,0.0401013895407237,0.1282612397234039,38.64376665901064
2002-12-05,1.85386466,1.85894397,1.7776788,1.85894397,8249,2.247076541895224,2.2891425125000007,2.8531183495066825,1.7251666754933188,1,2.104687670600001,2.1633921370432367,0.0533673983456494,0.1321602090288751,35.45400578923807
2002-12-06,1.8030746,1.87926045,1.8030746,1.87926045,46499,2.2001367677057013,2.255112653500001,2.831636673447472,1.67858863355253,2,2.106414560100001,2.152249717943502,0.1464923914194718,0.1281620405268126,36.58149553187679
2002-12-09,1.92497196,1.92497196,1.92497196,1.92497196,449,2.157890970935131,2.220574863500001,2.789256175236004,1.651893551763998,3,2.108243028200001,2.1433368646908155,0.1468768070024383,0.1222727169177545,39.15673490073844
2002-12-10,1.82897779,1.95036775,1.82897779,1.93005127,52499,2.119869753841618,2.186545004500001,2.739008234228983,1.634081774771019,4,2.110249264550001,2.1349727237225484,0.0059625509712803,0.1222096628522006,39.45095527092909
2002-12-11,1.95036775,1.95036775,1.88484716,1.93005127,25799,2.0856506584574563,2.150737463000001,2.671302327515785,1.6301725984842168,5,2.112280897450001,2.1269365882824487,0.0220697147797155,0.1181604433627577,39.45095527092909
2002-12-12,1.93005127,1.93005127,1.85945213,1.93005127,68699,2.0548534726117107,2.121278793000001,2.6213792229411204,1.6211783630588816,6,2.114668066900001,2.119215595408628,0.1969738895869413,0.114763207408275,39.4509552709291
2002-12-13,1.93005127,1.95544706,1.92497196,1.95544706,35099,2.02713600535054,2.0913122300000007,2.554371756613245,1.6282527033867562,7,2.117588541100001,2.112793299902407,0.2161740742917404,0.108742628307684,41.22579065686506
2002-12-16,1.91989341,1.91989341,1.88941831,1.90465624,31649,2.0021902848154856,2.056266585000001,2.4607259699540887,1.6518072000459132,8,2.120382040150001,2.104631062259175,0.2038220869142477,0.1056916369999922,38.77762834623756
2002-12-17,1.95036775,1.99099996,1.94528844,1.99099996,37499,1.7776788,2.025284160500001,2.340136264805256,1.710432056194746,9,2.1232273418000007,2.1001749406019523,0.2244761275588399,0.1043096429285642,44.7809343688058
2002-12-18,2.05702871,2.05702871,2.03163292,2.03163292,4949,1.7819452232,2.0011585005000008,2.222550722504089,1.779766278495912,10,2.1265033487500005,2.0974870182254053,0.2210517059905048,0.1015752934336668,47.39513337415081
2002-12-19,1.93005127,2.04179078,1.93005127,2.02655361,5249,1.792948562672,1.987952864000001,2.165950013171948,1.8099557148280545,11,2.1300079132500005,2.094705315942056,0.2572102449609765,0.1023013089026906,47.09498554846016
2002-12-20,2.03671223,2.05702871,2.03163292,2.05702871,5999,1.80351176856512,1.981604030000001,2.139048401924269,1.824159658075733,12,2.1332077381500003,2.093227801983544,0.2406303605134971,0.0971708654096412,49.17471286419244
2002-12-23,2.04179078,2.05702871,2.03163292,2.05702871,12239,1.813652446222515,1.9915082670000013,2.14159168718755,1.841424846812453,13,2.1366488169500006,2.091808229748895,0.6686331328350513,0.0920440743089526,49.17471286419244
2002-12-24,2.04179078,2.10781953,2.04179078,2.10781953,3059,1.8233874967736143,1.991508267000001,2.141591687187573,1.8414248468124288,14,2.1403565500500004,2.0924361238763893,0.6712136966756383,0.0901858368583131,52.763876506649616
2002-12-26,2.08242374,2.12813525,2.08242374,2.12813525,161249,1.8404534187671973,1.9910003355000008,2.139149531574569,1.842851139425433,15,2.1443944193000006,2.093836089606727,0.7936019270727679,0.0870090992255765,54.15833465015072
2002-12-27,2.08242374,2.15353105,2.08242374,2.15353105,1349,1.8634679652658217,1.9958254525000008,2.1578944336920864,1.833756471307916,16,2.1483814993,2.096177068445679,0.8161898832732042,0.0858732571380353,55.91052205038999
2002-12-30,2.03671223,2.15861036,2.03671223,2.14337242,10499,1.8924742737392397,2.001920320500001,2.1761047229348853,1.8277359180651165,17,2.1513527590000003,2.0980278665458485,0.8168581957042986,0.0884464623424614,55.004833353606784
2002-12-31,2.18400539,2.18400539,1.99099996,2.16876822,110247,1.9244106040905309,2.007253368500001,2.194522135847767,1.8199846011522356,18,2.1533336026500005,2.1008019980538544,0.8033059998498363,0.0959149600322856,56.88511983060234
2003-01-02,2.18400539,2.18400539,2.18400539,2.18400539,149,1.9607538741178565,2.0161417435000013,2.218630329758424,1.8136531572415784,19,2.1549843063000003,2.1040648761693896,0.840446055345433,0.0901522607442651,58.01867178711261
2003-01-03,2.1890847,2.1890847,2.18400539,2.18400539,4799,1.99099996,2.027315732500001,2.240668035853896,1.813963429146106,20,2.1568127744000005,2.107199798280394,0.8294896559520358,0.0840756214053891,58.018671787112616
2003-01-06,2.1230567,2.14845173,2.1230567,2.14845173,4499,2.0226935184,2.041791120500001,2.2465984294809056,1.8369838115190964,21,2.1580317518500003,2.108817521092927,0.8284624489018592,0.0824236977335756,54.16493670831699
2003-01-07,2.11289808,2.11289808,2.11289808,2.11289808,449,2.049316107456,2.053473002000001,2.246159702521117,1.860786301478885,22,2.1582857059500005,2.108977543010852,0.8139796267140588,0.0790758371811773,50.54907472228718
2003-01-08,2.02147506,2.02147506,2.02147506,2.02147506,2849,2.1890847,2.0582981570000007,2.2425189652005217,1.87407734879948,23,2.1585904532000004,2.1055460730888576,0.8106046153046008,0.0799577788110932,42.662384465385664
2003-01-09,2.06718657,2.06718657,2.01639575,2.01639575,11699,2.1857325072,2.062615381000001,2.23846890532984,1.886761856670162,24,2.1592507331500004,2.1020499819873337,0.785415779882936,0.0778744246103008,42.26781343542153
2003-01-10,2.0519494,2.0519494,2.03671223,2.04229894,8549,2.178959036912,2.068227764500001,2.233655602166332,1.90279992683367,25,2.1597611822,2.099706803870183,0.7882361749997802,0.0748515121381365,45.05851673161642
2003-01-13,2.04179078,2.04687009,2.04179078,2.04179078,27299,2.17245650543552,2.073814740000001,2.227316356921251,1.920313123078751,26,2.16052304455,2.097435587247823,0.6560544262440814,0.0698677834139839,45.012548143341135
2003-01-14,2.0925816,2.0925816,1.96560492,2.05702871,28349,2.1662140752180994,2.078893822500001,2.22281647779856,1.9349711672014416,27,2.1611868823500004,2.09585100382634,0.6175530817174343,0.073946990312985,46.76635068728208
2003-01-15,2.08191558,2.08242374,2.0519494,2.0519494,899,2.154177525905013,2.086258480500001,2.2069656936566244,1.965551267343378,28,2.16222809535,2.094129372303738,0.6584919109590627,0.0708418010049147,46.2369678279262
2003-01-16,2.0925816,2.09308976,2.0925816,2.0925816,2699,2.1428631695507128,2.091337562500001,2.2038551266162743,1.978819998383729,29,2.16390419175,2.0940686753506506,0.6160369477858507,0.0687202695045636,51.01400507942134
2003-01-17,2.11289808,2.11289808,2.06210726,2.06261542,2549,2.13222767457767,2.0928866875000014,2.202898807324792,1.9828745676752104,30,2.16588757235,2.092835214356507,0.62574712216764,0.0674395945399519,47.65125243343613
2003-01-21,2.12813525,2.12813525,2.01131644,2.01639575,3749,1.96560492,2.0923787945000014,2.203697220454304,1.9810603685456984,-1,2.166497063,2.0898375883033107,0.6101167495043338,0.0709666813585268,42.94868030464014
2003-01-22,1.94071729,1.9808421,1.87926045,1.9808421,4799,2.12813525,2.0885694640000017,2.209283626842126,1.9678553011578777,-1,2.1672086427000004,2.085563255428671,0.6089528552101316,0.0756930112614892,39.70285653763268
2003-01-23,2.01131644,2.01131644,2.01131644,2.01131644,2999,2.12813525,2.0862838505,2.210966066975624,1.961601634024376,-1,2.1672594320000003,2.082651615607939,0.5921165021761539,0.0724631061713828,43.634915942932
2003-01-24,1.9808421,1.9808421,1.95544706,1.97576278,2999,2.123157754,2.079681013,2.2128030981686706,1.946558927831329,-1,2.1667261272,2.0784598965644907,0.5889990708444268,0.071277840016284,40.330521664582506
2003-01-27,1.90973479,1.95544706,1.90973479,1.95544706,899,2.11827980792,2.0710466035,2.21261118186955,1.9294820251304492,-1,2.1664721730500003,2.07363586375804,0.3053311574198883,0.0709028507294066,38.53478264907006
2003-01-28,1.9148141,1.9148141,1.9148141,1.9148141,1799,2.1134994207616,2.0591107559999995,2.210740747340346,1.9074807646596528,-1,2.16563412485,2.0674075592969405,0.2989456784620876,0.0687407156773061,35.1625277633384
2003-01-29,1.82846963,1.95544706,1.82846963,1.90973479,3299,2.108814641346368,2.047428874499999,2.207079803379347,1.8877779456206516,-1,2.1648468659500004,2.0612243134421586,0.2776757603352022,0.0729004809860699,34.75310495497422
2003-01-30,1.91989341,1.91989341,1.84878611,1.84878611,1949,2.0976008408925133,2.0314297689999994,2.202928094966164,1.8599314430338356,-1,2.1639326319000003,2.0528934035032504,-0.2741401042528106,0.0727723966299221,30.20787019339474
2003-01-31,1.82846963,1.87926045,1.82846963,1.82846963,13799,2.0868355924568127,2.013652980999999,2.191783041974245,1.8355229200257528,-1,2.1627898365000005,2.044092471209005,-0.3509520463359782,0.0712022840134991,28.853223946335177
2003-02-03,1.87418114,1.87418114,1.83862749,1.83862749,2999,2.0765009539585404,1.996384085999999,2.17205495875397,1.820713213246028,-1,2.16182480935,2.0360350209655147,-0.3419046807617875,0.0693815144411063,30.53062768968209
2003-02-04,1.8030746,1.8030746,1.67609716,1.75736232,40199,2.0665797010001987,1.9768296154999991,2.1669141059825376,1.7867451250174606,-1,2.1604534563500004,2.0251066797511807,-0.2268621349686032,0.0760350012667415,25.3760478003762
2003-02-05,1.73196729,1.73196729,1.68117647,1.69641364,9899,2.043150748540187,1.9560053934999992,2.171461233734669,1.7405495532653297,1,2.158650381,2.0122167566236837,-0.2372809004549194,0.07604577617626,22.330900422808952
2003-02-06,1.76752094,1.76752094,1.71165081,1.71165081,6299,2.021127533227776,1.9405141809999995,2.17830796872692,1.7027203932730792,2,2.1570504704500006,2.000429856756088,-0.2681163300021569,0.0756930278779557,24.761693746379365
2003-02-07,1.72688798,1.7776788,1.7065715,1.7065715,1649,2.000425710834109,1.925022968499999,2.180718506041325,1.6693274309586734,3,2.1547902761500004,1.9889059996283984,-0.2242504492562224,0.0753654758866731,24.486579564293365
2003-02-10,1.62530633,1.75736232,1.62530633,1.75736232,34349,1.9809659977840628,1.9107761374999988,2.170467506353908,1.6510847686460894,4,2.15153966195,1.9798258553292452,-0.0050304881567275,0.0794147983233393,32.55598000433375
2003-02-11,1.67609716,1.67609716,1.67609716,1.67609716,149,1.9525132243613377,1.8924914564999988,2.1639397315107995,1.621043181489198,5,2.1471970454500005,1.9679149261006477,0.1582739202274777,0.0795469670145294,27.493621196256758
2003-02-12,1.72180867,1.72180867,1.72180867,1.72180867,1949,1.9263366728124307,1.8757304544999984,2.145864610833071,1.6055962981669267,6,2.1423465207000003,1.9582637003712104,0.0989915099658693,0.0771301486563487,33.73541594037522
2003-02-13,1.72180867,1.72180867,1.70149295,1.70149295,449,1.9022542453874365,1.8582076319999987,2.1257994544246825,1.590615809575315,7,2.1370134843,1.9481942591801824,0.1025371522047898,0.0730719751808952,32.40043388561014
2003-02-14,1.77259949,1.77259949,1.77259949,1.77259949,2999,1.8800984121564408,1.8422085264999983,2.08931380232691,1.595103250673087,8,2.1314010972000004,1.9413081898005675,0.1216259979219064,0.0729315869536884,41.1747829630398
2003-02-18,1.74720446,1.77259949,1.74720446,1.77259949,16499,1.859715045583926,1.8277077299999984,2.054584720452938,1.600830739547059,9,2.126575969000001,1.934692162357408,0.2341629917110285,0.0695361185998535,41.1747829630398
2003-02-19,1.81831177,1.81831177,1.81831177,1.81831177,1499,1.840962348337212,1.8178035309999985,2.027512422562128,1.6080946394378692,10,2.1224619139000005,1.930128225402216,0.2602380635694294,0.0678344158427211,46.36528842832698
2003-02-20,1.75736232,1.75736232,1.75736232,1.75736232,149,1.823709866870235,1.8066295419999985,2.003841864334692,1.6094172196653052,11,2.1180177150000006,1.9233530918570307,0.235795558601765,0.067342632568241,41.151500299348
2003-02-21,1.7776788,1.83862749,1.7776788,1.82846963,7799,1.62530633,1.7974872014999983,1.971482670313324,1.6234917326866731,12,2.1139303249500005,1.919632171784206,0.2626212521432278,0.0683370995276524,48.43653535275095
2003-02-24,1.83862749,1.83862749,1.83862749,1.83862749,749,1.6295727532,1.7906304369999986,1.9457704723861151,1.635490401613882,13,2.1097908694500007,1.91645551759659,0.2545316250708803,0.0641814395613915,49.400182102923466
2003-02-25,1.80815314,1.80815314,1.8030746,1.8030746,2249,1.633753847936,1.7830118139999986,1.9187848765310755,1.647238751468922,14,2.1054990460500007,1.912009207102606,0.2313669087314277,0.0621365431641492,46.14932071004983
2003-02-27,1.84878611,1.84878611,1.75228377,1.75736232,1949,1.6378513207772798,1.7751392249999984,1.896973639958778,1.6533048100412189,15,2.1000390306500005,1.9059446232946609,0.2195789436791361,0.0645912429381386,42.29537623797883
2003-02-28,1.7776788,1.80815314,1.71673012,1.79799529,8249,1.646288712346189,1.7695522499999985,1.875382558643914,1.6637219413560829,16,2.0944266474000006,1.9017113161066348,0.2478489890723099,0.0665077984425572,46.56688226182778
2003-03-03,1.8030746,1.80815314,1.8030746,1.80815314,749,1.6543886082523411,1.767520601499999,1.868644034357134,1.6663971686428634,17,2.0894999368,1.8980423680240217,0.2672205132712801,0.0624828021252317,47.61092682453358
2003-03-04,1.73704584,1.73704584,1.73704584,1.73704584,449,1.6621645083222474,1.7629494119999989,1.8608531963074,1.6650456276925971,18,2.0848525730500005,1.8917287786897463,0.3901423270607167,0.0630988376877152,41.49820160998503
2003-03-05,1.80815314,1.83862749,1.78275811,1.8030746,5249,1.6696293723893574,1.7611717674999987,1.854708299113514,1.6676352358864834,19,2.0806369355500003,1.888252144231325,0.3949475971583124,0.0658476099957355,48.154637985729
2003-03-06,1.82339032,1.82339032,1.82339032,1.82339032,1199,1.676795641893783,1.764473167499999,1.86182209176438,1.667124243235618,20,2.0761419473500005,1.885708543281077,0.4346251114535334,0.0625953321388973,50.03826052836448
2003-03-07,1.82846963,1.82846963,1.82846963,1.82846963,2249,1.6836752606180316,1.7710759669999987,1.8669671281999995,1.6751848057999978,21,2.07202535145,1.8834638800151524,0.5098161903865229,0.0584870448432617,50.52226675309576
2003-03-10,1.85386466,1.85894397,1.74212515,1.8030746,7349,1.6902796945933103,1.7756471564999987,1.8684374811485505,1.682856831851447,22,2.0683176221500004,1.8803113592302445,0.5719348231171709,0.0626536002116002,48.01764061987648
2003-03-11,1.8030746,1.81323246,1.8030746,1.81323246,1349,1.7003995511177117,1.7809802044999987,1.8694365241620703,1.692523884837927,23,2.06504161525,1.877680814162392,0.6044000535477265,0.0589039044822002,49.10451049585963
2003-03-13,1.7776788,1.7776788,1.77259949,1.7776788,14249,1.709912216250649,1.7819960284999987,1.8698083958251532,1.694183661174844,24,2.0600387188000004,1.8737591665481803,0.5018389942972338,0.0575988377334716,45.51723897082086
2003-03-14,1.7776788,1.78275811,1.72180867,1.72180867,23699,1.71885412147561,1.784281603999999,1.8628418101383808,1.7057213978616166,25,2.0551881940500003,1.8678003235462908,0.1504607956852446,0.0578381664667951,40.5091088536516
2003-03-17,1.72688798,1.8030746,1.72688798,1.75736232,9149,1.85894397,1.7860592864999991,1.860379010947292,1.7117395620527065,26,2.050820181,1.863469421446436,0.1235565501889132,0.0595115781477383,44.68037691558008
2003-03-18,1.79799529,1.83354894,1.75228377,1.83354894,11699,1.8563028502,1.7926620859999989,1.8587665032584315,1.7265576687415662,27,2.0466045434500004,1.8622960692328503,0.213558966405551,0.0610654061371855,52.38483530197568
2003-03-19,1.83608821,1.83608821,1.79799529,1.83608821,6449,1.853714552796,1.795836521999999,1.863852328272413,1.7278207157275849,28,2.0426555564,1.8612683100472485,0.2600073447264232,0.0594245142702437,52.62167660831764
2003-03-20,1.83862749,1.83862749,1.83862749,1.83862749,449,1.85117802134008,1.7991379219999992,1.8687135958543368,1.7295622481456618,29,2.0386430799,1.860380434751278,0.1447367740994624,0.0553612832509406,52.87411654093511
2003-03-21,1.96560492,2.03163292,1.93005127,2.03163292,2549,1.72688798,1.8098039794999992,1.9327794762117012,1.686828482788297,30,2.03605274945,1.867096218486522,0.1669355737586176,0.0651930080187305,67.18564133160373
2003-03-24,1.9808421,1.9808421,1.90973479,1.90973479,3299,1.7329828788,1.817422602999999,1.945242816356776,1.6896023896432215,1,2.0325989742500004,1.868768319330188,0.1325178012638849,0.0692433738745355,55.68379793426005
2003-03-25,1.96560492,1.96560492,1.90973479,1.90973479,4499,1.738955879624,1.8214858609999989,1.9554704395637632,1.6875012824362343,2,2.0289928235500003,1.870374847591749,0.0466317783684973,0.0682881421692115,55.68379793426005
2003-03-26,1.9148141,1.9148141,1.87418114,1.90973479,61799,1.74480942043152,1.825041225999999,1.9643255123238657,1.6857569396761325,3,2.0250057435500004,1.8719183747450137,0.304221794862493,0.0663127720142679,55.68379793426005
2003-03-27,2.00115858,2.00623789,2.00115858,2.00623789,2399,1.7505458904228897,1.835199390499999,1.99475282628276,1.675645954717238,4,2.0215773649000006,1.8771858067157972,0.3314499007062523,0.0684692240132487,62.09937373600613
2003-03-28,1.99099996,2.08750305,1.99099996,2.08750305,33899,1.756167631014432,1.8517064269999992,2.041145270072493,1.6622675839275054,5,2.01766647075,1.8854335417465504,0.4561042882234941,0.0704716430123024,66.49777252923947
2003-03-31,2.15353105,2.15861036,2.15353105,2.15353105,7799,1.7694210477738546,1.8694832149999996,2.098100060093505,1.6408663699064938,6,2.01406032385,1.895947169521196,0.3862409785952549,0.0705170477971379,69.58613497329817
2003-04-01,2.15353105,2.15353105,2.15353105,2.15353105,149,1.7927724065074233,1.8867521104999996,2.144544976473992,1.628959244526007,7,2.01045417695,1.9060484981674235,0.3836537960171384,0.0654801158116281,69.58613497329817
2003-04-02,2.21447973,2.31606137,2.20940042,2.27034986,82949,1.8147226837169776,1.9134173114999995,2.2110077736598224,1.6158268493401762,8,2.00750830995,1.9203348260824264,0.3135441248773416,0.0724122732536547,74.42388250440034
2003-04-03,2.260192,2.34145717,2.260192,2.34145717,749,1.85482977861962,1.9403364399999996,2.2865589790531367,1.594113900946862,9,2.0047371638,1.936849427804684,0.3264661840611416,0.0730446230212508,76.83888308533847
2003-04-04,2.38716868,2.54462046,2.38716868,2.54462046,25799,1.9034925177576576,1.9763979469999997,2.4064733749993445,1.5463225190006542,10,2.00303567085,1.9606835859299905,0.3851973243516778,0.0823388135197328,82.05308735625742
2003-04-07,2.59033197,2.59033197,2.49382964,2.49382964,3449,1.9804278708267389,2.0096659474999994,2.488944977220501,1.5303869177794975,11,2.0013595745,1.981591274324893,0.3723199767428738,0.0833504932683233,77.36396125966687
2003-04-08,2.57001549,2.59033197,2.51922467,2.58017411,9299,2.065814444710996,2.048520922999999,2.577887967279163,1.519153878720835,12,2.0005723194,2.0050651110180344,0.3906287289979247,0.0842899101777288,79.50792264319686
2003-04-09,2.59033197,2.59033197,2.58017411,2.58017411,8549,2.1392468982514563,2.086868005499999,2.652382251747681,1.521353759252317,13,1.999937436,2.027618405095758,0.3500044422145411,0.0789947637364624,79.50792264319686
2003-04-10,2.53954115,2.61064845,2.53954115,2.61064845,29249,2.202398808296252,2.128516488,2.718954948958842,1.538078027041157,14,1.99981046085,2.050482328425337,0.3797407279495108,0.0784313734695722,80.27273103292858
2003-04-11,2.58525266,2.66651859,2.58525266,2.66143928,42899,2.267718750968852,2.175498018499999,2.778413941286181,1.5725820957138168,15,2.000064415,2.07444142456552,0.5351642703236926,0.0786338417931742,81.51126932300645
2003-04-14,2.69191362,2.69191362,2.69191362,2.69191362,749,2.3395027219944584,2.2222255834999998,2.833080124981272,1.6113710420187268,16,2.00031836915,2.098656020464911,0.553840465682521,0.075193877379376,82.23206649489475
2003-04-15,2.66651859,2.66651859,2.66651859,2.66651859,299,2.4099849015955668,2.263874065999999,2.8766303266408597,1.651117805359139,17,2.000521534,2.1209251408388363,0.5373859964475562,0.0716368168522777,79.45227995954106
2003-04-16,2.6462021,2.6462021,2.64112279,2.64112279,1499,2.4663706452764536,2.304125794999999,2.904835875186608,1.7034157148133904,18,2.00105483875,2.1413250486490782,0.5209806375992189,0.068333887077115,76.66137716291996
2003-04-17,2.63096493,2.63096493,2.63096493,2.63096493,1499,2.511479240221163,2.3437426669999994,2.9204589264304714,1.7670264075695274,19,2.0013849825,2.160526612623624,0.5192890374091045,0.0641784565716068,75.51871474218773
2003-04-21,2.55477832,2.55477832,2.54969901,2.54969901,3599,2.5475661161769305,2.3696459715,2.9343749537253627,1.8049169892746368,20,2.0015881435,2.175788275265835,0.498658228022551,0.0653989896736349,66.92430395532786
2003-04-22,2.51414612,2.54462046,2.51414612,2.54462046,3449,2.69191362,2.4013902549999995,2.9293178831622404,1.8734626268377583,21,2.0022230307,2.190252282510312,0.5192177241892791,0.0632671254112324,66.41562038468243
2003-04-23,2.51414612,2.51414612,2.49890818,2.49890818,6749,2.68835827,2.4308489245,2.9091723063543258,1.952525542645673,22,2.0022992165500004,2.202356435353045,0.5087589539435065,0.0620132078818586,61.85800579185715
2003-04-24,2.49890818,2.49890818,2.49890818,2.49890818,449,2.6807802664,2.460307593999999,2.874959772350034,2.045655415649964,23,2.0031118681500004,2.213985915535279,0.4517440743651253,0.0575836930331544,61.85800579185715
2003-04-25,2.54969901,2.54969901,2.54969901,2.54969901,2549,2.673505382944,2.4874806499999997,2.84712663559372,2.127834664406279,24,2.0041784739000006,2.227151134926052,0.4424576172211478,0.0570984885307863,64.9568011697688
2003-04-28,2.61064845,2.64112279,2.58017411,2.58017411,5999,2.6665214948262395,2.5121142029999994,2.8229839291314778,2.201244476868521,25,2.0053669808500003,2.2409951731642463,0.3265554068163609,0.0595502950643015,66.70470251274989
2003-04-29,2.55477832,2.66651859,2.53954115,2.66651859,4799,2.49890818,2.53776358,2.808060068850653,2.267467091149346,26,2.0073224279500006,2.2576823659813345,0.3843991686723192,0.0643665197025657,71.1026084654003
2003-04-30,2.69191362,2.69191362,2.66651859,2.66651859,1799,2.5022603882,2.563412957,2.7736919926193853,2.353133921380614,27,2.0094302505500004,2.2737151590801057,0.3741053255878394,0.0615828418666681,71.1026084654003
2003-05-01,2.63604348,2.63604348,2.48367101,2.58017411,10349,2.69191362,2.5789041694999995,2.740571586277375,2.417236752722624,28,2.0112841190000004,2.285733157155396,0.4844331371863126,0.0702446088761918,61.65728562453685
2003-05-02,2.64112279,2.66651859,2.64112279,2.66651859,16349,2.69191362,2.5951572404999994,2.719006932471145,2.471307548528854,29,2.0138236601500004,2.300665919227733,0.529270036840084,0.0713945996707495,66.45605708040034
2003-05-05,2.73254658,2.80873243,2.73254658,2.78841595,23849,2.48367101,2.6073470149999998,2.754667673139858,2.4600263568601406,30,2.0168203164,2.3197933714148813,0.4524084649508385,0.0764531168371246,71.81842780466123
2003-05-06,2.79349526,2.81381174,2.75794161,2.81381174,7499,2.4901722384,2.62334612,2.7865263532393176,2.460165886760682,1,2.0199693481500005,2.3391666407711607,0.5026384942485523,0.0749829034916157,72.79421713086334
2003-05-07,2.79857457,2.80873243,2.75794161,2.80873243,7799,2.503117818464,2.634774036,2.815346048674231,2.454202023325768,2,2.0229914009500005,2.357580985446801,0.5132548388100707,0.0736177053850717,72.2553415805013
2003-05-08,2.8239696,2.8239696,2.81889029,2.81889029,1499,2.51554557532544,2.6467098449999997,2.8422090169390515,2.451210673060947,3,2.0259372679000003,2.375671546409672,0.5749471224717315,0.0694476671432808,72.69073691175645
2003-05-09,2.86460257,2.91539339,2.84428609,2.91539339,4799,2.534051016805914,2.661947092,2.8888155915171656,2.4350785924828338,4,2.0298735586000007,2.3968371089034104,0.5049542422483602,0.0713801980616179,76.46882233616712
2003-05-12,2.8899976,2.8899976,2.8493654,2.85952326,449,2.564558406661441,2.671851291,2.91451187762162,2.42919070437838,5,2.0335051021000004,2.4149816638483745,0.3509825202871095,0.0709978974857881,70.39674271946846
2003-05-13,2.91031408,2.97126276,2.90523477,2.94078842,131699,2.5926252053285257,2.684295031,2.953831132665021,2.4147589293349783,6,2.0376699465500003,2.4356015366386345,0.1997883169961788,0.0739080119510889,73.67156339081052
2003-05-14,2.89507691,2.99665855,2.89507691,2.96618421,112949,2.630488960795673,2.699278312,2.9952188748487054,2.403337749151294,7,2.0424696781500007,2.4564087002998645,0.2646391138645884,0.0758846996688683,74.6165815388068
2003-05-15,3.02205435,3.02205435,2.92047194,2.97126276,46649,2.6744293115001923,2.7157853105,3.0329754550257104,2.398595165974289,8,2.0485645731000006,2.4765990555822226,0.2381691569446463,0.0777202504068062,74.81128949638278
2003-05-16,2.94078842,2.97126276,2.86460257,2.97126276,16049,2.7230968168901653,2.7328002019999995,3.066066473477012,2.3995339305229875,9,2.0532627223000004,2.495997632226057,0.2689111958043814,0.0797873889491772,74.81128949638278
2003-05-19,3.04744938,3.04744938,3.04744938,3.04744938,1499,2.764950871525542,2.7576877204999994,3.1065207251550806,2.4088547158449183,10,2.0592052493500006,2.51762319096229,0.2791356721720096,0.0795301911670931,77.77709557540828
2003-05-20,3.04744938,3.04744938,3.04744938,3.04744938,149,2.8101506328814554,2.7828291665,3.139015814583056,2.426642518416944,11,2.0655541022500006,2.538400688571612,0.2728775277365074,0.0738494632265865,77.77709557540828
2003-05-21,3.04744938,3.04744938,3.04744938,3.04744938,749,2.8481184324204225,2.8102562264999995,3.1591724054817245,2.4613400475182745,12,2.070633184550001,2.5583633823531176,0.2939522523524425,0.0685745015675446,77.77709557540828
2003-05-22,2.95602559,2.97126276,2.92047194,2.94078842,8549,2.880011384033155,2.8323502385,3.1545460298851338,2.5101544471148656,13,2.0750519831000007,2.5733604426529952,0.2838772281536441,0.0727461400270057,64.49811666482631
2003-05-23,2.96059674,2.96618421,2.96059674,2.96618421,1499,2.9068014633878505,2.8531744985,3.152639841668596,2.5537091553314037,14,2.07936920305,2.5887652962744463,0.2883146598528918,0.0693639721679339,65.98712531660341
2003-05-27,2.89507691,2.97634207,2.89507691,2.97126276,32249,3.04744938,2.872728931,3.1484699571714527,2.5969879048285467,15,2.0840673522500004,2.603765196812703,0.3501109789434403,0.0702140570130814,66.2915968516727
2003-05-28,2.85952326,2.91539339,2.81889029,2.91539339,106649,3.0444019306000003,2.885172671,3.144543519629164,2.6258018223708355,16,2.089882900350001,2.615985910271029,0.4742784524832666,0.0760825150835756,59.93529212833533
2003-05-29,2.81889029,3.04237007,2.81889029,3.03729152,103949,2.81889029,2.9037113175,3.150621460829579,2.65680117417042,17,2.0961809639500006,2.632507698887851,0.5570453244462454,0.0866108911490345,67.30202661501482
2003-05-30,3.03221221,3.25061267,3.03221221,3.19017138,39449,2.81889029,2.934211181,3.1638201110072908,2.704602250992708,18,2.1033957985500007,2.654376862853033,0.5550049652748754,0.0960244317812463,73.80688808030499
2003-06-02,3.25061267,3.55535761,3.25061267,3.55535761,487797,2.81889029,2.978653132,3.3067577270622523,2.6505485369377477,19,2.1119540526000007,2.689709441172522,0.7397171353742176,0.1152502745111574,82.67375874138546
2003-06-03,3.5502783,3.7585209,3.53961228,3.74836304,286198,2.8630783292,3.0266504865,3.4845699909509302,2.5687309820490696,20,2.1217058913500004,2.731225268577522,0.778657870124695,0.1226544420460747,85.47277680715706
2003-06-04,3.7585209,3.80931172,3.71788794,3.79407455,99149,2.934713734864,3.075663627,3.631369478179669,2.519957775820331,21,2.1324227534500007,2.772905632554874,0.7700905572155529,0.1204236804713551,86.04767208619245
2003-06-05,3.83470675,3.83470675,3.76867876,3.83470675,6299,3.0221735333776,3.126962343,3.758833848696116,2.495090837303884,22,2.143291987250001,2.814544892062526,0.7698588368004844,0.1165382740091155,86.55692577449636
2003-06-06,3.79915386,3.82454889,3.77883738,3.82454889,4349,3.119677519372288,3.177245273,3.860979013323148,2.493511532676852,23,2.154796108250001,2.8541528919816423,0.7723092667874127,0.1122047808656072,85.71464073609897
2003-06-09,3.88549834,3.88549834,3.80931172,3.83978606,28799,3.2054810270476137,3.2234649065,3.9535509197439063,2.493378893256093,24,2.166884323350001,2.8928051730804016,0.7531066156204822,0.1096320550894924,85.93572678131207
2003-06-10,3.88549834,3.93628916,3.78391669,3.93628916,63899,3.300683450860948,3.2773032015,4.049678963396042,2.5049274396039567,25,2.179277285650001,2.9337261137439152,0.7634570067879786,0.1126849418688144,87.27857677187957
2003-06-11,4.01247501,4.01247501,3.935781,4.01247501,52949,3.4023803643231965,3.330887531000001,4.149744218132511,2.512030843867491,26,2.191924202050001,2.9760299920284674,0.8320916430152506,0.1101141610210419,88.23371719294943
2003-06-12,4.03787081,4.06326584,4.0073957,4.06326584,69455,3.512197400545021,3.385741612500001,4.245488254285736,2.525994970714265,27,2.204621907800001,3.01866669194892,0.8736110317145274,0.1062395880909675,88.83553510772293
2003-06-13,4.05818653,4.06326584,4.05310798,4.05310798,52049,3.622411088436017,3.439833873500001,4.324241826382365,2.5554259206176364,28,2.217471989050001,3.05923301697053,0.8347762062235587,0.0993766075130412,87.86757807122883
2003-06-16,4.06326584,4.06326584,4.04294936,4.05818653,21749,3.7105820387488135,3.4941800620000008,4.390240114776857,2.598120009223145,29,2.230779185450001,3.098407664540314,0.8280071536198854,0.093729455547824,87.93833983344078
2003-06-17,3.98707998,4.08815347,3.98707998,4.0734237,167772,3.7811187989990502,3.545478778000001,4.450789974834615,2.640167581165387,30,2.244416521800001,3.1366435874995173,0.816497642660044,0.0942540294372651,88.16143968904568
2003-06-18,4.06326584,4.06834515,3.97184205,4.01247501,27599,3.8425257331992406,3.593730059500001,4.490550029357125,2.696910089642877,1,2.2573935782000007,3.170989917793654,0.800382025714413,0.0947774309060319,81.65532855275762
2003-06-19,4.01247501,4.01247501,3.90530666,4.01247501,41849,3.8916512805593926,3.641981341000001,4.5196818959866185,2.764280786013384,2,2.269862726350001,3.2039893331742952,0.8056416921471573,0.0956624965556011,81.65532855275762
2003-06-20,3.94644702,3.94644702,3.94644702,3.94644702,749,3.90530666,3.692264271000001,4.517158409342585,2.8673701326574177,3,2.282154106250001,3.23310532089295,0.8103592853039765,0.0935457460873439,74.72663580989453
2003-06-23,3.93120985,3.93120985,3.92613054,3.92613054,1499,4.08815347,3.740261587500001,4.499692693832898,2.980830481167103,4,2.294242321350001,3.260282780465776,0.8085899858946085,0.0883150842239622,72.6829945803255
2003-06-24,3.92613054,3.92613054,3.92613054,3.92613054,1499,4.0849130114,3.788004976500001,4.463471848118882,3.112538104881119,5,2.306330536450001,3.286394457310255,0.8065742785302686,0.0820068639222506,72.6829945803255
2003-06-25,3.94644702,3.94644702,3.94644702,3.94644702,749,4.081737361972,3.839557658000001,4.385776807084062,3.2933385089159413,6,2.319180613900001,3.3122788715333824,0.7929443503468847,0.0776004079278041,73.52278495851724
2003-06-26,3.935781,3.93628916,3.91597268,3.91597268,9974,4.07862522553256,3.883491716000001,4.287318675102401,3.4796647568976007,7,2.331776741050001,3.3359531385320733,0.7692519987882961,0.0742342602186752,70.04436865651061
2003-06-27,3.88549834,3.88549834,3.83470675,3.88549834,7049,4.072119123711258,3.918258064000001,4.167464012425399,3.669052115574603,8,2.3442966823500013,3.357503930746502,0.7792828081883646,0.0747365223459127,66.64862062598284
2003-06-30,3.88549834,3.94644702,3.88041903,3.91038521,12299,4.057874381288583,3.936009444000001,4.121794823474073,3.750224064525929,9,2.357118826250001,3.379185549540757,0.6554404330833602,0.0741144843212046,68.01246151771932
2003-07-01,3.93628916,4.06326584,3.89616436,4.06326584,1649,3.83470675,3.951754584000001,4.124152881467299,3.7793562865327024,10,2.3703498368,3.4060122275979823,0.5489684314610588,0.0807564125839757,74.8234851376263
2003-07-02,3.97692136,3.99215853,3.87533972,3.97184205,42149,3.8392779318,3.960642959,4.11721007803424,3.804075839965761,11,2.3820825154,3.428201632398061,0.5370539798444919,0.0884113916851203,65.80046423511406
2003-07-03,3.97692136,4.01247501,3.87533972,4.01247501,17549,3.843757689964,3.969531372,4.1163733747606495,3.82268936923935,12,2.39307872815,3.4511143138726474,0.545378563749378,0.0918916701361831,67.66670600107376
2003-07-07,4.08866163,4.08866163,3.91089337,3.97692136,3749,3.84814785296472,3.977149995500001,4.108059653072556,3.846240337927445,13,2.4039713281499995,3.4717341980345044,0.5374017004929729,0.0980257122693129,64.35740237025888
2003-07-08,3.91089337,3.92613054,3.87076856,3.92105123,33224,3.857768404046131,3.981213254000001,4.099225720757179,3.863200787242823,14,2.4141040961999995,3.489354473797857,0.5858712725577816,0.0986062185357905,59.4380670136968
2003-07-09,3.92613054,4.05818653,3.84029422,4.04294936,36904,4.08866163,3.986546264,4.105591687431402,3.8675008405685984,15,2.42545584555,3.511064077178333,0.5587480168182307,0.1071266536403769,65.61386801955248
2003-07-10,4.06326584,4.06529771,4.04294936,4.04294936,3749,4.0836942818,3.9880699815000007,4.109166339222777,3.866973623777224,16,2.4368329876499994,3.5319223235634967,0.5059565870983451,0.1010710605232072,65.61386801955247
2003-07-11,4.06326584,4.06326584,4.05361537,4.06326584,10349,4.078826280564,3.9880699815000007,4.109166339222777,3.866973623777224,17,2.4484920212,3.5527593242080653,0.446864292805902,0.095302876200121,66.5969320285214
2003-07-14,4.11405666,4.11405666,4.05310798,4.11405666,25349,3.84029422,3.991117415500001,4.121331549985804,3.860903281014199,18,2.4601231212,3.5747709844352,0.6379601273363147,0.0928490050429695,68.98420882787
2003-07-15,4.16484748,4.16484748,4.0073957,4.01247501,43049,3.8457694688,3.9888318395,4.115821608906448,3.861842070093552,19,2.47114473055,3.5919358481828394,0.5055138684463044,0.0974634889684716,59.781825601650766
2003-07-16,4.05818653,4.06326584,4.04802867,4.06326584,48449,3.858532589248,3.988323946500001,4.114031134942861,3.86261675805714,20,2.48261990095,3.610419377273709,0.4781649572249469,0.0941297276135808,62.47709286482301
2003-07-17,4.16484748,4.21563831,4.16484748,4.21055899,189749,3.87078518487808,3.9982281455000006,4.156881707493258,3.839574583506743,21,2.4948350912,3.6339542640472886,0.6260635526811817,0.098289923498325,68.97128579003426
2003-07-18,4.27658699,4.34261574,4.25170012,4.32229926,103049,3.8914763723853953,4.013719358000001,4.226263153240589,3.801175562759413,22,2.5070756817999995,3.660948185457199,0.5869754742944346,0.1007018396770161,72.81514582218809
2003-07-21,4.36801077,4.36801077,4.31721995,4.36801077,2999,3.927567521794564,4.0347975455,4.294791915388221,3.7748031756117792,23,2.5196718051,3.688676129949073,0.5897959893613427,0.0971367668429435,74.22201368536507
2003-07-22,4.36293146,4.44927594,4.36293146,4.44419739,27749,3.971611846615108,4.060700888,4.370657469929355,3.750744306070645,24,2.5324457005,3.718304414656953,0.6066990406808845,0.0963658892113046,76.41298691783219
2003-07-23,4.43911808,4.57117407,4.43911808,4.57117407,115611,4.028931537821294,4.0929530645,4.4676622975347335,3.7182438314652657,25,2.5458544792999995,3.751750283493936,0.6697661446666541,0.0989151821247829,79.53496917405073
2003-07-24,4.57117407,4.77941667,4.56609476,4.77433736,167399,4.104845492326313,4.1343475815,4.605640582282529,3.663054580717472,26,2.55979655905,3.791851737474565,0.7227686496556567,0.1070870912587269,83.33558168944813
2003-07-25,4.79973239,4.79973239,4.72354654,4.78449522,24449,4.212776880754103,4.1777737085,4.715895116186154,3.639652300813847,27,2.5741449646499994,3.83077893286772,0.7382416266231867,0.1048798597402464,83.50056948308651
2003-07-28,4.73370439,4.84036535,4.73370439,4.81497032,236848,4.318428872418365,4.2242473075,4.811660615086018,3.636833999913981,28,2.588975885699999,3.8693746735395735,0.6923286492247159,0.1050070811873716,84.01199629917099
2003-07-29,4.34261574,4.84544466,4.34261574,4.82512818,141749,4.84544466,4.269984456,4.893840631937472,3.6461282800625288,29,2.6037560136499995,3.906855203204688,0.7250993670037115,0.1334229268168451,84.18792839671882
2003-07-30,4.81497032,4.84036535,4.7641795,4.82004887,13949,4.34261574,4.3078236075,4.96770009395792,3.6479471210420793,30,2.6189424674499997,3.9426667195496026,0.7219487008934622,0.1293345641870704,83.69199660552981
2003-07-31,4.68799288,5.00289568,4.68799288,5.00289568,160649,4.34261574,4.359376289,5.065672669635294,3.653079908364706,-1,2.635322505949999,3.9842443258417752,0.7557967753286046,0.1425894381737082,86.72386950196605
2003-08-01,5.02829147,5.0790823,5.00340384,5.0790823,88799,4.3690269376,4.412706653500001,5.165704206727922,3.65970910027208,-1,2.6520580809999994,4.027179148357784,0.7675705150155063,0.137846379732729,87.7461254136601
2003-08-04,5.12987312,5.12987312,5.03844933,5.08416161,16799,4.411630259344,4.468068666000001,5.247128415165961,3.68900891683404,-1,2.6683390816999992,4.068629440971204,0.7614984833993426,0.1345304804661055,87.81349717596657
2003-08-05,5.05825842,5.05825842,4.95718417,5.00289568,26549,4.469089688196481,4.522160888500001,5.291961246095253,3.752360530904749,-1,2.68375409305,4.105267332697824,0.7449375657712605,0.1339909775756694,80.21466705663224
2003-08-06,4.90639335,4.97750065,4.85052397,4.85052397,132299,4.5219523627407625,4.562539619000001,5.312010464260583,3.813068773739419,-1,2.698102502399999,4.134493083180262,0.5960984428982007,0.1353038870345502,68.28352749636025
2003-08-07,4.6981515,4.85560252,4.6981515,4.82004887,37199,4.570586023321502,4.601394594500001,5.318984384583275,3.883804804416728,-1,2.7121715573,4.16137762383986,0.5987077176103621,0.1368858251035109,66.16382824054706
2003-08-08,4.6981515,4.875919,4.6270442,4.72862585,101849,4.615328991055781,4.634662595000001,5.309813774065821,3.959511415934181,-1,2.724818473749999,4.183622652316728,0.5495228435987536,0.1448850375961172,60.1331348202492
2003-08-11,4.72405469,4.84544466,4.6981515,4.79973239,42149,4.6270442,4.668946381500001,5.303273664580018,4.034619098419985,-1,2.736627338199999,4.207783818500385,0.5387209308809215,0.1450570463392517,62.96091436765643
2003-08-12,4.82512818,4.83528604,4.82004887,4.82512818,4949,4.6270442,4.709579040000001,5.270341617950139,4.148816462049863,-1,2.748486995749999,4.231993401304291,0.5738598622926034,0.1372353751721623,63.94456541797178
2003-08-13,4.85052397,4.92670983,4.79973239,4.85052397,48929,4.6672705136,4.748941946500001,5.227153049838762,4.270730843161241,-1,2.760473632249999,4.256249502037456,0.539109575726236,0.1365026655170078,64.94707773294806
2003-08-14,4.89115617,4.89115617,4.77941667,4.80989101,26174,4.704278722112,4.778908547500001,5.188622577956449,4.369194517043553,-1,2.772841197999999,4.277960933722262,0.4894367907217402,0.1347338679800787,61.977762593452006
2003-08-15,4.81497032,4.82512818,4.81497032,4.82512818,26249,4.73832627394304,4.804049993500001,5.1562801173173805,4.451819869682622,-1,2.785919836799999,4.299418472791977,0.4941788848903105,0.1261983895529302,62.6670487191887
2003-08-18,4.80989101,4.82004887,4.77433736,4.82004887,33149,4.769650021627596,4.8266518985000015,5.116561932147773,4.53674186485223,-1,2.7989476824999997,4.319835351113861,0.5045287647817774,0.1208121345848638,62.261849152298495
2003-08-19,4.82512818,4.82512818,4.72862585,4.78500338,47249,5.12987312,4.843692198000001,5.076025944979873,4.61135845102013,-1,2.810809877049999,4.338077234599592,0.4868693165956486,0.1190757199716593,59.40765043166064
2003-08-20,4.81497032,4.89623549,4.81497032,4.84036535,32699,5.1218481746,4.857151762000002,5.053119407541844,4.661184116458159,-1,2.823710743799999,4.357774807752548,0.4248119595048378,0.1185154621165407,62.344330579007504
2003-08-21,4.85052397,4.875919,4.84036535,4.87083969,52649,5.113983728108,4.861976878500001,5.054268370618495,4.669685386381507,-1,2.835773562349999,4.3778949992132326,0.3683984624405306,0.1125896183939306,63.89283792225145
2003-08-22,4.84036535,4.84036535,4.84036535,4.84036535,149,5.10627657054584,4.864770385000002,5.054078423336756,4.675462346663248,-1,2.8472776833499998,4.396031091400949,0.3639003000289074,0.1067242413657928,61.183268671957336
2003-08-25,4.89115617,4.89115617,4.73370439,4.8048117,47174,5.098723556134924,4.864262454000001,5.054155847486729,4.674369060513273,-1,2.858426267849999,4.412061703502872,0.3087771726488568,0.1103476369825219,58.08819814842352
2003-08-26,4.8048117,4.83020749,4.8048117,4.82512818,32174,5.091321602012225,4.864262454,5.05415584748684,4.67436906051316,-1,2.869651038199999,4.428260388855701,0.2293808333453619,0.1042796479123418,59.353544760365466
2003-08-27,4.78957453,4.78957453,4.74894157,4.76925805,73649,5.08406768697198,4.861722913000001,5.0552375196058135,4.668208306394189,-1,2.8803932968999995,4.4416328461554775,0.2097940469960027,0.1022730023471745,54.48225308915183
2003-08-28,4.74386302,4.78500338,4.74386302,4.77941667,315898,5.076958850232541,4.850548962500001,5.035798490946248,4.665299434053755,1,2.8914910920999994,4.454879270619968,0.2408735512469433,0.097906385036662,55.202189237209446
2003-08-29,4.77433736,4.80938285,4.76925805,4.77433736,1649,5.0699921902278895,4.8353117155000005,4.9905690419177375,4.680054389082264,2,2.9022841400999995,4.46740703883095,0.1780876399774363,0.0937791289626147,54.7360226439795
2003-09-02,4.81497032,4.86068183,4.80989101,4.86017367,26699,5.063164863423332,4.8241123185,4.930608801031192,4.717615835968808,3,2.9135317661999998,4.482809651817972,0.2000812389409362,0.0932480818938565,60.76579247352184
2003-09-03,4.91655197,5.01813361,4.91655197,5.01813361,271198,5.056474083154865,4.824874215,4.936567245613597,4.713181184386402,4,2.9253914237499994,4.503802748217267,0.3660792590878754,0.0978703574728667,68.96034899486648
2003-09-04,5.0790823,5.08924016,4.9013148,4.93686769,79349,4.72862585,4.829191401,4.950754990984719,4.707627811015281,5,2.9374796388499997,4.520785687110708,0.4447441146666203,0.1043028576533763,61.80795950970159
2003-09-05,4.85052397,5.0790823,4.85052397,5.00289568,53399,4.7358381362,4.8383337415,4.981376724497066,4.695290758502933,6,2.9497202256499997,4.539691961341661,0.4373014906889684,0.1131782485352779,64.98558616318994
2003-09-08,5.00289568,5.0790823,5.00289568,5.0790823,52574,4.742906176676,4.855856564,5.024432680765452,4.687280447234548,7,2.9620877914499992,4.560844523641988,0.5105041746283268,0.1105359893541866,68.26642105976998
2003-09-09,5.0790823,5.10498549,5.02829147,5.07857414,28199,4.74983285634248,4.8697986515,5.061973101099075,4.677624201900925,8,2.9744274199,4.581147645852106,0.5104335105373539,0.1081187058288875,68.22050560372428
2003-09-10,4.95210562,5.08416161,4.95210562,5.0790823,84149,4.764038961688781,4.882496357499999,5.0937945615368,4.671198153463198,9,2.9872521008,4.600674495034376,0.539607123726119,0.1098285118411098,68.24350778253981
2003-09-11,5.07400298,5.14511029,5.07400298,5.12479381,22649,4.77767682282123,4.896209849499999,5.131649557202312,4.660770141797686,10,3.00142273815,4.621228193660479,0.5653690573423352,0.107062711709602,70.32431801515281
2003-09-12,5.17050608,5.21113828,5.11463595,5.21113828,243748,4.799722830851956,4.916272213,5.184912599209908,4.647631826790092,11,3.0165584026,4.644361922536539,0.6523631371801953,0.1063083987303447,73.81454532987587
2003-09-15,5.23145476,5.23145476,5.1908218,5.20605973,29249,4.8326360667838,4.9353187905,5.228321320688148,4.642316260311852,12,3.0332939813999995,4.666389287535106,0.6291133926046036,0.1016172959638914,73.26871025542408
2003-09-16,5.21570943,5.21570943,5.15526891,5.20605973,9449,4.87251793610542,4.9546193335,5.265043461438083,4.644195205561918,13,3.0487851824,4.687552834298435,0.6212626139290892,0.0986760976807564,73.26871025542408
2003-09-17,5.14003098,5.14003098,5.01813361,5.0790823,61052,4.908411618494878,4.969323279499999,5.274024127486856,4.664622431513143,14,3.0634891245,4.702906930992614,0.6103696402801594,0.1050510992749881,60.33201157103534
2003-09-18,5.0790823,5.1908218,5.07400298,5.16034746,38999,4.94071593264539,4.985322385,5.294823175382935,4.675821594617065,15,3.07900571825,4.720845775267414,0.6281307132100414,0.105891650755346,64.63562671915656
2003-09-19,5.1908218,5.20605973,5.16593493,5.16593493,32549,4.969789815380851,5.000077147,5.314438162446138,4.685716131553861,16,3.0947280176,4.738300251923594,0.5898786656876663,0.1015931235585356,64.91745194992404
2003-09-22,5.08416161,5.11971526,5.06892444,5.11971526,63449,4.995956309842766,5.014044642499999,5.323566157594567,4.704523127405431,17,3.1100160576,4.753257703220708,0.6065381630011033,0.1012657925900688,60.61431261076066
2003-09-23,5.0790823,5.08416161,5.0440368,5.07400298,16799,5.019506154858489,5.0275042065,5.322533432943514,4.732474980056486,18,3.1253548830499995,4.765835949368915,0.6268921203965836,0.0994381259764925,56.61705665587471
2003-09-24,5.03844933,5.09431947,4.97750065,5.09431947,29399,5.23145476,5.040963771,5.322067398896659,4.75986014310334,19,3.14102385235,4.77871765606033,0.6346064624869767,0.1006796041210288,57.944482396886926
2003-09-25,5.0790823,5.12987312,5.0790823,5.11971526,353098,5.2263756778,5.058486631499999,5.311995224441874,4.804978038558124,20,3.1573277088,4.792090111116788,0.653642501933891,0.0971161195409553,59.60820937782048
2003-09-26,5.12987312,5.17050608,5.11971526,5.15526891,24749,5.221398177244,5.0772792435,5.298980192609914,4.855578294390085,21,3.1737077511,4.806332416955345,0.6340055554322982,0.0938071695737442,61.88173252077214
2003-09-29,5.18066394,5.18066394,5.07400298,5.0790823,67199,5.21652022669912,5.0925164905,5.265341573455391,4.919691407544608,22,3.1894783028,4.817028490800234,0.5703221636881287,0.0947252974613338,54.76778597182973
2003-09-30,5.0790823,5.13495243,5.02829147,5.07400298,66824,5.211739835165138,5.103207956,5.239894430557614,4.966521481442387,23,3.2051980613499995,4.8271059217492445,0.5343315297496445,0.0955778447855243,54.31943820455858
2003-10-01,5.07400298,5.12987312,5.03844933,5.0790823,57149,5.207055051461835,5.1062553905,5.23784158082736,4.974669200172641,24,3.2209432165,4.836987348347313,0.4189348084704747,0.0952811265865583,54.71864135434611
2003-10-02,5.02879963,5.08416161,5.02829147,5.08416161,23999,5.202463963432598,5.1136200865,5.220658205445564,5.006581967554436,25,3.2367137682,4.846680456647419,0.4899688228130804,0.0924660561160898,55.14082136711686
2003-10-03,5.05927397,5.10955664,5.05927397,5.10955664,43199,5.197964697163947,5.1189531345,5.21326494067542,5.02464132832458,26,3.2524843160999994,4.856989326582814,0.5125106707387987,0.0894529571077977,57.28512392836645
2003-10-06,5.0790823,5.11412779,5.0790823,5.08924016,30599,5.193555416220668,5.1194610275,5.213014864646618,5.025907190353382,27,3.2684072357,4.866097202403095,0.4716722055063,0.0855667094572408,55.01925957777336
2003-10-07,5.09431947,5.17558463,5.09431947,5.17558463,187349,5.189234320896254,5.124311552,5.218936254539994,5.029686849460006,28,3.284330159049999,4.87823396426964,0.5413419790823569,0.0856222637817236,61.91413763585639
2003-10-08,5.23145476,5.26192911,5.16339489,5.25177125,24899,4.97750065,5.1329459995,5.240163896661806,5.025728102338195,29,3.3004308507,4.892882485278673,0.523229429444069,0.0865445463687433,66.7562888887609
2003-10-09,5.2568498,5.65809783,5.23196292,5.44477592,79649,4.9831892192,5.148945104999999,5.321878850086718,4.97601135991328,30,3.3175219622499994,4.9145253650716665,0.4965166853023781,0.1108010009138331,75.31753353250055
2003-10-10,5.50623276,5.62762349,5.48032957,5.57175335,21824,5.010185563632,5.1669758585,5.419137338721053,4.914814378278947,-1,3.3350955854499995,4.9402990115394445,0.3948179066695833,0.1159471844199879,79.12619541876815
2003-10-13,5.73936299,5.80539099,5.25177125,5.73936299,15449,5.03610205428672,5.1936410215,5.54855112884423,4.838730914155769,-1,3.3535072568499995,4.971634853832016,0.4144734249007078,0.1472095098185602,82.88122733511693
2003-10-14,5.61238632,5.63219464,5.58191121,5.63219464,974,5.082259390429517,5.214947767,5.6181602234985455,4.811735310501454,-1,3.3711291324,4.997539159171937,0.4129037468496315,0.1479411005458059,73.74631137168181
2003-10-15,5.56159473,5.64286066,5.54127901,5.64286066,12749,5.125647286403746,5.243136685,5.681693213235604,4.804580156764396,-1,3.38870275945,5.022845884694606,0.4403564085886149,0.1446297112211055,74.05283142262006
2003-10-16,5.61238632,5.63778135,5.61238632,5.63270204,5699,5.166431908619521,5.266754413999999,5.734816441912595,4.798692386087404,-1,3.4060986143999994,5.046761812353641,0.439865175246294,0.1364757561338837,73.17652230651136
2003-10-17,5.62254418,5.69365148,5.6022277,5.67790615,12299,5.20476945350235,5.292352974999999,5.790587009370331,4.794118940629668,1,3.42377128305,5.071512570692714,0.4834038750382711,0.1332577578386062,74.61599583515208
2003-10-20,5.58699053,5.62762349,5.57175335,5.62762349,4349,5.240806745692209,5.317748386499999,5.829781542478695,4.805715230521304,2,3.4410655594,5.093320842038097,0.4550888110688926,0.131321689421563,70.10899786243932
2003-10-21,5.65301852,5.71904651,5.65301852,5.7139672,2849,5.274681800350677,5.349746597499999,5.876622214499878,4.822870980500121,3,3.458715368449999,5.117659914899348,0.4555269949341431,0.1284717844628799,73.11234476587416
2003-10-22,5.68349286,5.73428368,5.64793921,5.64793921,57224,5.306524351729636,5.3774275845,5.905885842985121,4.848969326014878,4,3.4760350375499995,5.138455181373884,0.3646054658528327,0.1254626905726742,67.52492632580751
2003-10-23,5.62762349,5.68044543,5.62762349,5.68044543,1499,5.336456350025858,5.405464092999999,5.9357515454483,4.8751766405516985,5,3.4936950060499994,5.1597097009278485,0.2536455997701052,0.1202740655317688,68.78950042284333
2003-10-24,5.68857217,5.68857217,5.63270204,5.63778135,22199,5.364592428424307,5.429589715,5.95604136077317,4.903138069226829,6,3.5113194223999997,5.1784576087346,0.2164961766750761,0.1156737844223567,65.20087477034748
2003-10-27,5.73936299,5.75460016,5.68349286,5.74952085,70949,5.391040342118848,5.4631116425,5.98133606635369,4.944887218646309,7,3.52995965135,5.200852245646968,0.3793585986036227,0.115755571963617,69.66448618189952
2003-10-28,5.82570747,5.84094464,5.75460016,5.76475802,4949,5.415901380991717,5.4976493945,5.9993486324811895,4.99595015651881,8,3.548701462699999,5.222966197582381,0.4223603373247137,0.1140175875376443,70.22533677428802
2003-10-29,5.76475802,5.76983734,5.75460016,5.76983734,8249,5.44990484171238,5.532187146499999,6.008326068615749,5.0560482243842495,9,3.5673391546999995,5.244412124736013,0.4782313444387959,0.1069618441420983,70.42165276475684
2003-10-30,5.79523313,5.81554885,5.76983734,5.80031168,12899,5.481188025575389,5.567994649999999,6.010501532147184,5.125487767852815,10,3.5861317591999997,5.266212107295385,0.4550146802027043,0.1025868202748056,71.63023971654599
2003-10-31,5.70888865,5.77491665,5.68857217,5.72920513,13349,5.509968554729358,5.598977074499999,5.992851902593719,5.205102246406279,11,3.6044926413,5.2843686964210566,0.4034863616191375,0.1032405838266052,64.96043797283349
2003-11-03,5.66317714,5.82062816,5.66317714,5.82062816,1049,5.536446641551009,5.635546474499999,5.963643399935573,5.307449549064425,12,3.6233360351,5.305398479306505,0.4495791132888195,0.1071127578389905,68.96209290136804
2003-11-04,5.84094464,5.84602395,5.80539099,5.84602395,17099,5.560806481426929,5.669068440499999,5.933075784188877,5.405061096811122,13,3.642103246849999,5.32659947815723,0.2094254608174813,0.1023642008504912,69.98744890534225
2003-11-05,5.75967948,5.92728912,5.75967948,5.92728912,33314,5.589328228284236,5.702844334,5.91175778119563,5.49393088680437,14,3.66142661535,5.350155934700084,0.2389933300185319,0.1070245893611704,73.05497486872898
2003-11-06,5.83586533,5.89173546,5.83586533,5.84094464,16949,5.629883535290127,5.72265277,5.903123846670704,5.542181693329296,15,3.680549359799999,5.369402550594198,0.2426036075555104,0.1059102465496583,65.40577128675679
2003-11-07,5.96792132,6.00855428,5.91713126,5.97807994,49480,5.665572205455312,5.7429690995,5.94149687433477,5.54444132466523,16,3.700535549,5.393272252139523,0.2550247670904582,0.1103173460818255,70.66017367732925
2003-11-10,6.02887076,6.04410793,5.93236843,5.94811299,10550,5.713589695891569,5.7534065995,5.971102980068359,5.535710218931641,17,3.720219531749999,5.415030712447777,0.2045853027263428,0.1104189285045522,68.2216885754903
2003-11-11,5.9882378,6.00347497,5.96792132,5.96792132,9082,5.766472613348918,5.7701929335,5.999385942365901,5.540999924634098,18,3.74018032445,5.4367126970576685,0.1726462167917894,0.1064862893256557,68.98363820577505
2003-11-12,5.98315925,6.05426579,5.98315925,6.01871214,33629,5.810894264013091,5.7889855075,6.034396284744577,5.543574730255422,19,3.76049664985,5.459536204624034,0.1304597608577877,0.1050475879452516,70.90968117634384
2003-11-13,6.02887076,6.04918724,6.02887076,6.03395007,40049,5.854701138690734,5.809047909,6.0654325276988805,5.55266329030112,20,3.7810923297,5.482062238560347,0.0642907686083121,0.099720981663448,71.4818470424431
2003-11-14,6.03395007,6.06442441,6.00347497,6.04918724,14789,5.890622775926402,5.8276119635,6.096774226262441,5.558449700737559,21,3.80178959195,5.504302434695235,0.0623399402937324,0.0969515858303445,72.07334787688167
2003-11-17,6.05426579,6.09489875,5.97807994,6.01871214,42524,5.9253831027411215,5.847166396,6.112163750626151,5.58216904137385,22,3.8226392221,5.52447536431503,0.0198241044783147,0.0983706732710342,68.99120200668862
2003-11-18,5.96792132,6.02887076,5.96792132,6.00855428,8549,5.959286232192897,5.86189575,6.1283851252839705,5.59540637471603,23,3.84353964535,5.543458851204637,0.0205201144352038,0.0956977280373889,67.94816907962655
2003-11-19,5.94252629,5.99839642,5.58699053,5.81554885,151671,6.09489875,5.870276232,6.1192938700322985,5.621258593967702,24,3.8634242521499993,5.554129047235827,0.1486907524560625,0.1189738724632897,51.89440625275586
2003-11-20,5.33811572,5.91713126,5.33811572,5.8638004,75599,6.0847405856,5.8794439805000005,6.112842425660579,5.646045535339422,25,3.8839564425499993,5.56627302185403,0.2258671917942267,0.1518339915730547,54.771398351249445
2003-11-21,5.8815776,5.93744698,5.84653135,5.90189332,15299,6.054875590976,5.892649579,6.0980708827860175,5.687228275213983,26,3.90498384095,5.57943460217348,0.2624599378378831,0.1474826800321222,56.9598384401148
2003-11-24,6.09489875,6.09489875,5.84094464,5.88665615,47489,5.33811572,5.899506344000001,6.094236590159346,5.704776097840655,27,3.9258588676499993,5.591482506009814,0.1222466867785738,0.1550877821726848,55.79684864518003
2003-11-25,5.99331711,6.00347497,5.83586533,5.99331711,23854,5.353251380600001,5.910934298500001,6.099418106803013,5.722450490196989,28,3.9472925957,5.607240725774135,0.1581174903614778,0.1559822005889217,61.693029790290105
2003-11-26,6.09489875,6.11013593,6.07966158,6.09997807,19349,5.368084327988001,5.927441335000001,6.121353831104161,5.733528838895841,29,3.969005674449999,5.626563758881032,0.152534286031183,0.1531848162611416,66.50460590690928
2003-11-28,6.23711336,6.48598817,6.23711336,6.48598817,11549,5.397766392068481,5.9617251595,6.265144106168804,5.658306212831197,30,3.993055129499999,5.660266676964128,0.1642707413483402,0.16981519367106,77.51291442373395
2003-12-01,6.49106748,6.49106748,6.16092675,6.24727122,39659,5.463059698744372,5.987628464,6.295643610009362,5.679613317990638,-1,4.015682442249999,5.683286462965535,0.1303326875918906,0.1812670176945558,63.59359110064647
2003-12-02,6.37424866,6.37424866,6.16600606,6.21679688,14360,5.545300321244822,6.0074369,6.320852990677055,5.694020809322946,-1,4.0382589619,5.704208440104142,0.1153084695713814,0.1831938450020875,62.06143985437965
2003-12-03,6.22695474,6.35901073,6.22695474,6.35393218,126938,5.620961693945236,6.032832311500001,6.371138246891563,5.694526376108438,-1,4.061165625349999,5.729687802452999,0.2267041479938998,0.1802667025019383,66.02795907389773
2003-12-04,6.42503949,6.42503949,6.19140109,6.26250839,52217,5.690570156829617,6.049593275000001,6.39837620675552,5.700810343244482,-1,4.083615169849999,5.750582727454843,0.1544875870440664,0.1840789666089427,61.41778314502786
2003-12-05,6.25235053,6.28790419,5.99331711,5.99331711,248998,5.754609942683247,6.057211898500001,6.393877772267735,5.720546024732268,-1,4.10449019655,5.760101722848771,-0.1071680289437201,0.1919724032797325,50.28477374967007
2003-12-08,5.96792132,6.17108537,5.94252629,6.15076889,10499,5.813526545668587,6.065846346000002,6.4028091103906,5.728883581609403,-1,4.1264572294,5.7754220039135244,-0.1192468065504024,0.1945857373311802,55.37953462425967
2003-12-09,6.07051928,6.0847409,5.93236843,6.02379145,14699,5.8677298204151,6.069630269000002,6.402899119217313,5.736361418782691,-1,4.1474338385,5.7851619821914255,-0.1082442424455103,0.1962867889503816,50.85349007518425
2003-12-10,5.90697263,5.90697263,5.8104703,5.8104703,29399,6.49106748,6.061757718000001,6.411306075360323,5.712209360639679,1,4.167293052549999,5.786154465242742,-0.1259873279489967,0.1975035290253543,44.30272539363911
2003-12-11,5.76475802,5.84094464,5.71904651,5.79523313,17564,6.4774555364,6.050583767500001,6.418715689912125,5.6824518450878765,2,4.1872538452,5.786510491311654,-0.1236317766849971,0.1921031433806861,43.86804049692216
2003-12-12,5.73936299,5.83078678,5.61746487,5.74444231,40430,6.447119175344,6.036108379500002,6.427735941463319,5.644480817536684,3,4.20718924515,5.784860758711197,-0.0960100510650448,0.19361876956778,42.37550526590813
2003-12-15,5.69365148,5.80031168,5.65809783,5.68349286,13568,6.39733991702336,6.017823660500001,6.438380616326175,5.597266704673827,4,4.226616732999999,5.780885546997032,-0.1121760908760548,0.1899469895986529,40.59077358149786
2003-12-16,5.58699053,5.70888865,5.58699053,5.69873003,206142,6.350547414201959,6.001824555000001,6.444778569218861,5.5588705407811405,5,4.246069617449999,5.777663762016757,0.061718722666197,0.1850863560558919,41.25686580567948
2003-12-17,5.71904651,5.9222098,5.71904651,5.9222098,13049,6.289462863465802,5.997507331,6.441795918545693,5.553218743454308,6,4.266995437249999,5.783332234094531,0.0701818534869333,0.1878287427661853,50.09469781621457
2003-12-18,5.92728912,6.01363359,5.91205194,5.94252629,10912,6.2332650767885385,6.003856203,6.441136343794244,5.566576062205756,7,4.2876926957,5.789575138247686,0.0591908110977441,0.1816682361400293,50.81910081446821
2003-12-19,5.79523313,5.94252629,5.75460016,5.84094464,21149,6.181563113045455,6.0027134150000006,6.441568297115234,5.563858532884767,8,4.3077804673,5.791589628512483,-0.0023823761324303,0.1821152285585986,47.13502500165577
2003-12-22,5.94252629,5.94252629,5.72412582,5.80031168,15976,6.1339973064018185,5.997634333,6.4433368945986285,5.551931771401371,9,4.32763967755,5.791931669747288,-0.0107293518038238,0.1847070315186987,45.70764913885076
2003-12-23,5.68857217,5.78507451,5.68857217,5.76983734,8099,6.090236764289673,5.9917933925,6.446138382188966,5.537448402811034,10,4.34747349125,5.7910652254434725,0.0271132168054012,0.1794950656959346,44.616385898934254
2003-12-24,5.72412582,5.81554885,5.72412582,5.80031168,5399,6.049977065546499,5.982143121,6.444084073500158,5.520202168499842,11,4.367408887349999,5.791427831504513,0.0087829903209012,0.1732042060033678,46.00467989180849
2003-12-26,5.7139672,5.76475802,5.6022277,5.76475802,1649,6.01293814270278,5.9653821185,6.433292323735724,5.497471913264276,12,4.38734428345,5.790381956543552,0.0036341868591436,0.1749813327174129,44.60002403499876
2003-12-29,5.61238632,5.7449497,5.61238632,5.72920513,11249,5.978862333686557,5.927542966500001,6.340050586157037,5.515035346842964,13,4.40738126575,5.7879828653065495,0.0003402307862196,0.1733663589518835,43.18022112870312
2003-12-30,5.70380934,5.84094464,5.69873003,5.75460016,40414,5.947512589391632,5.9029094135,6.294408966741527,5.511409860258473,14,4.42736745495,5.786673739608253,0.0116993150162673,0.1711412340267489,44.53836000210095
2003-12-31,5.75967948,5.82062816,5.74444231,5.82062816,16349,5.9186708246403015,5.8831009775,6.248274054617681,5.517927900382318,15,4.44730285105,5.788005285505969,0.0378747170223616,0.1643587065962668,48.01745490453717
2004-01-02,5.84094464,5.90189332,5.82570747,5.85618181,6299,5.58699053,5.858213459,6.152632116712952,5.563794801287048,16,4.46740331905,5.790678874701814,-0.1073503712850753,0.1584234532679621,49.84199963862998
2004-01-05,5.84094464,5.89173546,5.65301852,5.89173546,38999,5.5932885858,5.8396748125,6.0695475751688726,5.609802049831128,17,4.487668858899999,5.794641878046841,-0.0320913695522986,0.1641587023202504,51.668873564743656
2004-01-06,5.79066198,5.86126112,5.79066198,5.83078678,23399,5.599460680484,5.831548295999999,6.050344855030274,5.612751736969725,18,4.5066646282,5.7960593251822585,0.4171701813178553,0.1596526150116611,48.41350838472664
2004-01-07,5.60730701,5.87649829,5.60730701,5.84094464,264234,5.60550933327432,5.8160570835,5.978996717456799,5.6531174495432,19,4.526320677449999,5.797819533606484,0.5172392658491461,0.167476805367971,48.99033566027949
2004-01-08,5.87141898,6.09540691,5.84094464,6.0593451,117974,5.60730701,5.817834765999999,5.990298623324413,5.645370908675585,20,4.547068728999999,5.808075438170936,0.5484704104268369,0.1736900528416873,59.48102938867368
2004-01-09,6.06950296,6.29298274,6.06950296,6.21679688,426747,5.60730701,5.838151094999999,6.082928699769353,5.593373490230645,21,4.568604039449999,5.824103730007369,0.5078811470537249,0.1779720233529954,65.05999201045303
2004-01-12,6.22187543,6.37424866,6.22187543,6.29806205,214753,5.6484475538000005,5.863292540999999,6.178447952710795,5.548137129289203,22,4.59006316025,5.842690330791394,0.4380385875610492,0.1765062916849243,67.54388636433725
2004-01-13,6.29806205,6.30821991,6.24727122,6.24727122,22003,5.706511642296,5.888433986499999,6.239799058905948,5.53706891409405,23,4.6108620011,5.858556248015262,0.4234060121946545,0.1682521772788582,64.45954186331157
2004-01-14,6.22187543,6.22187543,6.09997807,6.1964804,124158,5.75993060371232,5.914083363499999,6.276580532389253,5.551586194610745,24,4.63107674785,5.871808175544075,0.4450075876976549,0.1667551039017969,61.43819968639554
2004-01-15,6.14568958,6.20663826,6.14061027,6.15076889,18599,5.809076048215334,5.936685306499999,6.299024101254647,5.57434651174535,25,4.65106293705,5.882747811405092,0.3727935962001465,0.1595603100516686,58.768382860360994
2004-01-16,6.18124323,6.18632254,6.1253731,6.1253731,2789,5.854289857158108,5.946843471499998,6.31826689233545,5.575420050664545,26,4.670338053249999,5.892262528604892,0.3641581954863583,0.1525166764765494,57.27915741419727
2004-01-20,6.19140109,6.19140109,6.08981944,6.09489875,84149,5.895886561385459,5.954462094499998,6.331428312305455,5.577495876694542,27,4.68910526115,5.900209047090975,0.2972095366316281,0.148878460299653,55.46290287897894
2004-01-21,6.49614603,6.52154182,6.03902862,6.09489875,34996,5.934155529274622,5.967159799999998,6.3450828752587976,5.589236724741199,28,4.706856652599999,5.9078439374011325,0.2773937814330957,0.1727095131353921,55.46290287897894
2004-01-22,6.16092675,6.72978442,6.09489875,6.65359781,172527,5.99289415834716,6.009824106499998,6.483339309953502,5.536308903046495,29,4.72765549345,5.93708918730697,0.3339908701940073,0.2057220957685784,73.39808642134761
2004-01-23,6.45043452,6.80597028,6.45043452,6.65867712,152253,6.03902862,6.054266095499998,6.591852928823784,5.516679262176213,30,4.7480480085,5.965386753294932,0.3184834020678843,0.2164230717851085,73.50255828123757
2004-01-26,6.85168179,6.9278684,6.84660324,6.86184041,67087,6.09489875,6.107342531999999,6.7360458456341625,5.478639218365835,1,4.76945634,6.000541798655915,0.2830740599999371,0.2201922295147436,77.33644807268287
2004-01-27,6.80597028,6.92278909,6.74552899,6.8567611,100262,6.228173893999999,6.161942685999998,6.849107846458157,5.474777525541839,2,4.79068690325,6.034119026159605,0.2810137726443536,0.2171256488351191,77.03634150875162
2004-01-28,6.84660324,7.02945005,6.83644462,6.94818489,112637,6.34012501496,6.222891673999998,6.960129656872702,5.485653691127293,3,4.8121206313,6.069964746310209,0.2715641263718841,0.215402776061182,78.64281810897327
2004-01-29,7.03452936,7.08531942,6.94818489,7.03960791,11962,6.4642035212672,6.287142061499998,7.072351006830394,5.501933116169602,4,4.83385910275,6.107989968415691,0.2816894629428406,0.2098121870568119,80.13909953532377
2004-01-30,6.99948311,7.1310317,6.99948311,7.12087307,91171,6.58842670101376,6.352154306999998,7.185905561521039,5.518403052478957,5,4.85613087515,6.147710874360174,0.3006949248304111,0.2042219301241825,81.38737512506869
2004-02-02,7.1310317,7.18690183,7.1056359,7.18690183,21229,6.696947700811008,6.418690307999998,7.29481583472204,5.542564781277956,6,4.87885977035,6.188463460855853,0.3092582175655961,0.1954393586867409,82.35762166825332
2004-02-03,7.3087992,7.31387851,7.01929143,7.10055735,29312,6.794938526648807,6.4791314024999975,7.3681959025131025,5.5900669024868925,7,4.90120773245,6.224231848665427,0.2857700178276937,0.2025213387805451,76.72515809298625
2004-02-04,7.11579452,7.13611101,6.88215689,7.05992439,56788,7.31387851,6.540588282999998,7.411634689054971,5.669541876945026,8,4.92375885935,6.257004105188352,0.2904627237443195,0.206195108867649,74.1549784811119
2004-02-05,7.00913357,7.04976653,6.97865923,7.03960791,229048,7.31387851,6.600521446499998,7.434942070250979,5.766100822749018,9,4.9462337966,6.287694450475083,0.2806021221529053,0.1972715410913884,72.84109504975656
2004-02-06,7.1056359,7.19147298,7.08531942,7.18182252,53834,7.3052440776,6.656645317499998,7.488910925202933,5.824379709797062,10,4.9696483683,6.322758296338805,0.2695019574553159,0.1940282217277178,76.04118567622413
2004-02-09,7.03452936,7.31387851,7.03452936,7.30372065,19484,6.88215689,6.710991505999997,7.562989144810699,5.858993867189295,11,4.993672430649999,6.361227408247087,0.2645857290982482,0.2001225737471666,78.39143268160883
2004-02-10,7.39006512,7.46625097,7.25292982,7.41546015,71716,6.8907913224,6.766861410999998,7.649225994576147,5.884496827423849,12,5.01800123635,6.402569868707986,0.3156770619011106,0.2010653291937975,80.2992040344035
2004-02-11,7.61862344,7.6541771,7.3397817,7.3799065,139536,6.913809708304,6.823493174999998,7.710571916988124,5.936414433011871,13,5.0419998983,6.44089679542532,0.2409885979215495,0.2091603342513834,77.94127880557605
2004-02-12,7.32403637,7.39006512,7.31895782,7.36466933,14699,6.95823175180576,6.881902621499998,7.749777821555247,6.01402742144475,14,5.065490652,6.477123169330209,0.2127905749753361,0.1992994032334275,76.89909381430098
2004-02-13,7.42561801,7.54751614,7.36466933,7.36466933,21263,6.999988472697415,6.942597643499998,7.766110395306762,6.119084891693235,15,5.0889814057,6.511928901121181,0.2067680728835258,0.1981242180024684,76.89909381430098
2004-02-17,7.35959002,7.35959002,7.202139,7.21229686,54149,7.03923979033557,6.996943831499998,7.7367651358460225,6.257122527153973,16,5.11214201945,6.539394311273292,0.171014380075957,0.1955817974308635,66.57483367424517
2004-02-18,7.24785051,7.36466933,7.18182252,7.30372065,168599,7.076136028915435,7.0573849264999975,7.68092994970781,6.433839903292185,17,5.13532802975,6.569367893184143,0.2434260492773859,0.1946721554715161,69.24303498036676
2004-02-19,7.21229686,7.28848348,7.202139,7.202139,49349,7.110818493180509,7.112746938999997,7.554859375630436,6.670634502369558,18,5.157396645,6.594182446392608,0.2275721926919272,0.1880228336521221,63.20574171377422
2004-02-20,7.12087307,7.25292982,7.08531942,7.17674321,251866,7.6541771,7.138904208999998,7.527982755743375,6.749825662256621,19,5.17921130235,6.617027966534074,0.1539935081027692,0.1865648026769705,61.75604615532138
2004-02-23,7.18639367,7.22245472,7.09547804,7.09547804,20944,7.6427999464,7.160744254999999,7.482812136241972,6.838676373758026,20,5.2006450304,6.6357907145131305,0.1370691708035383,0.1823085082000441,57.2323902296797
2004-02-24,6.75517945,7.2427712,6.75517945,7.19198038,34169,7.631650335872,7.177251253499999,7.468737502780474,6.885765004219524,21,5.22251048085,6.6576020739439885,0.1844217145851276,0.2041144540428981,60.89553829173756
2004-02-25,7.16658535,7.38498581,7.14118956,7.21229686,58151,7.59659150043712,7.195028041499998,7.446827620455526,6.94322846254447,22,5.2439949982,6.679354810652067,0.1565843774818588,0.2069488680398339,61.64045589161461
2004-02-26,7.27324554,7.51196249,7.1716639,7.28848348,50999,7.562935018419635,7.212042970999998,7.439651125878421,6.984434816121575,23,5.2661397993,6.703242209450026,0.1399312881360889,0.2164738481798458,64.38065884730253
2004-02-27,7.26816699,7.57291193,7.23312074,7.5170418,209466,6.75517945,7.235914665499999,7.485282121395364,6.986547209604635,24,5.289021066199999,6.735155918883358,0.2061365877352946,0.2252822297384282,71.05971517747031
2004-03-01,7.61862344,7.69481006,7.56275331,7.66941427,55793,6.7715340996,7.263341725499998,7.570119529879828,6.956563921120169,25,5.3125372165,6.771793501280088,0.1841150845697165,0.2218883747571119,74.49350816823903
2004-03-02,7.69481006,7.75067943,7.61862344,7.74560012,150681,6.808465138016,7.291276639999999,7.660515321283375,6.922037958716624,26,5.3364089033,6.8099819961318495,0.2381581177698484,0.2154717758458895,76.02522452630474
2004-03-03,7.74560012,8.05034582,7.74560012,8.05034582,129482,6.86499799553504,7.338766063499999,7.823821376704634,6.853710750295363,27,5.361804318600001,6.8586237147149145,0.3027040022645383,0.2218484847140403,80.95256050009183
2004-03-04,8.05034582,8.32968963,8.05034582,8.2331972,178331,6.959825821492236,7.397429703999999,8.002379157932474,6.792480250067526,28,5.387733057700001,6.912528557275114,0.3004732905048917,0.2259552936630375,83.18554524263908
2004-03-05,8.27890414,8.38048579,8.27382026,8.28906733,35663,7.0968122023430125,7.459902674999999,8.155423053823252,6.764382296176746,29,5.413941147450001,6.966510469930992,0.2264062865103069,0.220336243401392,83.8100846596441
2004-03-08,8.40588158,8.48206743,8.21795013,8.31445779,73085,7.250853032861851,7.5165344385,8.29210335562054,6.74096552137946,30,5.440276189500001,7.019371149149385,0.1883183473570085,0.223463461729864,84.09913493487274
2004-03-09,8.74110543,8.95442201,8.02495003,8.23827118,72937,7.423223048461192,7.563261964999998,8.392657010417722,6.733866919582275,-1,5.4667636033,7.067171150359213,0.1516016450355155,0.2738926416063024,79.5118728196778
2004-03-10,8.28906733,8.28906733,8.10621519,8.17224319,16760,7.668214882307402,7.601101116999999,8.468264012218743,6.733938221781254,-1,5.492793898200001,7.110507308776499,0.1326254703602878,0.2673897486344236,75.66007987102496
2004-03-11,8.13160565,8.43128194,7.82686605,8.2331972,124244,8.95442201,7.643765651999999,8.546436199081231,6.741095104918767,-1,5.519103570400001,7.154534363334284,0.2166377667444641,0.2914630444462505,76.77843890835436
2004-03-12,8.22811332,8.48206743,8.10113588,8.31953711,112148,8.9318708908,7.691509040999999,8.630365181787186,6.752652900212812,-1,5.546124289000001,7.200220745556469,0.2118938236161452,0.2978536519858041,78.29943185521486
2004-03-15,8.40588158,8.40588158,7.78623308,7.92336838,35047,8.909770793984,7.719443993499999,8.650956912405636,6.787931074594362,-1,5.5705546733,7.22857947631896,0.2112603340389329,0.3208389982725325,59.15373279721774
2004-03-16,7.79131239,7.96907989,7.74560012,7.96907989,35783,8.86482928542464,7.757283144999998,8.664483831564974,6.850082458435023,-1,5.594449215850001,7.25761870822802,0.2578529636414321,0.3138847676816373,60.35820285973149
2004-03-17,7.9741592,8.11637381,7.85734039,8.08082016,105930,8.797675535499161,7.796138120499998,8.688755452765307,6.903520788234689,-1,5.6170765286,7.289901118101431,0.2782937766492775,0.3099668142758061,63.21380279056314
2004-03-18,7.74560012,8.01479217,7.74560012,7.97923852,81974,8.734551010569211,7.834993096499998,8.687556892030331,6.982429300969666,-1,5.638230906000001,7.316933957391571,0.3331575590560247,0.3117706161132486,59.04942709261855
2004-03-19,8.00463355,8.10113588,7.87765687,7.91828907,166124,8.675213957135059,7.872070389499998,8.669626145575412,7.074514633424584,-1,5.658851978600001,7.340516510827196,0.2759130210863973,0.305464072819445,56.63847387597583
2004-03-22,7.87257756,7.87257756,7.63893993,7.83702391,4724,8.619437126906956,7.909147682999998,8.62344649789515,7.194848868104845,-1,5.678863564400001,7.359987389226129,0.2924915456784504,0.303598720475199,53.50185861368912
2004-03-23,7.93606628,7.93606628,7.64909779,7.72020509,53393,8.540997351154399,7.935558918499997,8.57720263280689,7.293915204193105,-1,5.698341845400002,7.374113573570202,0.2584448604130365,0.3024108468698276,49.2772249553089
2004-03-24,7.62370275,7.74560012,7.5170418,7.63386061,31591,8.468832757462048,7.956637105999998,8.525418495440253,7.387855716559742,-1,5.717312218150002,7.384299731861567,0.2768863018696984,0.2971356663791256,46.3631572676842
2004-03-25,7.70496792,7.76083805,7.68465144,7.74560012,19979,8.373653661715842,7.979492937999997,8.470455442731863,7.488530433268132,-1,5.736358772950001,7.398468374533663,0.2984797703535854,0.2849815073520452,50.44709733041705
2004-03-26,7.75118759,7.7659166,7.56783262,7.74560012,10619,8.287992475544257,7.990920853999997,8.447747682296072,7.534094025703922,-1,5.755024398500001,7.4120813841597935,0.2497671935234316,0.2787745411126134,50.44709733041705
2004-03-29,7.72020509,7.9741592,7.69481006,7.96907989,193934,8.210897407989831,8.005904134999998,8.438587466136672,7.5732208038633235,-1,5.7745534687500015,7.433924462820194,0.3220793771332893,0.2788155838902839,57.88504785690391
2004-03-30,7.96907989,8.14176884,7.87257756,7.90813121,36403,7.5170418,8.014030689499998,8.432732223314897,7.5953291556851,-1,5.793828584900001,7.452520805846853,0.2370614017779891,0.2781281336124064,55.44091210077329
2004-03-31,8.22811332,8.22811332,7.89289404,7.94876417,240964,7.5295363408,8.008951606999997,8.428231909513453,7.58967130448654,-1,5.813281473100002,7.47198132993129,0.0428137481975942,0.2822060726400917,56.75197652117888
2004-04-01,7.84718177,8.40588158,7.63893993,7.73036295,136832,7.557479419968,7.983809894499997,8.406577750434943,7.561042038565049,-1,5.831566169350001,7.482113942483004,-0.056399640459789,0.3168300424515137,48.49297005414914
2004-04-02,7.67957213,7.74560012,7.60846558,7.66941427,37334,7.60838354956992,7.952827241499998,8.372381126262713,7.533273356737284,-1,5.849850865650001,7.489459053366023,-0.0429303872310779,0.3039946494192627,46.46094624186508
2004-04-05,7.68973075,7.68973075,7.53735828,7.56783262,37934,8.40588158,7.915495982999998,8.332556903933343,7.498435062066652,-1,5.867627653700001,7.492532526567355,-0.0458857697093541,0.2931644937464582,43.21097361983822
2004-04-06,7.66433496,7.69988861,7.28848348,7.60846558,155703,8.388511114000002,7.884005702999998,8.293871570016771,7.474139835983225,-1,5.885937746500002,7.497078920819615,0.0333593025802631,0.3016102534788541,44.87213084393826
2004-04-07,7.84718177,7.84718177,7.53735828,7.60846558,52186,8.344510008640002,7.855816822499998,8.260019592287971,7.451614052712024,-1,5.904349421700001,7.501447025101199,0.0185596406481061,0.3021969132303645,44.87213084393826
2004-04-08,7.50688394,7.72020509,7.49672532,7.71004723,57310,8.302268947494403,7.829659323999996,8.198996006646505,7.460322641353486,-1,5.923269005150002,7.509627425293309,0.025119904059734,0.2965742601424813,49.182054600231695
2004-04-12,7.83702391,7.83702391,7.75575874,7.78623308,22367,8.261717528794627,7.802994122499996,8.096160580258324,7.509827664741668,-1,5.942467935450002,7.520474705870042,0.0120701299479245,0.2844601472751613,52.2003832999674
2004-04-13,7.64909779,7.78115377,7.44593449,7.59322765,22349,8.222788166842841,7.786487085999997,8.087749505099508,7.485224666900485,-1,5.960854210300002,7.523327762502589,0.0233633978290285,0.2884486074697926,44.921228585005714
2004-04-14,7.59322765,7.6541771,7.44085594,7.55259545,32999,8.185415979369127,7.765662863999997,8.071109234640947,7.460216493359046,-1,5.9791896958500015,7.524475514953468,0.000608829450746,0.2830823612219503,43.54456843175802
2004-04-15,7.49164601,7.57291193,7.46625097,7.49164601,99599,8.149538679394363,7.736204156499997,8.027714785051113,7.44469352794888,-1,5.997095999850001,7.523188083386666,-0.0857308841350575,0.2704808325632395,41.490531804770285
2004-04-16,7.57799048,7.57799048,7.44085594,7.51196249,165219,8.115096471418589,7.712840354999997,7.99751332931742,7.4281673806825745,-1,6.014339483100001,7.522747864038169,-0.1155650080742237,0.2609560973801511,42.464783947924126
2004-04-19,7.31387851,7.49164601,7.19705969,7.49164601,167403,8.082031951761845,7.691508201999997,7.975342682028825,7.407673721971169,-1,6.031938502900001,7.521528183487653,0.057515386712393,0.2648094332815688,41.71671774609156
2004-04-20,7.46625097,7.49164601,7.32403637,7.34943216,39904,8.028933616056134,7.667128614499997,7.979142707697192,7.355114521302801,-1,6.048623288650001,7.5147793198214705,0.0369943892818999,0.2578665909043139,36.82628653253865
2004-04-21,7.32911568,7.35451147,6.88723544,6.97865923,371168,7.979021180492766,7.630051321499996,8.061431070627563,7.198671572372429,-1,6.063631978000001,7.49375500257357,-0.0721015268711926,0.2728244079825772,27.70673971699929
2004-04-22,6.97865923,7.11579452,6.93294771,7.05992439,78779,7.891678321253345,7.601354510499997,8.099150152887116,7.103558868112878,-1,6.079326343800001,7.476742037374606,-0.0552563677197756,0.2663974366981074,31.69903997212508
2004-04-23,7.07516156,7.18182252,7.07516156,7.1056359,89501,7.811322890753077,7.569356299499998,8.106656018965674,7.032056580034322,-1,6.094639776500002,7.462188855516779,-0.0779575293766861,0.2560760576482426,33.90993154095541
2004-04-26,7.12595238,7.18690183,7.11071521,7.13611101,19766,7.737395894692831,7.538881843999998,8.101291070549285,6.97647261745071,-1,6.110105584750001,7.449401489025925,-0.0849150543692998,0.2435896199590824,35.41101045140235
2004-04-27,7.09547804,7.14118956,7.05484508,7.0650037,9787,7.669383058317405,7.4936780344999985,8.055842270155521,6.931513798844475,-1,6.125114274050002,7.434327065926869,-0.1970056185044285,0.2323578242477194,33.49915595280369
2004-04-28,6.96850061,7.08531942,6.94818489,7.08531942,323098,7.606811248852012,7.452537444999997,8.007745063916998,6.897329826082997,-1,6.1399705878500015,7.420640491576796,-0.0088909810344354,0.2255561603728823,34.585809597301946
2004-04-29,6.94818489,7.03452936,6.07966158,6.59772767,1036023,7.549245184143851,7.384985619999997,8.006993868841162,6.762977371158833,-1,6.152896851150001,7.388369400534568,0.0776943692387586,0.2812777089176764,24.31595777368797
2004-04-30,6.57741119,6.6078863,6.06950296,6.29806205,466773,7.402286823729466,7.313370574999996,8.074161526795445,6.552579623204547,-1,6.164070832200001,7.345612249533213,0.0801658556960178,0.299642396852128,20.322042548709163
2004-05-03,6.14568958,6.29806205,6.14568958,6.20155971,110046,7.24235276008193,7.239977846999996,8.122660213198202,6.35729548080179,-1,6.174025835800002,7.300747444061322,0.0709261680603764,0.2891231163626904,19.22682440631772
2004-05-04,6.18124323,6.25742908,6.15584744,6.20155971,30112,7.101610784072099,7.171664201499996,8.148713759079143,6.194614643920849,-1,6.183422138050002,7.257642042725584,0.0769870095441542,0.2757272966224983,19.22682440631772
2004-05-05,6.30314136,6.34885287,6.1964804,6.25742908,107324,6.977757845183447,7.104112376499996,8.13628432164634,6.071940431353653,-1,6.192869229600001,7.21841800497164,0.0454147325221296,0.2669162375780341,22.047597010567216
2004-05-06,6.34885287,6.5824905,6.32853639,6.56217402,87599,6.868767258961434,7.051797798499996,8.082475570519467,6.021120026480525,-1,6.203459112750002,7.192682946737458,0.075442505962,0.2710694648938888,35.316673017758376
2004-05-07,6.4453552,6.59264912,6.4453552,6.5824905,48899,6.772855543086061,6.995419961999997,7.998901019724707,5.991938904275287,-1,6.213515694900001,7.168753831179126,0.0726451561193325,0.2622283545443253,36.097625865657626
2004-05-10,6.80597028,6.80597028,5.80031168,6.17108537,98699,5.80031168,6.914662576499997,7.910511781126139,5.918813371873855,-1,6.220499434950001,7.129629577799553,0.0650463819030343,0.3153305149340163,28.57424362356029
2004-05-11,6.13553172,6.22187543,6.01363359,6.14568958,19949,5.80031168,6.8422856729999975,7.840752375393194,5.843818970606801,-1,6.227305406750002,7.091043695532903,0.0674613574487255,0.3076813238673009,28.18375352320227
2004-05-12,6.09489875,6.1253731,5.97300063,6.0847409,64949,5.80031168,6.7688929454999975,7.763506743286829,5.774279147713166,-1,6.233654259650002,7.051580840806123,0.0752011877576234,0.298039011448208,27.22225923021664
2004-05-13,5.76475802,6.45043452,5.76475802,5.99331711,121086,6.80597028,6.693976500499997,7.685256424989383,5.702696576010611,-1,6.239495204300002,7.0100803023431375,0.0781507527353575,0.3257274034876216,25.80040832701665
2004-05-14,5.97300063,6.09489875,5.93744698,6.01871214,91499,6.7851460348,6.619313982999998,7.577287937826788,5.661340028173208,-1,6.245488520650001,6.971203119506152,0.0789176475196752,0.3137077153813629,26.941899252205715
2004-05-17,6.00347497,6.02887076,5.89681477,5.96792132,78599,6.764738274504,6.543127748499996,7.452614733581958,5.633640763418034,-1,6.2503136488500015,6.931858735211793,0.0320536641277705,0.300732592139837,26.0778010661174
2004-05-18,5.8815776,5.96792132,5.87141898,5.96792132,72562,6.744738669413921,6.474052206499996,7.336738696657225,5.611365716342768,-1,6.254757843950001,6.894057267948585,0.0619154725013453,0.2861447169869916,26.0778010661174
2004-05-19,5.96792132,6.00347497,5.90697263,5.9882378,44999,6.725139056425642,6.424531134999997,7.279338781251023,5.569723488748971,-1,6.259278224900002,6.85853493587217,0.1542178769125117,0.2725988329164922,27.161548783324065
2004-05-20,5.9882378,5.99839642,5.98315925,5.99839642,23602,6.70593143569713,6.371454736499997,7.193039143085263,5.549870329914731,-1,6.264255728600001,6.824804013681105,0.1547188276739717,0.2542158569938856,27.7320674812714
2004-05-21,5.99839642,6.02887076,5.9882378,6.02887076,18599,6.687107967383187,6.317616479499996,7.078586298546815,5.556646660453177,-1,6.270147462550001,6.793590944909297,0.1783540134830401,0.2389599357800366,29.51562175565722
2004-05-24,6.1253731,6.37424866,5.91713126,6.25742908,27247,6.668660968435523,6.273682382999996,6.935567638523235,5.611797127476757,-1,6.277334363600001,6.772564989422658,0.1848003972020671,0.2545426117957483,41.23055230985472
2004-05-25,6.01871214,6.07458227,5.96792132,6.02379145,74101,6.650582909466812,6.221621770499996,6.782426613841224,5.660816927158768,-1,6.2838101916000015,6.743201321210004,0.1845042407025126,0.2570401223817662,34.85345403720568
2004-05-26,6.07458227,6.09997807,6.01363359,6.02379145,27329,6.632866411677476,6.168545371999996,6.570871480021215,5.766219263978777,-1,6.289930486900001,6.714989169397847,0.07528663768197,0.2448475764973543,34.85345403720568
2004-05-27,6.05426579,6.27266702,6.05426579,6.06442441,17158,6.615504243843927,6.141880208999996,6.494514466392071,5.7892459516079215,-1,6.296126968050001,6.689476825892049,0.0587177247861391,0.2451352903189718,36.82432804622776
2004-05-28,6.04918724,6.16092675,6.01871214,6.06950296,18665,6.598489319367048,6.130452254499996,6.476859048101318,5.784045460898675,-1,6.302221863000002,6.665164125268832,0.1360070766770363,0.237783813153331,37.080539425035234
2004-06-01,6.03395007,6.09489875,6.02379145,6.04918724,5999,6.581814693379707,6.122833630999996,6.469352085671321,5.776315176328671,-1,6.308418344150002,6.641008168983779,0.1747312551855089,0.225878347928093,36.44381782921362
2004-06-02,6.06950296,6.06950296,5.83078678,6.01871214,34400,6.565473559912113,6.113691252499996,6.46106627313898,5.766316231861013,-1,6.314386263950001,6.616604403141278,0.1950617542808173,0.2267953359332292,35.46016489499077
2004-06-03,5.79015382,6.04410793,5.79015382,6.00347497,43901,6.549459249113871,6.100993546999996,6.444973039468401,5.757014054531592,-1,6.320303394450002,6.5925601116455415,0.2575118920684836,0.22873524836657,34.95219688854424
2004-06-04,5.96284277,6.09489875,5.89681477,5.95268415,25649,6.533765224531593,6.070519053499996,6.347048910721427,5.793989196278566,-1,6.326141798300001,6.5674669366790495,0.1856763214563753,0.2265458720546722,33.24274050887212
2004-06-07,5.84094464,5.97300063,5.84094464,5.87649829,11534,6.518385080440961,6.035219442999996,6.198284984598051,5.8721539014019415,-1,6.331322463000001,6.540370127005361,0.1416367165942622,0.2197965947650527,30.808684677058707
2004-06-08,5.94252629,5.94252629,5.73936299,5.73936299,10799,6.503312539232142,6.013633323999995,6.209951501597587,5.817315146402404,-1,6.335665079500002,6.508958082416916,0.1747508699349993,0.2186085022818346,26.97933885126868
2004-06-09,5.68908033,5.76475802,5.68908033,5.76475802,3824,6.472754557262856,5.994586745999996,6.20903895689934,5.780134535100652,-1,6.340287042850003,6.479773766243704,0.1763303546263261,0.2083991585474179,28.74556966293609
2004-06-10,5.74952085,5.84094464,5.65809783,5.83586533,96877,6.425734103627085,5.982142967499995,6.203012393969479,5.761273541030512,-1,6.345442311000003,6.45452245501846,0.241810080983447,0.2065739907940309,33.58940394646147
2004-06-14,5.91205194,5.91205194,5.73936299,5.74444231,18839,6.364323201736919,5.969699227499996,6.21350091968285,5.725897535317142,-1,6.350038881650002,6.426676174821658,0.3052738097491345,0.2041536307373143,30.699796193297303
2004-06-15,5.78507451,5.91205194,5.72920513,5.73936299,102323,6.3078251719979646,5.955731769999995,6.218009121248588,5.693454418751403,-1,6.354889406350002,6.399722716593358,0.176860481292792,0.2026317149703633,30.54258729832145
2004-06-16,5.7139672,5.83078678,5.70380934,5.73936299,100049,6.255846984638128,5.944303853499996,6.222872323793666,5.665735383206325,-1,6.359689137950003,6.373826256726952,0.1076713097384213,0.1972278381867659,30.54258729832145
2004-06-17,5.69365148,5.78507451,5.69365148,5.78507451,129576,6.208027052267077,5.935161512999996,6.22191106034749,5.648411965652502,-1,6.364742823700002,6.350737952933738,0.1685654506968921,0.1896703518877112,34.066592946294634
2004-06-18,5.8511025,5.96792132,5.84602395,5.93744698,45974,6.164032714485711,5.932621971999996,6.218344095843327,5.646899848156665,-1,6.370129190250002,6.334530463799082,0.1590415995424966,0.189182956038589,44.22495033573826
2004-06-21,5.89173546,6.04918724,5.89173546,5.99331711,29864,6.123557923726854,5.932368006499996,6.21786476377241,5.646871249227583,-1,6.375005107750002,6.321149547963824,0.1401408672573562,0.1869164434644041,47.42359998124836
2004-06-22,6.03902862,6.06442441,5.97807994,6.01363359,19349,6.086321116228706,5.931606147999996,6.216148481274539,5.647063814725453,-1,6.380388937250002,6.309090098631909,0.1139171059679781,0.1797327310740895,48.578449355145466
2004-06-23,5.97300063,5.99331711,5.89173546,5.9222098,33803,6.06442441,5.914845183999996,6.15697358265692,5.672716785343073,-1,6.384985507850002,6.293918322214972,0.081460170443482,0.1756016881402261,43.904937973643946
2004-06-24,5.83586533,5.99839642,5.74444231,5.86634043,60095,6.06442441,5.906972632999996,6.144617194596191,5.669328071403801,-1,6.388921798500003,6.2771505617359535,0.0757286764596601,0.1811982897016384,41.290665920283935
2004-06-25,5.84602395,5.93236843,5.83078678,5.87649829,21599,6.0319182836,5.899607974999996,6.131371636564184,5.667844313435808,-1,6.3929114192500025,6.2614387079423866,0.0988206955652508,0.1755113868658071,41.967252958243726
2004-06-28,5.84602395,5.97300063,5.84602395,5.97300063,27134,6.002012647311999,5.895036785999996,6.11701700281788,5.673056569182112,-1,6.397381010900003,6.250127410768175,0.1484605126373513,0.172044622089678,48.08800193578983
2004-06-29,5.95776346,6.09489875,5.9222098,6.04410793,45044,5.65809783,5.893767034499996,6.11199975341184,5.675534315588152,-1,6.401977581500002,6.2420482154439325,0.1714970506195901,0.1720906455118438,52.09716468899153
2004-06-30,6.22187543,6.22187543,6.03902862,6.08981944,101847,5.6668338484,5.895798644499996,6.120443321561013,5.671153967438978,-1,6.4063709873000025,6.236078459544171,0.1091695283256139,0.1728589429752836,54.528374735867885
2004-07-01,6.01871214,6.21171757,6.00347497,6.16092675,23782,5.689035511664,5.902909374999995,6.150497779350708,5.6553209706492815,-1,6.411145322400002,6.233131333679694,0.1024233181642467,0.1753863470484776,58.091542750261226
2004-07-02,6.11013593,6.11013593,6.06442441,6.07966158,37048,5.710349108397439,5.906718705499995,6.1625849881329255,5.6508524228670645,-1,6.415513331650003,6.227112911966764,0.0585083848827114,0.1697517751164435,52.981817397042505
2004-07-06,5.90189332,5.97300063,5.89681477,5.93236843,18749,5.730810161261542,5.905702919499996,6.16099186277673,5.650413976223262,-1,6.419779762300003,6.215554304830813,0.069524540178701,0.1706871347509832,45.21825220422125
2004-07-07,5.9222098,6.04918724,5.91205194,5.94252629,8999,5.75045277201108,5.909004319499995,6.164404902188666,5.653603736811323,-1,6.423690656450003,6.204847323857056,0.0700591251302023,0.168290575125913,45.80801015817901
2004-07-08,5.94252629,6.24727122,5.94252629,6.02887076,10477,5.769309678330637,5.923479707999995,6.17149032617086,5.6754690898291305,-1,6.428005335600003,6.197946282137171,0.0767755296242166,0.1780373147597763,50.66951065801318
2004-07-09,6.02379145,6.39456438,5.98315925,6.13553172,25157,5.797987370830799,5.942018392999995,6.195176903956522,5.688859882043468,-1,6.433084417900003,6.195498652249439,0.0642476171602264,0.1947064444197923,55.92900222935016
2004-07-12,6.06442441,6.14061027,6.05426579,6.05426579,7649,5.845713531564335,5.952938415999995,6.205680270725778,5.700196561274212,-1,6.437985731950002,6.189960108631814,-0.0434485359578804,0.1869663041040929,51.42984414453677
2004-07-13,6.01363359,6.06950296,6.00855428,6.05426579,4199,5.889621599439188,5.968429589999995,6.205659144110721,5.731200035889269,-1,6.442785463550003,6.184638762803115,-0.0209390913534773,0.1779650452395148,51.42984414453677
2004-07-14,6.06950296,6.07458227,5.8815776,5.8815776,25499,6.39456438,5.975540320499995,6.192542540711896,5.758538100288094,-1,6.446594775250003,6.172754011320641,0.061348652494488,0.179039304150978,42.92072302840193
2004-07-15,5.91205194,5.91713126,5.89173546,5.89173546,14399,6.3843046444,5.983158943999995,6.175789405041332,5.790528482958658,-1,6.4502771080000025,6.161733675974733,0.1118774146905993,0.1687903295687653,43.51275364958394
2004-07-16,5.87141898,5.87141898,5.72920513,5.78507451,38849,6.374250103512,5.983158943999995,6.175789405041258,5.790528482958732,-1,6.4538070690500025,6.1469627282894495,-0.1012122659463098,0.1683431867424249,38.944975057264486
2004-07-19,5.79015382,5.84094464,5.71904651,5.73936299,18109,6.348448304571519,5.973254744499995,6.192762144276979,5.753747344723011,-1,6.457133869100002,6.130978424827118,-0.1674763172702973,0.1650256826893945,37.14528755746399
2004-07-20,5.73936299,5.74952085,5.66317714,5.73428368,12880,6.3106841968972285,5.960303072999996,6.202900372263519,5.717705773736473,-1,6.460409876000003,6.115421768167232,-0.1732103028105346,0.1594055417830092,36.94101116048499
2004-07-21,5.75460016,5.77491665,5.75460016,5.77491665,3299,6.258883632345451,5.948367225999996,6.202509682495139,5.694224769504853,-1,6.463863651200003,6.102068626278321,-0.1659073695289953,0.1509217866556514,39.79345248477952
2004-07-22,5.8104703,5.84094464,5.77999596,5.83078678,22049,6.211227112957815,5.943796074999995,6.2028964350477445,5.684695714952246,-1,6.467469801900003,6.0914301225027,-0.1160447969759075,0.1448579440373906,43.57302174900489
2004-07-23,5.68349286,5.77999596,5.64793921,5.7139672,41399,6.16738311512119,5.936177413499996,6.212338974063629,5.660015852936363,-1,6.4705934371000025,6.076627654953575,-0.1155844848750677,0.1475714887490056,38.17648470185897
2004-07-26,5.62254418,5.7139672,5.62254418,5.67841431,8294,6.115438724609071,5.926273214499995,6.223676776769298,5.628869652230692,1,6.473107585500002,6.061011445347552,-0.1106025902415227,0.1435608838383623,36.68727159210465
2004-07-27,5.62254418,5.84094464,5.5361997,5.58699053,46304,6.056291379255982,5.906972709499994,6.23794808412167,5.575997334878319,2,6.474783681900002,6.042422389843726,-0.2193177668307053,0.1550740307070507,33.11046733910645
2004-07-28,5.61238632,5.62762349,5.39398509,5.47525102,55814,5.983478544160144,5.8785298639999946,6.252460641634071,5.504599086365918,3,6.4749360574000026,6.0201803753400505,-0.2825267114992505,0.1606857713708328,29.344790523865868
2004-07-29,5.48540888,5.68349286,5.38890654,5.61238632,80309,5.889159591494521,5.854658207999995,6.232524087431585,5.476792328568404,4,6.475139222250002,6.004188451601225,-0.1221344697917345,0.1702500962729163,38.57755977956439
2004-07-30,5.57683267,5.69365148,5.56159473,5.69365148,38396,5.799114042225507,5.831294444499994,6.187698303047555,5.474890585952433,5,6.474910664700002,5.992010531146275,-0.0680679995177248,0.1675220001105651,43.30546546874111
2004-08-02,5.63778135,5.63778135,5.56159473,5.57175335,50009,5.725276691824916,5.805899032999994,6.160270408585163,5.451527657414825,6,6.474608458250002,5.975529857375832,-0.1122267147141132,0.1649887679598103,38.51626284100943
2004-08-03,5.58699053,5.58699053,5.52096253,5.56159473,7949,5.69365148,5.787360347999995,6.151972960625076,5.422747735374913,7,6.474202128600002,5.959297107282662,-0.1086269037355719,0.1579201416769667,38.137735064406925
2004-08-04,5.56667404,5.58699053,5.43461806,5.56667404,49222,5.6387973908,5.768567735499994,6.137965764113318,5.399169706886671,8,6.473871988600003,5.94390012425197,-0.0274777359021085,0.1575238794143262,38.46337821702499
2004-08-05,5.56159473,5.58699053,5.56159473,5.58191121,14999,5.593817037656,5.746219757999994,6.103814184605968,5.388625331394021,9,6.473392013900003,5.929704480555814,-0.0032853125523403,0.1480861594561599,39.49236684722547
2004-08-06,5.57683267,5.59206984,5.51080391,5.54127901,70706,5.38890654,5.716507122499994,6.036553669728846,5.396460575271142,10,6.472960291500003,5.914472109161468,-0.0213148829830506,0.1433132859235771,37.682815237126206
2004-08-09,5.50572536,5.50572536,5.38382723,5.43461806,25049,5.59206984,5.685524735999994,5.988289107281195,5.382760364718794,11,6.471563545800003,5.895654303311999,-0.0151896322807976,0.1443231783576073,33.36143635253727
2004-08-10,5.40414372,5.42953875,5.30764062,5.31779924,20443,5.59206984,5.648701408499994,5.942117239404347,5.355285577595641,12,6.469912845950002,5.872993320437018,-0.0445205626200813,0.1430841970463496,29.386590777308243
2004-08-11,5.26700842,5.26700842,5.23653408,5.25177125,9599,5.5806926712,5.617211090999994,5.9378210338778485,5.29660114812214,13,6.4677694750500025,5.848631670615959,-0.0050490916788739,0.1386685515430389,27.39949831362891
2004-08-12,5.2212969,5.22637545,5.18066394,5.18574325,3899,5.560043155728,5.581911480499995,5.928273515363499,5.235549445636491,14,6.465509284550003,5.8226360462780775,0.0132700364595719,0.133842748575679,25.53968578118986
2004-08-13,5.20605973,5.25177125,5.20605973,5.21621759,14384,5.529692818469759,5.553468634499994,5.921194127550419,5.18574314144957,15,6.4628427682500025,5.798854930345604,0.0143800370654988,0.1289988379631305,27.969828918535185
2004-08-16,5.24669194,5.25177125,5.1908218,5.2212969,15539,5.501770508192179,5.5275653299999945,5.911875599784537,5.143255060215452,16,6.460125462650003,5.776205595822247,0.0348862456569966,0.1241381673943355,28.38933646923722
2004-08-17,5.18066394,5.20605973,5.13495243,5.20605973,19199,5.476081982736805,5.501154132499995,5.897425318645615,5.104882946354374,17,6.457306574600002,5.753846934417453,0.0527202966408943,0.1214386175804543,27.86504906421051
2004-08-18,5.19590111,5.23145476,5.19590111,5.21621759,2399,5.4419690274631245,5.473219179499994,5.867120169630291,5.079318189369697,18,6.454386104150002,5.732763430714808,0.0478394020932848,0.1153039770389933,28.808940900538037
2004-08-19,5.21621759,5.22637545,5.16999792,5.20605973,4949,5.411267367716812,5.441982826999994,5.816093863540686,5.067871790459303,19,6.451770377150002,5.712108383627953,0.02624661784816,0.1110949451076366,28.40861723203849
2004-08-20,5.20605973,5.24161262,5.17558463,5.21113828,11624,5.383635873945131,5.416841380999995,5.781935121809583,5.051747640190407,20,6.448722927750002,5.692462497211171,0.0292988345333041,0.1078758768856625,28.94027199508477
2004-08-23,5.23145476,5.29240345,5.22637545,5.24161262,7079,5.358767529550618,5.395001296499994,5.746913823576956,5.043088769423032,21,6.445700871100002,5.674782109869557,0.019042063835341,0.1059751121081152,32.194250920289704
2004-08-24,5.36351075,5.36351075,5.29748276,5.33303641,41654,5.13495243,5.382303590499994,5.723761429828469,5.040845751171519,22,6.442729607550002,5.661380317717809,0.0819302406052267,0.1071124705289641,40.93293751490469
2004-08-25,5.34319427,5.38382723,5.33811572,5.38382723,89099,5.1395235964,5.377732400999994,5.716528050780818,5.03893675121917,23,6.440444020500003,5.6504958829053455,0.2612148111075,0.1030894954911809,45.16134765851654
2004-08-26,5.38382723,5.58191121,5.11463595,5.54635756,21149,5.58191121,5.374430962999995,5.705207762138147,5.043654163861842,24,6.438285408600002,5.646412027105136,0.2454511273277089,0.129102764384668,56.01288136094527
2004-08-27,5.58699053,5.70380934,5.57683267,5.64286066,15983,5.11463595,5.371891421999996,5.693478185604499,5.0503046583954925,25,6.436759146950002,5.646272757806895,0.1802799763420912,0.1311276940714774,60.95346626763886
2004-08-30,5.70888865,5.89173546,5.63270204,5.89173546,38314,5.11463595,5.387890527499994,5.773186216204819,5.0025948387951695,26,6.436378217650002,5.6558987461281935,0.3398185693701635,0.1402638173520862,70.23766122155254
2004-08-31,5.96284277,6.14568958,5.96284277,6.10505661,4499,5.1457199304,5.4150636214999945,5.907333941109905,4.922793301890084,27,6.436809940000002,5.673512780005519,0.3436484211032309,0.1483845532555086,75.59428329275192
2004-09-01,6.11521524,6.12029455,6.07966158,6.12029455,399838,5.205718109376,5.442744646999995,6.020791444051013,4.8646978499489775,28,6.437241662400002,5.691033633730793,0.6365821445147354,0.1406880115944008,75.92757220776157
2004-09-02,6.09489875,6.17616392,6.09489875,6.16092675,36449,5.26211639761344,5.471695423999995,6.127492000529495,4.815898847470495,29,6.4378003599500015,5.709460814760958,0.6367309626061846,0.1364435229090865,76.83596217869035
2004-09-03,6.17616392,6.3336157,6.17565652,6.26758771,19964,5.335240199404365,5.508010858999995,6.249977460408422,4.7660442575915685,30,6.439044737800002,5.731348143986018,0.703211901196616,0.1390324819870089,79.06884283249036
2004-09-07,6.27774557,6.30821991,6.24727122,6.27266702,19021,5.435077749463928,5.549913306999995,6.361919270853743,4.737907343146247,-1,6.440365301500002,5.752576335202253,0.7098073949089888,0.1334550682736511,79.17180715122241
2004-09-08,6.24219191,6.26758771,6.12029455,6.20155971,11849,5.524931544517536,5.594101330499995,6.445979595593931,4.742223065406058,-1,6.442295355800002,5.770183526370792,0.7407823891012993,0.1348063112541046,73.70557510121807
2004-09-09,5.99331711,6.30821991,5.99331711,6.23711336,5999,5.605799960065782,5.643368435999995,6.523847001903422,4.762889870096568,-1,6.444161920600002,5.788494500238604,0.7483908796110027,0.1476703461645258,74.64807868655362
2004-09-10,6.26758771,6.29298274,6.23711336,6.24219191,9644,5.678581534059203,5.696190868999995,6.587210181772496,4.805171556227495,-1,6.4458634135500015,5.806286555523364,0.7367787827596345,0.1411131342956311,74.78710030930539
2004-09-13,6.1964804,6.30821991,6.16600606,6.24219191,187686,5.744084950653283,5.747489584999995,6.640203279486856,4.8547758905131335,-1,6.4476410923500005,5.823380883149899,0.6262848583474268,0.1411917568459431,74.78710030930539
2004-09-14,6.28282488,6.59264912,6.24219191,6.50122534,30749,5.803038025587955,5.811486006999995,6.727348082605695,4.895623931394295,-1,6.450180633500001,5.849963018712648,0.6315860376933887,0.1561392892140901,80.96251900871155
2004-09-15,6.59264912,6.62820278,6.47583031,6.47583031,31649,5.8977913569174,5.8749745359999945,6.790202728028505,4.959746343971484,-1,6.4520598947000005,5.87450683405725,0.5722575977635156,0.1558702306987979,78.92163976013941
2004-09-16,6.55201616,6.58756981,6.53169968,6.58198311,28649,6.000048956148964,5.943262811999995,6.855496099536026,5.031029524463964,-1,6.452539869400002,5.90225100174128,0.5796947709997389,0.1527180356488837,81.06975217286063
2004-09-17,6.46059238,6.55201616,6.39456438,6.45043452,27299,6.087990491488109,6.005481551499996,6.876937709987603,5.134025393012388,-1,6.4535556859000005,5.9237483946141705,0.5582500132259439,0.1551966566739635,71.36381122648015
2004-09-20,6.45043452,6.55709547,6.45043452,6.5113832,56699,6.163620211879774,6.070493797499996,6.8875130853027215,5.25347450969727,-1,6.455028617500001,5.946792896786164,0.5416725341312497,0.1517298204829661,72.97801668267707
2004-09-21,6.59264912,6.62820278,6.37932721,6.39964369,115476,6.228661771416606,6.128395350999996,6.862131874634079,5.394658827365912,-1,6.455257175050001,5.964551751422,0.4145176180479842,0.1586688025913257,65.66942121139047
2004-09-22,6.26250839,6.61804416,6.26250839,6.46059238,42247,6.62820278,6.184773149499995,6.833777976654139,5.535768322345851,-1,6.456247595000001,5.984004325091726,0.4156734586695362,0.1727307288348024,67.57681282109195
2004-09-23,6.50630465,6.53169968,6.47583031,6.47583031,7799,6.62820278,6.239373303499995,6.7851961129766565,5.693550494023334,-1,6.458660161000001,6.00329161861754,0.3588724629467602,0.1654719124894594,68.05468549027273
2004-09-24,6.43519734,6.43519734,6.32345708,6.32345708,25199,6.6208888922,6.278228279499996,6.722349383312278,5.834107175687714,-1,6.459523601950001,6.015847126907048,0.3188880515212439,0.1645362923116409,58.73278491772432
2004-09-27,6.29298274,6.37424866,6.14568958,6.22187543,51749,6.613721282156,6.307179017999995,6.644503342886682,5.969854693113308,-1,6.460514021850002,6.023926668204811,0.2934317095750093,0.1691093485750951,53.47405544696855
2004-09-28,6.18632254,6.28282488,6.18632254,6.23203405,15299,6.59500001406976,6.324193947499995,6.605690576472872,6.042697318527118,-1,6.462621840600001,6.032087742000701,0.2647324888338063,0.163923133676874,53.91841222157192
2004-09-29,6.29806205,6.34885287,6.29298274,6.34377356,12232,6.57702759670697,6.336129794999995,6.599080231410933,6.073179358589058,-1,6.465364542750001,6.044310715255575,0.2695421098851761,0.1605585398428116,58.60194219928678
2004-09-30,6.34885287,6.44027666,6.34885287,6.44027666,204366,6.559774076038692,6.352128900499995,6.5990527547598585,6.105205046240132,-1,6.468843714500001,6.059838791520062,0.1176480468649501,0.1559831512826108,62.17728550717937
2004-10-01,6.404723,6.43011803,6.31329922,6.40980155,21599,6.543210696197144,6.364572640499995,6.59631727920971,6.132828001790281,-1,6.472475257950001,6.073562821264373,0.1101388080162059,0.1539113147624243,60.403152844343325
2004-10-04,6.38948583,6.43519734,6.35393218,6.39964369,26249,6.527309851549258,6.371175439499995,6.598982309690489,6.143368569309501,-1,6.475979826250001,6.086350306312829,0.1094033818148491,0.1487223037079654,59.79076010563461
2004-10-05,6.40980155,6.47583031,6.39964369,6.47583031,26999,6.512045040687287,6.381333603999995,6.608782419172472,6.153884788827518,-1,6.478747928800001,6.10162403194762,0.1405880451848399,0.1435411834431107,62.834267028376935
2004-10-06,6.47583031,6.47583031,6.45043452,6.470751,1499,6.497390822259796,6.394793168499994,6.609603986584057,6.179982350415932,-1,6.481389052350002,6.116099599322223,0.1418029096779489,0.1351022267686028,62.49464027051804
2004-10-07,6.57741119,6.57741119,6.50630465,6.50630465,4499,6.14568958,6.408252732999995,6.615456559604003,6.201048906395987,-1,6.484715852400001,6.131401758172332,0.1336353845079539,0.1330706527137026,63.96295343826896
2004-10-08,6.49106748,6.49106748,6.43011803,6.4453552,145199,6.1543240122,6.418410897499994,6.611493138422785,6.225328656577204,-1,6.487941070000001,6.1437136578518485,0.0557298469683565,0.1290075075198667,59.65156195241699
2004-10-11,6.45043452,6.57233264,6.36409004,6.5418583,3599,6.162785755756,6.433394216999995,6.615657702735526,6.251130731264463,-1,6.4918011748,6.159327173230207,0.0550461701136565,0.1346671569827333,63.81088859060632
2004-10-12,6.41996017,6.41996017,6.25742908,6.35393218,17932,6.17107826444088,6.4260295589999945,6.608637489545182,6.243421628454807,-1,6.494569277299999,6.16695874212314,0.0427652726056465,0.1453644471982524,52.46804918270108
2004-10-13,6.29806205,6.43519734,6.29806205,6.36916935,246610,6.179204922952063,6.420696510999996,6.603405253011693,6.237987768988298,-1,6.497591333950001,6.1748885698830165,0.0719830603477688,0.1447766502555201,53.19453214047876
2004-10-14,6.32853639,6.37424866,6.16092675,6.22695474,31856,6.57741119,6.402945092499995,6.588488980394814,6.217401204605176,-1,6.500080081999999,6.17693038047584,0.0394435359453689,0.1496727402372687,46.1107306741726
2004-10-15,6.21679688,6.27266702,6.14568958,6.25742908,893062,6.5690815012,6.393294820499995,6.587814629697761,6.198775011302229,-1,6.5025942266,6.180087192221885,0.3740272182089569,0.1480516473631781,47.71741736923557
2004-10-18,6.21679688,6.24219191,6.14061027,6.14061027,3299,6.552145824352,6.3747561739999945,6.590265231470527,6.159247116529462,-1,6.50419413715,6.178539077624948,0.3785478836279423,0.1458207304086654,42.48794598235285
2004-10-19,6.0593451,6.29806205,6.00347497,6.18632254,18689,6.52745369109088,6.364090116499996,6.594234992426844,6.133945240573147,-1,6.5058448408,6.178844311443577,0.4550888607675203,0.1564468982366179,45.02679353353299
2004-10-20,6.09997807,6.17616392,6.09997807,6.14568958,3608,6.48553539340361,6.348344976499996,6.592583072786104,6.104106880213887,-1,6.5071146114,6.1775441258967705,0.4627407510147363,0.1514395819340023,43.2012007149558
2004-10-21,6.13553172,6.14568958,6.13553172,6.14568958,5474,6.446970559531321,6.331837939999994,6.583880909662062,6.079794970337927,-1,6.5086891254,6.176294928018466,0.4708980707500143,0.1413480303672878,43.2012007149558
2004-10-22,6.06442441,6.09997807,6.02887076,6.09997807,22634,6.411490912368816,6.320663989499995,6.592259243466906,6.049068735533085,-1,6.50998429255,6.173302110056958,0.4988184611911327,0.1395959439124816,41.03070776274851
2004-10-25,6.06442441,6.12029455,6.06442441,6.0847409,899,6.378849636979311,6.313807262999995,6.601480737825851,6.026133788174139,-1,6.5101112715500005,6.169829121427274,0.5236599025879314,0.1336155293473043,40.30381203589332
2004-10-26,6.08981944,6.09489875,6.02379145,6.06442441,32999,6.348819663620966,6.305426780999995,6.611328869919623,5.999524692080367,-1,6.5093494092,6.165695603332086,0.5214843212759829,0.1291506558224968,39.30397632102713
2004-10-27,6.03395007,6.09997807,5.99839642,6.07966158,71089,6.321192088131289,6.292221181999995,6.612811928482436,5.971630435517555,-1,6.50825740685,6.162321720064161,0.5225797695628385,0.1271814411208899,40.49622636662442
2004-10-28,6.09489875,6.09489875,6.04410793,6.04410793,1349,6.28891252131816,6.272412745499995,6.60277146319079,5.9420540278092,-1,6.5072415904000005,6.157685885159684,0.4594933847815607,0.1217249681836834,38.59137153400822
2004-10-29,6.01871214,6.02887076,5.96792132,5.98315925,4799,6.259860911186344,6.251080630499995,6.597887530725751,5.904273730274239,-1,6.50617498465,6.150841703388716,0.4538824756356601,0.1184722283134203,35.50791849952513
2004-11-01,5.9476056,5.95268415,5.86634043,5.93236843,51449,6.224828160243983,6.2277168674999945,6.593767220836956,5.861666514163033,-1,6.50508298235,6.142274124040139,0.4617684794339615,0.1183541277196045,33.13215905048892
2004-11-02,5.91713126,5.94252629,5.87141898,5.93744698,48599,6.174639878009826,6.200797700999996,6.569082319910236,5.832513082089755,-1,6.50414335175,6.134241687018957,0.4646785941459428,0.1149793550253471,33.61047624774241
2004-11-03,5.92728912,5.92728912,5.87649829,5.89173546,1349,6.13147795528845,6.171846923999995,6.541725157482933,5.801968690517057,-1,6.5031275353,6.124731638900566,0.4638275746178388,0.1111200218092508,31.431115601979684
2004-11-04,5.83078678,5.90697263,5.83078678,5.90697263,20047,6.094358701748067,6.141880322999995,6.495260009924223,5.788500636075767,-1,6.5021879047,6.1161920699240735,0.4744979171144836,0.1086247238228758,32.9908543188797
2004-11-05,5.58699053,5.63778135,5.52096253,5.56159473,266526,6.0521871942683765,6.097692299499995,6.505115606567714,5.690268992432276,-1,6.496727889300001,6.094443154632933,0.4366442097829728,0.1284379649783846,21.212379248835106
2004-11-08,5.54635756,5.61746487,5.43969737,5.61746487,110517,5.956566754700069,6.051472627999995,6.456584598468063,5.646360657531926,-1,6.491521828050001,6.075738123863014,0.4697220902150595,0.1319615031942143,25.82575209366891
2004-11-09,5.50572536,5.55143687,5.46560056,5.50064605,77849,5.853192877760056,6.008808321499995,6.455149406441824,5.562467236558166,-1,6.48471585625,6.053185493515445,0.4457838050793748,0.1333831322517704,22.817303302940005
2004-11-10,5.50572536,5.52096253,5.50572536,5.52096253,1499,5.770493776208045,5.966397980499996,6.428623580284997,5.504172380714994,-1,6.4780368634,6.032314004750134,0.5067288117676015,0.1253069428052154,24.46530055920985
2004-11-11,5.58191121,5.58191121,5.38382723,5.38382723,42484,5.704334494966436,5.924241604999995,6.434970139545316,5.413513070454675,-1,6.470215075100001,6.006883150838364,0.4854361153474554,0.1305053026048429,21.17821264299903
2004-11-12,5.30306947,5.41938089,5.25177125,5.25177125,6974,5.640233041973149,5.873958713499995,6.438733585692276,5.309183841307714,-1,6.461275891800001,5.9772709194329385,0.16282208181971,0.1331556124187827,18.588253851597344
2004-11-15,5.15526891,5.3279571,5.15526891,5.28224559,140699,5.58191121,5.831040479499995,6.437181577437386,5.224899381562604,-1,6.452082754400001,5.9500150241610585,0.2135343258978061,0.1359793679602982,20.98956760118104
2004-11-16,5.31221253,5.31221253,5.14511029,5.14511029,37409,5.49658275,5.778979866999995,6.43122274935604,5.12673698464395,-1,6.4418737967,5.918450132625331,0.1651109601587455,0.1382024302488484,18.36449952326656
2004-11-17,5.12987312,5.18066394,5.10447809,5.10447809,52751,5.426288258,5.7269192924999945,6.418782639287915,5.035055945712074,-1,6.431893400400001,5.886529660365515,0.1033634600057658,0.1337726745167878,17.6597615485708
2004-11-18,5.10447809,5.25177125,4.93686769,5.25177125,103851,5.361926224399999,5.682223375999994,6.3755944256849535,4.988852326315035,-1,6.422852634700002,5.861637173684514,0.1838623346758729,0.1467105949084458,28.388062031992973
2004-11-19,5.1908218,5.21113828,5.10447809,5.17507723,33074,5.27691451752,5.635978333999995,6.335081075170119,4.936875592829872,-1,6.413529981300001,5.8347132543243365,0.1713478346589906,0.1467522067006997,26.45523065513929
2004-11-22,5.18015578,5.1811721,5.16491861,5.1811721,14249,5.25177125,5.5907998939999946,6.284826154970534,4.896773633029455,-1,6.4035267292,5.809084189448872,0.182250925150829,0.1374308697935068,26.881294169580485
2004-11-23,5.16034746,5.57175335,5.16034746,5.24669194,300226,4.93686769,5.549913270499994,6.223562739706213,4.876263801293775,-1,6.39324158565,5.787029591431269,0.0181150164451585,0.1570005140939707,31.47699768503469
2004-11-24,5.68857217,5.68857217,5.16034746,5.27208773,9586,4.949565403199999,5.509534577999995,6.14718072127771,4.87188843472228,-1,6.382524723550001,5.766835792943768,-0.0174014058968634,0.1835165280872585,33.22880461819082
2004-11-26,5.15526891,5.39398509,5.14511029,5.25177125,33905,4.979125673872,5.469917743999995,6.066951480744266,4.872884007255723,-1,6.371884047300001,5.746637183416562,-0.0195577399586108,0.1881849760810257,32.512703483208014
2004-11-29,5.23653408,5.37366937,5.12022266,5.20605973,67066,5.00750353371712,5.431062767999995,5.989320134977932,4.872805401022058,-1,6.361090999300001,5.725438067596304,-0.0322476818779829,0.1928465285038096,30.89920404942022
2004-11-30,5.12987312,5.22637545,5.12987312,5.22637545,107099,5.034746279168435,5.395763118999994,5.910335692294032,4.881190545705957,-1,6.350399529900001,5.705866984553312,0.0230833999848165,0.1859648000392518,32.50243136053743
2004-12-01,5.25177125,5.49048819,5.20605973,5.44985523,46330,5.060899314801698,5.371383531499995,5.823388383554311,4.919378679445679,-1,6.3415873217500005,5.695827307904163,0.0173074112265081,0.1929979186078767,47.05468587695537
2004-12-02,5.70380934,5.70380934,5.33303641,5.33811572,31229,5.086006229009629,5.343702544499995,5.727514427683847,4.959890661316143,-1,6.331759297100001,5.681799402496156,-0.0028811742004073,0.2056961337073141,42.16029142211515
2004-12-03,5.27208773,5.65301852,5.27208773,5.58699053,37184,5.123074415669052,5.327703439499994,5.635389719928378,5.02001715907161,-1,6.323683554750001,5.678081407496307,-5.58508023387e-05,0.2182128948710774,53.70938503754527
2004-12-06,5.58699053,5.58699053,5.44477592,5.52096253,24277,5.1579185111289085,5.325671829499994,5.627637267033724,5.023706391966264,-1,6.315404651350001,5.671919882888608,0.0647504704847195,0.2127844459517147,50.81065049990888
2004-12-07,5.51080391,5.5361997,5.18066394,5.48540888,141131,5.70380934,5.319069029999994,5.600286538316251,5.037851521683738,-1,6.307354305550001,5.664605725912584,0.0558180374490527,0.2229809683837351,49.268701136648815
2004-12-08,5.58191121,5.59714839,5.40414372,5.4244602,28960,5.693346432,5.315259737499995,5.588486129070363,5.042033345929626,-1,6.298516704650001,5.655188254308169,0.0511719212810407,0.2208398042134683,46.65487223169529
2004-12-09,5.40922303,5.4244602,5.33303641,5.39398509,5242,5.68309278216,5.308910865499994,5.568272074636391,5.049549656363598,-1,6.289425145800002,5.644944992962751,0.0512168186445579,0.2115958031982205,45.35907834828114
2004-12-10,5.3584322,5.48032957,5.35335289,5.40922303,33899,5.6730442053168,5.310180655499995,5.571239654719434,5.049121656280556,-1,6.280028843550001,5.635700994415192,0.0821743209422606,0.2055515801126334,46.16422602294399
2004-12-13,5.40414372,6.0847409,5.21063089,5.40414372,37736,5.18066394,5.317799278999994,5.580483704014564,5.055114853985423,-1,6.269464353150002,5.626620316987145,0.0692793734373859,0.2533057536760167,45.92132180801322
2004-12-14,5.36351075,5.43461806,5.33303641,5.34827358,90578,5.198745479199999,5.321100678499994,5.583574360675109,5.05862699632488,-1,6.257858649700001,5.615704758673924,-0.0327967163893611,0.2424683176991584,43.22703010200085
2004-12-15,5.28224559,5.3584322,5.12987312,5.2873249,64403,6.0847409,5.328211408999995,5.57865865125935,5.07776416674064,-1,6.245567273600002,5.602827117157299,0.0167958633730282,0.2414748007206471,40.43958602586125
2004-12-16,5.13495243,5.4244602,5.13495243,5.30764062,13949,6.0656435444,5.338369535499995,5.56724588396192,5.109493187038069,-1,6.2318537476000015,5.591251176092308,0.0626257275922109,0.2449057270977437,41.78706761135875
2004-12-17,5.30764062,5.84094464,5.30764062,5.62254418,38849,6.046928135912,5.356908181999994,5.613151914282585,5.100664449717404,-1,6.218800482500002,5.592478352716139,-0.0174023915767044,0.2655056051621906,57.74491069714744
2004-12-20,5.32287855,5.55143687,5.32287855,5.47017171,11272,6.02858703559376,5.371662905999996,5.6181244022763295,5.125201409723662,-1,6.204706004400001,5.587682013786094,-0.0242904400218704,0.2679456069363198,50.52728585852021
2004-12-21,5.31271993,5.51080391,5.31271993,5.38382723,79187,6.010612757281884,5.381795662499995,5.612240499394261,5.1513508256057285,-1,6.190052851600002,5.579687708539581,-0.0534111497924114,0.2629554907265827,46.9463604604149
2004-12-22,5.16034746,5.30256207,5.16034746,5.24161262,6344,5.992997964536246,5.381541696499995,5.612591948113214,5.150491444886776,-1,6.1750695588000015,5.566429861930185,0.1221121681340013,0.2601357963889696,41.7038449914004
2004-12-23,5.33811572,5.37874792,5.28224559,5.35335289,28049,5.975735467645522,5.385604954499994,5.6116161624391,5.159593746560889,-1,6.160975107300001,5.558073902246648,0.1399847948512311,0.2513500466469004,46.73671723715163
2004-12-27,5.0790823,5.51080391,5.07400298,5.51080391,2324,5.958818220692611,5.398556587499995,5.622080077371325,5.175033097628664,-1,6.147363140850002,5.5562201770605055,0.15293109957831,0.2645965383149789,52.90634344541651
2004-12-28,5.63778135,5.66317714,5.63778135,5.64286066,15899,5.923425611064906,5.420396633999994,5.649701426663264,5.191091841336724,-1,6.133979758600003,5.559617843058133,0.1765395374352992,0.2565805877210519,57.3667939628459
2004-12-29,5.63778135,5.63778135,5.4244602,5.47525102,30299,5.88944870582231,5.432840412499994,5.645053169443243,5.220627655556744,-1,6.121739171800003,5.556309340193108,0.0339169316796174,0.2538534357409768,50.79129556589295
2004-12-30,5.47017171,5.49048819,5.40922303,5.47017171,44099,5.8568308767894175,5.433856236499993,5.646578945601704,5.221133527398283,-1,6.109244630900004,5.552931393911026,0.0195782650413357,0.2415257017594784,50.602006188883806
2004-12-31,5.47017171,5.52096253,5.38890654,5.46001309,58499,5.825517760917841,5.439951104999993,5.648292047151346,5.231610162848641,-1,6.096140595550004,5.549287538855691,0.0629256534413145,0.2337064366338014,50.19905985046297
2005-01-03,5.46001309,5.58699053,5.26700842,5.58699053,160499,5.795457169681128,5.439951104999993,5.64829204715138,5.231610162848607,-1,6.0841793556000034,5.550766087528017,0.203227647143224,0.239868984731387,55.020438403577415
2005-01-04,5.94252629,5.94252629,5.33811572,5.33811572,12119,5.07400298,5.430808764499995,5.640172413562344,5.221445115437645,-1,6.071278488850004,5.542426857428879,0.1906273639696968,0.2659076693934308,45.68479189405034
2005-01-05,4.95210562,5.4650924,4.95210562,5.34827358,22589,5.94252629,5.4239519994999945,5.634691776137469,5.21321222286252,-1,6.058834737200003,5.53481300341206,0.1066441911760401,0.2835561772939,46.08687959218224
2005-01-06,5.33303641,6.03902862,5.30256207,5.44985523,34181,4.95210562,5.425221750999994,5.636264277989821,5.214179224010167,-1,6.047482987900004,5.531481326023352,0.1089197083118677,0.3159069182014786,50.06775134032371
2005-01-07,5.38382723,5.43969737,5.34319427,5.43461806,24890,4.95210562,5.427253399499994,5.637835806510214,5.216670992489775,-1,6.036486775150004,5.527682766571456,0.1316236548970547,0.3009607783299444,49.47759640353605
2005-01-10,6.02887076,6.02887076,5.37366937,5.47525102,6599,4.97384408,5.430554798999994,5.641971658917721,5.219137939082267,-1,6.025135029650003,5.525626619647085,0.1355964784347688,0.3262636791635198,51.13181536611004
2005-01-11,5.46001309,5.46001309,5.38382723,5.38382723,25274,4.9951477708,5.4295389744999945,5.6416477795551865,5.217430169444802,-1,6.013326165200003,5.520065859268768,0.1322760669210816,0.3094894013661255,47.37336620319891
2005-01-12,5.45493454,5.49048819,5.45493454,5.48540888,2549,5.016025387784,5.436395739499995,5.646408978788175,5.226382500211814,-1,6.000907810150004,5.518706762042542,0.2450090116992596,0.2950016555542594,51.62791042228184
2005-01-13,5.50064605,5.58699053,5.50064605,5.51588322,95534,5.0364854524283205,5.447823655499994,5.648827139284069,5.246820171715919,-1,5.988946570200003,5.518596034903618,0.1134898338396821,0.2811859408718123,52.85916663536134
2005-01-14,5.47525102,5.58699053,5.3584322,5.58191121,14699,5.056536315779754,5.461537184999995,5.659819293859799,5.26325507614019,-1,5.977112305400004,5.521078982946614,0.1292777845301315,0.27742682580954,55.50201579016452
2005-01-18,5.33811572,5.52096253,5.33303641,5.45493454,41251,5.076186161864158,5.453156702999995,5.637164673686264,5.269148732313726,-1,5.965735163350003,5.518485083223218,0.1361526540795714,0.2753873953945728,49.728253894948935
2005-01-19,5.38890654,5.47525102,5.34319427,5.37874792,16349,5.095443011026875,5.448585513499995,5.635199504098663,5.261971522901327,-1,5.954281831600005,5.513005194469366,0.1202170004360136,0.2651494921521033,46.59612671948076
2005-01-20,5.55651618,5.57175335,5.39398509,5.57175335,60623,5.114314723206338,5.457981819499994,5.64946799486172,5.266495644138269,-1,5.944301435250004,5.515309043705861,0.2414537693429668,0.2599963448555245,54.42714008676289
2005-01-21,5.41430157,5.77999596,5.41430157,5.63270204,30149,5.132809001142211,5.4775362904999945,5.656085306185187,5.298987274814802,-1,5.9344226175500046,5.519912690619357,0.240363827155536,0.267546205222987,56.59183248628612
2005-01-24,5.59206984,5.7139672,5.55143687,5.7139672,13349,5.150933393519367,5.495567005999995,5.692226447161178,5.298907564838811,-1,5.924950125650005,5.527522671379383,0.2454157029169003,0.2600450712784879,59.36343891237127
2005-01-25,5.63270204,5.63778135,5.57175335,5.58191121,6224,5.168695298048979,5.499122370999995,5.699294809114862,5.298949932885128,-1,5.914309445550004,5.529655555246857,0.2348101762162484,0.2516285554728817,53.39699801600475
2005-01-26,5.59206984,5.63778135,5.44477592,5.56667404,24704,5.186101964488,5.495313039999995,5.68712406007494,5.30350201992505,-1,5.903211650350004,5.531107260531295,0.2540967902584733,0.2474411893676759,52.738349502190246
2005-01-27,5.62254418,5.62254418,5.50572536,5.6022277,9899,5.20316049759824,5.5016618739999945,5.698730107423967,5.304593640576022,-1,5.893256650600005,5.533896297373205,0.2931695381431282,0.2381110201271277,54.15921702262411
2005-01-28,5.50572536,5.56667404,5.50572536,5.56667404,5099,5.2198778600462745,5.506486990499995,5.704955506612061,5.308018474387929,-1,5.883327043550004,5.535181699044844,0.2848747614274858,0.2279961144037614,52.460724383554776
2005-01-31,5.59206984,5.63270204,5.54127901,5.63270204,11999,5.236260875245349,5.515121437999994,5.719683458452793,5.310559417547196,-1,5.874032323700004,5.5390060261411245,0.3184132672582458,0.218240894089207,55.266498452767
2005-02-01,5.63270204,5.69873003,5.63270204,5.64286066,53714,5.252316230140442,5.517914944499995,5.727783555749741,5.308046333250249,-1,5.864686814550003,5.543078756880688,-0.0014089535997522,0.2073685437971208,55.69970796329992
2005-02-02,5.63270204,5.70888865,5.61238632,5.70888865,19499,5.268050477937633,5.536453590999996,5.74501712411155,5.327890057888441,-1,5.855773027750002,5.549581105630465,0.0595116589069722,0.1994495285258979,58.51203162992282
2005-02-03,5.66317714,5.66317714,5.55143687,5.63778135,18149,5.28347004077888,5.550928979499995,5.744917946959244,5.356940012040745,-1,5.847214773700004,5.553039938742996,0.0553593412744304,0.1964496893454766,54.499469394711646
2005-02-04,5.55143687,5.59206984,5.55143687,5.58699053,8399,5.298581212363303,5.557785744499995,5.746625796152527,5.368945692847463,-1,5.840256430200003,5.5543713344785655,0.1131054194776079,0.1885850315350854,51.76861306256185
2005-02-07,5.62762349,5.62762349,5.44985523,5.47017171,21722,5.313390160516036,5.559563426999995,5.744358212086324,5.374768641913667,-1,5.832307666800003,5.551069388420583,0.0335051767576011,0.1878124049968651,46.05283656826399
2005-02-08,5.84094464,5.84094464,5.47017171,5.66317714,22027,5.327902929705715,5.5689597329999945,5.754759071638931,5.383160394361058,-1,5.825095373000004,5.555465770835462,0.0433635595260406,0.2008810139256604,54.91060823546979
2005-02-09,5.64286066,5.64286066,5.64286066,5.64286066,449,5.342125443511601,5.581911404499995,5.749505771138401,5.414317037861589,-1,5.817629121250003,5.558893021390934,0.0986767825258999,0.1879835472166847,53.90722585492386
2005-02-10,5.57683267,5.63778135,5.57683267,5.63778135,2999,5.356063507041369,5.589530027999996,5.7526785515846175,5.426381504415375,-1,5.810493009500004,5.561986681336387,0.1010547697585015,0.1792724359869215,53.64330925006333
2005-02-11,5.54635756,5.62762349,5.54635756,5.62762349,15749,5.369722809300542,5.595117041499996,5.755423104305408,5.434810978694583,-1,5.803204529850003,5.564560673832999,0.3167141146623075,0.1729975327021414,53.08360025113361
2005-02-14,5.96792132,5.96792132,5.54635756,5.58699053,8825,5.383108925514531,5.595371007499995,5.755608659186373,5.435133355813618,-1,5.798150844150002,5.565440276035627,0.2673527430904472,0.1907522632234171,50.80024514958291
2005-02-15,5.58191121,5.58699053,5.52096253,5.52096253,44549,5.3962273194042405,5.598672406999996,5.749653704144047,5.4476911098559455,-1,5.794265346550002,5.563696050700896,0.1210964770874019,0.1818433872788872,47.24398155674745
2005-02-16,5.53112039,5.54127901,5.47017171,5.47017171,21644,5.409083345416156,5.603243596499995,5.73107512165329,5.4754120713467005,-1,5.790608406550002,5.560028429496939,0.0842266412095058,0.1739336667589667,44.654374267420366
2005-02-17,5.49556674,5.50572536,5.49556674,5.50115421,1682,5.421682250907833,5.599713639499996,5.734536404193422,5.464890874806569,-1,5.787106379050003,5.557719636575491,-0.0785827409098186,0.1640493798476119,46.578012397915565
2005-02-18,5.50572536,5.50572536,5.50572536,5.50572536,1949,5.434029178289676,5.593364805499995,5.733239962444046,5.453489648555943,-1,5.783347860450002,5.555680645337236,-0.1044224931963112,0.1526580777156396,46.871413697263655
2005-02-22,5.47525102,5.52096253,5.38890654,5.39804885,8189,6.03902862,5.577568887999995,5.730171943258442,5.424965832741547,-1,5.777527234600002,5.549499006304403,-0.1725363318487289,0.1511865000216654,41.13971385997802
2005-02-23,5.33303641,5.38382723,5.33303641,5.34319427,14254,6.0260261784,5.565633040999996,5.749209607751324,5.382056474248667,-1,5.771330753450002,5.541408624488544,-0.1815953664305287,0.1450312100201179,38.55321331487576
2005-02-24,5.33303641,5.42953875,5.23145476,5.41938089,10697,5.998306587664,5.558268383499995,5.752590602349243,5.363946164650748,-1,5.767572231050002,5.536623223136052,-0.179753677225191,0.1488206943043952,43.834852256135385
2005-02-25,5.41430157,5.48032957,5.41430157,5.48032957,5878,5.952295478004159,5.552173476999995,5.748237090722911,5.356109863277079,-1,5.764245431000002,5.534415628895423,-0.1841259589716379,0.1429069304255098,47.707261093506446
2005-02-28,5.47525102,5.49556674,5.43461806,5.49556674,3599,5.90904503492391,5.548618111999994,5.74607491591987,5.351161308080119,-1,5.761299560200002,5.532892143056387,-0.1901271649588848,0.1370527696808306,48.66026054204194
2005-03-01,5.46001309,5.50572536,5.46001309,5.46001309,3599,5.868389618428475,5.539983664499995,5.737080400330015,5.342886928669975,-1,5.758633040100002,5.530034140975744,-0.2499211232915967,0.1305284482750569,46.52945513467356
2005-03-02,5.55651618,5.55651618,5.45493454,5.48032957,26789,5.830173526922767,5.531857109999995,5.724672946175798,5.339041273824193,-1,5.7559411272500025,5.52808494211395,-0.1844608349515516,0.1284608191125529,47.93254241566034
2005-03-03,5.50064605,5.50572536,5.37874792,5.47525102,9226,5.794250400907401,5.520175228499995,5.696257305704739,5.344093151295251,-1,5.753477775750002,5.526013023599678,-0.250747312251769,0.1283548634616562,47.5963255805052
2005-03-04,5.47525102,5.49048819,5.47525102,5.49048819,749,5.760482662452957,5.512810570499995,5.680733080161562,5.344888060838428,-1,5.751090610100004,5.524619892870279,-0.3087510755138984,0.120275028214395,48.75768591364788
2005-03-07,5.23653408,5.35335289,5.23653408,5.3279571,2849,5.72874098830578,5.499858898999994,5.682233825745454,5.317483972254534,-1,5.747789206600004,5.516907626483209,-0.33690314139697,0.1298235340562239,38.86379216825608
2005-03-08,5.41938089,5.58699053,5.40922303,5.48032957,81824,5.698903814607433,5.500366791999994,5.682464554710856,5.318269029289132,-1,5.745198872350003,5.515473192895632,-0.2651173748397296,0.1390528123379222,49.25909426555337
2005-03-09,5.23653408,5.5361997,5.23653408,5.47525102,8339,5.670856871330987,5.490970485999994,5.6571966916234855,5.324744280376502,-1,5.742430773650003,5.513895852782078,-0.2636103075904685,0.1505251557423563,48.960280620819375
2005-03-10,5.46001309,5.47525102,5.46001309,5.47525102,191999,5.644492744651127,5.482590003999993,5.633538726593158,5.331641281406829,-1,5.738519883350003,5.512380369143565,0.2574464330623937,0.1408617824750451,48.960280620819375
2005-03-11,5.45493454,5.45493454,5.3584322,5.36351075,7349,5.61971046557206,5.468876473999994,5.610482887005316,5.327270060994672,-1,5.735218479850002,5.506542344863425,0.2346797156234122,0.1391444280125419,42.39742521318776
2005-03-14,5.21113828,5.3279571,5.17558463,5.18066394,5674,5.596415123237736,5.446528496499993,5.618655826532359,5.2744011664676265,-1,5.731002842300003,5.493762799574664,0.1940405555368653,0.1426288345830745,34.29610056060655
2005-03-15,5.33303641,5.33811572,5.23145476,5.23653408,4222,5.562748683778717,5.429005673999994,5.611415199331824,5.246596148668163,-1,5.726863390650003,5.48367539880703,0.2032636551462674,0.1436876163985692,38.18298508467008
2005-03-16,5.0790823,5.1501896,4.9013148,5.11971526,25799,5.53177555947642,5.4089433104999936,5.630537851453376,5.187348769546611,-1,5.722114452150004,5.469402452187146,0.3587519480208772,0.1573684495129572,33.69461434952106
2005-03-17,4.97750065,5.02321216,4.88099831,4.92163052,14249,5.468729483528778,5.381516250999994,5.686213041243988,5.076819460755999,-1,5.716476668550004,5.4479211999445125,0.4011617320850726,0.1631790566906032,27.740061526387507
2005-03-18,4.72354654,4.99273782,4.72354654,4.99273782,7049,5.398201742705324,5.356095431499993,5.699056576768979,5.013134286231007,-1,5.711346796950004,5.430070871319238,0.4120479515258006,0.1707513583555601,32.36103492304663
2005-03-21,4.72354654,4.95210562,4.72354654,4.92670983,37348,5.303750014326579,5.3271446549999935,5.710115062706533,4.944174247293454,-1,5.705962971250004,5.410331222640052,0.4428395930472909,0.177782781330163,30.415961489245404
2005-03-22,4.85052397,5.00289568,4.72354654,4.97750065,33599,5.222521527920858,5.306117244999994,5.716412785271195,4.895821704728793,-1,5.701087053750005,5.393357474693383,0.489887028920287,0.1850375212351513,33.716326689612444
2005-03-23,4.97750065,5.00289568,4.75910019,4.97242134,10874,5.152665029611938,5.2875785984999935,5.722277753038426,4.852879443961561,-1,5.696566669000004,5.376850175293643,0.5272339611095397,0.1892345190040691,33.544976716077585
2005-03-24,4.83528604,5.02829147,4.82512818,4.95210562,8624,5.092588441066266,5.2642148349999935,5.717882056902437,4.81054761309755,-1,5.692630382150003,5.360193526066441,0.5142633279161262,0.1902294312180642,32.826390143531825
2005-03-28,5.04352864,5.0790823,4.91147266,4.98765851,18299,4.72354654,5.239581281999993,5.69712064089468,4.782041923105307,-1,5.688744884600003,5.34558430975011,0.486519005687065,0.1886137318453453,35.43307818255492
2005-03-29,4.89623549,4.9013148,4.82512818,4.84544466,14219,4.7306572552,5.207075177999993,5.679387259327112,4.734763096672874,-1,5.683792781250003,5.325970990152066,0.4564780887451128,0.1867506317135349,30.35827573362522
2005-03-30,4.79973239,5.00289568,4.72862585,4.85560252,26249,5.0790823,5.176854649499993,5.65782935693813,4.695879942061856,-1,5.679348582300004,5.307525167793162,0.4402551327236031,0.193002003019711,31.117144041297134
2005-03-31,4.85560252,4.85560252,4.72354654,4.83528604,243523,5.072073171,5.144602472999994,5.626359958841023,4.662844987158964,-1,5.674828197550003,5.289005986311077,0.5553633667342803,0.1886487156611601,30.403548543691983
2005-04-01,4.86068183,5.0790823,4.82512818,5.0790823,79319,4.72354654,5.124794036999993,5.582520663824541,4.667067410175445,-1,5.671526794100003,5.280773684887113,0.5986572913004228,0.1933133873996487,46.31383531685685
2005-04-04,5.03844933,5.16542677,5.03844933,5.12987312,26531,4.72354654,5.106763283499992,5.532758529161518,4.680768037838467,-1,5.6682507871500025,5.274856015675854,0.5933385906283019,0.1885751054425309,48.93306493437773
2005-04-05,5.14003098,5.1908218,5.11971526,5.17050608,13712,4.7412217492,5.098890732499993,5.513922452997104,4.683859012002882,-1,5.6644160826500025,5.270763861335625,0.5908013518555266,0.1801844936252072,50.99297132566551
2005-04-06,5.17050608,5.21113828,5.12479381,5.20098042,13049,4.768197752248001,5.084923274999992,5.464997363896969,4.704849186103016,-1,5.6604543992000025,5.268027255793051,0.675578723846107,0.1734816347948353,52.539232945348
2005-04-07,5.00797499,5.2212969,4.96734279,5.15526891,8849,4.803632994468161,5.068924169499993,5.406490428941019,4.731357910058966,-1,5.6561625758000025,5.263605359879598,0.6742582292325088,0.1792296687380613,49.991261018148336
2005-04-08,5.12987312,5.20605973,5.0790823,5.20605973,8399,4.845399385021344,5.055464604999992,5.3452356706884325,4.765693539311552,-1,5.652581825450003,5.261348668511771,0.5757203453157345,0.175497365971057,52.734117129275866
2005-04-11,5.08416161,5.23145476,5.08416161,5.23145476,5819,4.8829891365192095,5.0488618054999925,5.315336765124219,4.782386845875766,-1,5.649407397100003,5.260176358374054,0.597648361326253,0.1734827791159815,54.08997097807919
2005-04-12,5.18066394,5.18574325,5.0790823,5.18066394,2249,4.924805011336904,5.0488618054999925,5.315336765124219,4.782386845875766,-1,5.645928225350003,5.25705822432017,0.6132260330168655,0.1719748991791257,50.94246722835753
2005-04-13,5.18066394,5.26700842,5.18066394,5.26700842,599,4.961602981176475,5.050385522499992,5.321444611654265,4.77932643334572,-1,5.642398264300002,5.257448428072321,0.6243240792284391,0.165858440666331,55.66554325335225
2005-04-14,5.17558463,5.18066394,5.17558463,5.18066394,4087,5.0043597426117685,5.053432956499992,5.32887633200594,4.777989580994044,-1,5.638081044350003,5.254437271677328,0.6211356774673576,0.1605416799044501,50.43620954175663
2005-04-15,5.18574325,5.18574325,5.18066394,5.18066394,30299,5.041130557446121,5.066384627499992,5.340175127996921,4.792594127003063,-1,5.633535266850004,5.251544199846845,0.5634982891609898,0.1494372249112751,50.43620954175663
2005-04-18,5.0790823,5.0790823,4.73878371,4.9013148,21466,5.26700842,5.061813476499992,5.343313912761952,4.780313040238033,-1,5.627237207100003,5.237809713578341,0.5369232265153288,0.1703260109890412,37.29148005435778
2005-04-19,4.86576114,5.02829147,4.7641795,5.02829147,11849,5.2564439258,5.066892558499992,5.34205333558177,4.791731781418214,-1,5.621980356550003,5.229593311869387,0.5308911690603801,0.1770250080612525,44.38645795369612
2005-04-20,5.02829147,5.02829147,4.79973239,4.875919,11999,5.246090721484,5.061813475999992,5.34695600575708,4.776670946242905,-1,5.616698109400002,5.215723731011764,0.4951374818431049,0.1807060131997345,38.72437564525573
2005-04-21,4.9013148,4.9013148,4.6981515,4.82512818,13457,5.23594458125432,5.054448817999992,5.355605097362134,4.75329253863785,-1,5.611111118850002,5.200406258423067,0.4843477880245312,0.1823101051140392,37.028756854322
2005-04-22,4.82512818,4.82512818,4.77433736,4.82512818,17999,5.214432858004147,5.048099945999992,5.362673684356729,4.733526207643255,-1,5.6050924059500025,5.185689471033927,0.5041078582866402,0.1729158704630364,37.028756854322005
2005-04-25,4.77433736,4.82004887,4.67275571,4.72862585,18394,5.1937816036839815,5.035148312999992,5.378612668996566,4.691683957003417,-1,5.598057876600003,5.167765407463969,0.4991711650190926,0.1714484847156767,33.770377444230846
2005-04-26,4.67783502,4.77433736,4.65751854,4.66259785,49022,5.162520050062943,5.026005972499992,5.397751461490556,4.654260483509428,-1,5.5910995369000025,5.147954915014402,0.4077246241352556,0.167546365807414,31.71406341840155
2005-04-27,4.62196489,4.67275571,4.57117407,4.6270442,123249,5.122119929257908,5.014578056499992,5.41917532711234,4.609980785887643,-1,5.583963428950002,5.127527043837367,0.3718096893285817,0.1628345996783131,30.63244056169249
2005-04-28,4.60164841,4.6981515,4.52038324,4.59656986,498669,5.067025343332117,5.002642247499992,5.440416324248605,4.564868170751379,-1,5.577538390250002,5.106705193490804,0.0228112027886138,0.1639012897012907,29.69751115675669
2005-04-29,4.60164841,4.67275571,4.57117407,4.66259785,77999,5.001428290932263,4.981818024999992,5.442110292403186,4.521525757596798,-1,5.571392702200002,5.089289219236262,0.0051759381928701,0.1594498861511985,34.3713038720327
2005-05-02,4.71338868,4.733197,4.67783502,4.67783502,12599,4.943702884820391,4.959216119999992,5.43242078843356,4.486011451566424,-1,5.565856504750002,5.073153760442684,-0.0204666405692859,0.1531034049975414,35.43799015033477
2005-05-03,4.6676764,4.6676764,4.54069972,4.57117407,23999,4.892904527441944,4.929249519499992,5.420693622852029,4.437805416147955,-1,5.560015560150003,5.053468282386108,-0.0394862723290442,0.1519628260691456,31.569857397657387
2005-05-04,4.63720206,4.64736068,4.54577827,4.64736068,5999,4.848201972948911,4.901568532499992,5.391034655601416,4.412102409398568,-1,5.554580945150002,5.037542494057241,-0.0439826982743233,0.1483642249213495,36.87043243891801
2005-05-05,4.58641124,4.68799288,4.5559369,4.68799288,29699,4.8088637249950414,4.878204730999992,5.3615718299436805,4.394837632056304,-1,5.5491463263000025,5.023834666054996,-0.0167383044767193,0.1471993502841103,39.55937105696734
2005-05-06,4.58133193,4.6676764,4.54069972,4.57625338,47759,4.774246066795636,4.846714413499993,5.322544567605934,4.370884259394051,-1,5.542873659300002,5.006282458758721,-0.0452864415696487,0.1472060509781024,35.12814088284142
2005-05-09,4.56609476,4.68799288,4.53562041,4.61688558,27749,4.74378252758016,4.815985954499992,5.267202769881519,4.364769139118466,-1,5.537388251200002,4.991011992925046,-0.0481781625929684,0.1475750809082379,37.85419844698984
2005-05-10,4.51022538,4.68291357,4.45943456,4.56101621,9467,4.716974613070541,4.7850035679999925,5.216467226829462,4.353539909170523,-1,5.531801260700002,4.974149413202495,-0.0506364447866846,0.1529967901290781,35.636695410707944
2005-05-11,4.54577827,4.6676764,4.32229926,4.57117407,26867,4.68799288,4.750211850499992,5.129682415678353,4.370741285321632,-1,5.526722178400003,4.958346458567103,-0.0387938858398905,0.1667382436912868,36.366570648457326
2005-05-12,4.5305411,4.57625338,4.4188016,4.57625338,12449,4.68291357,4.719991322499993,5.050656255940353,4.389326389059633,-1,5.522227190200002,4.943362416270354,-0.0306832568106538,0.1660749248561948,36.752794258545855
2005-05-13,5.20605973,5.20605973,4.49498821,4.58133193,21029,4.32229926,4.690024721999992,4.949155466891213,4.430893977108772,-1,5.517071918250002,4.929165142298968,-0.0174099058449997,0.2050032530807523,37.16345715819558
2005-05-16,4.43403877,4.65243923,4.4188016,4.59656986,67271,4.3399744694,4.674787474999993,4.917765068611699,4.431809881388288,-1,5.511586510150003,4.916122190051949,0.015868625144831,0.2070485657178414,38.45470587419576
2005-05-17,4.69307219,4.69307219,4.55085758,4.59707726,52799,4.357296174612,4.653226764499992,4.835965415735012,4.470488113264973,-1,5.506713129700002,4.903610624167559,-0.0111050119397336,0.2024175688808527,38.50002502161197
2005-05-18,4.60672772,4.62196489,4.57625338,4.60469584,6749,4.37427144571976,4.639665606499992,4.792015461787604,4.487315751212381,-1,5.501928635250002,4.891888475768831,-0.0062144404741219,0.1912242789607918,39.22367667051336
2005-05-19,4.57117407,4.57117407,4.47467173,4.49498821,277648,4.390907211405365,4.623158607999992,4.762541501448316,4.483775714551668,-1,5.496570206100002,4.876323759464171,-0.1216493621582118,0.1868528383207353,33.17084453085137
2005-05-20,4.56101621,4.58636019,4.50514607,4.50514607,2212,4.407210261777258,4.607159502499992,4.721311838004207,4.493007166995778,-1,5.491186380400003,4.861767771642047,-0.137552662810679,0.1800327770121113,34.183576871999136
2005-05-23,5.06892444,5.06892444,4.4950385,4.59656986,3370,4.423187251141712,4.6005567029999925,4.700195958551013,4.500917447448972,-1,5.486462834650004,4.851367853538437,-0.137410505599978,0.2081651457969605,42.61276400830368
2005-05-24,4.58133193,4.59149055,4.49498821,4.53562041,24299,4.438844700718878,4.594207830999993,4.693405977099423,4.495009684900563,-1,5.481967846400004,4.838985600850656,-0.1096529174159672,0.2005520389543205,39.024502792312056
2005-05-25,4.56101621,4.57117407,4.52038324,4.54577827,22049,4.454189001304501,4.590144534499992,4.690282787558958,4.490006281441026,-1,5.478107741550003,4.82748727415063,-0.1283808446611267,0.1898548097432975,39.932328050169545
2005-05-26,4.49498821,4.50514607,4.44419739,4.50514607,1649,5.20605973,4.585573344999992,4.692254071768429,4.478892618231556,-1,5.474374615650004,4.814846442615311,-0.1163352023145051,0.1835495290473477,37.5255982574135
2005-05-27,4.57117407,4.67783502,4.52038324,4.52038324,7499,5.1908224832,4.578462614499992,4.682587167775145,4.47433806122484,-1,5.471047815600003,4.803298866042161,-0.2306571536747355,0.1827737734011085,39.01009523558979
2005-05-31,4.59656986,4.59656986,4.49498821,4.49498821,1499,5.175889981336,4.569320273999993,4.668950657326572,4.469689890673413,-1,5.467441668700003,4.791208252079724,-0.2179504118846146,0.176974336015315,37.41441709385936
2005-06-01,4.58082453,5.20605973,4.58082453,4.64228137,15370,4.44419739,4.572875638999993,4.677468314626165,4.468282963373821,-1,5.464546591050004,4.785367982194244,-0.2205876646063099,0.2151241348713639,50.15077439543674
2005-06-02,4.64736068,4.67275571,4.57117407,4.57117407,24149,4.4594346368,4.569066308499993,4.667922560705213,4.470210056294773,-1,5.461372162750004,4.776968220931725,-0.2589459749598631,0.2070139566662665,45.3524662603291
2005-06-03,4.63720206,4.66259785,4.52546255,4.52546255,23849,4.474367138664,4.560939791999994,4.644963295781159,4.4769162882188285,-1,5.457918387550004,4.767105253444206,-0.3404321765213035,0.2020226240472475,42.53503430945984
2005-06-06,4.60164841,4.60164841,4.58641124,4.60164841,1799,4.48900099049072,4.562209543499993,4.647871887809663,4.476547199190323,-1,5.454896330950004,4.760616749779727,-0.3290525747911677,0.1930342837581584,48.299758017763104
2005-06-07,4.60164841,4.60164841,4.57117407,4.57117407,5099,4.503342165280906,4.5599239679999926,4.641992966804486,4.477854969195499,-1,5.451696509900005,4.753187625082483,-0.3527741999171511,0.1814228592040042,46.299013212096725
2005-06-08,4.57117407,4.64177321,4.56203176,4.56203176,2474,4.517396516575288,4.559974745499993,4.642047641210061,4.477901849789925,-1,5.448298605600004,4.745691316647876,-0.3595733005990094,0.1741599014037183,45.687576956390224
2005-06-09,4.37816863,4.52495439,4.31721995,4.32737781,8690,5.20605973,4.547784932499992,4.677926301608073,4.417643563391911,-1,5.443270312600005,4.729286865406783,-0.4046443997037946,0.1792064663034527,33.46986211370353
2005-06-10,4.3527736,4.45435525,4.3527736,4.45435525,5999,5.1882829344,4.541690025999992,4.677233063542031,4.406146988457953,-1,5.438622952700005,4.718505233430046,-0.4203871015155858,0.1754758215674918,42.43994471600296
2005-06-13,4.29690347,4.44927594,4.29690347,4.44419739,2635,5.170861674712,4.534833298999993,4.675440990503015,4.3942256074969706,-1,5.433112151850005,4.707748063099456,-0.4012727669611402,0.1741883900269566,41.95264328422203
2005-06-14,4.44927594,4.44927594,4.36801077,4.36801077,1649,5.13590334652352,4.523405344499993,4.678491775167327,4.36831891383266,-1,5.426737902400005,4.6944250319975165,-0.5296172597017551,0.1675510171678883,38.39202764782896
2005-06-15,4.40356443,4.40356443,4.25627127,4.25627127,264148,5.102343351462579,4.506365044999993,4.696304314962956,4.31642577503703,-1,5.418560581450005,4.677242531527026,-0.7198955200358538,0.166104027370182,33.853803569106745
2005-06-16,4.46451311,4.46451311,3.8296282,3.88041903,44174,5.051579026574824,4.470151204499993,4.797655480790856,4.142646928209131,-1,5.407437393550005,4.645994551074986,-0.7358544325186402,0.1995883761294547,23.703934711893524
2005-06-17,3.86010254,3.93120985,3.86010254,3.88041903,2999,4.953822960448838,4.439422745499993,4.855253877545705,4.023591613454281,-1,5.396238015950003,4.6159719816210645,-0.8274427321368788,0.1904111571202079,23.703934711893524
2005-06-20,3.80931172,4.25728683,3.78391669,4.04802867,32869,4.863887379612931,4.416566875499993,4.8644507003867865,3.9686830506132,1,5.38567352555,4.593699694890827,-0.76419515238699,0.2106225130401931,33.94632178815368
2005-06-21,3.96168419,4.04802867,3.93628916,4.04802867,7664,4.755890310651639,4.389139815999993,4.856338717026954,3.921940914973032,2,5.37457573035,4.572300831169618,-0.7379785807489009,0.203559441394465,33.94632178815368
2005-06-22,4.03787081,4.04294936,4.0327915,4.04294936,12542,4.6586929485864745,4.364506263499992,4.849816287059297,3.879196239940687,3,5.36342714205,4.55154194994728,-0.7222208584447113,0.1901078505805746,33.78690920439466
2005-06-23,3.99215853,4.00231715,3.93628916,3.94136771,7274,4.571215322727827,4.334285735499993,4.845275008127335,3.823296462872651,4,5.35212618205,4.52761354838072,-0.7577154851998102,0.1841473041105336,30.683558682977434
2005-06-24,3.98707998,4.09881949,3.98707998,4.09374018,362098,4.492485459455044,4.313715441,4.828643854228256,3.798787027771745,5,5.341409316149999,4.510598906483437,-0.0379283789687026,0.1822404809597812,39.63949792523911
2005-06-27,4.01247501,4.08866163,4.01247501,4.08866163,5549,4.421628582509539,4.292129360500001,4.806789406554453,3.777469314445548,6,5.330641664749999,4.494052346621341,-0.0223444898056692,0.1750279587483683,39.45651460314999
2005-06-28,3.94136771,4.144531,3.94136771,4.09374018,21524,4.357857393258586,4.272066959,4.7848108268451375,3.759323091154862,7,5.319899406099999,4.4783538302832495,-0.0074381625371557,0.1770376252663419,39.75600425123847
2005-06-29,4.06326584,4.06834515,3.98707998,4.06834515,216376,4.300463322932727,4.243370148,4.733779180580505,3.7529611154194953,8,5.307735005149999,4.462275058507436,0.2110776876777277,0.1720106663187461,38.724447079017416
2005-06-30,4.14961031,4.29690347,4.06326584,4.29690347,19349,3.78391669,4.229656618000001,4.697450222780394,3.761863013219608,9,5.296840370949999,4.455789898173811,0.2535194025608783,0.1764125922959785,51.03798484895069
2005-07-01,4.26642913,4.26642913,4.05818653,4.10897735,15260,3.7941764256,4.208832358,4.6588420520277865,3.7588226639722144,10,5.28447534215,4.442189406088564,0.2710264971443654,0.1808629028462658,43.32821820299534
2005-07-05,4.11405666,4.14961031,4.09881949,4.14961031,19004,3.804230966488,4.186230453000001,4.598911807476474,3.773549098523528,11,5.272971221099998,4.430715716045875,0.282887924977635,0.1715720397858182,45.25386732954296
2005-07-06,4.10897735,4.11913597,4.10897735,4.11405666,8999,3.81408441655824,4.1633745825,4.537034629458066,3.7897145355419344,12,5.260984588399998,4.4182977138479975,0.2866529560276042,0.1622192483725455,43.84986143699248
2005-07-07,4.11405666,4.11405666,4.11405666,4.11405666,449,3.823740797627075,4.140975827500001,4.467037104336082,3.81491455066392,13,5.249556653249998,4.4063666921284685,0.2895365711820444,0.1506321592030779,43.84986143699248
2005-07-08,4.16484748,4.16484748,4.0734237,4.0734237,599,3.833204051074533,4.128278122,4.443927528022116,3.812628715977884,14,5.237620809849997,4.393310104201862,0.298653915853051,0.1464029892600009,42.11787948032283
2005-07-11,4.11405666,4.11405666,3.95152633,3.95152633,11099,3.8424780394530416,4.103136676,4.389648733003418,3.816624618996582,15,5.224999289949998,4.375985250311593,0.2810246058622813,0.1475549421700008,37.35154742430218
2005-07-12,4.02263287,4.07850301,4.01755432,4.01755432,6149,3.851566548063982,4.081804522500001,4.323608785327127,3.8400002596728737,16,5.213469776149997,4.361929135397412,0.2719699657128022,0.146085066300715,41.231117951973175
2005-07-13,4.06834515,4.06834515,4.06834515,4.06834515,149,3.8604732865027023,4.0668212415000005,4.269859992489314,3.863782490510687,17,5.202702124749997,4.350416037930847,0.2739136541607554,0.1392783351363782,44.09883361970265
2005-07-14,3.98200067,4.08866163,3.86010254,4.0734237,601709,4.29690347,4.0576788630000005,4.241311261820765,3.874046464179236,18,5.191909072999998,4.339553593306108,0.7705075247147603,0.1456555319123512,44.391028517718816
2005-07-15,4.06326584,4.15468962,3.96168419,4.04802867,10021,4.2881674514000006,4.066059345,4.230905769129971,3.9012129208700297,19,5.180430348549999,4.328121243372535,0.81630856383629,0.1490376674900403,43.17572411851625
2005-07-18,4.15468962,4.17500534,4.0734237,4.144531,20549,4.279606153172001,4.0792649435,4.223542062401372,3.934987824598628,20,5.168951620249999,4.320921625985377,0.8128129388468815,0.1474618819550375,48.90075813735172
2005-07-19,4.0734237,4.15468962,4.0734237,4.15468962,5099,4.271216080908561,4.084597991000001,4.23171956271708,3.9374764192829215,21,5.157676060599999,4.314402723789872,0.83046935629967,0.1427335989582491,49.47780091087479
2005-07-20,4.15468962,4.15468962,3.92613054,4.12421452,11999,4.262993810090389,4.0884072835,4.235489385923963,3.941325181076037,22,5.14629891475,4.306944362856936,0.8286513286958462,0.1488639904612313,47.7362469744018
2005-07-21,4.12929383,4.19024327,4.12929383,4.19024327,4904,4.254935984688581,4.095771979,4.247683199657614,3.9438607583423866,23,5.13487097955,4.302367849411566,0.8276805521395045,0.1429471875711434,51.7028662497471
2005-07-22,4.21563831,4.27033975,4.21563831,4.27033975,1499,3.86010254,4.112220581,4.264934164573983,3.959506997426017,24,5.123868923299999,4.3011118455130735,0.836943098619072,0.1384578513160617,56.05949001736985
2005-07-25,4.2816663,4.2816663,4.13945245,4.25119196,10649,3.8683072842,4.12009317,4.284007268752253,3.956179071247746,25,5.11259335985,4.299154202943933,0.8077277925481786,0.138726136936343,54.787166807471706
2005-07-26,4.25119196,4.36801077,4.20040113,4.36801077,14249,3.884841644832,4.134060627,4.329464084712887,3.938657169287113,26,5.1022066377,4.301854460475544,0.8094011715363401,0.1407892442980327,60.65428167638567
2005-07-27,4.31721995,4.37816863,4.29690347,4.37816863,8999,3.91383179234208,4.1482820495,4.369564926358913,3.9269991726410862,27,5.09138818935,4.304847173005914,0.8178852808491532,0.1365375239910304,61.12665881087041
2005-07-28,4.19532182,4.46959242,4.19532182,4.37816863,20099,3.9509787393547136,4.1637732235,4.4031427957137765,3.924403651286223,28,5.0815093716,4.307722524260584,0.7557428289256577,0.1463756008488139,61.12665881087041
2005-07-29,4.45435525,4.45435525,3.99723784,4.41372229,23552,4.46959242,4.1696141645,4.426735731850903,3.912492597149096,29,5.0717321363000005,4.311879377818993,0.7517676122269019,0.1685714443596129,62.9331209687378
2005-08-01,4.31721995,4.95210562,4.31721995,4.57117407,15299,3.99723784,4.192724000499999,4.501738481072829,3.8837095199271694,30,5.063453232950001,4.322047797120209,0.7577129381382078,0.2018796033339263,69.6578056745609
2005-08-02,4.95718417,5.10447809,4.40864374,4.45435525,24749,3.99723784,4.2079612475,4.536411667655609,3.879510827344392,-1,5.0544378638000005,4.327236324684122,0.7017023687721241,0.2371620852386458,60.83885591886303
2005-08-03,4.57117407,4.57117407,4.32234954,4.44419739,24487,4.04152745,4.224468284,4.565331362344186,3.8836052056558144,-1,5.045955799400001,4.331823033127883,0.6877704973254688,0.2379951170073139,60.126029648449226
2005-08-04,4.4188016,4.4188016,4.3527736,4.4188016,10349,4.0840454756,4.239705531,4.586654930181433,3.892756131818567,-1,5.0371181947000006,4.3352339573189465,0.6920552199092224,0.2275257365067915,58.287288075453176
2005-08-05,4.29690347,4.29690347,3.65693925,3.8956562,144371,5.10447809,4.230817156,4.602572360025451,3.8590619519745486,-1,5.0258680278000005,4.3179956138946745,0.5522948622655305,0.2656926374705922,34.7273165382496
2005-08-08,3.96168419,3.98707998,3.80931172,3.85502323,148349,5.075527313199999,4.225992001,4.614260394129106,3.837723607870894,-1,5.01441469605,4.299839834134099,0.4287801035149974,0.2594123247941213,33.591593695898055
2005-08-09,3.86518186,3.93628916,3.84994468,3.84994468,20519,5.047155551935999,4.217611519,4.630000266837468,3.805222771162532,-1,5.003164529100001,4.282196886913154,0.4104744953770601,0.2470503358802554,33.44437260323595
2005-08-10,3.8702604,3.91597268,3.83470675,3.84486537,11984,5.019351225897279,4.20643753,4.64563782116367,3.7672372388363295,-1,4.9919651514500005,4.265046631347933,0.3982586612560607,0.2352085926030943,33.28723979115088
2005-08-11,3.86010254,3.86010254,3.66709711,3.8296282,10499,4.992102986379334,4.194247755,4.660253175291227,3.728242334708773,-1,4.980791170400002,4.247971398746053,-0.1159921035540608,0.2321940809885876,32.789544547051804
2005-08-12,3.68233505,3.7585209,3.47917175,3.65185994,192521,4.965399711651747,4.1744393185,4.694201244118782,3.654677392881218,-1,4.9686521622000015,4.224594478795227,-0.0225389278148086,0.2406413930608313,27.604020632617804
2005-08-15,3.63154422,3.78899524,3.63154422,3.78899524,20249,4.905950593185677,4.1566625305,4.702943528324019,3.610381532675982,-1,4.957376598750002,4.207512155705218,-0.0059429008619205,0.2346992235564862,36.011039721992866
2005-08-16,3.73312587,3.89057689,3.73312587,3.81946958,47774,4.84887943945825,4.1399015285,4.705620754379454,3.574182302620547,-1,4.946558150400001,4.192294799795209,-0.0062327427989845,0.2291814947310229,37.74124545076978
2005-08-17,3.80423241,3.80423241,3.72296725,3.7585209,15899,4.79409113187992,4.1216168475,4.711313332655222,3.531920362344779,-1,4.935688912750001,4.17528405862677,-0.0201915233866178,0.2197044115359498,35.664227759467
2005-08-18,3.68741359,3.78391669,3.68233505,3.73820442,11012,4.741494356604723,4.099014905,4.710699181505957,3.487330628494042,-1,4.9246926999500005,4.158143680641406,-0.0249264965415947,0.2112670707119534,34.97330501779717
2005-08-19,3.70773008,3.77883738,3.70773008,3.7585209,32105,4.691001452340534,4.0734239625,4.69700624396556,3.44984168103444,-1,4.91402662715,4.142472199047625,-0.0088031062979284,0.2012556585182425,36.30224531410447
2005-08-22,3.7585209,3.7585209,3.69249291,3.75344159,17399,4.642528264246913,4.048536444,4.681414598943396,3.415658289056604,-1,4.90325897195,4.127216096732032,0.0018743173665763,0.191596539338368,36.10358775796633
2005-08-23,3.73312587,3.78391669,3.70773008,3.72296725,67936,4.595994003677037,4.016284268000001,4.646490772726279,3.3860777632737227,-1,4.89406583455,4.111363200781756,-0.0616071479025476,0.183352972957056,34.87063693735011
2005-08-24,3.72804656,3.7585209,3.71280939,3.71280939,20782,4.551321113529955,3.983016306,4.603468198929829,3.36256441307017,-1,4.88454255715,4.095733639574629,-0.0946267641195187,0.1735214398886949,34.448341578110785
2005-08-25,3.73312587,3.73312587,3.69757222,3.70265077,14924,4.508435138988757,3.949240413,4.553301008115434,3.3451798178845653,-1,4.87555258075,4.080318625081506,-0.1150321309605576,0.1636665977537881,34.00482067471691
2005-08-26,3.68233505,3.71788794,3.67725573,3.69757222,49799,4.467264603429206,3.9134329095,4.487261443475846,3.339604375524155,-1,4.866435629200001,4.065308962137133,-0.1331726923666344,0.154878427199946,33.77073438387289
2005-08-29,3.66201856,3.69757222,3.45377596,3.66709711,59095,4.427740889292038,3.8682290615,4.364935426758932,3.371522696241068,-1,4.8578519786,4.049692811072932,-0.0768506181104152,0.1612297009713785,32.33238793676415
2005-08-30,3.70265077,3.70265077,3.65185994,3.69757222,6449,4.369302993534516,3.83038991,4.252415948870612,3.4083638711293887,-1,4.850080983450001,4.03588416044262,-0.0495972583005107,0.1533412101877086,35.300031597395346
2005-08-31,3.67217642,3.70265077,3.65693925,3.70265077,35360,4.314371371522445,3.7933125790000006,4.110359258000535,3.4762658999994667,-1,4.84218300935,4.022816184346831,-0.0107611438118214,0.1456533751743008,35.80528507305098
2005-09-01,3.66709711,3.69757222,3.63154422,3.67217642,32054,4.262735646831098,3.755981320000001,3.896094116690018,3.615868523309984,-1,4.834818340000001,4.009065605352838,-0.0135958976971189,0.140328601947565,34.085197878544264
2005-09-02,3.63662277,3.67725573,3.63154422,3.67217642,7499,4.214198065621233,3.744807331000001,3.873784078934744,3.615830583065257,-1,4.827656831650001,3.9958542647507658,0.0358285342683099,0.1335702382370247,34.085197878544264
2005-09-06,3.67217642,3.77375807,3.67217642,3.77375807,22949,4.168572739283959,3.740744073000001,3.860356285690712,3.6211318603092897,-1,4.8202667657500005,3.987144610054657,0.1786191949419169,0.1312853390772372,44.40936728927837
2005-09-07,3.80931172,3.92105123,3.79915386,3.8702604,113099,4.125684932526921,3.741759859000001,3.8653434154225983,3.6181763025774023,-1,4.813742681600001,3.98256091554271,0.2075425980653518,0.1324287548574345,52.087082611273
2005-09-08,3.56551547,3.88549834,3.56551547,3.8702604,63449,4.085370394175306,3.7430296105,3.871258994302339,3.614800226697661,-1,4.807188123100001,3.978156973756721,0.2737999398955759,0.1458254773676178,52.087082611273
2005-09-09,3.81946958,3.88549834,3.81946958,3.8702604,92399,4.047474728124787,3.7450612205000007,3.879834870492181,3.61028757050782,-1,4.8003059654000015,3.973925735570184,0.2956303216622333,0.1401257118413593,52.087082611273
2005-09-12,3.81946958,3.87533972,3.81439103,3.8702604,55150,4.0118528020373,3.755981243500001,3.894128340085684,3.617834146914319,-1,4.793296828750001,3.969860428292921,0.3479162730490166,0.1344702102812623,52.087082611273
2005-09-13,3.88549834,3.88549834,3.8296282,3.86010254,38519,3.9783681915150617,3.759536608500001,3.90439627127026,3.614676945729742,-1,4.786338485200001,3.9655561973794735,0.3191673971322895,0.1288559195468864,51.08811045105943
2005-09-14,3.84486537,3.88549834,3.84486537,3.84994468,28949,3.946892657624158,3.761060363500001,3.90901767573772,3.613103051262282,-1,4.779557909950001,3.9610224123842,0.293268436272726,0.1225542802935373,50.05428015389773
2005-09-15,3.81946958,3.8296282,3.75344159,3.82454889,46949,3.917305655766708,3.764361763000001,3.9148696967258663,3.6138538292741353,-1,4.772548777150001,3.955670509545604,0.3344146113056215,0.1206934809868561,47.46800582050028
2005-09-16,3.72296725,3.87533972,3.72296725,3.86010254,45449,3.889493874020706,3.770456669000001,3.926021653991479,3.614891684008522,-1,4.764600013700001,3.951922746034012,0.3623359666434977,0.1229562659163664,51.26452600408183
2005-09-19,3.81489843,3.86518186,3.76360021,3.78899524,24907,3.45377596,3.7719803860000014,3.92764483572443,3.616315936275573,-1,4.756854411300001,3.9455334320718936,0.3343388927437722,0.1214295076366259,44.35952987485001
2005-09-20,3.74836304,3.85502323,3.69249291,3.7585209,43664,3.462004078,3.772234351500001,3.927793526977864,3.6166751760221385,-1,4.747712063150001,3.93819960728476,0.2978871034547102,0.1243652799482955,41.76328333131152
2005-09-21,3.81946958,3.83470675,3.60614843,3.72804656,33464,3.4700676336400003,3.7724883170000014,3.9277412132916254,3.6172354207083774,-1,4.738747483300001,3.929958311312809,0.3616804915538297,0.1318076399519887,39.28704177015572
2005-09-22,3.55535761,3.77883738,3.55535761,3.76867876,61622,3.4779699181672004,3.775281785500001,3.928130847064785,3.6224327239352174,-1,4.7301638327000015,3.923633623026032,0.4325121126144433,0.1383556492411323,44.05042858610916
2005-09-23,3.72804656,3.75344159,3.67725573,3.71788794,23990,3.4857141570038563,3.776043644000002,3.9275833144677392,3.624503973532264,-1,4.721630971400001,3.915565164868149,0.4419360912490531,0.1350033192953371,39.84239267251846
2005-09-26,3.66201856,3.68233505,3.6213856,3.64170208,29099,3.49330351106378,3.7732501370000007,3.932344559550657,3.614155714449344,-1,4.712869556350001,3.90482543604979,0.4412966665477522,0.1322532493456702,34.516101863390375
2005-09-27,3.65185994,3.78391669,3.56551547,3.64170208,45599,3.500741078042504,3.771980385500001,3.934805050225803,3.609155720774199,-1,4.704031951600001,3.894506873067445,0.3799872944056741,0.1384066758209795,34.516101863390375
2005-09-28,3.63154422,3.63662277,3.58075264,3.58075264,20699,3.5080298936816536,3.7661394065,3.9466434186758215,3.585635394324179,-1,4.694914996200001,3.882202785496173,0.3438278826367767,0.1328740161194809,30.70732007985896
2005-09-29,3.56551547,3.66709711,3.5502783,3.6213856,47849,3.5151729330080204,3.762076148000001,3.9515497072089394,3.572602588791063,-1,4.686280556300002,3.871974660574754,0.3104869345982853,0.1317272156823751,35.793988904593704
2005-09-30,3.67725573,3.67725573,3.59599057,3.65185994,27983,3.52217311154786,3.761060324000001,3.952656859271371,3.569463788728631,-1,4.678103231500001,3.863342710748293,0.3154803093779024,0.1281227831336341,39.38773312128329
2005-10-03,3.66201856,3.71331678,3.65185994,3.68233505,77249,3.5290332865169027,3.761568255500001,3.952271334724161,3.570865176275841,-1,4.669976703650001,3.856244371111105,0.2852863436848463,0.1233609300526602,42.833670930274586
2005-10-04,3.86010254,3.86010254,3.66201856,3.66714816,159140,3.5357562579865647,3.756237760000001,3.9511924220827943,3.561283097917208,-1,4.660199723550001,3.8488288334204737,0.0882008104802771,0.1286982907631845,41.565470607995934
2005-10-05,3.5502783,3.66709711,3.54519975,3.66201856,20119,3.5423447700268333,3.745825668000001,3.937525674968597,3.5541256610314047,-1,4.651158957800002,3.841502940345161,0.0961036329569166,0.128216156422957,41.12259434314867
2005-10-06,3.79407455,3.79407455,3.48932961,3.63154422,39658,3.86518186,3.733889859000002,3.92281917883054,3.5449605391694625,-1,4.642397542750001,3.833269265037508,0.0360870690952416,0.1408253552498886,38.49821965086976
2005-10-07,3.64165104,3.64170208,3.47409244,3.58583195,124949,3.857664815,3.719668436500002,3.908215874702921,3.5311209982970837,-1,4.6341186394000005,3.8235658409183895,0.0267633620652298,0.1427385184463251,34.90025345027168
2005-10-10,3.78899524,3.78899524,3.40298514,3.45377596,30487,3.84232192,3.698844214500002,3.907218199159722,3.490470229840282,-1,4.6246207547500005,3.8090642769608056,-0.043069497212655,0.1601150599858734,27.03864573309329
2005-10-11,3.45885527,3.46393382,3.3725108,3.45377596,105539,3.8159617132,3.6785278855000016,3.898935564474564,3.458120206525439,-1,4.614335615000001,3.795131401785872,0.0354676920566645,0.1552084857011681,27.03864573309329
2005-10-12,3.76360021,3.76360021,3.33695714,3.55535761,15200,3.78899524,3.663798532000001,3.8756219712102498,3.451975092789753,-1,4.60389809975,3.785728507990348,0.0575082253441089,0.1745966702939418,39.24746622343338
2005-10-13,3.55535761,3.69249291,3.52488327,3.69249291,5099,3.76360021,3.657195733000001,3.856422537237452,3.4579689287625497,-1,4.5949843092,3.7820722100299418,0.0237087271736431,0.1740975967015174,51.135124223315145
2005-10-14,3.80931172,3.80931172,3.45377596,3.52996258,33016,3.33695714,3.640688735000001,3.8240048995187257,3.4573725704812768,-1,4.58528326355,3.772185557871905,-0.0329598687680552,0.1870574655085518,40.9163532504299
2005-10-17,3.52996258,3.55535761,3.49440892,3.52996258,43642,3.3464042316,3.627737102000001,3.8037681486353727,3.451706055364629,-1,4.575633011000001,3.7626866175632023,-0.0123689309642514,0.1780496958293696,40.91635325042991
2005-10-18,3.45885527,3.4842503,3.42330162,3.4842503,31049,3.355662381368,3.6140235720000016,3.789897100039505,3.4381500439604986,-1,4.565119309850001,3.751767546286215,0.027694486214658,0.172950500412986,38.412441084344
2005-10-19,3.43853879,3.46901313,3.22521764,3.27600846,17462,3.80931172,3.591421667000001,3.813094191811155,3.369749142188847,-1,4.5548087735500005,3.733110327216167,0.0152143937204211,0.1790992260977727,29.542995212767764
2005-10-20,3.27092915,3.3064828,3.13887316,3.19982185,15146,3.7976298384,3.5629788215000007,3.828099160868253,3.297858482131748,-1,4.544066514900001,3.7121970535998474,-0.0498952638321503,0.1782785413765032,27.07945403921751
2005-10-21,3.13887316,3.22013833,3.01697504,3.22013833,290848,3.771279571264,3.538091341000001,3.832233825397736,3.243948856602266,-1,4.5329179304,3.692900633066519,0.2065512248091138,0.1800560234210387,28.784876703479554
2005-10-24,3.15411033,3.18966399,3.15411033,3.18458468,1955,3.72602129938816,3.5152354710000004,3.8427665272082936,3.1877044147917077,-1,4.5216677635,3.672966674122734,0.2210414434494353,0.1719111646052502,27.569713037090292
2005-10-25,3.23029619,3.34203646,3.23029619,3.26077053,1799,3.683478523824871,3.4961888935000003,3.8361553990918136,3.156222387908187,-1,4.51059536105,3.656802119451254,0.2414669197498594,0.1708783514191609,33.9994440373676
2005-10-26,3.12876559,3.38266866,3.12876559,3.38266866,6634,3.6434883147953774,3.4862846945,3.827359489129186,3.1452098998708142,-1,4.5005895682,3.646051787708068,0.2695346825081151,0.1768086884606494,42.755591720276605
2005-10-27,3.39790583,3.50456678,3.30140349,3.42838093,11849,3.605897518307656,3.4766344610000006,3.8127588810592736,3.140510040940728,-1,4.49030442845,3.637515675641085,0.27167236217294,0.1786911599991745,45.66665951139489
2005-10-28,3.31156135,3.38266866,3.31156135,3.32679852,8849,3.5705621696091963,3.46038139,3.7924541902071134,3.1283085897928853,-1,4.47935900495,3.625330689145356,0.2617157784308188,0.1742717614278049,40.71201750441741
2005-10-31,3.26584984,3.347115,3.26584984,3.28108701,60899,3.5373469418326446,3.440318988,3.7647245277859103,3.1159134482140898,-1,4.46785488395,3.6118309370220087,0.2293256414334251,0.1676284327543902,38.67838218736284
2005-11-01,3.25569198,3.32679852,3.25061267,3.25061267,35099,3.506124627722686,3.4194922135000008,3.736369695917512,3.102614731082489,-1,4.4568332746,3.5976655147858514,0.3897225013014126,0.1610968197005052,37.33929162356179
2005-11-02,3.27600846,3.33695714,3.27600846,3.33695714,22049,3.4767756524593247,3.403239142500001,3.701489526435613,3.104988758564389,-1,4.446624320700001,3.5874416569511123,0.3928895707405322,0.1557573661504691,43.32627822058807
2005-11-03,3.3064828,3.3064828,3.24045481,3.28108701,6449,3.4491876157117654,3.3857162820000006,3.669061788351774,3.102370775648227,-1,4.435170989000001,3.575427749227539,0.4126810821651446,0.1515248635682927,40.62169199562807
2005-11-04,3.28108701,3.28616632,3.28108701,3.28616632,299,3.42325486116906,3.3707330005000005,3.64158252319248,3.0998834778075213,-1,4.423438310400002,3.564084163767636,0.4262549639968133,0.1410644668848433,40.9823875624314
2005-11-07,3.28108701,3.30140349,3.19474254,3.30140349,8249,3.398878071898916,3.363114377000001,3.6327611456202016,3.0934676083798003,-1,4.411375491850002,3.5537829608747877,0.4819898587787742,0.1386070728216402,42.11828380463258
2005-11-08,3.25061267,3.30140349,3.04744938,3.18458468,399485,3.375963889984981,3.349654813,3.62663027471245,3.0726793512875497,-1,4.399388859200002,3.5393045969189134,0.2930323597538629,0.1468461469058088,36.3430273298949
2005-11-09,3.04744938,3.14903102,3.00173787,3.14903102,14849,3.354424558985882,3.3293384835,3.60256301852244,3.05611394847756,-1,4.3873006441000015,3.5239997507652303,0.3074105862160622,0.1494176228411081,34.779931681530414
2005-11-10,3.10331951,3.19982185,3.06776586,3.13379385,13649,3.326209623867012,3.3014035305,3.531189329414129,3.071617731585871,-1,4.3749584748500014,3.5086975585783584,0.2998589954959397,0.1481775062096004,34.10297420164551
2005-11-11,3.00681641,3.21505902,2.98142138,3.10331951,44939,3.3002518835576504,3.280071377,3.500027914308247,3.060114839691753,-1,4.362641702200001,3.4928003802027363,0.3165175835089093,0.1542818014803432,32.73081602257096
2005-11-14,2.91031408,3.01697504,2.8493654,2.95602559,33845,3.268368833201885,3.2513745275,3.482888789192172,3.019860265807828,-1,4.3492583199500015,3.47175038843008,0.3214494482724988,0.1614012520888901,27.06292111660946
2005-11-15,2.94586773,2.94586773,2.85952326,2.90015622,52466,3.2180884212176597,3.2221698235,3.4751754148316865,2.969164232168313,-1,4.335544797750002,3.449334930844586,0.2822646492298951,0.1567656147968265,25.27507149907868
2005-11-16,2.98650069,2.98650069,2.81889029,2.88491905,797910,3.1738416586715403,3.202615353,3.493562456556953,2.9116682494430477,-1,4.321424949750002,3.4272009747330343,0.0746560406489936,0.1575402423113389,24.793990757852484
2005-11-17,2.8239696,2.90523477,2.8239696,2.82904891,9923,3.1241484670575246,3.184076706,3.5175198166997848,2.850633595300215,1,4.307381287550002,3.403744031018013,0.0723718682678184,0.152092022860529,23.06074909719088
2005-11-18,2.85444395,2.88491905,2.74270444,2.74778375,84455,3.081412322269472,3.160458977,3.543556014480878,2.7773619395191216,2,4.293185253650002,3.378020098429072,-0.1469410870137392,0.1513864933704913,20.7847749276868
2005-11-21,2.76302092,2.79857457,2.71730865,2.72238796,114086,3.027219061106356,3.137349141,3.565007784458627,2.7096904975413723,3,4.279446334900002,3.352309034176951,-0.195989213660201,0.1463778809868847,20.11659949499608
2005-11-22,2.75794161,2.88491905,2.75794161,2.87476043,12749,2.971435187107212,3.1180486359999997,3.556393107538367,2.6797041644616315,4,4.265504251350002,3.3335816379347176,-0.1881254986966583,0.1475316816306787,33.85592961059379
2005-11-23,2.76810023,2.89507691,2.76810023,2.89507691,8399,2.925692410427914,3.0936690485,3.524606335445901,2.662731761554097,5,4.251765332600002,3.3163853740941405,-0.1869206465738453,0.1460634672284873,35.45008743008587
2005-11-25,2.91539339,2.92047194,2.91539339,2.92047194,1499,2.71730865,3.0682735989999994,3.476587533141561,2.6599596648584374,6,4.238178785550002,3.300859357070841,-0.1888845972986058,0.1374442931407383,37.47849294750685
2005-11-28,2.94078842,2.94586773,2.93570987,2.93570987,31349,2.7213719158000003,3.0487191664999997,3.442849052433866,2.6545892805661326,7,4.224719217450002,3.2865397693425726,-0.2014612870577947,0.1294408286306855,38.722778664120845
2005-11-29,2.92047194,2.94586773,2.87476043,2.87476043,43366,2.730351748368,3.0284028374999994,3.414331224059548,2.6424744509404507,8,4.211158066950002,3.2703915599565896,-0.2065539060754977,0.125274148014208,35.66528992926004
2005-11-30,2.8899976,2.90015622,2.81381174,2.85952326,25649,2.73897238763328,3.0088483669999992,3.3873187498487787,2.63037798415122,9,4.197850870600002,3.254279077605351,-0.1864713907490069,0.1224934574417645,34.9229069348732
2005-12-01,2.85444395,2.90015622,2.73254658,2.73762513,64283,2.94586773,2.978881766499999,3.343339140668011,2.614424392331987,10,4.184188137700002,3.2340181384835724,-0.2286463547055871,0.1257160419102099,29.612428028697323
2005-12-02,2.76810023,2.83412823,2.73762513,2.73762513,47263,2.941601307,2.951708672499999,3.30277991958039,2.6006374254196074,11,4.170370492300002,3.2145517459940205,-0.2504404150692965,0.1236294032023378,29.612428028697323
2005-12-05,2.73762513,2.85444395,2.73762513,2.79349526,68195,2.93742021246,2.9270751194999987,3.2487235082379327,2.6054267307620647,12,4.156809341800002,3.1980397269354315,-0.2431185846854948,0.1231429329735993,34.87640155656018
2005-12-06,2.85952326,2.85952326,2.76302092,2.80873243,94199,2.9333227398108,2.9024415664999985,3.177772441781854,2.6271106912181432,13,4.143862759700002,3.1827727741144343,-0.2392007607387549,0.1212400334754851,36.27608389879608
2005-12-07,2.77825809,2.95602559,2.77825809,2.95602559,71854,2.73254658,2.8910136119999983,3.1358359976657177,2.646191226334279,14,4.1319269163,3.173880727678574,-0.2627337001414542,0.1252777096558076,47.92714398194615
2005-12-08,2.85444395,3.29632418,2.85444395,3.25061267,46358,2.7370161602,2.8960926944999987,3.1651326769256163,2.627052712074381,15,4.121083075200001,3.176889823455885,-0.2446134628590199,0.1478921753946785,62.639724540259046
2005-12-09,3.25061267,3.28616632,3.17442682,3.20490116,44546,2.759388480992,2.8996480599999983,3.1826747644925555,2.616621355507441,16,4.109705933150002,3.177988307241929,-0.2520901416899435,0.1453098414379157,59.81557124846776
2005-12-12,3.38266866,3.38266866,3.13379385,3.18458468,13828,2.78086590895232,2.9037113184999983,3.2003245999823773,2.6070980370176198,17,4.0981510228500015,3.178246988526559,-0.2628814091894017,0.1527073391923503,58.552034157902646
2005-12-13,3.12363599,3.17442682,3.04237007,3.16426819,333493,2.8169740740151807,2.9141234484999985,3.231261287623383,2.596985609376614,18,4.086672298350002,3.177698800349047,-0.0839652535362279,0.1519578585357539,57.24967237648808
2005-12-14,2.98142138,3.20997971,2.98142138,3.09316089,99160,2.85091574917427,2.9237736819999984,3.2502331210959263,2.5973142429040705,19,4.074736454950002,3.1743835881784963,-0.0815787828849467,0.1574293207832,52.82125483046054
2005-12-15,2.94586773,3.15918888,2.94586773,3.10839806,110529,2.8828209238238136,2.9349476324999983,3.2704943988389443,2.5994008661610524,20,4.062902190150002,3.1717959204067907,0.0475128193541195,0.1614215942986858,53.64864957251289
2005-12-16,3.19982185,3.19982185,3.00681641,3.0982402,27149,2.912811787994385,2.948407196999999,3.287460257049766,2.6093541369502318,21,4.050940950200002,3.1689113823516224,0.052306635359321,0.1636775832773511,52.98157584584244
2005-12-19,3.0271329,3.11855668,2.99665855,3.11855668,300586,2.941003200314722,2.9669458434999987,3.300596061076293,2.6332956259237044,22,4.039893948100002,3.166936688141755,0.2882345917249957,0.1606933366146832,54.20798592863478
2005-12-20,3.10331951,3.14395171,3.01697504,3.14395171,63848,2.9675031278958386,2.988024030999999,3.3102813992854268,2.665766662714571,23,4.028212058800001,3.1660353164499213,0.4063495620374143,0.1582850032850629,55.761285043094304
2005-12-21,3.1693475,3.18966399,3.08305407,3.18966399,42722,2.992413059822088,3.0037692089999988,3.333047472546278,2.674490945453719,24,4.016784123650002,3.166961931098944,0.4192428417695845,0.1545939259075584,58.49075913543916
2005-12-22,3.1693475,3.19982185,3.09316089,3.1693475,67849,3.015828395832763,3.0174827384999987,3.350337605065571,2.6846278719344263,25,4.005254606050001,3.1670554828205537,0.416586203789752,0.1511701426284471,56.81301852656201
2005-12-23,3.1693475,3.19982185,3.12363599,3.19474254,50774,3.037838811682797,3.0311962684999987,3.369489199281276,2.6929033377187213,26,3.994410765000002,3.1681412497687678,0.4299301694015513,0.1458141224407009,58.418561641428106
2005-12-27,3.19982185,3.19982185,3.0982402,3.17442682,15599,3.058528602581829,3.0431321159999984,3.383942498634259,2.702321733365738,27,3.9843795794000014,3.168387742719012,0.4580803717876919,0.142654660123508,56.60556802217285
2005-12-28,3.19982185,3.19982185,3.10331951,3.1693475,25949,3.07797700602692,3.0578614694999984,3.393718821951241,2.722004117048756,28,3.9740436465000015,3.168425380259442,0.4958194582196538,0.1393580658289717,56.13648611792591
2005-12-29,3.15411033,3.19474254,3.12363599,3.18966399,60779,3.0962585052653044,3.0743685059999986,3.4019612470551213,2.746775764944876,29,3.964393390150002,3.1692582669159357,0.5159353592128717,0.1344829575554737,57.648265828381184
2005-12-30,3.29632418,3.29632418,3.19982185,3.25061267,47368,3.10331951,3.1000178829999987,3.3970340822937146,2.8030016837062828,30,3.956038300900001,3.1724486356643298,0.5598113262077451,0.132495617015797,61.891590169518494
2006-01-03,3.24299408,3.28108701,3.19474254,3.22013833,55934,3.120080459,3.124143542999999,3.3741645733819583,2.8741225126180394,1,3.9471753034500017,3.174318819755925,0.5716218143532426,0.1291991065146686,58.72347150726971
2006-01-04,3.24045481,3.32679852,3.21505902,3.28616632,70198,3.13583575106,3.148777095999999,3.3572666318113398,2.9402875601886587,2,3.9389725859000015,3.1787049962360845,0.5843842182137748,0.1279519917636209,63.12750647241226
2006-01-05,3.30140349,3.30140349,3.22521764,3.25061267,90974,3.1506457255964,3.170871107999999,3.313921193386788,3.0278210226132103,3,3.930338146000001,3.18152490501114,0.5700611990485613,0.1242544102090765,59.44930770265891
2006-01-06,3.29124563,3.32679852,3.25569198,3.29632418,18451,3.1645671016606163,3.1878860374999998,3.30286982313742,3.072902251862579,4,3.921957660200001,3.186026837363644,0.5456142110456934,0.1208209416227139,62.47653836924019
2006-01-09,3.32679852,3.32679852,3.28108701,3.28108701,11219,3.177653195160979,3.189409754499999,3.308415394179673,3.0704041148203243,5,3.913602567150001,3.1897546872709523,0.5270363659010572,0.1154559822210915,60.84595729181929
2006-01-10,3.28616632,3.31664066,3.27092915,3.30140349,189141,3.1899541230513204,3.194234870999999,3.322802899327397,3.0656668426726013,6,3.905171292050001,3.194133071691699,0.5312169642781018,0.1104742342052992,62.26029391876247
2006-01-11,3.32679852,3.32679852,3.28616632,3.30140349,33127,3.2015169952682414,3.2000758114999988,3.336720126810609,3.0634314961893887,7,3.8974510862000016,3.198339754762613,0.5251816581085049,0.1054855174763493,62.26029391876247
2006-01-12,3.29769553,3.40806445,3.29769553,3.40298514,16349,3.212386095152147,3.212011658999999,3.373504114091547,3.050519203908451,8,3.890187999300002,3.206365063987609,0.4530764138357648,0.1058343319423243,68.79637452366222
2006-01-13,3.37352635,3.45885527,3.37352635,3.40298514,8954,3.228040363539975,3.227502871499999,3.399517334331705,3.0554884086682934,9,3.883026494800002,3.214075655203781,0.4839004465429486,0.1043696596607297,68.79637452366222
2006-01-17,3.4436181,3.45377596,3.38774797,3.39282728,13846,3.251121854185977,3.2417243324999987,3.4189507876247287,3.0644978773752687,10,3.8745952197000015,3.2210855228428485,0.4650479771962488,0.1016309689706776,67.44179552873969
2006-01-18,3.39790583,3.45377596,3.39790583,3.44869665,22303,3.27189519576738,3.2592471549999984,3.4453411848586404,3.0731531251413564,11,3.866189337350001,3.230011449398031,0.4832326879939089,0.0987250911870578,70.8423345867456
2006-01-19,3.40806445,3.57059478,3.39790583,3.49440892,36890,3.2905912031906417,3.2780397669999983,3.478837645669907,3.07724188833009,12,3.8578088515500006,3.240379977656932,0.3040711230012312,0.1040082239594108,73.29958299689974
2006-01-20,3.47917175,3.53504113,3.07792372,3.50964609,40040,3.57059478,3.2963244859999987,3.5110681486478126,3.081580823352185,13,3.849352179900001,3.250939433042934,0.2811878606026851,0.1292303086765958,74.08360300639711
2006-01-23,3.42838093,3.47409244,3.40806445,3.44869665,35167,3.57059478,3.309276118999999,3.527935727636234,3.090616510363763,14,3.840819318600001,3.258694618021643,0.2455283943173885,0.1272554037711247,65.76493847365757
2006-01-24,3.58075264,3.58075264,3.42838093,3.56043692,92954,3.07792372,3.328830589999999,3.563314834701704,3.094346345298294,15,3.832591204550001,3.2705276494717745,0.2807035260553532,0.1290494256446158,71.97741066193979
2006-01-25,3.54012044,3.57059478,3.52488327,3.57059478,52964,3.0879802984,3.347623201999999,3.5959461281121627,3.099300275887835,16,3.824286904650001,3.2822949879238617,0.2895986543358857,0.123096717384286,72.46654842415921
2006-01-26,3.57059478,3.95152633,3.57059478,3.88041903,21014,3.097835745232,3.3829228124999986,3.71072596554519,3.055119659454807,17,3.8177856801000014,3.305750832711161,0.2936267234585913,0.1415134911425513,82.50012462570271
2006-01-27,3.90022735,3.91089337,3.76867876,3.90073551,6796,3.1319833686227194,3.419492212999999,3.8023874180511976,3.0365970079488003,18,3.810954315550001,3.329083565153861,0.295669854698677,0.1415635710609405,82.93917353489353
2006-01-30,3.81439103,3.88041903,3.67725573,3.85502323,25349,3.164765087077811,3.452760174999998,3.8645306933776817,3.0409896566223145,19,3.804326112000001,3.349708650049788,0.2702379992509903,0.1474147288423019,78.18607868936516
2006-01-31,3.77375807,3.81439103,3.76867876,3.80931172,45599,3.196235536794698,3.480695127499998,3.909281865060973,3.052108389939023,20,3.7974693509000015,3.367732299851757,0.3079384401923547,0.1430525674964232,73.64127189305881
2006-02-01,3.79915386,4.43906703,3.79915386,3.97692136,59798,3.22644716852291,3.5185342789999985,3.980735005835988,3.0563335521640087,21,3.7928473837000016,3.391622066916394,0.3026272325443259,0.178542610532393,78.5619907856858
2006-02-02,3.97692136,4.22579617,3.97692136,4.09374018,158903,3.299204360211536,3.558912971999999,4.071242112815972,3.0465838311840265,22,3.7881746272500014,3.4191561105667314,0.2457621114621012,0.1835663390657935,81.19672125942986
2006-02-03,4.09374018,4.31214064,3.98200067,4.25119196,125339,3.367596120398844,3.608941936499999,4.182797130408763,3.035086742591236,23,3.7850509920500017,3.451784967407252,0.3452883618285494,0.1940358841325225,84.04325028980078
2006-02-06,4.22173317,4.36293146,3.91089337,4.20548045,3112166,3.431884374974913,3.654399749999999,4.264866620210993,3.043932879789004,24,3.7819527534000015,3.481341652999124,0.3144423200754458,0.2124646131230566,80.24517442792461
2006-02-07,4.08358232,4.21055899,4.06326584,4.21055899,117299,3.492315334276418,3.7008733489999983,4.331762212182248,3.069984485817749,25,3.778879907450003,3.509938411312884,0.3370246655550584,0.2078095086142669,80.35141491909972
2006-02-08,4.21055899,4.21055899,4.11913597,4.16484748,17699,3.549120436019833,3.744045548499999,4.377847226981727,3.1102438700182704,26,3.7760610156000025,3.535621119888849,0.3357218221837085,0.1994961879989621,76.37023006615993
2006-02-09,4.21055899,4.42388091,4.16484748,4.29182416,59849,3.602517231658643,3.793566581999999,4.436000329294887,3.151132834705111,27,3.7742071471500025,3.5652761410696785,0.3352639275909586,0.2037488481418934,79.42049047344443
2006-02-10,4.29182416,4.31721995,4.21563831,4.30198278,27709,3.652710219559125,3.838516463999999,4.491069745814521,3.185963182185476,28,3.772581840050002,3.5941665974983183,0.3354461403724562,0.1964511904174724,79.64685294424994
2006-02-13,4.27658699,4.27658699,4.19024327,4.22071762,35465,3.699891628185577,3.879403087999999,4.520041019604847,3.238765156395151,29,3.770702578850002,3.6187372258317176,0.3314160116324136,0.1904003561019387,72.75281643030914
2006-02-14,4.26637808,4.29182416,4.21563831,4.28674561,56161,3.744242152294442,3.924099004499999,4.547204486953429,3.3009935220465687,30,3.7688233176500017,3.6449336330540034,0.342589862809423,0.1822421770946574,74.67116917450333
2006-02-15,4.30198278,4.30198278,4.25119196,4.26134982,29399,3.785931644956776,3.9647316629999994,4.56406673897561,3.365396587024387,-1,3.766740891650002,3.669106816855807,0.3333710585099199,0.172852794445039,72.55527389518598
2006-02-16,4.27658699,4.30198278,4.22579617,4.29182416,25682,3.82511976805937,4.004602424999999,4.579059583060515,3.430145266939483,-1,3.765344142100002,3.693527104822246,0.3377686169332458,0.1659480669846791,73.52475310852266
2006-02-17,4.22579617,4.27150844,4.19024327,4.25627127,28531,3.8619566037758073,4.041933683999998,4.578680944496296,3.5051864235037007,-1,3.7633886950500015,3.715595503456668,0.3344129288871605,0.1613504114857735,70.40026291603633
2006-02-21,4.2410341,4.32737781,4.2410341,4.32737781,43379,3.896583229349259,4.085867741999999,4.5615634955575,3.610171988442498,-1,3.761585619700002,3.739586966458367,0.3422635671351407,0.1559927899510753,72.88234972928991
2006-02-22,4.33245712,4.42388091,4.32737781,4.40356443,105062,3.929132257388303,4.128024117499999,4.557149434095453,3.6988988009045456,-1,3.7607221749500015,3.765625298361961,0.3394986954061913,0.1517435263831414,75.27469879763481
2006-02-23,4.31219169,4.45435525,4.29690347,4.40864374,101082,3.959728343745005,4.169926565499999,4.531491577627616,3.8083615533723822,-1,3.759680965750001,3.790841707837962,0.3330949373151557,0.1521512587843456,75.43032495752601
2006-02-24,4.40864374,4.45943456,4.35785291,4.36801077,12749,3.999298496245405,4.194306152499999,4.539901795901203,3.848710509098795,-1,3.758715938550001,3.813475788707061,0.3281795980073674,0.148539143871178,71.55049930112791
2006-02-27,4.36801077,4.36801077,4.19532182,4.31214064,146849,4.045312102620865,4.214876408999999,4.536254777577158,3.893498040422839,-1,3.757420771400001,3.8330312730714895,0.3281890692224558,0.1502641300232367,66.48658815429677
2006-02-28,4.33245712,4.39340657,4.26134982,4.34261574,147749,4.0867243483587785,4.239256034499999,4.519025933668582,3.959486135331417,-1,3.7562525832000007,3.853014977656922,0.3225600470526239,0.1489636028787198,67.8242674116538
2006-03-01,4.19532182,4.37309009,4.18008465,4.33245712,164183,4.123995369522901,4.265413304499999,4.466165019658086,4.064661589341912,-1,3.755008209150001,3.871816630297827,0.3272237930360305,0.1521094483873826,66.86616045302864
2006-03-02,4.33753643,4.39848512,4.29182416,4.39848512,115457,4.157539288570611,4.2864914925,4.445928603328191,4.127054381671808,-1,3.7540177854500008,3.8924702965606577,0.3539623060047436,0.1488631277882838,69.847617940604
2006-03-03,4.31721995,4.39848512,4.24611265,4.36293146,54149,4.18008465,4.299951056499999,4.435721277421834,4.164180835578165,-1,3.7528470564500016,3.910919753950436,0.37068519413412,0.1491137950891208,66.3837638892418
2006-03-06,4.38324795,4.38324795,4.18516396,4.33245712,32015,4.45943456,4.3040143145,4.438563010374049,4.16946561862595,-1,3.751485862850001,3.9274506310504185,0.3641722925245659,0.1526116661541836,63.477964332391856
2006-03-07,4.27150844,4.35785291,4.23087548,4.32229926,26399,4.453949148,4.309855255,4.436709378202394,4.183001131797605,-1,3.7506224181,3.9429348910092257,0.5061461030502422,0.1507806492860277,62.4959713136228
2006-03-08,4.31721995,4.37816863,4.27150844,4.34261574,40724,4.44857344424,4.3164580925,4.435455062831768,4.197461122168232,-1,3.7498097664500007,3.958608649793178,0.4550036817874389,0.1476291879084543,63.70534093710269
2006-03-09,4.35785291,4.36801077,4.29182416,4.32737781,700494,4.4433052545552,4.324584609,4.421139310325039,4.22802990767496,-1,3.748463806200001,3.973070185487563,0.2720237621450205,0.1425261466292789,62.08818358004416
2006-03-10,4.31214064,4.34261574,4.25627127,4.30706209,32324,4.438142428664095,4.325346505499999,4.421092245528381,4.229600765471616,-1,3.7473210146000007,3.9861679072331486,0.2794841258363012,0.1385131697271876,59.90480510784057
2006-03-13,4.28674561,4.34261574,4.13945245,4.26134982,72028,4.433082859290813,4.323314857499999,4.422615808030869,4.2240139069691285,-1,3.7458988723500006,3.996959354792633,0.2706624626443796,0.1431310354609599,55.20097057423108
2006-03-14,4.18516396,4.23595479,4.11405666,4.15976817,803097,4.42133764291918,4.320267384999999,4.43458184424158,4.205952925758418,-1,3.74417198285,4.00334401421253,0.1252324980525438,0.1434283300708914,46.46885447640417
2006-03-15,4.18008465,4.28674561,4.15468962,4.15468962,81668,4.4029007839440295,4.313664585499999,4.448393443282609,4.178935727717389,-1,3.74234351475,4.009279136008117,0.0769028012059236,0.1426160200658277,46.07642581076803
2006-03-16,4.34261574,4.34261574,4.1038988,4.20040113,41935,4.385570136507388,4.310617151,4.4525082107034,4.1687260912966,-1,3.740870579350001,4.016774116164662,0.0800176724992596,0.1494803714896972,50.15658463583182
2006-03-17,4.25119196,4.39848512,4.16992679,4.21055899,83402,4.1038988,4.306553892499999,4.454873561996682,4.1582342230033165,-1,3.738711967450001,4.024373522981734,0.0527700428670646,0.155128797097576,51.04307469788638
2006-03-20,4.21055899,4.21055899,4.13437314,4.19024327,28951,4.1038988,4.303252492499999,4.458671574816041,4.1478334101839565,-1,3.736807313450001,4.030878218943235,0.0512373374006624,0.1494900151620348,49.15989524999984
2006-03-21,4.21513015,4.21563831,4.13437314,4.21563831,100911,4.109790526399999,4.297665517499999,4.457193185305651,4.138137849694346,1,3.73525819225,4.038123712710167,0.0701165864618451,0.1446168119361752,51.56543030630966
2006-03-22,4.19532182,4.26134982,4.16484748,4.26134982,63974,4.115564418271999,4.290554787,4.443092247598213,4.138017326401786,2,3.7335566993,4.046877677701925,0.072232154256678,0.1411800639407341,55.63464466026378
2006-03-23,4.4188016,4.82512818,4.08866163,4.31721995,26834,4.82512818,4.285983597499999,4.42929200552771,4.142675189472287,3,3.7322869287,4.057479335439105,0.0552268286358265,0.1837005272306817,60.05224385184943
2006-03-24,4.31721995,4.34769429,4.21055899,4.24057622,74170,4.82512818,4.279611869999998,4.419044931885343,4.140178808114654,4,3.730679651,4.064659605421885,0.0429289223052287,0.1803744395713473,52.35118417125055
2006-03-27,4.2410341,4.28674561,4.11913597,4.23595479,36749,4.82512818,4.275802577499999,4.415634976680544,4.135970178319453,5,3.7302225359,4.071377063640634,0.0309660078460092,0.1794626681733939,51.918838961117714
2006-03-28,4.26642913,4.29690347,4.23595479,4.29690347,34025,4.810398849,4.273516963999999,4.410368904214613,4.136665023785385,6,3.729435277,4.080221236439041,0.0322861380250808,0.1709973833038657,56.96642964490809
2006-03-29,4.27658699,4.31721995,4.19532182,4.26642913,89815,4.79596410462,4.270215564499999,4.404380074211708,4.1360510547882905,7,3.7285464357,4.087523506774764,0.0016918591496052,0.167490293782161,53.91852168604438
2006-03-30,4.19024327,4.34261574,4.19024327,4.31721995,52177,4.781818055127601,4.266152306,4.388974706502594,4.143329905497405,8,3.7282924816,4.096531210430656,-0.0308488135317927,0.1664104492262924,57.95610408392031
2006-03-31,4.37816863,4.40864374,4.31721995,4.33753643,56099,4.767954926625048,4.264882554499999,4.38415028144997,4.145614827550028,9,3.7286988074,4.105982395511806,-0.0550579829977196,0.1610542592815572,59.48527427166136
2006-04-03,4.33855199,4.39848512,4.31721995,4.37816863,67631,4.754369060692548,4.267168129999999,4.393094210977141,4.141242049022857,10,3.731187555400001,4.116656365491735,-0.0470294044255438,0.1553550386185888,62.428464737106765
2006-04-04,4.27150844,4.38324795,4.27150844,4.29690347,26249,4.741054912078696,4.265898340499999,4.390075142676396,4.141721538323602,11,3.733269977600001,4.12372487939402,-0.0573508361595101,0.1522396437172611,53.98203022234267
2006-04-05,4.4188016,4.46959242,4.13945245,4.23595479,514452,4.728007046437122,4.260565292999998,4.380182699686149,4.140947886313848,12,3.734209608200001,4.128126052358961,-0.1243421850490837,0.1649468098803138,48.664084338134
2006-04-06,4.25119196,4.39848512,4.25119196,4.32737781,228964,4.71522013810838,4.260565292999998,4.380182699686208,4.140947886313788,13,3.7356063539,4.135939846776257,-0.1259463193327595,0.1647742041745771,55.71194416610254
2006-04-07,4.4188016,4.4188016,4.29182416,4.4188016,200697,4.702688967946212,4.266152268499999,4.403115118009218,4.12918941899078,14,3.7374856151000007,4.147032464549737,-0.0453902040365583,0.1620744353049645,61.41654659878746
2006-04-10,4.37309009,4.43403877,4.34769429,4.43403877,9899,4.690408421187288,4.274786715999999,4.430006464054326,4.119566967945671,15,3.7399489704,4.15828761378308,-0.0481846589725607,0.1566651527831813,62.28840006796728
2006-04-11,4.37309009,4.39340657,4.31721995,4.38832726,57824,4.678373485363543,4.286214670499999,4.439522254954907,4.1329070860450905,16,3.7414219058,4.167308776379822,0.0663848236938278,0.1538189861558112,58.05046730815259
2006-04-12,4.35785291,4.63720206,4.31721995,4.63212275,97646,4.666579248256272,4.310086326999999,4.514278647193637,4.10589400680636,17,3.7441392114,4.185536775345319,0.1589407951329651,0.1656877807161103,69.83739297893088
2006-04-13,4.65243923,4.65751854,4.54069972,4.56101621,14399,4.08866163,4.328117080999999,4.553019424285078,4.103214737714919,18,3.74647559155,4.200261459057268,0.1605581659220758,0.1621971406649596,64.17370770272535
2006-04-17,4.73370439,4.73370439,4.42895946,4.53562041,52199,4.1000387682,4.344370151999999,4.579682625329993,4.109057678670005,19,3.748811967849999,4.213412790466787,0.1840621947387725,0.1723791256174625,62.23252873768832
2006-04-18,4.5305411,4.56050805,4.51022538,4.51530393,2999,4.125385393072,4.360623184999999,4.596012156532549,4.125234213467449,20,3.749903970149999,4.225251658683776,0.1779067532383116,0.1636579502162152,60.65192046132549
2006-04-19,4.50514607,4.52038324,4.44927594,4.47975028,16049,4.14971815294912,4.3738287835,4.604793167657019,4.14286439934298,21,3.751757834799999,4.235231996774608,0.1267669335956417,0.1570471894864855,57.881370293106485
2006-04-20,4.52038324,4.54577827,4.49498821,4.49498821,74549,4.173077602431155,4.385510703,4.61617126672118,4.154850139278819,22,3.753484724299998,4.24541851494031,0.0460807316333001,0.1505458180945937,58.75105291867727
2006-04-21,4.51022538,4.52038324,4.4188016,4.52038324,50195,4.195502673933909,4.395668867499999,4.631246746959151,4.160090988040847,23,3.755516357199999,4.256201445334807,0.0798337939538209,0.1470483768021227,60.22507297053028
2006-04-24,4.5559369,4.5559369,4.45943456,4.50514607,86369,4.2170307425765525,4.408897359999999,4.637771279324353,4.180023440675646,24,3.757471804249999,4.265963979635403,0.1002863845616653,0.1434379456019711,58.86583927959784
2006-04-25,4.4899089,4.58133193,4.4899089,4.52038324,17099,4.2376976884734905,4.4231187825,4.642386357164892,4.203851207835108,25,3.759706601949999,4.275941205532054,0.0898790583106498,0.1397225944875446,59.84189517347754
2006-04-26,4.54577827,4.54577827,4.48482959,4.51530393,81149,4.257537956534551,4.434038805499999,4.6487824688574335,4.219295142142565,26,3.76252548995,4.285327979040601,0.0685813613155422,0.1340958863098628,59.33644464152591
2006-04-27,4.49498821,4.60164841,4.47975028,4.54069972,41809,4.276584613873169,4.447752334999999,4.652738448819806,4.242766221180192,27,3.76514121695,4.29534255711744,0.0619030660521123,0.1332246180020155,61.1053510918546
2006-04-28,4.51530393,4.54577827,4.42895946,4.54577827,9241,4.294869404918242,4.459180250999999,4.659207733817463,4.259152768182536,28,3.76752838255,4.305163565465776,0.0484845401164059,0.1320527745733,61.46634709011556
2006-05-01,4.51530393,4.6270442,4.50006676,4.55085758,495800,4.312422804321512,4.469846308499999,4.665492513280293,4.274200103719705,29,3.769915551949999,4.314798624859275,0.0068506049270705,0.1316902506752072,61.84774857001097
2006-05-02,4.5305411,4.71338868,4.50006676,4.64736068,74543,4.329274067748652,4.483305910999999,4.688669259526226,4.277942562473771,30,3.772912212,4.32784027408048,0.0043112426742081,0.1375210841984067,68.27302833130025
2006-05-03,4.59656986,4.75910019,4.59656986,4.74894157,857320,4.345451280638706,4.505907815999999,4.723379669681584,4.288435962318413,-1,3.77593426485,4.34435405039105,0.2593676653529185,0.1393074588985205,73.35903824009839
2006-05-04,4.78449522,4.79973239,4.6981515,4.74894157,25049,4.370270215200383,4.531557154999998,4.736253531730388,4.326860778269608,-1,3.7789055246,4.360220227630617,0.3959588365699685,0.1366127039771976,73.35903824009839
2006-05-05,4.71338868,4.875919,4.71338868,4.7743884,46445,4.404627189184353,4.553907684499999,4.762133484283621,4.3456818847163765,-1,3.782156394,4.3764621167431415,0.4188004409584259,0.1384639622645406,74.54458791251061
2006-05-08,4.72405469,4.77941667,4.72405469,4.75402088,12974,4.451756370265918,4.570668648499998,4.7865218194926165,4.35481547750738,-1,3.784975282049999,4.391268342753214,0.3618170596847315,0.132528106388502,71.7908164532414
2006-05-09,4.69307219,4.76925805,4.68799288,4.71338868,26800,4.494172633239327,4.584636143999998,4.799467436980978,4.369804851019018,-1,3.787190526699999,4.403900512841323,0.3496403275903025,0.1288664680750376,66.51208906202342
2006-05-10,4.71338868,4.71846722,4.67275571,4.71846722,41549,4.532347269915394,4.601143141999998,4.803472764905791,4.398813519094205,-1,3.789526902999999,4.416236462141663,0.3482871342098256,0.1229268282125349,66.84027837981535
2006-05-11,4.70323005,4.74894157,4.63212275,4.74894157,21899,4.566704442923855,4.606984082999999,4.8190636383079495,4.394904527692048,-1,3.7914315569999983,4.429283721273363,0.3257014728890435,0.1224905419116396,68.81524165920496
2006-05-12,4.73370439,4.87083969,4.72354654,4.75910019,99355,4.597625898631469,4.616888281999999,4.837774266345777,4.396002297654221,-1,3.793336214799999,4.442217700439113,0.2930445465538718,0.1242621567750939,69.46805286156177
2006-05-15,4.70830936,4.77433736,4.48482959,4.69307219,39518,4.875919,4.624760870999998,4.844721348390732,4.404800393609263,-1,3.794910732599999,4.452055131402285,0.3103539410210866,0.1360654148625872,60.58988317349225
2006-05-16,4.74386302,4.86576114,4.74386302,4.84544466,99230,4.87083969,4.641267907499999,4.875013036126738,4.407522778873259,-1,3.797069344449999,4.467482171739451,0.3278016951671081,0.1386813816581167,70.08981457243378
2006-05-17,4.82004887,4.86068183,4.67783502,4.84544466,181844,4.86576114,4.659552626499999,4.8970805234189,4.422024729581098,-1,3.798440697399999,4.482304230102609,0.3695527254110829,0.1418360551111084,70.08981457243378
2006-05-18,4.80989101,4.86068183,4.70830936,4.81497032,38549,4.48482959,4.675551731999999,4.909667640819756,4.4414358231802415,-1,3.800243772749999,4.495349959118193,0.413559623072412,0.1425886561746006,66.37842245191501
2006-05-19,4.8048117,4.8048117,4.70323005,4.74894157,25442,4.4923466348000005,4.686979648499998,4.911812099767253,4.462147197232742,-1,3.801767493649999,4.505294728172381,0.3952552462532028,0.140385200019272,59.078850146691295
2006-05-22,4.80989101,4.82004887,4.75910019,4.79973239,30149,4.499713338704001,4.701708964499998,4.915278077980079,4.488139851019917,-1,3.803672147599999,4.5168413031460135,0.4115043463809111,0.1354367785893239,62.49542953166797
2006-05-23,4.74894157,4.77433736,4.6676764,4.71846722,44849,4.506932708529921,4.711613163499998,4.9083357035245685,4.514890623475428,-1,3.807786202699999,4.52474820184617,0.4080793227384059,0.1351952936900865,54.63543886010706
2006-05-24,4.65243923,4.67275571,4.61688558,4.66259785,357148,4.514007690959322,4.718977859499998,4.895771071827469,4.542184647172527,-1,3.811824075799999,4.530154070401222,0.4526990353522578,0.1327943184265089,49.98133927576366
2006-05-25,4.65243923,4.66259785,4.56609476,4.65243923,16664,4.520941173740136,4.724564834999997,4.884751730789199,4.564377939210796,-1,3.8158365485499983,4.534949566856076,0.4623432815216624,0.1302020878246153,49.16130823604143
2006-05-26,4.63958896,4.63958896,4.58138297,4.61180703,1799,4.527735986865333,4.727866272999998,4.875399933443476,4.5803326125565205,-1,3.819671256849999,4.537963585018582,0.4600891441364174,0.1259773858371428,45.91634334054476
2006-05-30,4.54577827,4.65243923,4.52546255,4.62196489,169349,4.86068183,4.731421638499998,4.864433756644358,4.598409520355638,-1,3.823632940299999,4.541257753841383,0.6127348098947343,0.1260487639916326,46.86066351405235
2006-05-31,4.56101621,4.62196489,4.51530393,4.61688558,7514,4.8539774444,4.729897883499998,4.86735110844074,4.592444658559256,-1,3.8284580684999994,4.544223550945643,0.621819185974303,0.1246639208493731,46.42416327543798
2006-06-01,4.63212275,4.63212275,4.55085758,4.62196489,5770,4.840430503824,4.723549049499998,4.8684266947460655,4.578671404253931,-1,3.832622916749999,4.547272230908559,0.4543813062695175,0.1215640100744179,46.95626520067238
2006-06-02,4.60672772,4.64736068,4.57117407,4.61180703,33184,4.82742544087104,4.7166923224999975,4.8689085274073145,4.5644761175926805,-1,3.836584603999999,4.549803007343517,0.4532399088396299,0.1183227672119595,45.972910819402486
2006-06-05,4.6270442,4.72354654,4.58133193,4.70830936,103641,4.814940580436199,4.713388370499997,4.863302999477261,4.563473741522733,-1,3.841333546299999,4.55601894274181,0.502672345484378,0.1200293274111052,55.50608251982677
2006-06-06,4.57625338,4.63720206,4.57117407,4.58133193,78251,4.802955114418751,4.7047539229999975,4.863919754059014,4.5455880919409815,-1,3.845549183849999,4.557011608908797,0.440768497481093,0.1212511818817406,44.40365427724641
2006-06-07,4.61180703,4.71846722,4.46959242,4.57117407,15599,4.7914490670420005,4.6976431924999975,4.8670105903176974,4.528275794682298,-1,3.849612449699999,4.557566999539825,0.449357476175716,0.1303671546044734,43.6514488978156
2006-06-08,4.58641124,4.63212275,4.46959242,4.50006676,32879,4.7721376682194805,4.686723169499997,4.876272342924486,4.497173996075508,-1,3.853345575549999,4.555312088185322,0.4078623132384934,0.1326645242755825,38.70815023504433
2006-06-09,4.53562041,4.56101621,4.36801077,4.52546255,19859,4.753984953326311,4.675549218499997,4.875189475037215,4.475908961962779,-1,3.857358052049999,4.554141518060408,0.4017760055240825,0.1369745896844695,41.266366279103934
2006-06-12,4.54069972,4.56609476,4.33245712,4.48482959,48241,4.723107018660206,4.661835688499997,4.873926779263659,4.449744597736336,-1,3.8612181530499994,4.55142340323451,0.4659554424548336,0.143879093278436,38.49769952806482
2006-06-13,4.38832726,4.57117407,4.33245712,4.54577827,45568,4.6840420287941855,4.654470992499998,4.871874757106783,4.437067227893213,-1,3.865433790549999,4.551202025460607,0.4775531310088944,0.1506532259014048,44.51148692824509
2006-06-14,4.39340657,4.4188016,4.33753643,4.35785291,22093,4.648883537914767,4.630091404999997,4.865015241074657,4.395167568925338,-1,3.868735193999999,4.54361970720725,0.4459802571998727,0.1547666983370187,33.60155850464996
2006-06-15,4.34261574,4.4188016,4.34261574,4.36801077,13184,4.61724089612329,4.606219710499998,4.845743455718292,4.366695965281704,-1,3.872239762299999,4.53673308221873,0.3732487151554114,0.149153781312946,34.53557950757282
2006-06-16,4.37309009,4.39340657,4.3527736,4.3527736,17248,4.588762518510961,4.583109874499998,4.826763294824408,4.339456454175588,-1,3.8755157691999993,4.52951898487682,0.350539746005571,0.1414022947905927,33.76822894911162
2006-06-19,4.33753643,4.34769429,4.22071762,4.27658699,55358,4.563131978659865,4.559492145499997,4.8248730533312365,4.294111237668757,-1,3.8783854502999993,4.519600083116944,0.3374975384697881,0.1407347008769789,30.15982682934168
2006-06-20,4.26134982,4.26134982,3.93628916,4.21563831,148098,4.522042255620682,4.530287441499998,4.811569122952047,4.2490057600479485,-1,3.881102759749999,4.507680013582946,0.3832702795497685,0.1549892101000518,27.61733936531806
2006-06-21,4.1038988,4.21563831,4.0327915,4.13945245,249696,4.440036822233786,4.501336702999998,4.816352378150634,4.186321027849362,-1,3.8834391398999992,4.49323971697185,0.3591511213332051,0.1569790386643338,24.80269456953657
2006-06-22,4.13437314,4.13437314,4.06326584,4.06326584,213253,4.369512149521056,4.471370102499998,4.830289413354209,4.112450791645787,-1,3.884886678749999,4.476377996306288,0.0593985944379681,0.1512081509025958,22.349670334704086
2006-06-23,4.04802867,4.0734237,4.04802867,4.0734237,71435,4.308860930988108,4.442419325999998,4.830472858299444,4.054365793700551,-1,3.885902495249999,4.460575867039374,0.1000977475216753,0.1422214994095532,23.43692331678108
2006-06-26,4.08358232,4.19532182,4.06326584,4.19532182,13559,4.256700883049773,4.421595065499997,4.815706650294964,4.027483480705031,-1,3.887527802349999,4.450173747547634,0.109116942662845,0.1414953908802994,35.16841898146119
2006-06-27,4.24611265,4.24611265,4.13437314,4.23595479,10949,3.93628916,4.402294560499997,4.793058878676714,4.01153024232328,-1,3.889356274299999,4.441773004114394,0.0578308344788922,0.1393699708174209,38.54854152280156
2006-06-28,4.24098305,4.24098305,3.9667635,4.13437314,192579,3.9424856298,4.378168938499997,4.772522949757751,3.983814927242244,-1,3.890676837999999,4.429718107482457,0.0760538607793865,0.1490020836161765,33.803606698882334
2006-06-29,4.12929383,4.144531,4.03787081,4.12421452,486207,3.948558170204,4.353281419999997,4.745771939666788,3.960790900333208,-1,3.891997397899999,4.417737574640007,0.2150880092531875,0.1459776626435925,33.361354389512655
2006-06-30,4.09881949,4.15976817,4.05818653,4.15976817,24599,3.95450925979992,4.330679476999998,4.712946130134601,3.948412823865394,-1,3.893546515349999,4.407621127399223,0.2281005355212206,0.1428065181690501,36.49293278080059
2006-07-03,4.16992679,4.45435525,4.15468962,4.36801077,34202,3.9603413276039214,4.3136645474999975,4.655318791108444,3.972010303891552,-1,3.896263824749999,4.4060677800502335,0.1995980130878485,0.1540107404426894,51.01350060311995
2006-07-05,4.30706209,4.57117407,4.30706209,4.51530393,113099,3.980101884499765,4.310363147499997,4.6427583156236905,3.977967979376303,-1,3.899539831699999,4.4103515506364985,0.2611331286010171,0.161875114696783,58.2796905805047
2006-07-06,4.5305411,4.57117407,4.52038324,4.56101621,40499,4.015566215629779,4.309855254499997,4.640682157970439,3.9790283510295543,-1,3.90339993655,4.4162599686507535,0.2722864954161424,0.1543033307898699,60.25029408067429
2006-07-07,4.51022538,4.53562041,4.50006676,4.5305411,23699,4.048902686891992,4.311378971499997,4.645955596986212,3.976802346013783,-1,3.907260037549999,4.420741581644841,0.2939725265177464,0.1476351964477363,58.2741229210966
2006-07-10,4.54577827,4.55085758,4.45943456,4.55085758,30449,4.080238969878472,4.312648722999997,4.650640903849503,3.9746565421504902,-1,3.911374092649999,4.425844169815632,0.3019515935931657,0.1436200409871837,59.23407715946948
2006-07-11,4.54577827,4.54577827,4.25627127,4.41372229,49199,4.109695075885764,4.309093357999997,4.641210919762882,3.976975796237111,-1,3.914599310299999,4.425368801979724,0.2962071952321872,0.1544033459166705,50.74728919284607
2006-07-12,4.41372229,4.41372229,4.21055899,4.27658699,238620,4.137383815532618,4.295633793999997,4.609615988809603,3.981651599190392,-1,3.917392805549999,4.419534221117774,0.2099909148557885,0.1578861997797655,43.96381994150709
2006-07-13,4.26642913,4.31214064,4.16484748,4.26134982,43724,4.163411230800661,4.290808639499998,4.603782320005391,3.9778349589946056,-1,3.920491044249999,4.413330911270019,0.2196898972874527,0.1571295540812108,43.27169789326616
2006-07-14,4.21563831,4.30706209,4.02771218,4.30706209,78155,4.57117407,4.287761205499998,4.598849904126373,3.976672506873623,-1,3.9238178443,4.409163506514331,0.2516750090576055,0.1658595795039814,46.01740483378146
2006-07-17,4.26134982,4.34261574,4.26134982,4.34261574,12449,4.5603048322,4.287253312499997,4.597948707211918,3.9765579177880768,-1,3.927627159799999,4.406553790180436,0.2661854711082816,0.159817175253697,48.120627245293534
2006-07-18,4.34261574,4.34261574,4.24611265,4.30198278,17266,4.549652979156,4.288523101999997,4.599241328354897,3.9778048756450977,-1,3.931030145699999,4.402452966251792,0.2755121724457009,0.1552947405927187,45.91871445548165
2006-07-19,4.33245712,4.33245712,4.11405666,4.13945245,35549,4.53921416317288,4.284713808999998,4.600735559221462,3.9686920587785326,-1,3.933468108249999,4.392139220516428,0.2236127739013592,0.1598022919789531,38.35796229568609
2006-07-20,4.11913597,4.20548045,4.11405666,4.20040113,17362,4.528984123509423,4.287761242999999,4.599264296406236,3.9762581895937608,-1,3.936058438649999,4.384620079711862,0.2383643336382903,0.1549181132661707,42.20129481925723
2006-07-21,4.09374018,4.23087548,4.09374018,4.21563831,2099,4.518958684639234,4.295379866499999,4.591627541401463,3.999132191598534,-1,3.9388008894,4.3779933436447305,0.4110655860840174,0.153647912318587,43.15550568740062
2006-07-24,4.08866163,4.11913597,4.0327915,4.11405666,29444,4.509133754546449,4.297411514499999,4.588046831665262,4.006776197334735,-1,3.9410610799,4.367642885462584,0.3921903457930243,0.1557335478672594,38.58240377997512
2006-07-25,4.08866163,4.33245712,4.08866163,4.30706209,36899,4.499505323055519,4.302998527999998,4.589840286259249,4.016156769740747,-1,3.9444386692499993,4.365267167993463,0.3964743807260644,0.1620236865910266,49.52644068917187
2006-07-26,4.20548045,4.31721995,4.20548045,4.25627127,37349,4.490069460194409,4.304014351999998,4.590041940625147,4.017986763374848,-1,3.94779086585,4.360992819052543,0.3816889639331242,0.1584319589773818,47.14562115905433
2006-07-27,4.26134982,4.32737781,4.25647392,4.29182416,56756,4.480822314590521,4.311886902999999,4.587273840257589,4.036499965742408,-1,3.95198110685,4.35828032261911,0.3879693343509869,0.152194429050426,48.99397537759696
2006-07-28,4.30706209,4.34261574,4.28674561,4.30198278,24850,4.471760111898711,4.320775315999999,4.582495363630646,4.059055268369352,-1,3.95622214095,4.356072575849733,0.2471147504809681,0.1453141219753956,49.53700279870891
2006-07-31,4.29182416,4.31721995,4.17500534,4.29690347,32851,4.462879153260737,4.327632080999998,4.579105012387115,4.076159149612882,-1,3.95992987025,4.353752218757587,0.2437903147225737,0.1450927282628673,49.25464346279222
2006-08-01,4.29182416,4.44927594,4.28674561,4.39848512,107319,4.454175813795522,4.329155798499999,4.581954713217559,4.076356883782438,-1,3.9634598312999993,4.355506450178859,0.2515040771292535,0.1463382712440911,54.80314678874536
2006-08-02,4.34769429,4.46959242,4.34769429,4.45435525,53699,4.02771218,4.326108364499999,4.571210178090643,4.081006550909354,-1,3.96808179465,4.359382873701256,0.2411393721990839,0.1445925468695132,57.55220407278708
2006-08-03,4.44927594,4.54069972,4.44419739,4.5305411,32656,4.0365497848,4.324584608999999,4.564142161991829,4.085027056008168,-1,3.97308468725,4.366094961007089,0.2446505310340763,0.1411575313788336,61.03280369916455
2006-08-04,4.36801077,4.38832726,4.23595479,4.37309009,81119,4.056715782208,4.316712058499999,4.538357843685159,4.095066273314838,-1,3.9775288862,4.366369279791125,0.2779767388014006,0.1521167298517741,51.61351371919797
2006-08-07,4.34261574,4.34261574,4.19532182,4.20040113,27839,4.076075139719681,4.299189235999998,4.498285891488956,4.100092580511041,-1,3.98215084955,4.359860724897356,0.2231675865948897,0.1539489827195045,43.65560948137573
2006-08-08,4.21563831,4.21563831,4.06326584,4.11405666,104429,4.54069972,4.284205954499999,4.491504611939974,4.076907297060024,-1,3.986722023599999,4.350221349803342,0.175102160826419,0.1538363746681113,40.30909315440309
2006-08-09,4.12929383,4.19024327,4.11405666,4.16484748,47099,4.5311510424,4.278618978999999,4.492360775470463,4.064877182529536,-1,3.9914455693499993,4.342951786281643,0.3261435775444737,0.1482899629061033,43.073504827929206
2006-08-10,4.16484748,4.29182416,4.144531,4.2410341,82331,4.521793338352,4.277603192999999,4.491856099932462,4.063350286067537,-1,3.996727816449999,4.3389550142705975,0.3254796877904047,0.1482187626985245,47.035870442337895
2006-08-11,4.22071762,4.22071762,4.19532182,4.20548045,16499,4.51262278838496,4.272524110999998,4.488551638232676,4.056496583767321,-1,4.001451366049999,4.333720717632535,0.2537549493138533,0.1408968710772013,45.44612662827012
2006-08-14,4.21055899,4.21563831,4.18516396,4.19024327,21449,4.503635649417261,4.264905487499998,4.4812551556164175,4.048555819383579,-1,4.005489239099999,4.328094151058711,0.2201869275068144,0.1330095481431155,44.7480910481815
2006-08-15,4.20548045,4.21055899,4.08866163,4.09881949,33749,4.494828253228916,4.254747322999998,4.481983746707391,4.027510899292606,-1,4.008841431899999,4.319102987879938,0.1810651854798628,0.1322158204186073,40.707927575104776
2006-08-16,4.16992679,4.16992679,4.12421452,4.13945245,21703,4.486197004964338,4.2547473229999975,4.481983746707484,4.027510899292511,-1,4.012904701549998,4.312057868747392,0.2070649720201642,0.1278509261029924,43.16405817736889
2006-08-17,4.12421452,4.144531,4.01755432,4.08358232,28049,4.477738381665051,4.248906382499998,4.487168246480254,4.010644518519742,-1,4.016917178099999,4.303098043306317,0.1882493054070446,0.1277884799527787,40.66941380377117
2006-08-18,4.06326584,4.06834515,4.05310798,4.05310798,3344,4.459331019198449,4.240779865999998,4.493664433936371,3.987895298063624,-1,4.020929654649999,4.293294511411951,0.1823239778837167,0.1208374699561516,39.33406561431271
2006-08-21,4.03787081,4.04294936,3.99723784,3.99723784,15839,4.441659951230511,4.234938924999997,4.504132030095933,3.965745819904061,-1,4.024231058149999,4.281684445866385,0.1368896308412795,0.116196946387855,36.93939118394423
2006-08-22,3.98707998,4.06834515,3.87533972,3.90073551,48299,4.41499462455668,4.214622595999997,4.518122100560805,3.9111230914391895,-1,4.027329300649999,4.266745271910841,0.0612412037250759,0.1216832666458654,33.18171625394956
2006-08-23,3.91089337,3.94136771,3.88549834,3.90581406,28174,4.371822232192145,4.1970997354999975,4.528172788889021,3.8660266821109737,-1,4.030427539349999,4.252591106737866,0.0569475984119845,0.1169822740283036,33.5647303808031
2006-08-24,3.88041903,3.88041903,3.65693925,3.78899524,39488,4.332103631216774,4.171958289499997,4.544243543012048,3.7996730359879463,-1,4.032865498099999,4.234410876669715,0.0667335534339436,0.1264031694548533,29.39127589633462
2006-08-25,3.63357534,3.78391669,3.63357534,3.77883738,17371,4.264587193095097,4.145801019499997,4.550012641250792,3.741589397749202,-1,4.035836761599999,4.216545249349334,0.0999266208262855,0.1284757930652209,29.052994964246395
2006-08-28,3.71788794,3.73820442,3.64678139,3.71788794,44912,4.188865770723686,4.116850242999997,4.555130947492677,3.678569538507318,-1,4.038681046199999,4.1969900607474,0.1002547827934809,0.1287315214177052,27.041831539915705
2006-08-29,3.73312587,3.78391669,3.70773008,3.77883738,46835,4.122230919036843,4.0858678559999975,4.527724440239561,3.6440112717604336,-1,4.041906263849999,4.180591916404365,0.108318096226209,0.1249783134592976,32.10344391088657
2006-08-30,3.77883738,3.79915386,3.75344159,3.78391669,23999,4.063592249552422,4.052345927999997,4.478750280499951,3.625941575500042,-1,4.045309249749999,4.165036025172821,0.0703437101309117,0.1193164532122049,32.523576815273444
2006-08-31,3.78391669,3.82454889,3.75344159,3.78391669,153822,4.011990220406132,4.015014707499997,4.395702136229444,3.63432727877055,-1,4.049448705249999,4.150090168891534,0.0068515456183524,0.115872942268476,32.523576815273444
2006-09-01,3.83470675,3.84994468,3.76867876,3.77375807,53999,3.966580434757396,3.9850481064999967,4.3418790003527175,3.628217212647276,-1,4.053816714499999,4.135332047366376,-0.1234493876236453,0.113401012106442,32.06337581525966
2006-09-05,3.94644702,3.94644702,3.77375807,3.84994468,46916,3.63357534,3.967525283999997,4.314620792179722,3.620429775820272,-1,4.058641842649998,4.124140385901027,-0.0975419339082834,0.1176358648131247,39.03103208377227
2006-09-06,3.84994468,3.91597268,3.84994468,3.86010254,35564,3.6398327736,3.954827577999997,4.29811172444882,3.611543431551175,-1,4.063797110799999,4.113785960571575,-0.0932539145899563,0.1139495887550443,39.91584402776195
2006-09-07,3.88041903,3.97184205,3.83470675,3.90073551,20323,3.645965058528,3.9416219794999967,4.271637088840485,3.611606870159508,-1,4.069561869599998,4.105431040941317,-0.1174645673456549,0.1156057109868269,43.45114947610367
2006-09-08,3.81439103,3.81439103,3.66709711,3.72296725,14399,3.65900013818688,3.915718636999997,4.228542060592925,3.602895213407068,-1,4.074564766049999,4.0904324609044025,-0.1692419204605002,0.1240366173449107,34.02005107098647
2006-09-11,3.69249291,3.75344159,3.69249291,3.74328373,3299,3.66709711,3.892608800999997,4.183944713726901,3.6012728882730927,-1,4.078907382549999,4.076818785182661,-0.1645881627473808,0.1195303361059885,35.73678265767407
2006-09-12,3.71280939,3.80423241,3.67217642,3.80423241,30449,3.97184205,3.8733082579999967,4.132598427643804,3.6140180883561897,-1,4.083453160049999,4.066129123410792,-0.0995253542176929,0.1204250256698464,40.71988686606975
2006-09-13,3.78391669,3.90073551,3.78391669,3.85502323,26798,3.9658487374,3.8611184449999967,4.0988847824159,3.623352107584093,-1,4.088125916499998,4.057850460924095,-0.0522559558179197,0.1201674395505717,44.57675722024072
2006-09-14,3.82454889,3.91089337,3.80931172,3.91089337,9686,3.959975291052,3.849690490999997,4.052204647644776,3.6471763343552177,-1,4.093001833999999,4.0520874377506,-0.0286979498345506,0.1188398831541023,48.542749058193415
2006-09-15,3.90581406,3.95660488,3.84994468,3.93628916,9149,3.67217642,3.8423258329999976,4.019395930000085,3.66525573599991,-1,4.098309477649998,4.047546328819204,-0.0227524244703514,0.1179699057859521,50.28423766579672
2006-09-18,3.90581406,3.94136771,3.86518186,3.91089337,6035,3.6778649892,3.8352151024999968,3.987550416941309,3.682879788058684,-1,4.103566328199998,4.042187389257667,-0.0159230977534055,0.1149853303726698,48.51598785967335
2006-09-19,3.84486537,3.84486537,3.68233505,3.83470675,63386,3.95660488,3.8270885479999976,3.96009855764136,3.694078538358636,-1,4.109051736299998,4.034050893600504,0.0837562161154015,0.123097686774622,43.566440441494
2006-09-20,3.91089337,3.91089337,3.69249291,3.7712188,20936,3.9511194834,3.820612712499997,3.951239768001763,3.689985656998232,-1,4.114219704649998,4.023743752674994,0.1298179974639979,0.1299050277192919,39.9123045330256
2006-09-21,3.77375807,3.77375807,3.72042797,3.75344159,22199,3.945743794732,3.812994088999998,3.940594214193244,3.685393963806752,-1,4.119019436299999,4.01314366786421,0.1497510939617012,0.1244353900250568,38.92772981972569
2006-09-22,3.70265077,3.70773008,3.66201856,3.67217642,28199,3.94047561983736,3.8071531479999976,3.9485605728832582,3.665745723116737,-1,4.123336656249999,3.999772403242084,0.118561081967473,0.1220773643089813,34.712222716124586
2006-09-25,3.65185994,3.65185994,3.45377596,3.56043692,78046,3.9293373374438656,3.796233124999998,3.9738070394442353,3.618659210555761,1,4.126358712899998,3.982543560762002,0.0950316323587204,0.1289575854297683,29.91522053632144
2006-09-26,3.6213856,3.63154422,3.56043692,3.62646491,45599,3.9008036547972336,3.7916619734999975,3.981360600667494,3.601963346332501,2,4.128237974099999,3.968579692104668,0.1140523256233286,0.1248254221847848,35.58037458586837
2006-09-27,3.63154422,3.74836304,3.63154422,3.74836304,9299,3.8739819931094,3.790138256499998,3.980711989695307,3.599564523304689,3,4.130955283499999,3.959943744963309,0.0755821089541091,0.1246163298858716,44.49978819087432
2006-09-28,3.80931172,3.80931172,3.67217642,3.75344159,4049,3.848769631122836,3.7886145014999975,3.979849038012965,3.597379964987029,4,4.133799568049999,3.9518456212392574,0.0671642399548954,0.1255105420368808,44.84243803786773
2006-09-29,3.65693925,3.73312587,3.62646491,3.67725573,35099,3.8250700108554656,3.7832814534999977,3.980594969668688,3.585967937331308,5,4.136364505749999,3.941077390210267,0.1173475057945944,0.1256152661771036,40.77544068107355
2006-10-02,3.67217642,3.71788794,3.67217642,3.71788794,899,3.80931172,3.780487946999997,3.9798332060445625,3.5811426879554307,6,4.139488140999998,3.9323248627510408,0.2239043055414204,0.1199078557358819,43.707777301014005
2006-10-03,3.68233505,3.72804656,3.65693925,3.72804656,145499,3.7879795744,3.7743930409999975,3.9723200807121377,3.5764660012878573,7,4.142586383499999,3.924313948917667,0.4356675876191462,0.1164221024690332,44.44833351766407
2006-10-04,3.68741359,3.92105123,3.62646491,3.88549834,19874,3.45377596,3.775662830999997,3.9760831828409247,3.57524247915907,8,4.146522674199999,3.922791768175797,0.5141105390586922,0.1291481180069594,54.45043792746217
2006-10-05,3.88549834,3.88549834,3.78899524,3.78899524,3452,3.4631214654,3.770075817499997,3.962300618637029,3.5778510163629647,9,4.149874866999999,3.9175448455022366,0.5244758705737155,0.1268163310064622,48.666748115210176
2006-10-06,3.79407455,3.80423241,3.70265077,3.73312587,8399,3.472280060692,3.770583748499997,3.9623611155020337,3.57880638149796,10,4.152820737799999,3.9103127288158746,0.5301968566285932,0.1250138530774292,45.64398337556961
2006-10-09,3.72804656,3.7585209,3.61630629,3.73312587,24152,3.48125548407816,3.770075855499997,3.962193233691955,3.5779584773080395,11,4.155538047199999,3.903364224548585,0.5340379639607679,0.1262424785718986,45.64398337556961
2006-10-10,3.71788794,3.81439103,3.69757222,3.7585209,61961,3.4900513989965964,3.767790279999997,3.959314589000594,3.5762659709994,12,4.1584839142,3.897684094174131,0.462442038659124,0.1255693593881915,47.367326566909455
2006-10-11,3.73820442,3.81439103,3.73312587,3.78899524,23444,3.4986713956166646,3.764488880499997,3.952121437739189,3.576856323260804,13,4.161455177699999,3.8934217861673024,0.4697348533346425,0.1224047737176064,49.43894853884996
2006-10-12,3.77883738,3.79915386,3.74836304,3.79407455,30506,3.5071189923043318,3.758647939499996,3.934595993276833,3.58269988572316,14,4.16455341635,3.889525816121526,0.4774492946508522,0.1172894913092059,49.79365473983226
2006-10-13,3.83978606,3.8702604,3.83978606,3.8702604,11249,3.5153976370582445,3.755346501499997,3.9199499865178096,3.5907430164821834,15,4.168057980849999,3.888770309606956,0.4845841708688175,0.1143535169299769,54.90394445347141
2006-10-16,3.8702604,3.90581406,3.84486537,3.84994468,58820,3.52351070891708,3.752299066999997,3.9072440806885953,3.5973540533113977,16,4.171359384299999,3.8872477358968793,0.3755271234711217,0.1105388864349786,53.34467709028982
2006-10-17,3.79915386,3.90581406,3.74836304,3.77375807,20384,3.531461519338738,3.749251632999996,3.899932429286438,3.598570836713553,17,4.173975111299999,3.882797160763668,0.2940589341617375,0.1138897531181944,47.85580871350599
2006-10-18,3.75349263,3.81439103,3.74328373,3.79407455,50474,3.539253313551963,3.7503944204999953,3.902067707564415,3.598721133435576,18,4.176844792399999,3.8793178426945047,0.3216236963904509,0.1108338636097519,49.35240630240126
2006-10-19,3.79407455,3.81946958,3.79407455,3.81946958,3599,3.546889271880924,3.753695819999995,3.908336071997631,3.5990555680023597,19,4.179511308699999,3.8769708520006025,0.3281032053518479,0.1047310897804839,51.23640153719475
2006-10-20,3.79407455,3.84486537,3.72296725,3.83978606,23009,3.5543725110433053,3.762076301999996,3.9163030862919608,3.6078495177080314,20,4.182457175649999,3.875512624863324,0.3865708575538584,0.1059573062247351,52.75066384650047
2006-10-23,3.86518186,3.91597268,3.81946958,3.91597268,53399,3.5617060854224394,3.779853089999996,3.918153397968844,3.641552782031148,21,4.185555418149999,3.877099293692213,0.4764730213122451,0.1052820057801111,58.01576302012425
2006-10-24,3.97692136,4.08358232,3.91089337,4.06326584,56018,3.5688929883139906,3.801693136499996,3.970743410914394,3.632642862085597,22,4.1894663123,3.884399942567028,0.4745902192139501,0.1100967875101032,65.92205426088047
2006-10-25,4.06326584,4.07850301,3.93120985,4.0734237,21899,3.589480561581431,3.817946169499996,4.0222009881512015,3.6136913508487902,23,4.19332641335,3.891812638936949,0.482377378847556,0.1127536712593815,66.39209159572356
2006-10-26,4.01247501,4.09374018,4.0073957,4.06834515,10949,3.6092446319181737,3.8336913474999954,4.062680758069644,3.604701936930347,24,4.197161121650001,3.898735482508049,0.4830263261439073,0.11086730045514,65.90266885620707
2006-10-27,4.06326584,4.08358232,4.01755432,4.0734237,143849,3.638314364803083,3.853499745999996,4.093221583200939,3.6137779087990527,25,4.200513314450001,3.9055860008410654,0.5461590950299936,0.1076644932797728,66.17122724268864
2006-10-30,3.99723784,4.04294936,3.55535761,3.94136771,33718,4.09374018,3.864673734499996,4.098838570863594,3.6305088981363967,26,4.203205227300001,3.9069892051218087,0.5472097740737433,0.1369788930455033,54.21394684770823
2006-10-31,3.94136771,3.97692136,3.94136771,3.96168419,1799,4.08358232,3.8763556159999952,4.105344947412145,3.6473662845878456,27,4.206049511850001,3.909134106489581,0.4464343124254829,0.1297342328279674,55.54489133938741
2006-11-01,3.99723784,4.03787081,3.98200067,4.0327915,2549,4.0730178258,3.8837202739999954,4.122669809322589,3.6447707386774018,28,4.208969986100001,3.9139834160390095,0.4382667008202158,0.1259094033402554,59.93470010024791
2006-11-02,4.03787081,4.06834515,3.91089337,4.0327915,95165,3.55535761,3.895910086999996,4.139122738681488,3.652697435318504,29,4.211661899000001,3.9186425565864993,0.4592698221247516,0.1281624302445228,59.93470010024791
2006-11-03,4.04294936,4.04294936,3.8702604,4.00231715,159299,3.5656173608,3.909369650999996,4.144725778678988,3.674013523321004,30,4.214125254300002,3.9219239131909513,0.4800218802610943,0.1313428966556283,57.13066914388191
2006-11-06,3.93120985,3.93120985,3.8296282,3.90581406,7649,3.575671916584,3.918004060499996,4.139102339786921,3.6969057812130712,-1,4.216410841350001,3.921292154242286,0.4756755308513933,0.1342961861802263,49.26970397357518
2006-11-07,3.81439103,3.81439103,3.51472464,3.64170208,113493,4.06834515,3.912163119499996,4.154917241865821,3.66940899713417,-1,4.216817167150001,3.9103278376053336,0.427352550056059,0.1526385600244958,35.053829124735515
2006-11-08,3.57567409,3.60106912,3.53504113,3.54519975,234696,4.0572727398,3.899973344999995,4.186737288198995,3.6132094018009946,-1,4.2166901920000015,3.896009089071791,0.1964090234489797,0.1493544450227461,31.479785977391955
2006-11-09,3.56043692,3.56551547,3.54012044,3.56043692,14279,4.046421777804,3.888291463499995,4.20845045450504,3.56813247249495,-1,4.215090281450002,3.882849396167015,0.185077365807572,0.14050020109255,32.647480833544975
2006-11-10,3.56551547,3.57059478,3.44869665,3.56043692,19949,4.035787835047921,3.8728002894999953,4.223477591477595,3.5221229875223963,-1,4.213388788500001,3.870205769650661,0.1884241310439138,0.1391714817287964,32.647480833544975
2006-11-13,3.55535761,3.58075264,3.54519975,3.56551547,43157,4.012304187646004,3.8585788289999945,4.234006434070817,3.4831512239291724,-1,4.2119412497000015,3.8582571304486746,0.2408269938557472,0.131770153748168,33.08825667965988
2006-11-14,3.52996258,3.62646491,3.49440892,3.59599057,65081,3.989759886140164,3.8496904539999943,4.240818924365037,3.458561983634952,-1,4.210874643950002,3.847972167293825,0.2738314057702342,0.1317905706232989,35.803239866980746
2006-11-15,3.52488327,3.61122774,3.52488327,3.59599057,47879,3.968117356694557,3.839786254999995,4.245795131961479,3.433777378038511,-1,4.208969990000002,3.8380905360274,0.2825680352091079,0.1285444205787775,35.803239866980746
2006-11-16,3.57059478,3.63154422,3.57059478,3.63154422,39994,3.947340528426775,3.8303899869999953,4.246419366171448,3.4143606078285424,-1,4.206659010200002,3.829990680496914,0.3045500834471256,0.1237162076802934,39.1442284567755
2006-11-17,3.60614843,3.6213856,3.5502783,3.61122774,152192,3.927394773289704,3.818962070999995,4.245748687638604,3.3921754543613862,-1,4.203459189100002,3.8214117416538977,0.3412055854119969,0.1206840442745581,37.92947628705361
2006-11-20,3.54519975,3.61122774,3.52996258,3.52996258,164750,3.908246848358116,3.799661565999995,4.241791306773857,3.357531825226132,-1,4.200081599750002,3.809982362765509,0.1618797391002646,0.1178684096835183,33.45700446119389
2006-11-21,3.5502783,3.58583195,3.51472464,3.5502783,49250,3.889864840423791,3.7740121889999942,4.211491451974574,3.336532926025416,-1,4.196780196300001,3.7997978897158817,0.132517248724262,0.1145283311346956,35.50445304554627
2006-11-22,3.56551547,3.56551547,3.48932961,3.49440892,254860,3.87221811280684,3.7450614499999952,4.176039026448471,3.3140838735515192,-1,4.193428003500001,3.787821851687808,-0.0319599987151558,0.111789583196503,32.539312104756874
2006-11-24,3.49948747,3.56043692,3.49948747,3.55535761,6599,3.855277254294566,3.719412072999995,4.1310006399992245,3.3078235060007657,-1,4.189745670750001,3.778705606915737,-0.0314439512387412,0.108520898682467,38.566857036162034
2006-11-27,3.57059478,3.60614843,3.47917175,3.57567409,157572,3.839014030122783,3.6945245924999934,4.076617352027164,3.312431832972825,-1,4.186114127300001,3.770743586644532,-0.0417909225057891,0.1098391687765766,40.476051626859984
2006-11-28,3.55535761,3.58583195,3.47917175,3.58583195,47249,3.823401334917872,3.676747804499995,4.044045140852962,3.3094504681470283,-1,4.182939698950001,3.763492149913374,-0.0250122048262918,0.1096120995782497,41.45570066072187
2006-11-29,3.60106912,3.69757222,3.48932961,3.50456678,45743,3.808413147521157,3.653891933999995,4.0039051941915895,3.3038786738084007,-1,4.179028804800001,3.75333821383834,-0.0472073410424842,0.1166571360369461,36.30743177000157
2006-11-30,3.54519975,3.62646491,3.54012044,3.62646491,10649,3.794024487620311,3.6335756044999945,3.937377746425713,3.329773462574276,-1,4.1758543802500006,3.7483627901584047,-0.0420348478504868,0.1170314927485928,46.9498609130298
2006-12-01,3.59604085,3.61630629,3.47409244,3.58583195,23807,3.780211374115498,3.6112276269999946,3.853878071282124,3.368577182717865,-1,4.172324419200001,3.74198903172082,-0.0671126816848543,0.1195558482665505,44.29309012662623
2006-12-04,3.58075264,3.58075264,3.46393382,3.55535761,6599,3.766950785150878,3.588879649999994,3.7529393908451634,3.424819909154826,1,4.1688198509,3.7346701524376495,-0.1274627689508954,0.119723154104654,42.35717081197431
2006-12-05,3.56551547,3.57059478,3.52488327,3.53016523,5549,3.754220619744843,3.5700972084999947,3.6482283207802406,3.4919660962197487,2,4.164833788000001,3.726650351557743,-0.133022857389034,0.1144366080971787,40.77074596377001
2006-12-06,3.50162068,3.5502783,3.46393382,3.52996258,179249,3.741999660955049,3.5645102334999947,3.6371485133805246,3.491871953619465,3,4.16046577875,3.7189371056143017,-0.0559351441488566,0.1124300275188088,40.75752197646625
2006-12-07,3.4969482,3.55535761,3.45885527,3.52996258,37799,3.7302675405168473,3.563748374999995,3.6374920330891,3.49000471691089,4,4.15607237295,3.711526339903937,0.0674939193266723,0.1112923355531797,40.75752197646624
2006-12-08,3.52996258,3.80931172,3.52996258,3.7585209,584244,3.44869665,3.573652573999996,3.686039533337617,3.4612656146623744,5,4.1530249236,3.713369263829273,0.2347059055239448,0.1232963930136668,58.4047728621896
2006-12-11,3.72296725,3.76360021,3.72296725,3.7585209,8539,3.4559089514,3.5835567729999958,3.7215378763704,3.4455756696295903,6,4.1502568249000005,3.7151399162281247,0.2307996188001264,0.1173918620841192,58.4047728621896
2006-12-12,3.61630629,3.77883738,3.61630629,3.76867876,24149,3.4629770067720003,3.5937149374999957,3.753135651193833,3.4342942238061576,7,4.147387140000001,3.7172394787289824,0.2409225419813409,0.1206160926495393,59.03376390650232
2006-12-13,3.71788794,3.76867876,3.63154422,3.76867876,10799,3.4699037010365603,3.602349346999996,3.779092618388437,3.4256060756115545,8,4.144568248200001,3.719256705445493,0.2349106174444264,0.1217959817460008,59.03376390650232
2006-12-14,3.61122774,3.75344159,3.55535761,3.75344159,19906,3.476691861415829,3.6102218979999954,3.7987635700889,3.4216802259110906,9,4.141343030550001,3.720597289153513,0.2324490275057153,0.1283334937641435,57.52056655128926
2006-12-15,3.72296725,3.73312587,3.70265077,3.71788794,11549,3.4833442585875125,3.614539083999996,3.808706220176844,3.420371947823147,10,4.138117812950001,3.7204910401671007,0.2139141618320827,0.122794731352419,54.03981130377674
2006-12-18,3.70773008,3.71280939,3.65185994,3.70773008,58823,3.4898636078157623,3.6193642009999953,3.817713562234541,3.4210148397654496,11,4.134994177750001,3.719990610356626,0.190655635792304,0.1187399648272462,53.05204283946439
2006-12-19,3.65693925,3.68741359,3.55535761,3.68741359,112349,3.496252570059447,3.627236751499996,3.823252502902315,3.431221000097676,12,4.131819749400001,3.7187130801465615,0.3640939819670382,0.1211422866253,51.04246821098102
2006-12-20,3.68233505,3.68741359,3.67217642,3.67217642,5099,3.502513753058258,3.633331657499996,3.826962691662224,3.4397006233377683,13,4.128467552800001,3.7168881130819913,0.3709066493783212,0.1135776354377786,49.52721148090374
2006-12-21,3.64678139,3.67217642,3.61122774,3.63154422,25949,3.508649712397093,3.640188422499996,3.8230699417230896,3.4573069032769026,14,4.124988384850001,3.7135412937454415,0.5858738198008725,0.1098184243350801,45.63659438801567
2006-12-22,3.63662277,3.63662277,3.55535761,3.57567409,85489,3.514662952549151,3.641204246499997,3.822407692795669,3.4600008002043245,15,4.121331444850001,3.708134736735817,0.5212224609392261,0.1077789054540029,40.88114373766001
2006-12-26,3.61630629,3.71280939,3.60614843,3.70265077,8849,3.520555927898168,3.647553080499996,3.828024000441872,3.46708216055812,16,4.118537949600001,3.7079196792167655,0.5233129825611864,0.109875790778717,52.89482360013466
2006-12-27,3.68741359,3.71788794,3.67725573,3.68233505,18749,3.5263310437402047,3.652378235499997,3.831142555071834,3.473613915928159,17,4.116150784000001,3.7069163604239512,0.4871758281476128,0.1049298207230943,51.105413548034726
2006-12-28,3.65693925,3.65693925,3.59599057,3.59599057,50023,3.5319906572654007,3.656949424999996,3.824697352995893,3.4892014970040988,18,4.113357288750001,3.7025663294269338,0.4770380442990079,0.1036022963857304,44.25323369112934
2006-12-29,3.71280939,3.7585209,3.6213856,3.7585209,37928,3.5375370785200926,3.663552224499996,3.836301960470095,3.490802488529897,19,4.111147887600001,3.704760626312152,0.4878829351912805,0.1078114416438925,56.166967374718574
2007-01-03,3.77375807,3.78899524,3.75344159,3.75344159,9449,3.542972571349691,3.671932706499996,3.845049640264065,3.498815772735927,20,4.108862300600001,3.706669683711676,0.4755486554386056,0.1026501708121859,55.7658682984761
2007-01-04,3.71788794,3.74328373,3.68741359,3.71280939,3749,3.548299354322697,3.679805295499996,3.845146736619919,3.514463854380073,21,4.106475131200002,3.706910456507296,0.4734570701691164,0.1000343014684584,52.53394529939853
2007-01-05,3.68741359,3.77883738,3.64170208,3.77883738,11699,3.553519601636243,3.692238902999996,3.847810284305359,3.5366675216946333,22,4.1042911265500015,3.709731120173677,0.4834647184455455,0.1026843727921399,56.90477706550106
2007-01-08,3.78391669,3.88549834,3.77883738,3.86010254,8999,3.558635444003518,3.708745900999996,3.86198248238144,3.5555093196185514,23,4.102284890150002,3.715628038598238,0.4765206279591054,0.1029684147355585,61.59246210672613
2007-01-09,3.84994468,3.84994468,3.70773008,3.76360021,30449,3.571709959843377,3.720427782499996,3.851365509384031,3.5894900556159617,24,4.099516791450002,3.717509300221837,0.4579480692777583,0.10649727511159,54.07085540518223
2007-01-10,3.76360021,3.81439103,3.76360021,3.80931172,7049,3.5842614950496423,3.722967323499996,3.8586461538182686,3.587288493181723,25,4.097360468950002,3.7211093951150978,0.2726715152978026,0.1025182426036193,56.76424136145267
2007-01-11,3.79407455,3.8702604,3.79407455,3.8702604,7585,3.5963109688476567,3.728554298499996,3.878120760497708,3.578987836502284,26,4.095531997000002,3.726958454130192,0.2752979342290494,0.1006373574176465,60.12212514003728
2007-01-12,3.90073551,3.91089337,3.86010254,3.91089337,10349,3.6078784636937504,3.735665028999996,3.904470803541301,3.5668592544586915,27,4.0936019465000015,3.734171588085871,0.2622433073186131,0.0970768911735289,62.22827074146414
2007-01-16,3.91089337,3.91089337,3.8956562,3.91089337,81749,3.626059358072125,3.742775759499996,3.9277518459991256,3.5577996730008667,28,4.091824267700002,3.741101854043287,0.348649219178737,0.0912311968039911,62.22827074146414
2007-01-17,3.80931172,3.8956562,3.78899524,3.8956562,89699,3.643149398787798,3.7498864899999966,3.946522286468976,3.5532506935310173,29,4.089716448950002,3.747162808786688,0.4159388416912312,0.0934216920322774,60.83101293202879
2007-01-18,3.91089337,3.93628916,3.83470675,3.89057689,287698,3.65921403706053,3.758520937499996,3.9637559199189054,3.553285955081087,30,4.087481651250002,3.752786890402896,0.3254805425971813,0.0940046004585433,60.34459199703896
2007-01-19,3.88549834,3.88549834,3.80931172,3.88041903,7349,3.681380046895688,3.7671553849999966,3.977581310265561,3.556729459734432,-1,4.084992903250002,3.757792072347881,0.2967155422084324,0.093094641140076,59.32296526561196
2007-01-22,3.88041903,3.8956562,3.86518186,3.8956562,2249,3.7017727759440326,3.777567515499996,3.991754726357392,3.5633803046426,-1,4.082986666900002,3.7631985087263953,0.1987204338847153,0.0886217624872134,60.40582441605912
2007-01-23,3.86518186,3.86518186,3.83470675,3.86010254,107699,3.72053408666851,3.786963821499997,3.998302290503537,3.575625352496456,-1,4.081107405650001,3.766998666815556,0.2620171645072434,0.0866451687381267,56.618391927508185
2007-01-24,3.87533972,3.87533972,3.83470675,3.86010254,659546,3.737794492535029,3.7983917374999967,3.999340395985293,3.5974430790147003,-1,4.078771029300002,3.770649799097299,0.2669495863596464,0.0833585831139748,56.618391927508185
2007-01-25,3.87533972,3.88041903,3.75344159,3.75344159,48668,3.93628916,3.807280112499997,3.982059469281465,3.632500755718528,-1,4.075444229250001,3.769974967367993,0.2695715144045644,0.0864742157486909,46.47897223594149
2007-01-26,3.76867876,3.84486537,3.73820442,3.73820442,83789,3.9326322086,3.809057794999996,3.980230261632752,3.6378853283672408,-1,4.071965057500002,3.7687290635496407,0.1985226548019232,0.0879161253380701,45.23275945443591
2007-01-29,3.78899524,3.78899524,3.74267424,3.7585209,9194,3.924855097056,3.812867087499997,3.975781283403629,3.649952891596364,-1,4.068816025700001,3.768328743410439,0.2069185875096926,0.0852643178139222,47.26314605420517
2007-01-30,3.74328373,3.7585209,3.64678139,3.64678139,127712,3.91738906997376,3.815406628499996,3.96582286820565,3.6649903887943434,-1,4.063889318900001,3.763562180531598,0.1494863697666456,0.0871554029700706,38.75349526095585
2007-01-31,3.64678139,3.66709711,3.63154422,3.65185994,9119,3.901152609175334,3.810073580499997,3.975038989618881,3.645108171381112,-1,4.059343537550002,3.759181700510751,0.1293349391459128,0.0834695091864941,39.28852454424453
2007-02-01,3.65185994,3.68233505,3.64678139,3.65693925,57899,3.879583938041307,3.805248463499996,3.98179604166368,3.628700885336313,-1,4.054950131750002,3.755172192647585,0.1162423573987802,0.080046948530316,39.8544373295768
2007-02-02,3.64678139,3.74836304,3.64678139,3.73820442,16793,3.8597407605980014,3.806518214999996,3.980738140874821,3.632298289125171,-1,4.051064634200001,3.75450678979866,0.1236036833719561,0.0815851414924363,48.177472354998656
2007-02-05,3.6213856,3.74836304,3.61122774,3.74328373,8677,3.841485037350162,3.804740532499996,3.9807701216176463,3.6287109433823455,-1,4.047382301450002,3.754066669806555,0.1216237180960586,0.0855530099572623,48.655722523315966
2007-02-06,3.72804656,3.86518186,3.72804656,3.84994468,55192,3.61122774,3.804232639499997,3.97967800717628,3.628787271823714,-1,4.044157083800001,3.7578265917749256,0.1407024355052963,0.0892374592460292,57.521065903635154
2007-02-07,3.8702604,3.88549834,3.81439103,3.81946958,53572,3.61122774,3.807026107999997,3.981571509485656,3.632480706514337,-1,4.0406525155000015,3.760243963862184,0.116072775323049,0.0879424485855985,54.619226106186645
2007-02-08,3.80423241,3.86010254,3.74328373,3.8296282,130611,3.622198564,3.808041931999996,3.9828649730852943,3.633218890914698,-1,4.037274926150001,3.7629649142989607,0.1389739573921125,0.0900050458294844,55.42645727010228
2007-02-09,3.81439103,3.86010254,3.78391669,3.86010254,79049,3.63273055504,3.807534038999997,3.981688848586496,3.633379229413497,-1,4.033973522650002,3.766774232953904,0.1709120607418408,0.0890179604130927,57.84871904707192
2007-02-12,3.8702604,3.90073551,3.84486537,3.86010254,18149,3.6428412664384,3.804994497499996,3.974464730333148,3.6355242646668446,-1,4.030697515700001,3.7704341665635535,0.1606082884476746,0.0866502589550146,57.84871904707191
2007-02-13,3.85502323,3.88549834,3.84994468,3.84994468,89714,3.658314921052096,3.801947062999997,3.965789065949141,3.638105060050852,-1,4.027243740500001,3.773552225914003,0.0716749062648628,0.0830005018867993,56.658447978267006
2007-02-14,3.84994468,3.90073551,3.84994468,3.8702604,40051,3.67286015638897,3.8006772729999967,3.961968358912279,3.639386187087714,1,4.023866151150002,3.77734470332914,0.0219310709389917,0.0806998110377422,58.497690807286894
2007-02-15,3.83978606,3.88041903,3.83978606,3.84994468,39599,3.686532677605632,3.7986456624999967,3.9563395808387054,3.640951744161288,2,4.020361586650001,3.780191761237801,-0.0042914900552935,0.0778378938207606,55.94116150282816
2007-02-16,3.86010254,3.89057689,3.80931172,3.8702604,24674,3.699384847549294,3.798137730999996,3.9548371161372,3.641438345862792,3,4.016476085250002,3.783723864718672,-0.0006559330545599,0.0780826992621348,57.92157645530828
2007-02-20,3.89057689,3.89057689,3.85502323,3.85502323,4049,3.711465887296336,3.796106082499997,3.94869510097745,3.6435170640225447,4,4.012006493550001,3.786519918259116,-0.004440634249027,0.0750449107434109,55.89234195226023
2007-02-21,3.88041903,3.92105123,3.86010254,3.90073551,35785,3.722822064658556,3.798137730999997,3.9551003134287455,3.6411751485712487,5,4.007765463250001,3.790998961072484,-0.0422514161707604,0.0744008456903102,60.37721464634704
2007-02-22,3.87533972,3.89057689,3.75344159,3.88549834,6749,3.738680397885872,3.799407520999998,3.958747567774771,3.640067474225224,6,4.003321012950002,3.794704819069641,-0.2405645280608982,0.079607493855288,58.251054252706425
2007-02-23,3.79915386,3.97692136,3.79915386,3.95152633,24284,3.753270064455002,3.8093117579999975,3.980198644307173,3.638424871692822,7,3.999308540200001,3.8008546822433806,-0.1748047785882111,0.0866189228656246,64.14354311170548
2007-02-26,3.92613054,3.92613054,3.83470675,3.88549834,36148,3.75344159,3.816676453999998,3.987366234815753,3.645986673184243,8,3.9951690885000017,3.804174041371091,-0.0831367190965456,0.0887761126609371,55.68025448706779
2007-02-27,3.8702604,3.98200067,3.8702604,3.98200067,11699,3.775789567,3.827850442499998,4.010677067437225,3.6450238175627714,9,3.991486755750001,3.811147634650656,-0.0661037124933253,0.0904164096137274,63.30154320585732
2007-02-28,3.96168419,3.96168419,3.83470675,3.90073551,3149,3.80053489936,3.840548148499998,4.005732572988298,3.6753637240116985,10,3.987245725450001,3.814660884664356,0.0944466345363224,0.0944790889270325,54.76153907499866
2007-03-01,3.81439103,3.84486537,3.7585209,3.81439103,18149,3.98200067,3.8486747029999977,3.9902300685134255,3.70711933748657,11,3.982522179650001,3.814650302128499,0.098667581636836,0.0978887690036731,47.43852560892457
2007-03-02,3.78899524,3.79915386,3.70773008,3.70773008,5099,3.9775310746,3.851214244499997,3.9801820892700137,3.722246399729981,12,3.977595469100001,3.810457352241107,0.1342150145908963,0.0985153533605536,40.27390103500071
2007-03-05,3.67725573,3.72804656,3.67725573,3.70773008,4339,3.966739034816,3.849690527499997,3.984548657163709,3.714832397836285,13,3.971906896200001,3.806428831761064,0.1183962837261883,0.0951064588347997,40.27390103500071
2007-03-06,3.71280939,3.74328373,3.59599057,3.62646491,63149,3.94937003652704,3.843849586499997,4.00432295725088,3.6833762157491146,14,3.965811997450001,3.7993714230645512,0.0490996056046365,0.0988340803465997,35.53202128284407
2007-03-07,3.58583195,3.74836304,3.56551547,3.73820442,5294,3.921099679204877,3.838262573499997,4.005150542123011,3.671374604876984,15,3.960428167950001,3.79697271706202,-0.0024954143095262,0.1048350438932712,45.10311442189809
2007-03-08,3.72296725,3.73820442,3.64678139,3.67725573,42514,3.885541258284389,3.8311518809999967,4.012158377263635,3.6501453847363594,16,3.9550697387500007,3.792277933255666,0.0439986267185498,0.1038770429008947,41.48524073803893
2007-03-09,3.72804656,3.8702604,3.68233505,3.8702604,17002,3.56551547,3.833183490999997,4.014986331637219,3.651380650362775,17,3.950422378800001,3.795336069206424,-0.0271631455821219,0.1102433019794022,54.0537794332679
2007-03-12,3.8296282,3.99723784,3.8296282,3.98707998,39449,3.5716103686,3.839532362999997,4.033137473951552,3.6459272520484425,18,3.9467654426000007,3.802855438257152,-0.1130863020571563,0.114340897552302,59.69656939356005
2007-03-13,3.98707998,4.07850301,3.94644702,4.06326584,23099,3.588635467456,3.849690527999997,4.066478196080204,3.632902859919789,19,3.9437687825500007,3.813067610874519,-0.0633144940994642,0.1156062612985662,62.89691940868676
2007-03-14,4.06326584,4.06834515,3.86010254,3.90073551,204910,3.61802752000864,3.852230069499997,4.070157123961733,3.634303015038259,20,3.940010263950001,3.816505567702969,-0.1063480894062314,0.1222231433486686,53.192858390533736
2007-03-15,3.92105123,3.93628916,3.90073551,3.92613054,78061,3.6456560494081214,3.855023576499996,4.075223993587192,3.6348231594128007,21,3.9365818815,3.820804586224421,-0.0401283613707653,0.1160324652523351,54.37727466206199
2007-03-16,4.02263287,4.06580511,4.0073957,4.04294936,87449,3.671626867043634,3.8646738104999967,4.09956479926548,3.629782821734514,22,3.93368680385,3.8295161459803264,0.015282591255314,0.1177211870200255,59.45925247803303
2007-03-19,4.02771218,4.03533077,3.78899524,3.85502323,44128,3.696039435621016,3.863911951999997,4.098824360429387,3.6289995435706057,23,3.9298774921000006,3.8305164237850193,-0.0285951464602266,0.1274521108043093,49.84097859675708
2007-03-20,3.87533972,3.97184205,3.80931172,3.96168419,28144,3.718987250083755,3.869244999999997,4.107920835096758,3.630569164903236,24,3.926576088600001,3.835660257754234,0.0091188260191994,0.1299576978897158,54.35415157828111
2007-03-21,3.96168419,4.03787081,3.87533972,3.89057689,88634,3.7405581956787297,3.8687370689999967,4.107185809289662,3.630288328710331,25,3.922969937900001,3.837813851175637,-0.0924221086445267,0.1322843687547361,51.05598228184254
2007-03-22,4.04294936,4.09374018,3.98707998,3.99215853,64649,3.760834884538006,3.874070078499997,4.118476341002418,3.629663815997576,26,3.919389183750001,3.843866583678553,-0.159201802355198,0.1373471488436835,55.23491476020706
2007-03-23,3.9667635,3.9667635,3.93628916,3.95660488,53999,3.7874673081749655,3.874324005999997,4.11906196330558,3.6295860486944154,27,3.9162655485000006,3.8482876933382175,-0.1533450296133625,0.1315273074977061,53.512742451664856
2007-03-26,3.9667635,3.99215853,3.87533972,3.91089337,52877,3.811969137920968,3.875593757499997,4.120813473671524,3.630374041328469,28,3.912964145000001,3.8507428179131895,-0.1770067973929414,0.1304767005335843,51.2981653503734
2007-03-27,3.91597268,3.95152633,3.88549834,3.94136771,13442,3.834510821287291,3.873562109499997,4.1158779265338525,3.6312462924661415,29,3.910170649750001,3.8542967352499273,-0.1792303574248258,0.1258732212097568,52.70342543014657
2007-03-28,3.91597268,4.80989101,3.86010254,4.0327915,72043,3.855249169984308,3.880164909,4.1320888823741,3.6282409356259,30,3.907707294500001,3.8612965299460087,-0.2126391501193742,0.1847243104090599,56.73655421222074
2007-03-29,4.00744675,4.04294936,3.95660488,3.95660488,8843,3.86010254,3.8872756015000007,4.139400201193907,3.635151001806095,1,3.90506617095,3.865034112301067,-0.2288455961405075,0.1776971796655556,52.703310494446605
2007-03-30,3.94136771,4.00231715,3.9058651,3.92613054,43127,4.80989101,3.898195624500001,4.136825984162326,3.659565264837675,2,3.9019679323000007,3.8674300506422017,-0.2396678921496396,0.1718939561180159,51.137387742098745
2007-04-02,3.87533972,4.2410341,3.85502323,4.05310798,170325,4.791810491800001,3.915464519500001,4.146323204550951,3.68460583444905,3,3.900444207650001,3.8747115380679977,-0.2035386754510969,0.1871880213953005,56.88558750914074
2007-04-03,4.06326584,4.1038988,4.01247501,4.1038988,58507,4.754339001328001,3.939336214000001,4.142839634181394,3.735832793818608,4,3.8991236478000006,3.883699273830037,-0.1244906515225396,0.180347719152779,58.965056060743855
2007-04-04,4.13945245,4.16484748,4.06326584,4.13945245,201180,4.718366370474881,3.959398615500001,4.1587027651817845,3.760094465818217,5,3.898057042050001,3.893728810150428,-0.0381122528034925,0.1747215706418662,60.40470665515948
2007-04-05,4.16484748,4.16484748,4.11913597,4.15976817,23306,4.683832644855886,3.9835242375000006,4.155287538700467,3.8117609362995344,6,3.8974729479500008,3.90416172622296,-0.0151247021750297,0.1655065663103042,61.24147116076592
2007-04-09,4.09881949,4.16484748,4.08866163,4.16484748,19582,4.650680268261651,3.9982535915,4.1789320363664615,3.817575146633539,7,3.897218993800001,3.9143846969593135,-0.0132210030168869,0.1591265151452825,61.46076175050719
2007-04-10,4.12929383,4.12929383,4.06834515,4.07850301,5594,4.618853986731184,4.002824743000001,4.1867381537408095,3.818911332259192,8,3.8969142466000006,3.92082070923542,-0.0421683538541228,0.1546533590634766,55.69227183640216
2007-04-11,4.19024327,4.19024327,4.06834515,4.16992679,26399,4.588300756461937,4.0081577905,4.204535922298797,3.811779658701204,9,3.897447551350001,3.930589575147756,-0.042190691334641,0.1523136991303711,59.97575154329176
2007-04-12,4.18008465,4.19024327,4.07850301,4.18516396,62399,4.55896965540346,4.022379213,4.226618540152661,3.818139885847339,10,3.898006252650001,3.940572884357648,0.1038638912025192,0.1494155963353446,60.65840302769956
2007-04-13,4.14966136,4.23087548,4.14966136,4.23087548,5549,4.5308117983873215,4.03761646,4.255851162169375,3.819381757830625,11,3.8981840209500014,3.951957299873034,0.0858380007342039,0.1445440623113914,62.71305687855611
2007-04-16,4.17500534,4.26134982,4.17500534,4.26134982,22702,4.5037802556518285,4.048536483,4.287607671001754,3.809465294998245,12,3.8983109961000015,3.964090339878013,0.0945188074313574,0.1403869492891492,64.0606244090533
2007-04-17,4.26642913,4.29182416,4.22579617,4.28369818,28012,4.477829974625755,4.069970230499999,4.312639016574508,3.8273014444254905,13,3.899057621300001,3.976623980667111,0.1356049735308952,0.13507559505421,65.05795269952145
2007-04-18,4.17500534,4.31721995,4.15976817,4.16992679,28771,4.452917704840725,4.080382360499999,4.321437498122748,3.83932722287725,14,3.899286182650002,3.984204482993891,0.0882026694917236,0.1366738939789092,56.46711868907142
2007-04-19,4.08358232,4.17500534,4.01755432,4.12421452,1141563,4.429001925847095,4.092064241999999,4.3173213001973725,3.8668071838026266,15,3.899108414400002,3.9896950726804055,0.2709113437766405,0.1381579744089871,53.41512526134754
2007-04-20,4.09374018,4.19532182,4.01247501,4.15976817,10768,4.406042778013211,4.100444724,4.322661614601907,3.8782278333980926,16,3.8980672014000017,3.996364605908625,0.3097939402173867,0.1413500340940595,55.43274776389414
2007-04-23,4.19024327,4.4899089,4.16484748,4.4899089,201088,3.85502323,4.127109925,4.396803646514535,3.8574162034854655,17,3.8979402262500016,4.015719284108287,0.372415992193011,0.1548350838016266,68.90164405284236
2007-04-24,4.57117407,4.61688558,4.52038324,4.53562041,45224,3.8677209434,4.158346277,4.4630725610961965,3.853619992903803,18,3.8978132472500016,4.036107563555021,0.3690337564081462,0.1528451978157961,70.24262294494592
2007-04-25,4.52038324,4.54069972,4.40864374,4.47975028,25072,3.897687528864,4.185265405499999,4.503390722354398,3.8671400886456007,19,3.897559293150002,4.053505317141099,0.3637296790689268,0.1513602536860964,66.46995407931124
2007-04-26,4.46959242,4.62196489,4.38324795,4.46959242,82198,3.92645545090944,4.2071054515,4.539993538775246,3.874217364224753,20,3.8971529673500016,4.069822458429683,0.3725144872554985,0.1576000169942324,65.77822293682337
2007-04-27,4.52546255,4.56609476,4.33753643,4.36801077,187949,3.9681860172548737,4.227675746,4.546658390710403,3.908693101289597,21,3.8969244097500018,4.081516117706951,0.2906056483353718,0.1626684679232158,59.14907610459773
2007-04-30,4.37309009,4.44927594,4.33753643,4.38832726,10499,4.007412749619581,4.250785582,4.54504660402713,3.9565245599728702,22,3.897483111100002,4.093547927208639,0.3048339761654738,0.1590306852144146,60.01697522347187
2007-05-01,4.39848512,4.41372229,4.2410341,4.25627127,100589,4.044285878042406,4.2609437465,4.540885753973833,3.9810017390261674,23,3.897457718350002,4.0999292347690846,0.2759472357148405,0.1600062212705279,52.24695017721091
2007-05-02,4.34769429,4.39340657,4.27658699,4.34769429,14849,4.078946618759862,4.273133521,4.545797551363906,4.000469490636094,24,3.897660879350002,4.109645511444807,0.2566756912241638,0.1583725840369187,56.45047731606709
2007-05-03,4.34591688,4.42388091,4.34591688,4.38324795,12974,4.111527715034271,4.285323296,4.554771292359524,4.015875299640475,25,3.897864040400001,4.120375018839129,0.2309672575771224,0.1526291158914245,57.99889077276501
2007-05-04,4.39848512,4.4188016,4.36801077,4.39340657,2249,4.142153945532215,4.2970052160000005,4.563913317438176,4.030097114561825,26,3.898321159350002,4.131082138492496,0.224446646314305,0.1453549526134657,58.45343251266626
2007-05-07,4.45435525,4.54577827,4.42895946,4.54577827,17699,4.170942602200282,4.3160517555,4.596539411178494,4.0355640998215065,27,3.9003527884500016,4.147344731884947,0.2237280137719789,0.145856148855361,64.63551298428064
2007-05-08,4.5559369,4.6270442,4.5559369,4.58641124,21674,4.198003939468265,4.341447167,4.623274394501313,4.059619939498687,28,3.902282839000002,4.164563026320831,0.2222806230712579,0.1412425617942638,66.08479495666268
2007-05-09,4.54069972,4.56101621,4.44419739,4.45435525,16510,4.232327160310804,4.35566859,4.630046777486959,4.081290402513041,29,3.9034764237000017,4.175927427249426,0.2080337585439113,0.141311939523245,57.79506296861718
2007-05-10,4.47975028,4.48482959,4.4188016,4.46451311,83999,4.263904523485939,4.3696360475,4.636203281850102,4.103068813149898,30,3.905228705950002,4.187244512847488,0.1939979963639757,0.1359345145572989,58.22911463154197
2007-05-11,4.37309009,4.4899089,4.36801077,4.46451311,18854,4.292955697607064,4.381317929,4.642969715515383,4.119666142484617,-1,3.906015961050002,4.198117791167194,0.1953812959656032,0.134931915660349,58.22911463154197
2007-05-14,4.44927594,4.45943456,4.37309009,4.37309009,49589,4.319682777798499,4.3869049425,4.642779655081751,4.13103022991825,-1,3.906600055150002,4.204979449944951,0.1584577641344179,0.1318241373988955,52.58421446574056
2007-05-15,4.34769429,4.38832726,4.27150844,4.29182416,30749,4.6270442,4.3873112415,4.642554169116665,4.132068313883335,-1,3.906600055150002,4.208385124849071,0.1386729147850036,0.1307523290132601,48.11873675481776
2007-05-16,4.35785291,4.36801077,4.29182416,4.31721995,132771,4.619933484800001,4.3946758995,4.63229609482548,4.15705570417452,-1,3.9066762410000018,4.212653157207931,0.1234388076549762,0.1268547776551701,49.56026524558821
2007-05-17,4.33245712,4.34261574,4.23595479,4.23595479,273148,4.612964983904001,4.400262913000001,4.616473701137571,4.18405212486243,-1,3.906371497600001,4.2135669467291885,-0.3031885111287228,0.1254123613940865,45.229525635880265
2007-05-18,4.30198278,4.39340657,4.29182416,4.38832726,24902,4.597884576147841,4.411690867500001,4.59793173307798,4.225450001922022,-1,3.906320708300001,4.220420292347652,-0.2883158588412167,0.1277008912945089,53.44417890206224
2007-05-21,4.41372229,4.62196489,4.27658699,4.36801077,128231,4.23595479,4.405595961,4.589158066381731,4.22203385561827,-1,3.9058889859000017,4.226208154216371,-0.5090170123478894,0.1432492490591868,52.31745832427518
2007-05-22,4.36293146,4.39848512,4.30198278,4.30706209,78350,4.243674992,4.394168045,4.572306111552534,4.216029978447466,-1,3.9047715908500016,4.2293788967961214,-0.5260011951855225,0.1399101841263877,48.981301578221824
2007-05-23,4.27150844,4.32229926,4.27150844,4.32229926,8189,4.25124078996,4.386295494,4.562515308947242,4.210075679052757,-1,3.9045176367000014,4.233022832608039,-0.528022761834321,0.1335445152602172,49.842416484872
2007-05-24,4.31721995,4.31721995,4.25119196,4.27150844,11099,4.62196489,4.376391295,4.555021047632991,4.197761542367008,-1,3.9048731732500017,4.2345320721136055,-0.5435958795617941,0.1290847141702017,46.995012448600285
2007-05-25,4.32737781,4.32737781,4.2410341,4.26134982,97049,4.6145494314,4.3710582475,4.556605234803338,4.1855112601966615,-1,3.9056096390500015,4.235583748501307,-0.5109348859310028,0.1260317853009016,46.42376465393846
2007-05-29,4.20040113,4.26642913,4.20040113,4.23087548,42314,4.5996088181440005,4.3631856585,4.558250703470467,4.168120613529533,-1,3.9059397790500014,4.235399110520864,-0.4989646521374686,0.1217458006365514,44.66960485000302
2007-05-30,4.21563831,4.39340657,4.16992679,4.26642913,45797,4.575656356855361,4.3636935515,4.557692437620359,4.169694665379641,-1,3.9060667542000016,4.236615974029849,-0.4546318277122562,0.1290125134482263,47.177350841084845
2007-05-31,4.22071762,4.22071762,4.144531,4.16484748,42899,4.543197991506932,4.354551211,4.567055316873675,4.142047105126324,1,3.9058635893500018,4.233801523283581,-0.4638457060267111,0.1285043432019244,41.403418076173416
2007-06-01,4.19024327,4.28674561,4.19024327,4.23087548,37543,4.503331292356239,4.3469325875,4.565611022739632,4.128254152260367,2,3.906066750400002,4.233686776488146,-0.4586742573919514,0.1280324708303584,46.02733083545143
2007-06-04,4.26642913,4.30198278,4.20040113,4.20040113,27749,4.467451263120615,4.3372823155,4.563799587330825,4.110765043669174,3,3.9065746586000016,4.232381457018023,-0.4721740791348721,0.1261431264853328,44.29018671313678
2007-06-05,4.20548045,4.20548045,3.98707998,4.11405666,92243,4.435159236808553,4.315696234999999,4.540902951148533,4.090489518851465,4,3.9064476796500016,4.227741268899669,-0.4464434335741259,0.1327329367363804,39.71641144162368
2007-06-06,4.06326584,4.11405666,4.04294936,4.11405666,45599,4.381389725991527,4.292078506,4.49692297714997,4.08723403485003,5,3.906600051350001,4.223283048942819,-0.4003287123319739,0.1283311055409247,39.71641144162368
2007-06-07,4.09881949,4.16484748,4.08866163,4.13945245,50699,4.334072556472544,4.276333365999999,4.477235864470331,4.075430867529668,6,3.9070317737000018,4.219995574474473,-0.3668693950815992,0.1246064444308586,41.767704849947854
2007-06-08,4.09881949,4.17500534,4.05818653,4.16484748,33734,4.292433447295839,4.261350084499999,4.4480780051189095,4.074622163881089,7,3.907869821900001,4.217832904102925,-0.3848639043172613,0.1240501848286544,43.82612835009186
2007-06-11,4.19532182,4.21563831,4.12929383,4.21563831,59687,4.255791031220338,4.248906344499999,4.411420343766007,4.086392345233991,8,3.909444335900001,4.2177468415890855,-0.3357881776216944,0.1213569201980363,47.80041456847307
2007-06-12,4.20040113,4.21055899,4.15976817,4.18008465,35399,4.223545705073898,4.2392560725,4.393856375074703,4.0846557699252966,9,3.910815688850001,4.216269892899318,-0.3067125326201719,0.1166792930410337,45.38008886218218
2007-06-13,4.17500534,4.21563831,4.15976817,4.21563831,125135,3.98707998,4.235446779999999,4.388424195637859,4.082469364362139,10,3.912948904200001,4.216245124942482,-0.1816613642932569,0.1123357821095312,48.20444417553491
2007-06-14,4.19024327,4.22071762,4.1685044,4.22071762,3188,3.9916511466,4.2306216635,4.378996129169564,4.082247197830436,11,3.9151583054000008,4.216420516905522,-0.1627343943016097,0.1080413133874219,48.61325701032865
2007-06-15,4.23087548,4.27150844,4.22579617,4.26134982,8105,4.000813805536,4.231891415,4.380860164944354,4.082922665055645,12,3.9178756148000016,4.218182450360208,0.0722755874800582,0.1039519924311774,51.88488456804098
2007-06-18,4.28674561,4.44419739,4.28674561,4.38324795,22618,4.01705548360384,4.231637449500001,4.379552140735596,4.083722758264406,13,3.920897667650001,4.224655607208827,0.0550608636250454,0.1095873908289505,60.09346684119382
2007-06-19,4.39848512,4.4188016,4.36801077,4.39340657,45299,4.051226836115532,4.2329072395,4.38583408337443,4.0799803956255705,14,3.9239451170500006,4.231273292024167,0.1261808239986249,0.1053876364840255,60.69526908948257
2007-06-20,4.40864374,4.40864374,4.17500534,4.30198278,36899,4.082664480426289,4.232653274,4.385102804245423,4.080203743754576,15,3.926535447500001,4.234046213121258,0.2163291499959934,0.114548405306595,52.95546791149827
2007-06-21,4.29182416,4.29182416,4.144531,4.25627127,34309,4.111587113192186,4.2293518745,4.376666312703559,4.08203743629644,16,3.928948013500001,4.234917783979248,0.2206828027158097,0.1176129320704097,49.55298601548596
2007-06-22,4.27150844,4.27150844,4.19024327,4.19024327,26624,4.138195935336811,4.225288616,4.372210244125081,4.07836698787492,17,3.930649506450001,4.233165842254572,0.1924413480362116,0.1150166633510947,45.05031606624316
2007-06-25,4.19532182,4.22071762,4.13945245,4.14961031,26174,4.44419739,4.2197016405,4.369188986930974,4.070214294069027,18,3.932097045300001,4.229889154715177,0.2463460140843601,0.1126058423974451,42.49150956370036
2007-06-26,4.16484748,4.17500534,4.12929383,4.16484748,27824,4.4381024912,4.2164002405000005,4.367660594268328,4.065139886731673,19,3.9334176051500007,4.227338500804778,0.2732729744611872,0.1078276757976276,43.78104391665316
2007-06-27,4.19024327,4.19024327,4.11405666,4.13437314,49799,4.4257501447520005,4.209797441000001,4.363258894999149,4.056335987000853,20,3.9354746346000007,4.223692800381061,0.2515202688362147,0.1055675996692256,41.76398954241279
2007-06-28,4.18516396,4.37309009,4.18516396,4.33753643,47399,4.40704853566688,4.2184318885000005,4.380022584990792,4.056841192009209,21,3.938445898100001,4.228157256444549,0.3093556077981885,0.1150782675499952,56.2388862045918
2007-06-29,4.33245712,4.46959242,4.32229926,4.44419739,40738,4.11405666,4.229097984000001,4.418358477920783,4.039837490079219,22,3.941645723000001,4.236629418544762,0.3470457153403209,0.117379331296424,61.63089356363176
2007-07-02,4.41372229,4.80989101,4.37309009,4.56609476,64201,4.1211673752,4.2473826655,4.486194055031415,4.008571275968585,23,3.94520108065,4.249549628013595,0.3557626028833898,0.1401951590609652,66.68329331779273
2007-07-03,4.56101621,4.59656986,4.54069972,4.57625338,18487,4.148716320592,4.2704925015,4.540623296324993,4.000361706675006,24,3.9485278807,4.262361539856199,0.3760458429553013,0.1341719434137534,67.07242875399237
2007-07-05,4.54069972,4.66259785,4.52038324,4.59656986,62849,4.17516330816832,4.294618161500001,4.58959834841957,3.999637974580432,25,3.951829284200001,4.275467748489289,0.3179424519771006,0.1347464195984853,67.8804206374592
2007-07-06,4.51530393,4.57117407,4.4899089,4.4899089,28799,4.200552416241587,4.312140984000001,4.609794353450686,4.014487614549315,26,3.95472436185,4.283877205411278,0.2693563896702556,0.1327403153414506,59.61032559464652
2007-07-09,4.59149055,4.59149055,4.4899089,4.57117407,68137,4.224925959991924,4.3324573135,4.642339658967412,4.022574968032588,27,3.95840669845,4.29514374912064,0.2738629147944527,0.1305146963884899,63.28095851252694
2007-07-10,4.51530393,4.57117407,4.50006676,4.54069972,17137,4.248324561992247,4.348710384,4.666380122701849,4.031040645298152,28,3.96225410305,4.304773395037477,0.2160949096634722,0.1262713116464549,61.04066686984562
2007-07-11,4.52546255,4.6981515,4.52038324,4.6981515,283446,4.270787219912557,4.374613726500001,4.7166152197029385,4.032612233297063,29,3.9669776526,4.320199987388949,0.4445286084486066,0.1299496651002795,67.45206513254203
2007-07-12,4.82512818,5.33303641,4.72862585,5.3279571,277315,4.292351371516054,4.430229666000001,4.960616856075506,3.899842475924496,30,3.9752565560000006,4.35971987415801,0.5116836685912872,0.1660164683074024,80.95386607937319
2007-07-13,5.33303641,5.46001309,5.14511029,5.45493454,1711513,4.354792473825091,4.491940512,5.17553587010018,3.808345153899821,-1,3.9847290441000007,4.402669468896912,0.7805196973697409,0.1766512062854451,82.52758089560348
2007-07-16,5.46001309,5.58699053,5.46001309,5.57683267,415179,4.443210123119084,4.557714654500001,5.379153299670906,3.736276009329095,-1,3.994480882900001,4.4487150846264445,0.7885447070757058,0.1734658336936276,83.90266231647598
2007-07-17,5.54635756,5.58699053,5.25177125,5.47525102,116808,4.557588163807175,4.612314808,5.520677957262738,3.703951658737262,-1,4.0031153228,4.488971395817564,0.776645678228026,0.1850196512869399,78.36769153363483
2007-07-18,5.52604184,5.57175335,5.23145476,5.55651618,61427,4.6605284004264576,4.670470288500001,5.660578592744658,3.680361984255344,-1,4.012130695750001,4.530835897158052,0.7893539833651962,0.1961110040521584,79.53103838299324
2007-07-19,5.43461806,5.56159473,5.41938089,5.54635756,380935,4.753174613383812,4.7326890275,5.777250591934708,3.688127463065293,-1,4.021476204900001,4.5706602760930295,0.7958798554464853,0.1922612066198614,78.95939501840658
2007-07-20,5.54635756,5.54635756,5.33303641,5.45493454,80656,4.83655620504543,4.792622191,5.858302192538373,3.726942189461628,-1,4.0301614379,4.605337698207029,0.7845512422718696,0.1937654882898713,73.81716601757947
2007-07-23,5.52604184,5.52604184,5.42953875,5.48540888,37102,4.911599637540888,4.8573804715,5.926173216845721,3.788587726154279,-1,4.038948249500001,4.639850293571459,0.7909092343957953,0.1868181741263091,74.41529042020505
2007-07-24,5.45493454,5.47525102,5.31271993,5.43461806,28372,4.979138726786799,4.921630859000001,5.966742532335203,3.8765191856648,-1,4.0466938481,4.671017656960814,0.79931079726663,0.1858089438315727,71.48425631491773
2007-07-25,5.3990644,5.48540888,5.33303641,5.48540888,24224,5.039923907108118,4.987658929000001,5.99951094410706,3.975806913892942,-1,4.0551759163000005,4.7029545676682325,0.8023631927276064,0.1834206242721746,72.64459948933502
2007-07-26,5.3990644,5.48540888,5.02829147,5.47525102,156023,5.58699053,5.054702823000001,6.007485509390103,4.1019201366099,-1,4.0638865420500005,4.733240703053792,0.8245778604260537,0.2029703946813049,72.01347187775993
2007-07-27,5.37366937,5.45493454,5.35335289,5.36859006,26624,5.5758165488,5.106255504500001,6.008477009489763,4.204033999510239,-1,4.072063863,4.758156364110507,0.8166366637720168,0.1971795186326403,65.57152579970918
2007-07-30,5.36859006,5.40922303,5.27208773,5.29240345,138816,5.564866047224,5.1486658075000005,6.00076623056732,4.296565384432681,-1,4.079733275750001,4.77910723022382,0.7654939106947176,0.192890645873166,61.3499427045035
2007-07-31,5.28224559,5.40414372,5.1501896,5.21113828,361286,5.5541345556795205,5.1809179835000005,5.990125667875009,4.371710299124992,-1,4.08684399095,4.79604962433269,0.6705443897683626,0.1972523225965113,57.12521808446731
2007-08-01,5.18579354,5.28224559,5.03844933,5.22637545,132984,5.54361769396593,5.213424087000001,5.973608215418566,4.453239958581436,-1,4.09400549545,4.812925146907879,0.6683255276475689,0.2005768895539033,57.71321287953166
2007-08-02,5.27208773,5.46001309,5.2568498,5.31271993,129777,5.533311169486612,5.249231590500001,5.955362814342816,4.543100366657185,-1,4.1012177931,4.832524942323256,0.6442850895753076,0.2029383717286245,60.97897938772585
2007-08-03,5.34319427,5.41938089,5.2568498,5.36859006,103448,5.52321077549688,5.2931656485000005,5.908336843097932,4.677994453902069,-1,4.108811020000001,4.853547103800776,0.6485689919392391,0.2000521373194371,62.97168950203974
2007-08-06,5.30256207,5.43461806,5.26700842,5.3584322,61130,5.513312389386942,5.332528555000001,5.851021970285525,4.814035139714476,-1,4.1167343906500005,4.873346519338,0.6417955353211748,0.1977348160823344,62.34827462095886
2007-08-07,5.40414372,5.58699053,5.28224559,5.34827358,162533,5.02829147,5.372907248,5.742994625082621,5.002819870917379,-1,4.124505385800001,4.891971109952196,0.6017356266800582,0.2053783963621677,61.69051472780637
2007-08-08,5.45493454,5.58699053,5.02829147,5.06892444,190286,5.58699053,5.391445895,5.642467779634896,5.140424010365103,-1,4.130752660100001,4.89891045622858,0.5168881570797549,0.2306155866220128,47.00512521673586
2007-08-09,5.05876581,5.05876581,4.70830936,4.95718417,60751,5.58699053,5.372907248500001,5.686830399368647,5.058984097631354,-1,4.13633965065,4.901195699905891,0.4860238769620674,0.2399012647204404,42.63329729039595
2007-08-10,4.81497032,4.86576114,4.59656986,4.59656986,132525,5.58699053,5.3299890145,5.78865457703882,4.87132345196118,-1,4.13974263655,4.889249588537033,0.121350781772849,0.2485236250975518,32.2186764214879
2007-08-13,4.59656986,5.24669194,4.59656986,4.89623549,102822,5.527565289799999,5.295959155499999,5.776775169164217,4.815143141835782,-1,4.1439074848,4.889523545457149,-0.0067894809121985,0.2772092290191553,44.3782386777023
2007-08-14,4.85052397,5.03844933,4.78957453,4.92163052,100194,5.471705564011999,5.2682781305,5.767992402210937,4.768563858789062,1,4.1481485189,4.890782642498046,-0.0201049344488322,0.2751853412320727,45.27421467835112
2007-08-15,4.83528604,5.06892444,4.83528604,5.03337078,19949,5.419197421771279,5.2421208605,5.7334431582680185,4.7507985627319815,2,4.1529736470500005,4.896374334164789,-0.0377488598977679,0.272217702572639,49.15521505815567
2007-08-16,4.95718417,5.38382723,4.63212275,5.38382723,140541,4.59656986,5.233994344,5.710059029068307,4.757929658931693,3,4.159525664699999,4.915490134001464,-0.1143865406487536,0.3064667581031647,58.98060867421731
2007-08-17,5.40414372,5.44477592,5.20605973,5.21621759,36730,4.6123150074,5.2220584965,5.687212250759684,4.756904742240316,4,4.165899914100001,4.927283367570034,-0.1377548872256283,0.3016274318100815,53.64166418677925
2007-08-20,5.21621759,5.21621759,5.04860795,5.11971526,29999,4.63212275,5.2037738155,5.654611746000885,4.752935884999115,5,4.17169006945,4.934829716292778,-0.1430759636624205,0.2920547323950757,50.79093568353467
2007-08-21,5.08416161,5.09431947,4.92163052,4.97750065,89479,4.6646288768,5.180917945,5.628966349030636,4.732869540969364,6,4.1764136152,4.93650308624208,-0.1599039623016017,0.2853425900811417,46.84032181460291
2007-08-22,5.04860795,5.18574325,4.89115617,5.10955664,66115,4.695834758528,5.1621253330000005,5.588517481804448,4.735733184195553,7,4.1817974409000005,4.94328950011494,-0.1534847325496678,0.2860029107896316,50.67676276053563
2007-08-23,5.06384513,5.33303641,5.02829147,5.0790823,153329,4.72579240498688,5.142316897,5.544822124182425,4.739811669817574,8,4.18718126665,4.94861470795357,-0.2658947015295017,0.2873416271618008,49.78387724457005
2007-08-24,5.02829147,5.40414372,5.02829147,5.39398509,399316,4.7545517455874045,5.1435866485,5.54908816002426,4.738085136975739,9,4.1946221218,4.966080213131861,-0.0762078165836438,0.2936638145073865,58.015774527099495
2007-08-27,5.46001309,5.55651618,5.39398509,5.41430157,63080,4.7821607125639085,5.149681554500001,5.567426584386202,4.7319365246138,10,4.203485119250001,4.9836575212443375,-0.0586209992271392,0.2842971913282875,58.48857838537395
2007-08-28,5.36351075,5.44477592,5.24669194,5.24669194,25646,4.828622040610074,5.151459237500001,5.570535706088209,4.732382768911793,11,4.2119925802,4.993972596489658,0.0061549001016885,0.2781391048048384,53.1688738258485
2007-08-29,5.22637545,5.27716628,5.15526891,5.23653408,82012,4.87229568897347,5.151967169000001,5.571430054763421,4.7325042832365805,12,4.2203730660000005,5.00348481152928,-0.0144908642502423,0.2669789808902071,52.8551182621362
2007-08-30,5.22637545,5.35335289,5.22637545,5.3279571,33637,4.913348918435061,5.1527290275,5.5734106077341705,4.73204744726583,13,4.229210666900001,5.016209214998719,0.0230973624826543,0.2569788708266209,55.40576723721534
2007-08-31,5.33811572,5.49048819,5.27208773,5.49048819,50999,4.951938954128957,5.158823934,5.595082405215775,4.722565462784225,14,4.2388355305,5.034808390488966,0.0298023956919874,0.2542232700532908,59.591351041960046
2007-09-04,5.46001309,5.46001309,5.29748276,5.3990644,148679,4.98821358768122,5.160855544,5.601172870800154,4.720538217199847,15,4.24785089965,5.049092939881555,0.0436887741298303,0.2498505671923414,56.38543784471115
2007-09-05,5.40414372,5.51080391,5.40414372,5.44985523,43417,5.022311743220347,5.165934626500001,5.6169947329406416,4.714874520059361,16,4.257120222950001,5.064809108121493,0.0899459180386526,0.2399854916786027,57.74548031100689
2007-09-06,5.47017171,5.53112039,5.43461806,5.51588322,48524,5.054364009427126,5.188282565500001,5.661640893274692,4.7149242377253096,17,4.266541917950001,5.082498288979474,0.2040534787770902,0.2297366944158454,59.512998985465074
2007-09-07,5.41938089,5.52096253,5.39398509,5.45493454,30946,5.0844931396614985,5.213170084000001,5.687648654207027,4.738691513792975,18,4.275760451950001,5.09710363215675,0.192546470889647,0.2223967476718564,57.13708963065719
2007-09-10,5.29240345,5.4650924,5.29240345,5.44477592,59570,5.112814522081808,5.255580387,5.6462521978463815,4.864908576153619,19,4.285334518650001,5.110737839523152,0.303924701341607,0.2188461906952952,56.73056186712829
2007-09-11,5.49048819,5.50064605,5.41430157,5.46001309,53155,5.1394366215569,5.283769267,5.647058142385093,4.920480391614907,20,4.294883192600001,5.124434908169302,0.319596029378015,0.2093817827884884,57.22219917393053
2007-09-12,5.44985523,5.48540888,5.40414372,5.4244602,32849,5.164461395063486,5.308910751000001,5.6362948120316805,4.981526689968321,21,4.304533449000002,5.1362006058881535,0.3189520771630047,0.2002305954464535,55.63380737106202
2007-09-13,5.4244602,5.58699053,5.3990644,5.52604184,485720,5.187984682159677,5.333544304000001,5.648183466410403,5.018905141589599,22,4.314386870150002,5.151488497421951,0.3229177876223038,0.1993517050574211,59.12501511228013
2007-09-14,5.61238632,5.67841431,5.4244602,5.58191121,419508,5.219905149986903,5.343448503000001,5.675769100256259,5.011127905743743,23,4.324418055750002,5.168367819483835,0.267686048661743,0.2032518768390338,60.94530284904418
2007-09-17,5.58699053,5.58699053,5.48540888,5.51080391,757178,5.265756065988213,5.358177819000001,5.692742003824612,5.02361363417539,24,4.334042915550001,5.181796685778587,0.0926724459765572,0.1959897177791028,57.4392664482193
2007-09-18,5.52604184,5.55651618,5.42953875,5.52604184,74053,5.307021890389391,5.378494148000001,5.701828291528817,5.055160004471184,25,4.344150290850001,5.195296495748054,0.1051741580031726,0.1910602686520241,57.996906460224814
2007-09-19,5.51080391,5.51080391,5.26700842,5.26700842,44057,5.67841431,5.392969536500001,5.665060472226401,5.120878600773601,26,4.3523530084000015,5.198108728071659,0.1026677569053422,0.1959154937483081,46.776948719104574
2007-09-20,5.26700842,5.27208773,4.97750065,5.09939878,87664,5.6701861922,5.392461643500001,5.666696268077515,5.118227018922487,27,4.359920842550001,5.194237749715908,0.0867482903100518,0.2029634641948575,41.22015934405478
2007-09-21,5.14003098,5.1908218,5.08416161,5.09939878,43687,5.642478770512,5.3934774675,5.663174237094428,5.1237806979055724,28,4.367641048400002,5.190518574432931,0.1137368158443105,0.1960846588952249,41.22015934405478
2007-09-24,5.15526891,5.54127901,5.15526891,5.51080391,120456,5.615879645691519,5.399318408500001,5.673823287233297,5.124813529766705,29,4.377544241800002,5.203078783670856,0.0233145547111681,0.2136414854027089,56.074383881706
2007-09-25,5.51080391,5.58699053,5.45493454,5.58191121,166515,5.5903444858638585,5.407698890500001,5.693522482494101,5.1218752985059,30,4.3878039849500015,5.217934957252391,0.0940355981595766,0.207813950016801,58.04774279513884
2007-09-26,5.57683267,5.57683267,5.37366937,5.37366937,99995,4.97750065,5.414047762000001,5.69078020876821,5.137315315231792,-1,4.397022518900001,5.224042189124846,0.0658180653352593,0.2078445135870296,50.84388058571401
2007-09-27,5.3956109,5.58699053,5.38890654,5.53112039,160944,4.9894872904,5.4287770775,5.697388348186655,5.160165806813346,-1,4.405885516350001,5.236084471512108,0.0785214559559063,0.2082357026165275,55.35528994988884
2007-09-28,5.55143687,5.58186093,5.48540888,5.50572536,154199,5.013387419983999,5.437665490500001,5.704099860018245,5.171231120981756,-1,4.414621538650001,5.246658624001829,0.0399481502923736,0.2002511560010613,54.48670337267421
2007-10-01,5.41938089,5.58699053,5.23653408,5.54127901,222174,5.036331544384639,5.440205031500001,5.70955718195504,5.170852881044961,-1,4.423484539900001,5.258212364629208,0.0726469513820216,0.210980105572414,55.538562617818656
2007-10-02,5.56667404,5.57683267,5.47017171,5.54635756,88709,5.058357903809254,5.447569689500001,5.72005600063189,5.175083378368112,-1,4.432372933900002,5.269512176212376,0.0742765342269869,0.2035287380315273,55.69607032410945
2007-10-03,5.49048819,5.63778135,5.38382723,5.4244602,1379111,5.079503208856884,5.446299938,5.718968428370125,5.173631447629875,-1,4.440728026950001,5.275588569302087,-0.1533227615370256,0.2071305510292753,51.02377637741792
2007-10-04,5.5361997,5.5361997,5.36351075,5.42953875,93976,5.11299989732547,5.4419827145,5.712835761046669,5.1711296679533305,-1,4.449286281000002,5.28162583129024,-0.1638909863083884,0.2046704366700414,51.20742575085155
2007-10-05,5.43969737,5.48540888,5.30764062,5.44528408,109130,5.144486784485942,5.441500191499999,5.712293602342867,5.170706780657132,-1,4.457974051000002,5.288043801827878,-0.1480039109923987,0.2027488526221813,51.81075035658118
2007-10-08,5.42953875,5.5361997,5.42953875,5.48540888,55049,5.174084458416785,5.4435318395,5.715001928989103,5.172061750010897,-1,4.466964027450001,5.29578360881502,-0.1573842595914508,0.1958854310063112,53.3923632100615
2007-10-09,5.48540888,5.57683267,5.41430157,5.57683267,138306,5.201906271911778,5.4493728185,5.726967914464093,5.171777722535906,-1,4.476487308700002,5.306805140626196,-0.1259935565592683,0.1935029787915747,56.86612120450017
2007-10-10,5.56159473,5.80031168,5.4650924,5.73936299,222429,5.228058776597071,5.465117958,5.769686721718495,5.160549194281504,-1,4.4870264025500015,5.323768193542816,-0.0890523698447611,0.2036255717350337,62.25243087317523
2007-10-11,5.75967948,5.8511025,5.64793921,5.70888865,136542,5.273839008869305,5.4742602985,5.796083679331455,5.1524369176685445,-1,4.497692475350002,5.338870956541137,-0.1451059779839401,0.2035925516111027,60.721347615315736
2007-10-12,5.73931195,5.81554885,5.70980288,5.78507451,67846,5.331565357982375,5.4844184635,5.831060766529824,5.137776160470176,-1,4.5081045940500015,5.356369135108151,-0.174231069602213,0.1966688122103097,63.16072143560313
2007-10-15,5.70380934,5.77491665,5.5361997,5.66317714,273495,5.3835190721841375,5.492037125,5.847255937515623,5.136818312484378,-1,4.518008804500002,5.3684008215744985,-0.0908303488877736,0.2003978120524304,57.05521402179399
2007-10-16,5.63778135,5.63778135,5.30256207,5.3584322,131868,5.8511025,5.483656643000001,5.843153883488991,5.124159402511011,-1,4.526821012650001,5.368009895238243,-0.1227490629849596,0.2118419019058283,45.27270080159327
2007-10-17,5.39398509,5.59714839,5.38890654,5.5361997,89689,5.8401316914,5.497116207,5.843061998315466,5.151170415684534,-1,4.535709406650001,5.374605573856352,-0.1001432810461653,0.2137614939125549,51.55722182792464
2007-10-18,5.45493454,5.58699053,5.40414372,5.44477592,71963,5.829380298972,5.514385064000001,5.81001609691312,5.218754031086881,-1,4.544166078300002,5.377357352136495,-0.1070531316851147,0.2115533022045152,48.47424197904986
2007-10-19,5.43461806,5.48540888,5.20605973,5.23145476,255528,5.81884393439256,5.520987863,5.7832673094029445,5.258708416597056,-1,4.551759305150001,5.371635681856633,-0.1454851964010465,0.2163958627613355,42.14202198743923
2007-10-22,5.22637545,5.30256207,4.99781713,5.14511029,259033,5.794332566216857,5.502703182,5.812039951824529,5.193366412175472,-1,4.558590669700001,5.362752333156373,-0.1670128253713516,0.2227065111355258,39.871662703799736
2007-10-23,5.15526891,5.21621759,5.12987312,5.16034746,92788,5.746541640043846,5.481624994500001,5.822357709321508,5.140892279678493,-1,4.5650918943,5.354814887150241,-0.2141296948387941,0.2129663653401311,40.48104382370993
2007-10-24,5.12987312,5.21621759,5.0790823,5.14511029,113094,5.701618169441216,5.4701970405,5.838834987971357,5.1015590930286425,-1,4.5719994447,5.346591177458074,-0.1901709787904067,0.2075498599586933,40.04399308259526
2007-10-25,5.16542677,5.16542677,5.0790823,5.10955664,143667,5.659390107074743,5.449118853,5.848351548497796,5.049886157502204,-1,4.5785006693,5.337295705400895,-0.2183991266538454,0.1988923321045009,38.98630692819217
2007-10-26,5.12479381,5.68857217,5.12479381,5.3990644,284584,4.99781713,5.443785805,5.842700845925562,5.044870764074438,-1,4.5861446893,5.339718007149879,-0.1923826541940225,0.2260439890970365,50.46070608648361
2007-10-29,5.4244602,5.52604184,5.4244602,5.4650924,57782,5.011632230799999,5.439976474500001,5.836542957041139,5.043409991958862,-1,4.593915684450001,5.344634650006747,-0.2434084517047472,0.2189678070186767,52.647934721916194
2007-10-30,5.46001309,5.50064605,5.23653408,5.29240345,53699,5.025171029584,5.427278769,5.825665792655128,5.028891745344872,-1,4.60082323485,5.342586367653541,-0.2626460299332014,0.2221923900887712,46.8249841991821
2007-10-31,5.24161262,5.57683267,5.18574325,5.57683267,60116,5.038439052392319,5.4348973925,5.83857019554138,5.03122458945862,-1,4.609229117200001,5.351772497157324,-0.0222995569527445,0.234256463653859,55.54599793966687
2007-11-01,5.33811572,5.50572536,5.33811572,5.42953875,142611,5.051441714744473,5.4348973925,5.83857019554138,5.03122458945862,-1,4.6169239265,5.354822154131546,-0.0091941757319747,0.2345750698214405,50.89123442158071
2007-11-02,5.48540888,5.5361997,5.47017171,5.52604184,41000,5.064184323849584,5.438935280500001,5.844553819479445,5.033316741520557,-1,4.625152040550001,5.361536651616584,-0.0211250575353388,0.2254383469770519,53.63278904916051
2007-11-05,5.52604184,5.54127901,5.44477592,5.51588322,47584,5.076672080772592,5.4404589975,5.846992329833774,5.033925665166227,-1,4.633253175650001,5.367589458219855,-0.0137617453809218,0.2162286857644054,53.295496631162365
2007-11-06,5.53112039,5.54635756,5.48032957,5.49556674,37829,5.08891008255714,5.436395701,5.839001122884818,5.033790279115182,-1,4.641430496650001,5.3726081751524095,-0.0757242536768499,0.2055000646383764,52.58326350906261
2007-11-07,5.48540888,5.50064605,5.3279571,5.3279571,164474,5.100903324305997,5.415825406500001,5.79581557487855,5.035835238121451,-1,4.648769769450001,5.370857152597413,-0.1986490390802177,0.2031564135927781,47.00256657996167
2007-11-08,5.32287855,5.42953875,5.21113828,5.21621759,87434,5.112656701219877,5.391191853500001,5.75554981412956,5.026833892870443,-1,4.65608364945,5.364792856024965,-0.2142002823516215,0.2042452747647225,43.67471866726637
2007-11-09,5.21113828,5.33811572,5.1501896,5.33811572,93301,5.124175010595479,5.368843914000001,5.685535732090922,5.05215209590908,-1,4.664083205950001,5.363746693827908,-0.1862127965750966,0.2030796208529566,48.0000537312622
2007-11-12,5.14511029,5.2212969,5.02829147,5.03844933,183573,5.68857217,5.3376075235,5.65524972145505,5.01996532554495,-1,4.670482848100001,5.350989934462108,-0.2685030886995629,0.2107042372206025,39.8902736383699
2007-11-13,5.08924016,5.08924016,4.89623549,4.93686769,174039,5.675366555999999,5.316529298000001,5.6786772635627285,4.954381332437273,-1,4.676933279600001,5.334749846443986,-0.2691246693063545,0.209439982419131,37.57286041441755
2007-11-14,4.96734279,5.20605973,4.96734279,5.09939878,141540,5.644201313359999,5.294689252,5.653884621945844,4.935493882054157,-1,4.684170973800001,5.325520392857948,-0.2723879649710596,0.2137079865320502,43.2533123930359
2007-11-15,5.0790823,5.11971526,4.92670983,4.97242134,141465,5.614282680425599,5.271071523000001,5.649299291859914,4.892843754140087,-1,4.690748384250001,5.311673371177244,-0.2784243022131837,0.2122292324940466,40.17745180089033
2007-11-16,5.11463595,5.11463595,4.83020749,4.941947,99610,5.585560792808574,5.256596135000001,5.661032521161805,4.852159748838196,-1,4.69676709715,5.297174297797745,-0.2187718977012311,0.2173863201730433,39.45232771161028
2007-11-19,4.97242134,4.97242134,4.64228137,4.76925805,98099,5.54023959464006,5.237803523000001,5.69296284068965,4.782644205310352,-1,4.701896968750001,5.276471699844892,-0.2405633444947481,0.2254401523035402,35.53815694654236
2007-11-20,4.78957453,4.95210562,4.73370439,4.82512818,56092,5.468402936668855,5.221042559000002,5.709823270800051,4.732261847199952,-1,4.7067728862500005,5.258771953968622,-0.2363627487135344,0.2249373721390017,37.69198423196346
2007-11-21,4.77941667,4.85052397,4.59656986,4.67275571,56210,5.402313211335346,5.197424830000001,5.74115817236326,4.653691487636742,-1,4.7110393169,5.235790924793382,-0.2510254935763221,0.2270099962719301,34.32366447200833
2007-11-23,4.67783502,4.69307219,4.63720206,4.67275571,17461,5.321738876201811,5.1755847835000015,5.764863470036809,4.586306096963194,-1,4.715254954450001,5.213711112448544,-0.2435019729518619,0.2147857201096494,34.32366447200832
2007-11-26,4.68799288,4.72862585,4.59149055,4.65243923,34219,5.24922197458163,5.138253525000001,5.759882437771069,4.5166246122289335,-1,4.719216637900001,5.191700450391738,-0.2754207794044991,0.2092392615303888,33.855812061353205
2007-11-27,4.65751854,4.67275571,4.22071762,4.28674561,154328,5.170294203631834,5.079336185500001,5.783740834432154,4.374931536567847,-1,4.7213498532500005,5.156212025278337,-0.3131436833732979,0.2265820349925038,26.779959931674696
2007-11-28,4.36801077,4.67275571,4.3527736,4.5305411,210166,5.037353481923377,5.041243068000001,5.777135209802884,4.305350926197118,-1,4.72475283535,5.13167591056154,-0.2625210843272625,0.2379697539216107,36.33321551111118
2007-11-29,4.71338868,4.81497032,4.5559369,4.68799288,53306,4.923024461254104,4.996801078500001,5.704771965863789,4.2888301911362126,-1,4.72884149775,5.114276576029715,-0.2924367500860996,0.2412882872129242,41.630060553837865
2007-11-30,4.68799288,4.89623549,4.67783502,4.8048117,99524,4.22071762,4.965564726000002,5.649113951958839,4.282015500041165,-1,4.733615832850001,5.102140698538354,-0.2971387554865783,0.2396534431262867,45.26831520033947
2007-12-03,4.82512818,4.82512818,4.57625338,4.63720206,103383,4.234227977400001,4.921122737000002,5.567711224204026,4.274534249795978,-1,4.73745054115,5.083907810752536,-0.3276189271031841,0.2403121114744091,41.29150032417533
2007-12-04,4.66259785,4.68291357,4.56609476,4.64736068,69859,4.2474681276520005,4.877696610000002,5.473326095588824,4.28206712441118,-1,4.7414122284,5.066788315428908,-0.3217925338566062,0.2314911613690942,41.62621848535762
2007-12-05,4.65243923,4.74894157,4.63720206,4.65243923,82174,4.260443474898961,4.835540234500002,5.366069519329088,4.305010949670916,-1,4.745170747,5.050539331686598,-0.3336418254595381,0.2229374719855875,41.80484864976028
2007-12-06,4.65243923,4.71338868,4.64228137,4.69307219,50159,4.2731593152009815,4.803795989000001,5.286491636822523,4.321100341177479,-1,4.74920861625,5.03652101240477,-0.2599456339650154,0.2120924604151884,43.2998600752861
2007-12-07,4.6981515,4.76925805,4.4899089,4.63212275,137181,4.285620838696961,4.774591247000001,5.223433586144987,4.325748907855015,-1,4.75261159835,5.020662257016348,-0.2118875005874878,0.2168965096712464,41.57457269226036
2007-12-10,4.73878371,4.73878371,4.61688558,4.68799288,48523,4.297833131723023,4.742085105000001,5.109808829333471,4.374361380666532,-1,4.75662407105,5.007616399094138,-0.2589814227240329,0.2101109111233003,43.78571301971014
2007-12-11,4.64228137,4.70323005,4.50514607,4.57625338,948164,4.309801178888562,4.718975307500001,5.06685196366859,4.371098651331412,-1,4.7595953346,4.9907002022669165,-0.2248123141137566,0.2092518446144931,40.4856147570833
2007-12-12,4.62196489,4.70323005,4.62196489,4.66259785,463956,4.321529865110791,4.7052618155,5.03903747957431,4.371486151425691,-1,4.7634046463,4.977833443354489,-0.1706789885446445,0.2033750464277436,43.99806336626557
2007-12-13,4.64736068,4.7641795,4.58133193,4.7641795,105005,4.333023977608575,4.688500851500001,4.971180782913091,4.40582092008691,-1,4.768153588649999,4.969454857340587,-0.1430410792850222,0.2019087981114762,47.8942445270844
2007-12-14,4.71338868,4.71338868,4.47975028,4.64736068,188546,4.344288207856404,4.672247818500001,4.923380519041184,4.421115117958817,-1,4.772851741649999,4.956823713131152,-0.0899952422317841,0.2078031139606564,44.09491597638996
2007-12-17,4.65243923,4.71338868,4.62196489,4.63212275,39100,4.355327153499276,4.656756606000001,4.875576616845201,4.437936595154801,-1,4.777473704999999,4.94409034202797,-0.0948077310559888,0.1994903051063239,43.60895981343828
2007-12-18,4.70830936,4.72354654,4.55085758,4.67783502,41806,4.36614532022929,4.652185454500001,4.865155312388514,4.439215596611489,-1,4.78273055555,4.933648956850402,-0.0823126746431191,0.197575923313015,45.54768572457171
2007-12-19,4.6981515,4.6981515,4.46959242,4.57117407,32092,4.376747123624704,4.639487749000001,4.839592634228401,4.4393828637716,-1,4.786895403799999,4.919434255405289,-0.0810896014149254,0.1997890059335139,41.925721188855206
2007-12-20,4.57117407,4.59149055,4.33753643,4.54577827,229399,4.89623549,4.633138877,4.836647290179089,4.429630463820912,-1,4.7912380165,4.904781079507043,-0.0221057917221573,0.2036579426525486,41.08793475289932
2007-12-21,4.45435525,4.66259785,4.37816863,4.65243923,367025,4.8850615088,4.632123053,4.835032265888185,4.429213840111815,-1,4.795148910649999,4.894885320702845,0.077310518647534,0.209427319605938,45.97115940405852
2007-12-24,4.69307219,4.81497032,4.65243923,4.74894157,57505,4.874111007224,4.636948170000001,4.846055284732694,4.427841055267308,-1,4.798958218599999,4.889162036361557,0.0809827761849315,0.2060775889197996,50.00867440415502
2007-12-26,4.77433736,4.91655197,4.75402088,4.91655197,55573,4.33753643,4.6684384880000005,4.844127176621859,4.492749799378142,-1,4.803224649249999,4.890236151406202,0.1320741760005912,0.2033299325683853,56.13938752372238
2007-12-27,4.90639335,4.99273782,4.77941667,4.98257996,58796,4.3491167408,4.691040431,4.9025988365593,4.4794820254407,-1,4.808633871499999,4.89385747723341,0.1474985350143434,0.2040435909563578,58.30846955606619
2007-12-28,4.96734279,4.98257996,4.76925805,4.85052397,204315,4.374861583968,4.699166985500001,4.921828023267242,4.476505947732759,-1,4.813255838649999,4.89215812400857,0.1262204437088143,0.2047063280309036,52.69553691116036
2007-12-31,4.86068183,4.94702631,4.71338868,4.94702631,93898,4.39957663340928,4.706277716000001,4.950061176461479,4.462494255538522,-1,4.817776223399999,4.894309817576861,0.14944206208537,0.2067728496001248,56.02681246980213
2008-01-02,4.75910019,4.84036535,4.56609476,4.62196489,82949,4.423303080872909,4.705515857500001,4.950251419191239,4.460780295808763,-1,4.821610931699999,4.883629624338552,0.1514222293559374,0.2192127567715444,44.62656732330719
2008-01-03,4.59656986,4.86068183,4.59656986,4.77433736,99506,4.446080470437993,4.711864691500001,4.956824156087411,4.466905226912591,-1,4.825674197549999,4.8793436531880205,0.1521955231777504,0.2224198434307198,49.78456634935204
2008-01-04,4.71846722,4.8048117,4.57117407,4.69561147,545748,4.467946764420473,4.714023303500001,4.9576070821364295,4.470439524863573,-1,4.829699370449998,4.8721384695335885,0.1586386498109339,0.2232211138999542,47.3314111943948
2008-01-07,4.70323005,4.75402088,4.6270442,4.68799288,29716,4.488938406643654,4.7137693380000005,4.957450535426169,4.470088140573832,-1,4.833178542199999,4.8649170738656045,0.1535607703064752,0.2163465114785288,47.08958859164305
2008-01-08,4.68291357,4.73878371,4.58133193,4.68291357,83746,4.509090383177908,4.716308879000001,4.9575803267977765,4.475037431202226,-1,4.836810085649998,4.857779681557149,0.1615135763103418,0.2121397449443482,46.9174822248624
2008-01-09,4.6676764,4.6676764,4.60672772,4.64736068,42938,4.528436280650792,4.714277269000002,4.957147220691911,4.471407317308093,-1,4.840492422199999,4.849527956005889,0.1634044600652348,0.2024287524483233,45.65954634186221
2008-01-10,4.65243923,4.6676764,4.50514607,4.64736068,57991,4.99273782,4.717832634000001,4.9545195540937925,4.48114571390621,-1,4.844022387049999,4.841599827535069,0.3218913620450824,0.1995788651305859,45.65954634186221
2008-01-11,4.63212275,4.80989101,4.58133193,4.72354654,117351,4.982985985,4.720880068500001,4.95620942108267,4.4855507159173325,-1,4.847476162249999,4.83697028684742,0.3772606526026273,0.2016488804784012,49.054240701750906
2008-01-14,4.72354654,4.75910019,4.70323005,4.72862585,19783,4.9734291867,4.719102386000001,4.9536323304405325,4.48457244155947,-1,4.851336267099999,4.832721485402423,0.3467627091035765,0.1912361133013725,49.28172786608483
2008-01-15,4.6981515,4.71338868,4.57625338,4.61180703,35738,4.964063524366,4.717324703500001,4.954526597309632,4.48012280969037,-1,4.854764649549999,4.824058173425857,0.3266335330322285,0.1884601387798459,44.37410436738156
2008-01-16,4.59149055,4.63720206,4.59149055,4.62196489,29651,4.95488517527868,4.716816810500001,4.954788512254201,4.478845108745801,-1,4.857608934099998,4.816132946624843,0.3456144712943449,0.1782638081527141,44.88803593069379
2008-01-17,4.6270442,4.81497032,4.60164841,4.6676764,62995,4.945890393173106,4.716308879500001,4.954654298694262,4.477963460305741,-1,4.860427822099998,4.810311121267006,0.3235072800268201,0.180767958284663,47.24992441483484
2008-01-18,4.6981515,4.72354654,4.57625338,4.6981515,444239,4.937075506709644,4.722657751000002,4.951787455913861,4.493528046086142,-1,4.863221317349999,4.805912704746731,0.3828293095258027,0.17837690126433,48.82455746269031
2008-01-22,4.47975028,4.74894157,4.47467173,4.68799288,41269,4.928436917975452,4.729768481500002,4.944899214352068,4.514637748647935,-1,4.865862440899999,4.801288397893918,0.362335065986519,0.1852263968883064,48.306903273797566
2008-01-23,4.50006676,4.50514607,4.09881949,4.33245712,396068,4.910286310456434,4.713769376000001,4.988783280517894,4.438755471482108,-1,4.866700489099999,4.782902857584353,0.2482933216189946,0.2140797535391417,34.51458364769036
2008-01-24,4.31721995,4.31721995,4.144531,4.144531,71744,4.861598301229048,4.683548847500001,5.053060113096824,4.314037581903178,-1,4.867030629049999,4.7578686670908485,0.2148586604024957,0.2122116368577744,29.6893595681383
2008-01-25,4.19024327,4.25627127,4.14961031,4.15976817,99317,4.815831572555305,4.645709657500001,5.063827472008126,4.227591842991877,-1,4.86697983595,4.734413745636306,0.1593256960183572,0.2050351106536477,30.537305811783057
2008-01-28,4.0734237,4.13945245,4.00231715,4.05818653,178958,4.772810847601987,4.599489986000001,5.060595006145054,4.138384965854947,-1,4.866344948799999,4.707895031297627,0.1207989095139469,0.2016362470355301,28.10392625823233
2008-01-29,4.06326584,4.29690347,4.06326584,4.19024327,426140,4.711171351793828,4.566475951000001,5.045173241844451,4.087778660155551,-1,4.866141787749999,4.6875949622271325,0.140701538204215,0.2042848679615636,35.31967444142121
2008-01-30,4.14961031,4.22071762,4.06834515,4.09374018,175761,4.654463015650322,4.523811644500001,5.011256236997346,4.036367052002657,-1,4.865303739549999,4.664306539394696,0.0675194810411012,0.2005768395357376,32.734183402392745
2008-01-31,4.06834515,4.32229926,4.03787081,4.29182416,179216,4.602291346398296,4.507304608,5.002631902232184,4.011977313767816,-1,4.865344369449999,4.64969938726157,0.1259879455899644,0.206566240283185,42.10282334437735
2008-02-01,4.28674561,4.28674561,4.144531,4.144531,70199,4.554293410686432,4.475814290000001,4.979244729986016,3.972383850013985,-1,4.865217390499999,4.629888862270921,0.0935128875559529,0.202332448834386,37.87818794705101
2008-02-04,4.15976817,4.32737781,4.13437314,4.32229926,234568,4.510135309831517,4.4571486795,4.954240019862277,3.960057339137724,-1,4.866207814199999,4.617826524926963,0.1706315481658475,0.2016661789176441,45.04522680204602
2008-02-05,4.29690347,4.29690347,4.12929383,4.13945245,146531,4.469509857044995,4.429721658,4.933327857819393,3.926115458180607,-1,4.866106235599999,4.599066757282769,0.1200130814691002,0.2010475539949553,39.94097432481077
2008-02-06,4.08866163,4.14961031,4.06326584,4.09374018,119990,4.432134440481396,4.4002629885,4.9100702398343525,3.890455737165647,-1,4.864125392,4.579250028761876,0.0983368340718659,0.1928544765667443,38.75852986813026
2008-02-07,4.11405666,4.21563831,4.11405666,4.21563831,172053,4.397749057242884,4.3786768700000005,4.881315300702208,3.876038439297793,-1,4.8625254815,4.564990745673175,0.1454353692254195,0.1877861660976911,43.55718662208484
2008-02-08,4.19024327,4.24611265,4.13437314,4.13437314,81365,4.366114504663454,4.353027493,4.850533768743338,3.855521217256662,-1,4.8607985958,4.548103780744815,0.1041009479013807,0.1823542620907131,41.2373524502796
2008-02-11,4.144531,4.19532182,4.08866163,4.1038988,58132,4.3370107162903775,4.322045105999999,4.800196765501855,3.843893446498143,-1,4.858970127699999,4.530683977578351,0.0830595776427051,0.1769475426556623,40.36907120202054
2008-02-12,4.18008465,4.19024327,4.09374018,4.15468962,72479,4.310235230987147,4.293348294499999,4.738179692879042,3.8485168961209575,-1,4.85790352195,4.515939100810573,0.0883866928466817,0.1712015103231149,42.540603565307904
2008-02-13,4.15976817,4.15976817,4.06326584,4.13945245,44429,4.285601784508176,4.2697305655,4.694109379107587,3.8453517518924127,-1,4.856659147899999,4.5011749184258445,0.1019648392529316,0.1658658545857496,42.04592576214837
2008-02-14,4.12929383,4.19532182,4.0734237,4.0734237,46634,4.262939013747522,4.242303506,4.642280850714675,3.842326161285325,-1,4.855744910049999,4.484400360840517,0.0833076604069547,0.1627253021153389,39.88168429742273
2008-02-15,4.08358232,4.11913597,3.98707998,4.06326584,45154,4.24208926464772,4.212082978,4.567823378311763,3.856342577688237,-1,4.854322767799999,4.46788528159187,0.0937549927086635,0.1605346369642433,39.54445814005029
2008-02-19,4.05310798,4.13437314,3.92613054,3.95660488,78646,4.216588336182948,4.175005647,4.469715009954995,3.880296284045005,-1,4.852189552449999,4.4478350697647375,-0.0203181569999367,0.1639423486096545,36.09331855026824
2008-02-20,3.93120985,3.99215853,3.75344159,3.92105123,178745,4.1817334006409945,4.1366585645,4.339732449100727,3.933584679899273,-1,4.849827775749999,4.427176879970042,-0.0021950424479944,0.1692833908518221,34.996915944255946
2008-02-21,4.0073957,4.06326584,3.93628916,3.97184205,174279,4.13437314,4.118627811,4.312803123908094,3.924452498091905,-1,4.846958094649999,4.40932061212808,-0.0536508055568744,0.1673499065052633,37.89911214317424
2008-02-22,3.99215853,4.06326584,3.98707998,4.04802867,43913,4.081042723,4.1138026945,4.309949521769475,3.917655867230525,-1,4.844266181800003,4.395152300672077,-0.0168724633786755,0.1619266124691731,42.07668812806609
2008-02-25,4.02771218,4.14961031,4.01755432,4.14961031,39074,3.75344159,4.1132948015,4.309015056212387,3.917574546787612,-1,4.842742457100003,4.385523202998662,0.0292870683021109,0.1597929965785178,47.17886462012543
2008-02-26,4.19024327,4.39848512,4.19024327,4.33245712,159666,3.7613649644,4.127008331,4.342770270627442,3.911246391372557,-1,4.842082177150003,4.38344218013597,0.0654558995650904,0.1661559832514809,54.88262501561061
2008-02-27,4.35785291,4.35785291,4.20548045,4.25119196,91400,3.786849770624,4.1300557655,4.350964457958941,3.9091470730410585,-1,4.841015571400003,4.378255896993383,0.0420827457328896,0.1651714458763751,51.30144368462588
2008-02-28,4.4188016,4.4188016,4.2410341,4.31721995,468489,3.81131518459904,4.141229753999999,4.375843352007069,3.906616155992929,-1,4.840736220700003,4.375862330444623,0.0572238598104042,0.1660711640280626,53.93172243717625
2008-02-29,4.30706209,4.30706209,4.07850301,4.09881949,276487,3.8477643695230976,4.1315795205,4.356290498020412,3.906868542979588,-1,4.839771197350003,4.364997905329147,-0.0863879842528092,0.1712601480260581,45.22971085811743
2008-03-03,4.1038988,4.46959242,4.1038988,4.14961031,76102,3.882026603351712,4.131833486,4.35661391026787,3.9070530617321295,-1,4.8389331491500025,4.356551332963298,-0.0811611217919078,0.1855110610241967,47.35702745963671
2008-03-04,4.144531,4.21055899,4.13945245,4.16484748,91454,3.929031868683575,4.123960897,4.331905291131355,3.916016502868645,-1,4.838577612600003,4.349033534807875,-0.1866242804901545,0.1773393095224684,48.0094297077401
2008-03-05,4.20040113,4.20040113,4.1038988,4.14961031,36211,3.972276712788889,4.12446879,4.332611577682017,3.9163260023179824,-1,4.837384027850002,4.341213016187958,-0.1414913763770474,0.1715652395565778,47.37712210414324
2008-03-06,4.18008465,4.25627127,4.08358232,4.11405666,210246,4.012061969365778,4.125484613999999,4.333215510753898,3.917753717246101,-1,4.836114257300003,4.33230492378843,-0.1774755732390505,0.1716455045882508,45.8593914434397
2008-03-07,4.11913597,4.12929383,4.01755432,4.11405666,206947,4.46959242,4.120405531499999,4.3239970809219885,3.9168139820780095,-1,4.8351492301500025,4.323746168345747,-0.1836667190194139,0.1673665049748043,45.85939144343969
2008-03-10,4.1038988,4.19024327,3.92105123,4.00231715,151758,4.460551658,4.113802732,4.323624288334653,3.903981175665346,-1,4.833549319600002,4.311141108802777,-0.1702704483273497,0.174639757476604,41.06444337054592
2008-03-11,3.98200067,4.0327915,3.90073551,4.00231715,54730,4.43897164088,4.1087236495,4.324102586751303,3.893344712248697,-1,4.832203363150002,4.299030365320315,-0.1426230088825033,0.1715980597997037,41.06444337054592
2008-03-12,3.96168419,3.98707998,3.69249291,3.83470675,234316,4.4066774730272,4.092724506,4.3375891102083175,3.847859901791682,-1,4.8300701478000025,4.280821596092067,-0.1441266010528804,0.1814713583854391,34.74459767384866
2008-03-13,3.78391669,3.84486537,3.65693925,3.79407455,271264,4.349542707985024,4.075455611,4.351440165911436,3.799471056088564,-1,4.8278861431500015,4.261733476637476,-0.099294512921737,0.1819324127864792,33.40253136700633
2008-03-14,3.74328373,3.74836304,3.61630629,3.61630629,105038,4.280282362186521,4.0525997405,4.393540652311579,3.711658828688421,-1,4.824635528950002,4.236422606573261,-0.1168650628488789,0.1816349733017307,28.25949444836425
2008-03-17,3.58075264,3.64170208,3.45885527,3.55535761,191207,4.200605233524139,4.027204329,4.431046119530661,3.623362538469338,1,4.8215880796000015,4.209714175335094,-0.1102585603970989,0.1817215330658927,26.73934663635332
2008-03-18,3.58075264,3.61630629,3.4436181,3.56551547,134418,4.096760238630759,4.0076498585,4.458419363433494,3.556880353566505,2,4.8182612795500015,4.184451481008227,-0.0736081107642054,0.1810762942754718,27.43990109031941
2008-03-19,3.5502783,3.67217642,3.47409244,3.47409244,312664,3.992257496449838,3.985301919,4.491890770292708,3.478713067707292,3,4.8146297361000014,4.156594263713787,-0.1862516134764343,0.1822911289700809,25.112363167435007
2008-03-20,3.4842503,3.63154422,3.46393382,3.58583195,90616,3.904475193017864,3.966001414,4.501745050353181,3.430257777646818,4,4.811988612550001,4.134211427881874,-0.1547387654110149,0.181242505472218,32.63366441464669
2008-03-24,3.59091126,3.61122774,3.53504113,3.55535761,87425,3.830738058135006,3.941367861,4.504372273741717,3.3783634482582823,5,4.809195117300002,4.111511278161016,-0.1731041114554103,0.1737385129384881,31.69861330316581
2008-03-25,3.51472464,3.60614843,3.51472464,3.55535761,64199,3.7687988648334048,3.9116552259999993,4.490075838802144,3.3332346131978543,6,4.806274643100002,4.089701330389996,-0.1857322624196008,0.1678588898714533,31.69861330316581
2008-03-26,3.50964609,3.55535761,3.47409244,3.54519975,43772,3.71676994246006,3.8722923575,4.437814894652569,3.30676982034743,7,4.803176404450002,4.068348327237447,-0.2004599817023425,0.1616736241663495,31.351346723426644
2008-03-27,3.55535761,3.60614843,3.52996258,3.60614843,42257,3.6730656476664505,3.840040180999999,4.388773690771041,3.2913066712289574,8,4.800128955050002,4.050222841071273,-0.1785632111127611,0.1555673545830388,35.88969024382159
2008-03-28,3.60614843,3.60614843,3.50456678,3.56551547,71384,3.6363540400398175,3.802454957,4.317227261513798,3.287682652486201,9,4.797056109150002,4.031214708872399,-0.1748225316481678,0.1517112328271075,34.26341221430808
2008-03-31,3.57059478,3.70265077,3.37753906,3.69249291,147449,3.37753906,3.7821386279999993,4.280326800953088,3.28395045504691,10,4.794440382150001,4.017931501073481,-0.0440752522084236,0.1640969811965998,42.96153795293354
2008-04-01,3.72804656,3.77375807,3.48932961,3.53504113,109011,3.37753906,3.751410168999999,4.2305957804174215,3.272224557582577,11,4.791011999700001,3.998994623776482,-0.0498895294002158,0.1726920868254141,36.51034347982296
2008-04-02,3.53504113,3.96168419,3.53504113,3.86518186,106616,3.37753906,3.736426887999999,4.180412893253098,3.2924408827469005,12,4.789031159900002,3.9937470644126982,-0.0179708506415742,0.1908314420521702,52.5869511377163
2008-04-03,3.83978606,4.02263287,3.79915386,3.82454889,74437,3.4125877678000003,3.720173816999999,4.1244953635406745,3.315852270459324,13,4.7862376646000016,3.987111841886711,-0.0382408906436364,0.1931634111913009,50.87930930130608
2008-04-04,3.84486537,4.12421452,3.84486537,4.02771218,32555,3.4613913759760004,3.715856592999999,4.104814931959525,3.326898254040473,14,4.784409192650002,3.9887040120088,0.0167772441377227,0.2007707125347794,58.189884006523606
2008-04-07,4.05310798,4.05818653,3.89057689,3.8956562,22462,3.5276736903784003,3.704936569999999,4.059287417184794,3.3505857228152034,15,4.782377559750001,3.9850550782045335,-0.0550041821821928,0.1984020644965809,52.69963341391059
2008-04-08,3.90073551,4.21563831,3.89057689,4.05310798,53999,3.58732777334056,3.7074761114999992,4.070926727254735,3.344025495745264,16,4.7813617433000015,3.987723819451415,-0.0306675349205124,0.2074491613182537,57.81080121674896
2008-04-09,4.09374018,4.09881949,3.96168419,4.05818653,90427,3.662725037739693,3.7102695805,4.083469859369693,3.3370693016303057,17,4.780701459600001,3.99048706300234,-0.0269638151595697,0.2024267426526642,57.96856477533493
2008-04-10,3.98707998,4.08866163,3.93628916,4.08358232,21299,3.72907463041093,3.722713359,4.126983832963823,3.318442885036177,18,4.780371319650002,3.9941378573944046,-0.01624435009432,0.1988514374631881,58.79827696859399
2008-04-11,4.05310798,4.05310798,3.9667635,4.01247501,34346,3.787462271961618,3.733633382,4.156399874843884,3.310866889156116,19,4.779609457300001,3.9948569614181535,-0.0851398777311191,0.1929919647872461,55.49500484822651
2008-04-14,4.02771218,4.02771218,3.86518186,3.88041903,62342,3.838843396526224,3.746839019,4.170619655727926,3.3230583822720745,20,4.778339686750002,3.9903691994017554,-0.0568335689934706,0.1908161330167286,49.889468931857046
2008-04-15,3.86523214,3.89057689,3.77883738,3.80931172,86174,4.21563831,3.7595367245,4.174738654699274,3.3443347943007256,21,4.7756985632000015,3.9832689060918822,-0.0898707209140217,0.1851678028012479,47.128943151901794
2008-04-16,3.80829616,3.93628916,3.73312587,3.93628916,110879,4.2069022914000005,3.778075409,4.190067334649929,3.36608348335007,22,4.7731590220500015,3.9814265631078873,-0.0577762659204646,0.1864531947440159,52.21383907698807
2008-04-17,3.95152633,4.02263287,3.93628916,4.01247501,23459,4.187951234544,3.8049945375,4.204176569141366,3.405812505858632,23,4.770390923300005,3.982644149260519,0.17049247498675,0.1793025172623005,55.0096990025686
2008-04-18,3.96168419,4.08866163,3.96168419,4.07850301,41318,4.16975821996224,3.8296280905,4.2324605316037776,3.426795649396221,24,4.767902171450006,3.986403320269911,0.1719429552565898,0.1755650117435647,57.339290897066405
2008-04-21,4.05818653,4.08866163,4.03152148,4.06326584,24437,4.152292925963751,3.855023502,4.249442984541304,3.460604019458695,25,4.765235651350006,3.9894175367299134,0.2149764458307275,0.1671060930475958,56.610805027254194
2008-04-22,4.05310798,4.06326584,3.81439103,3.91089337,59003,4.135526243725201,3.87280029,4.242890860679924,3.502709719320076,26,4.762340573700006,3.9863381576424666,0.2110041665423019,0.1729467156870532,49.79742547395563
2008-04-23,3.92613054,4.09881949,3.92613054,4.08358232,58804,4.119430228776193,3.8997194185,4.248273377969584,3.551165459030416,27,4.759902614950006,3.990151654205507,0.2207677966967807,0.174016673137978,56.2273879674893
2008-04-24,4.06834515,4.11405666,3.87533972,4.05310798,44024,3.73312587,3.922067396,4.24911625988823,3.5950185321117702,28,4.757464656250005,3.99262052972686,0.2042087077769646,0.1786381207709796,54.89128391161302
2008-04-25,3.99723784,4.0327915,3.92105123,4.00231715,55795,3.7407444858,3.943907479999999,4.22836336710845,3.659451592891549,29,4.753985484500006,3.9930007893454142,0.2155435151276738,0.1753108800016239,52.64589005266132
2008-04-28,4.01755432,4.06834515,3.99215853,4.02263287,58781,3.748210729284,3.960414478,4.2219922063776645,3.698836749622335,30,4.747458863350006,3.9941628317240254,0.103696321814546,0.1682305757157935,53.46584977739106
2008-04-29,3.95152633,4.08866163,3.95152633,4.06326584,16199,3.75552764789832,3.9868257135,4.164476714161307,3.8091747128386935,-1,4.740500519850006,3.996872753617201,0.1907570967303489,0.1660094845932369,55.13899959090429
2008-04-30,4.06326584,4.16992679,4.06326584,4.16992679,52931,3.762698228140353,4.00206296,4.18747315048743,3.816652769512569,-1,4.733465990450005,4.003659186416527,0.1954331195547181,0.1617703035508628,59.27807124616317
2008-05-01,4.15468962,4.38324795,4.06326584,4.33753643,56812,3.778987370614739,4.027712337,4.2466909144449705,3.808733759555029,-1,4.727777417500006,4.016752411655094,0.296367163500997,0.1730711468686583,64.77766229648802
2008-05-02,4.45435525,4.61180703,4.31721995,4.52038324,299476,3.815243005377855,4.05234589,4.359053068557603,3.745638711442396,-1,4.722596752800006,4.036502640217639,0.3155544753696434,0.1817508563780399,69.60087311428657
2008-05-05,4.61688558,4.61688558,4.30706209,4.46959242,82784,3.878968127347626,4.081042700999999,4.428438537332939,3.733646864667061,-1,4.717212927100006,4.053486553150281,0.3201574223980071,0.1908989016367513,66.86195129979507
2008-05-06,4.39848512,4.4899089,4.32229926,4.39848512,83620,3.952759872612864,4.098311558,4.471793661402219,3.72482945459778,-1,4.711930680000005,4.067015908713015,0.3076212558928297,0.1892353829484119,63.11717282119248
2008-05-07,4.44419739,4.51530393,4.30706209,4.51530393,61592,4.019172443351577,4.121167428,4.535720009073572,3.706614846926428,-1,4.707080155250005,4.084595831116426,0.332823734459772,0.1905929870235253,66.44239950966883
2008-05-08,4.46959242,4.54577827,4.33753643,4.41372229,43552,4.078943757016419,4.1376744265,4.570801497766767,3.7045473552332338,-1,4.701975676400005,4.0975027510726445,0.3040916818945722,0.1918536193789878,61.269560696561
2008-05-09,4.4188016,4.48482959,4.23595479,4.45435525,64534,4.132737939314778,4.1597684385,4.609844930238029,3.709691946761972,-1,4.696820408250006,4.111496966716855,0.3311593573204127,0.1959265608519172,62.52633623001796
2008-05-12,4.48482959,4.54069972,4.39340657,4.42895946,22940,4.1811527033833,4.18719546,4.632667597385913,3.741723322614087,-1,4.691588950450005,4.1239464762573705,0.3696383125387904,0.192452745791066,61.18988570400918
2008-05-13,4.43911808,4.43911808,4.25119196,4.25119196,78599,4.22472599104497,4.209289472,4.620084712884437,3.798494231115563,-1,4.686001959950006,4.12893649522767,0.3422939209163551,0.1921294153774184,52.69875407765424
2008-05-14,4.38324795,4.42895946,4.17500534,4.29182416,162449,4.61688558,4.227066222,4.6194247817961465,3.834707662203853,-1,4.680999063500005,4.135324246787369,0.2405570234415284,0.1965454657076028,54.26108992880936
2008-05-15,4.26642913,4.26642913,4.16992679,4.21055899,160244,4.6080479752,4.236970421,4.616967114277878,3.8569737277221217,-1,4.675996167050005,4.1382746288741385,0.1907192447892316,0.1912134588713454,50.65727533613946
2008-05-16,4.22071762,4.23849406,3.96168419,4.04294936,240708,4.590523127792,4.235192738499999,4.618456742333325,3.851928734666674,-1,4.670079036600005,4.134536383035937,0.0910776035998256,0.1973274882376779,44.14497522323201
2008-05-19,4.12421452,4.18008465,4.00231715,4.0327915,123477,4.55279279152448,4.233669021499999,4.619885916992789,3.847452126007209,-1,4.663679394450005,4.130546387622763,0.0402226937924518,0.1959303462207009,43.777664919702765
2008-05-20,4.04802867,4.08866163,3.92613054,3.98200067,117597,4.517326275433011,4.237224386499999,4.612648806952393,3.861799966047606,-1,4.656746447500005,4.124721065363047,0.0265031917568975,0.1935446850620794,41.90034949078717
2008-05-21,4.12421452,4.12421452,3.99215853,4.0327915,84644,4.47003061659837,4.234684845499999,4.614888846655905,3.854480844344092,-1,4.650118244000005,4.1211159843684175,-0.0162372565747014,0.1898781968433594,44.46504473465357
2008-05-22,3.96930278,4.01247501,3.86518186,3.95152633,95809,4.4265186104705005,4.229605763,4.621898525540723,3.837313000459276,-1,4.6431345077500055,4.114465409687303,-0.0183691169305582,0.1882875856402623,41.32202125845782
2008-05-23,3.96168419,3.96168419,3.81946958,3.86010254,61754,4.37038493542345,4.222495032499999,4.635612286110248,3.8093777788897487,-1,4.637090398250005,4.104490395189761,-0.0446418790098359,0.184996658808815,38.06241814721231
2008-05-27,3.92105123,3.92105123,3.80931172,3.8296282,37433,4.304275092772636,4.212844798999999,4.6523595883073945,3.7733300096926032,-1,4.631452618400005,4.0937114855744765,-0.0513271241980158,0.1797640053224711,37.01429474789629
2008-05-28,3.86010254,3.95152633,3.78391669,3.86518186,110555,4.234980220584467,4.2029406,4.663896138229329,3.741985061770672,-1,4.627795678400005,4.084749539473517,-0.0555918884432782,0.1788958363708661,39.1205989838975
2008-05-29,3.84486537,3.88041903,3.80423241,3.84994468,53917,4.162810055690953,4.186941494499999,4.672903801983095,3.700979187016904,-1,4.622564224350006,4.0755415057686735,-0.0762001856496937,0.1715594637729471,38.525981354459226
2008-05-30,3.91597268,4.08866163,3.86518186,3.92613054,94222,4.1021871171804,4.166371199999999,4.659864381420812,3.6728780185791856,-1,4.617586724450006,4.069682252209118,-0.1149316961309276,0.1763564270748794,43.17663199754785
2008-06-02,3.97179177,4.15468962,3.97179177,4.13945245,57673,3.78391669,4.147324660499999,4.61333373376836,3.6813155872316377,-1,4.613117132800006,4.072418338396996,-0.1657020738336159,0.1800851879981023,53.73150986079074
2008-06-03,4.12929383,4.15468962,4.02263287,4.05310798,67277,3.7913321486,4.126500438499999,4.569709100751829,3.683291776248169,-1,4.606463536550006,4.071661069440251,-0.1892215292099512,0.1766545852839522,49.70687530395225
2008-06-04,4.06326584,4.34769429,4.03787081,4.2410341,54191,3.798599298028,4.118627887499999,4.547596963993024,3.689658811006974,-1,4.601587619100005,4.078303149070044,-0.1786743552865768,0.1861666491922413,57.21786496426199
2008-06-05,4.29690347,4.39340657,4.23341475,4.25119196,30449,3.82056309770688,4.105422288999998,4.499581124224069,3.7112634537759273,-1,4.597245002600006,4.085083102439847,-0.2302280691772244,0.1842970185356526,57.58658063069056
2008-06-06,4.20548045,4.29182416,4.13437314,4.13945245,17849,3.854933706044467,4.091708796999999,4.460261073050558,3.72315652094944,-1,4.593054761600005,4.087215233716716,-0.2365230977775625,0.1823794472116774,52.251766006728175
2008-06-09,4.15976817,4.46451311,4.15976817,4.33753643,49780,3.887242077881799,4.085867855999998,4.434404896886032,3.737330815113965,-1,4.589194660550006,4.097031751218021,-0.2620363026677714,0.1925709624108433,59.42737018350503
2008-06-10,4.32737781,4.39335552,4.19024327,4.19024327,81140,3.933423760451255,4.073932046499999,4.389439083407857,3.75842500959214,-1,4.584750465400005,4.100687104895746,-0.292390710873089,0.1933239115243545,53.04393039295266
2008-06-11,4.2816663,4.2816663,4.02263287,4.02263287,43447,3.975910908415155,4.062504091999999,4.36789630453537,3.757111879464628,-1,4.577893704300005,4.097626154507678,-0.2781331917462964,0.1980174485583292,46.8737103422657
2008-06-12,4.03787081,4.05818653,3.99723784,3.99723784,28049,4.46451311,4.047774775999999,4.335404730091145,3.760144821908852,-1,4.570808385650005,4.093689357860318,-0.3106965977281375,0.1882268229470201,46.00061623529408
2008-06-13,3.99215853,4.05818653,3.98707998,4.01247501,47416,4.455167604600001,4.0378705770000005,4.31587793749518,3.759863216504822,-1,4.564637301000006,4.090504481473639,-0.3262570590459937,0.1798610891650901,46.64280832908322
2008-06-16,4.01247501,4.01755432,3.9667635,3.99723784,28783,4.436444099616001,4.035585001,4.314138841603194,3.757031160396806,-1,4.558440819800005,4.086846966121732,-0.2982597636889416,0.1706417842247265,46.0529894611967
2008-06-17,4.0327915,4.05818653,3.86518186,3.9667635,41249,4.40826326363904,4.0322836010000005,4.3124520578564685,3.752115144143533,-1,4.551634851800006,4.082137810587546,-0.2494014915573446,0.1722391332086747,44.831931993595454
2008-06-18,3.95152633,3.95152633,3.72296725,3.84994468,111975,4.364816751347917,4.0256808015,4.316307362854439,3.735054240145561,1,4.543432134250005,4.073032197623329,-0.2094982041059632,0.1773503558366265,40.4089145560967
2008-06-19,3.79407455,3.90073551,3.76867876,3.81439103,67312,4.300631801213125,4.014760778,4.319564602800804,3.709956953199197,2,4.535508767400005,4.062889406736139,-0.2025398189376411,0.1741150982768675,39.14317795115565
2008-06-20,3.9667635,4.1038988,3.7585209,3.80931172,49442,4.242865346091813,4.0076500475,4.324423256064226,3.6908768389357753,3,4.527306049850005,4.052945183726878,-0.2561686939664235,0.1863481555428054,38.95544541825441
2008-06-23,3.86010254,3.96168419,3.7585209,3.76360021,48611,4.190875536482632,4.002824931,4.331169490738691,3.6744803712613097,4,4.518544634800005,4.041598322012099,-0.2767628856882497,0.1875492365754622,37.22513024908982
2008-06-24,3.80931172,3.82454889,3.70265077,3.76360021,49063,4.144084707834368,3.9995235315,4.33599466675089,3.6630523962491104,5,4.5100879631500055,4.030696435266527,-0.2528844676391111,0.1828598711057863,37.22513024908982
2008-06-25,3.71788794,3.88041903,3.54012044,3.73312587,115511,4.091112635294244,3.992920732,4.344520565450412,3.641320898549588,6,4.501529712900005,4.019027001334506,-0.2351941655364075,0.1941054938839444,35.989163187474034
2008-06-26,3.7585209,3.7585209,3.5502783,3.5502783,143151,4.01397372795305,3.977937413,4.3752061856484366,3.580668640351564,7,4.491981038950006,4.000644699321389,-0.3435820584913513,0.1951152871779484,29.6319054623164
2008-06-27,3.69249291,3.71280939,3.44869665,3.51980395,53428,3.947634267639623,3.9576210835,4.402156715716645,3.513085451283356,8,4.482457757700006,3.9817881993480007,-0.3400794984853842,0.2000436766652378,28.721296233660112
2008-06-30,3.47917175,3.68233505,3.43853879,3.64678139,158981,3.8678042488172832,3.9329875305,4.388944123191685,3.4770309378083155,9,4.473061455450006,3.9686506774127848,-0.2631620864024602,0.2031688611891493,37.35916856222153
2008-07-01,3.66963715,3.67725573,3.47409244,3.54519975,54286,3.790536466230172,3.907592119,4.389781702858274,3.425402535141727,10,4.462877898150006,3.9520447586907146,-0.250195309838781,0.2031684632470672,33.827424252379444
2008-07-02,3.50964609,3.60614843,3.40298514,3.4436181,140919,3.727176884508741,3.867721319,4.364677795095867,3.370764842904134,11,4.452541969100006,3.932106458349902,-0.3087850564682478,0.2031680937294195,30.70177486369728
2008-07-03,3.47409244,3.47409244,3.347115,3.43853879,14849,3.67725573,3.8270886605,4.324875029863884,3.3293022911361168,12,4.442104453850006,3.912750863512651,-0.2899044643648172,0.1977259041773182,30.549771417107067
2008-07-07,3.39282728,3.46901313,3.38266866,3.42838093,36182,3.611227584,3.7915350845,4.2965245754133,3.2865455935867,13,4.432911316400006,3.893755964159214,-0.2722002695584145,0.1897700874503669,30.227461391475728
2008-07-08,3.47917175,3.48932961,3.35219432,3.37759011,36824,3.5584050672000003,3.7435377685,4.213054553168291,3.2740209838317083,14,4.424302273050006,3.873514165956892,-0.2981207755213657,0.1860104590610549,28.60251953606412
2008-07-09,3.34203646,3.42838093,3.27600846,3.347115,112805,3.51614705376,3.701381355,4.153994213358566,3.2487684966414334,15,4.415540854150006,3.8528710614095623,-0.2380326793212041,0.1836077455566938,27.64233305615683
2008-07-10,3.34457573,3.45377596,3.31664066,3.41822231,142505,3.48932961,3.671160827,4.114557466676254,3.2277641873237464,16,4.405077946150005,3.8358260123346777,-0.1464673692044636,0.1802882851597871,33.27116747286577
2008-07-11,3.31664066,3.65693925,3.27600846,3.58075264,77597,3.27600846,3.650336567,4.068947920443663,3.231725213556337,17,4.395072153300005,3.82582313498822,-0.0929924398913488,0.1946198926483738,43.99532221328407
2008-07-14,3.5502783,3.91089337,3.5502783,3.66201856,174951,3.27600846,3.6328137445,4.017268828236564,3.2483586607634343,18,4.386513899250005,3.819399426165152,-0.1177887843295378,0.2064766910306328,48.45586324183324
2008-07-15,3.63662277,3.68741359,3.49440892,3.66963715,73109,3.27600846,3.61643371,3.963482262298256,3.269385157701744,19,4.3772064830500055,3.8135263957273033,-0.0830764294191223,0.205514403814159,48.8670272651402
2008-07-16,3.61122774,3.7585209,3.55535761,3.7585209,51524,3.3014038564,3.6060215799999993,3.921458751886761,3.2905844081132374,20,4.368470460750006,3.811369317463488,-0.0537677445042706,0.2053464671131477,53.5249097603794
2008-07-17,3.68233505,3.99215853,3.65693925,3.80423241,121466,3.325783436944,3.6037359665,3.9126656092582746,3.2948063237417244,21,4.359785227750006,3.811089438739429,-0.0692420765334871,0.2146230966050657,55.75704005859073
2008-07-18,3.68741359,3.8296282,3.64678139,3.79407455,11020,3.36576594252736,3.6027201424999995,3.908994595726648,3.2964456892733507,22,4.351023812700006,3.810422188200628,-0.0551096925694918,0.212353361847561,55.12346633271011
2008-07-21,3.74328373,3.78899524,3.73312587,3.78391669,21809,3.4033494977757184,3.6014503909999998,3.9044817646400896,3.298419017359908,23,4.342821095150005,3.8093827568986423,-0.0238502094797953,0.2015387417155923,54.45706423324526
2008-07-22,3.69249291,3.79915386,3.69249291,3.79915386,29549,3.4386780397091754,3.6032280735,3.9104319021879,3.2960242448120995,24,4.334669170700005,3.808981623686931,0.0226291733031885,0.19476175659305,55.3294486974873
2008-07-23,3.77883738,3.95660488,3.71280939,3.88041903,87758,3.471886869126625,3.6090690145,3.9322730473235135,3.285864981676485,25,4.326844845450005,3.81178309060117,0.0419471191770219,0.1982641661221179,59.75698590745029
2008-07-24,3.91597268,3.95660488,3.76867876,3.87787899,39118,3.5031031687790275,3.6163066704999993,3.956343509801663,3.276269831198336,26,4.318807196000005,3.8143750866560255,0.0381738412491594,0.1975257342562523,59.55828316158717
2008-07-25,3.97687032,3.97687032,3.78899524,3.80423241,12641,3.5324464904522856,3.629004375999999,3.97710119120169,3.2809075607983083,27,4.309944194700005,3.813977334630299,0.1329444024425002,0.1968364018093771,53.95615675701832
2008-07-28,3.72296725,3.90073551,3.59599057,3.88549834,90802,3.5600292128251487,3.6472890955,4.008684935252939,3.2858932557470606,28,4.3006748714500045,3.8167820799389145,0.2010659780938858,0.2045441545372788,58.58535026672526
2008-07-29,3.8296282,4.13945245,3.8296282,4.11913597,62534,3.58595697185564,3.6709068245,4.086723620144864,3.255090028855136,29,4.2927261080500045,3.828639095235427,0.1731352388427711,0.2120641613560446,68.41664984136834
2008-07-30,4.23087548,4.37309009,4.07850301,4.3527736,99226,3.59599057,3.711285517,4.21745728478107,3.205113749218929,30,4.285564603500005,3.84919338953992,0.238571757067871,0.2179586555448985,74.84696213407095
2008-07-31,4.31721995,4.44927594,4.16484748,4.39340657,67202,3.673700522,3.7587749405,4.329666816502494,3.1878830644975054,-1,4.279215750650004,3.870535082891296,0.3434065710768959,0.2227064987202629,75.77087714007146
2008-08-01,4.37816863,4.39848512,3.94644702,4.144531,260298,3.76676957216,3.794074551,4.3686914609065965,3.219457641093404,-1,4.273146244650005,3.881280020817128,0.2669613896568901,0.2390873273831013,60.99305743097474
2008-08-04,4.0734237,4.13945245,4.05818653,4.12421452,14249,3.8486703363008,3.8288662305,4.394900561825512,3.262831899174488,-1,4.266086318750005,3.890806863922338,0.2749210794289602,0.2281771232843083,59.96490832138867
2008-08-05,3.97692136,3.97692136,3.93120985,3.94644702,57299,3.920743008744704,3.857309076000001,4.385697099543045,3.328921052456957,-1,4.258594674250005,3.8929888308273446,0.273960938034851,0.2256648051925719,51.745560182628864
2008-08-06,3.93628916,4.00231715,3.87533972,3.92105123,84749,4.44927594,3.886005887500001,4.359981508038527,3.4120302669614744,-1,4.252042656600005,3.8940893170694095,0.2685647837812938,0.2186157069645311,50.67688877074246
2008-08-07,4.01755432,4.01755432,3.91089337,3.93628916,21449,4.4377972156,3.911909230000001,4.33465069079741,3.48916776920259,-1,4.245998550950005,3.895744212870609,0.2361054373164005,0.2106189386099217,51.32643960450912
2008-08-08,3.99723784,3.99723784,3.78899524,3.91089337,59834,4.426548065687999,3.9284162665,4.322989051465338,3.533843481534661,-1,4.2397512805000055,3.8963382974639194,0.2137891864004018,0.2104492001377844,50.14127548522617
2008-08-11,3.84994468,3.93628916,3.77883738,3.91089337,42028,4.401045952660479,3.940860007,4.31627465602083,3.565445357979171,-1,4.233580195900006,3.896909084622196,0.3081698471656796,0.2066636701279426,50.14127548522617
2008-08-12,3.92613054,3.92613054,3.84994468,3.86518186,3299,4.3637134383008505,3.950637242500001,4.306989385917366,3.594285099082636,-1,4.227358322000006,3.895664879735052,0.2757687346999167,0.1973438265473753,47.835480433491455
2008-08-13,3.86731506,3.92613054,3.83470675,3.91089337,17849,4.328620874802799,3.958255866000001,4.304216635005898,3.612295096994104,-1,4.2199174668500055,3.896262075431716,0.2505747191792363,0.1897781096511342,50.29694232181736
2008-08-14,3.78899524,3.95152633,3.75344159,3.87533972,64198,4.295633865114631,3.961811231500001,4.30279314253,3.620829320470001,-1,4.211968703450006,3.895441590904982,0.2888409773041614,0.1903714403903389,48.38458843173935
2008-08-15,3.90073551,3.90073551,3.84486537,3.8702604,38099,4.252258483105461,3.9656205240000006,4.300672479520053,3.630568568479948,-1,4.204857988200006,3.894454093222434,0.2734914700367959,0.1807642046481718,48.1031996947754
2008-08-18,3.86010254,3.8956562,3.69249291,3.87533972,69556,4.212353131657024,3.9701916755,4.297610519261038,3.6427728317389607,-1,4.196350523450006,3.893704509958809,0.2937431236508799,0.1823641393161596,48.42620779124415
2008-08-19,3.86010254,4.05818653,3.84994468,3.88549834,47785,4.160367109491322,3.9745088995,4.294996576185032,3.654021222814968,-1,4.188630321400006,3.893382699372189,0.2402147075094629,0.1842125472221482,49.10844030209785
2008-08-20,3.8702604,3.8702604,3.76360021,3.80423241,11254,4.113579689542189,3.9706995685,4.297322505176348,3.644076631823652,-1,4.180021274250006,3.889886609592888,0.2254213485807495,0.1797615174205662,44.08446601739244
2008-08-21,3.92613054,3.93628916,3.80931172,3.86010254,45394,4.07147101158797,3.969810746,4.297534091713015,3.642087400286985,-1,4.171742370850006,3.8887186068637543,0.2110275440854152,0.1763540340333829,48.02151433677231
2008-08-22,3.93120985,3.99215853,3.84994468,3.95914492,34369,4.033573201429173,3.9775563715,4.296464081294132,3.6586486617058673,-1,4.164060261750006,3.891480423065176,0.2315210631145875,0.1739154494595698,54.18056863450502
2008-08-25,3.99723784,4.08866163,3.90581406,3.92105123,59609,3.69249291,3.979334016,4.296561248842156,3.662106783157844,-1,4.1570257324000055,3.892640062552816,0.1245001206163643,0.1745534580696005,51.64577911772314
2008-08-26,3.87533972,3.99723784,3.86010254,3.91089337,56399,3.7004162844,3.968921886,4.280734930288889,3.6571088417111097,-1,4.150499111300006,3.893355878531137,0.0654166106803096,0.1718807324932005,50.96112501725052
2008-08-27,3.95152633,3.95152633,3.90581406,3.91597268,52649,3.708181191312,3.94708184,4.204786555064768,3.6893771249352327,-1,4.143388396100005,3.894242811922073,-0.0354722900385142,0.1628686994579719,51.30872099520492
2008-08-28,3.88549834,4.08866163,3.88549834,4.06326584,13199,3.71579080008576,3.9305748035,4.098444939616645,3.762704667383354,-1,4.138512478650001,3.900871165964345,-0.0666216379352358,0.1657468844966882,60.13351761311319
2008-08-29,4.00231715,4.08866163,4.00231715,4.08866163,12370,3.723248216684045,3.927781335,4.082674868994116,3.772887801005884,-1,4.134271448350002,3.9082354978873113,-0.0318361891399786,0.1600752841754962,61.431445940333774
2008-09-02,4.08866163,4.12421452,4.05818653,4.05818653,49837,3.7305564849503634,3.9244799355,4.064595293906199,3.784364577093801,-1,4.129065387100002,3.9141159305191815,-0.1003189836546693,0.1533576203058178,58.95115181816004
2008-09-03,4.08866163,4.08866163,3.91597268,3.9667635,136199,3.746302806352349,3.9254957595,4.066525031187772,3.784466487812228,-1,4.124037097900001,3.9161805410870567,-0.1319094543597287,0.154738429569688,52.14889933501919
2008-09-04,4.00231715,4.05310798,3.98707998,4.0327915,107399,3.761419274898255,3.931082773,4.079618697983776,3.782546848016224,-1,4.119491320400002,3.9207535198679566,-0.0597557557010869,0.1498531474575674,56.08969670665162
2008-09-05,4.02263287,4.04802867,4.02263287,4.0327915,36734,3.7759310847023246,3.93590789,4.090934680365393,3.780881099634608,-1,4.115808987650001,3.925147166147645,-0.0547429976191942,0.140963336924884,56.08969670665162
2008-09-08,3.99215853,4.03787081,3.97692136,4.02263287,26246,3.789862422114232,3.941494865,4.100515454111692,3.782474275888308,-1,4.111796511100001,3.928970134926168,-0.0535875047320659,0.1352480592873924,55.27739731813353
2008-09-09,4.05818653,4.05818653,3.9667635,3.9667635,17399,3.803236506029663,3.9442883715,4.103023192918859,3.785553550081141,-1,4.1082665500500015,3.9304522276741616,-0.1060291027979087,0.1321177000525787,50.91058583118359
2008-09-10,3.8956562,3.98707998,3.8956562,3.93120985,51451,3.816075626588476,3.947589771,4.102301722990924,3.792877819009076,-1,4.104558820750001,3.9304819383536063,-0.1106163531670226,0.1292109914773945,48.2958845241257
2008-09-11,3.83470675,3.89057689,3.80931172,3.83470675,23642,4.12421452,3.943780439999999,4.105511495134577,3.782049384865421,-1,4.100470158350001,3.926726048614249,-0.1317159352463086,0.1286886442290092,41.99182261138193
2008-09-12,3.8296282,3.84994468,3.76994878,3.84486537,19799,4.117916463999999,3.9422567225,4.107082870664219,3.77743057433578,-1,4.098260757150002,3.923515825923494,-0.1354306580106859,0.1252105910697942,42.83768226247668
2008-09-15,3.81946958,3.86010254,3.73820442,3.74836304,70649,4.103997756639999,3.936161854499999,4.119195532785974,3.753128176214024,-1,4.094349866850001,3.916647089220612,-0.189575537458613,0.1249739859933803,37.27689159151314
2008-09-16,3.77883738,3.87533972,3.77883738,3.83470675,158201,4.082050156441599,3.934130205999999,4.120687377508291,3.7475730344917073,-1,4.090083436200001,3.913433742584509,-0.2030261618478974,0.1251170355652817,44.25009455824987
2008-09-17,3.81439103,3.8423261,3.62646491,3.77883738,111209,4.061419412255103,3.928797157999999,4.126382515050001,3.731211800949997,-1,4.084953564600002,3.908155453855705,-0.1206349683528357,0.1315987608820474,41.06852385669691
2008-09-18,3.73312587,3.80931172,3.62646491,3.69249291,110688,4.026623052074695,3.9232101829999992,4.1399583788349,3.706461987165098,-1,4.080230018850002,3.899698099194697,-0.1341018061033647,0.135259335819044,36.67924475196686
2008-09-19,3.8296282,3.88041903,3.65185994,3.7585209,48062,3.994610400708719,3.9181311009999993,4.145077326277828,3.6911848757221697,-1,4.075785819950002,3.894161738441964,-0.1288910952044543,0.1419236039748266,41.80163997085726
2008-09-22,3.80423241,3.81439103,3.66709711,3.70265077,117804,3.965158761452021,3.9053063935,4.149839877133157,3.660772909866842,-1,4.071036877650002,3.886651504385416,-0.1824970764880072,0.1423071979766247,38.93173790641793
2008-09-23,3.69757222,3.70773008,3.39282728,3.41822231,87704,3.93806325333586,3.8801649475,4.203690613088389,3.5566392819116115,-1,4.064662628250002,3.868281732056576,-0.1968411523023178,0.1546354552640086,28.28515268109045
2008-09-24,3.4436181,3.4436181,3.30140349,3.33695714,16484,3.8835396560022737,3.851468136,4.251719214161294,3.4512170578387065,-1,4.058186800200001,3.847445473544554,-0.1980061796046988,0.1537482520308651,26.08985093223683
2008-09-25,3.28616632,3.29632418,3.18966399,3.19474254,433925,3.8136833160820007,3.815406629,4.30573787506717,3.325075382932831,-1,4.050720548500002,3.821849280072218,-0.3725720298083979,0.1532871733143747,22.760618112018307
2008-09-26,3.1693475,3.21505902,3.05252869,3.1693475,70928,3.7263206104305207,3.770710712000001,4.321732919194271,3.21968850480573,-1,4.043686019100002,3.796260974971347,-0.3475885069184233,0.1539473987919194,22.21546636908751
2008-09-29,3.17950536,3.20490116,3.06268655,3.13633313,32197,3.618513903161637,3.723094287,4.318765843446641,3.127422730553359,-1,4.036054695500002,3.770381451639137,-0.3500955731771212,0.1531093424496394,21.494685510862965
2008-09-30,3.19982185,3.42838093,3.01189573,3.413143,106245,3.527956269055775,3.6908421104999993,4.28026588793223,3.1014183330677687,-1,4.0292995130000016,3.756372100594465,-0.2558391931523444,0.1719219037032366,39.28257413415963
2008-10-01,3.20490116,3.413143,3.19982185,3.37759011,35809,3.435065372025736,3.661383441,4.251593553666968,3.0711733283330305,-1,4.022950660150002,3.741517904884878,-0.2235843459162663,0.174878992724434,38.08885732634395
2008-10-02,3.33695714,3.37759011,3.15411033,3.15918888,25649,3.01189573,3.61770331,4.220668688673759,3.014737931326242,-1,4.015585990800002,3.718681472536451,-0.2760997843983388,0.1783504775298315,31.7134282788503
2008-10-03,3.13379385,3.25315194,3.04744938,3.0982402,76523,3.0192096176,3.570975745,4.182810796292889,2.9591406937071096,-1,4.007688016700002,3.694350442240904,-0.2885354814808886,0.1803041977062721,30.19451346854582
2008-10-06,3.04744938,3.09316089,2.58017411,2.8239696,124586,3.37759011,3.5110425815,4.167380145610864,2.854705017389135,-1,3.998951994350002,3.660217860192241,-0.2833114490458199,0.2044300471558241,24.506388025535983
2008-10-07,2.90523477,2.90523477,2.7528623,2.85444395,230022,3.36164179,3.4554266040000003,4.135937068075084,2.774916139924916,-1,3.990495322750002,3.628618883321957,-0.2042412712898349,0.2007116487875509,26.1706063849762
2008-10-08,2.85444395,3.06268655,2.49382964,2.94078842,150537,3.3460124364,3.4059055325000003,4.084861862669298,2.7269492023307027,-1,3.981937068700002,3.601645139662273,-0.1468490621714286,0.2270077388741544,30.82370405308579
2008-10-09,3.01189573,3.17442682,2.92555125,3.04237007,128921,3.311925124544,3.3662886985,4.032892954266012,2.699684442733987,-1,3.973404211200002,3.579712783989242,-0.1392270535851781,0.2285697268117148,35.93901345878551
2008-10-10,2.83412823,3.04744938,2.38208937,3.04744938,247965,3.2792013051622395,3.3264178990000004,3.968700615019804,2.684135182980197,-1,3.964058698250002,3.558839709322998,-0.029145152835964,0.2597690327537352,36.19308527334211
2008-10-13,3.10331951,3.14903102,3.03729152,3.12871454,41945,3.225374589052505,3.295435474,3.912604193145371,2.6782667548546293,-1,3.954789371150002,3.541972055624057,0.006827099662944,0.249195494699897,40.27446738595984
2008-10-14,3.11855668,3.11855668,2.79349526,2.8899976,133862,3.1747774759093548,3.2482000165,3.837000276538656,2.6593997564613447,-1,3.944986739300002,3.516404429913309,-0.0271458994280935,0.2553400507927615,33.49646113085119
2008-10-15,2.8493654,2.89761618,2.8239696,2.83920677,137267,3.14903102,3.2012184860000006,3.7624640492048735,2.639972922795128,-1,3.934447641600002,3.4898476589363168,-0.0804106191058019,0.2423619457361357,32.25273306071908
2008-10-16,2.85952326,2.86968188,2.79349526,2.79349526,27749,3.11855668,3.1562686035000005,3.696539043500902,2.615998163499099,-1,3.9253052934500015,3.462539721723128,-0.0820250407387408,0.230492279612126,31.132357916407344
2008-10-17,2.79349526,2.81127171,2.69699293,2.72238796,17764,3.0743686414,3.1044619565000007,3.600713254209276,2.608210658790725,-1,3.915045546450002,3.433514162439868,-0.0861028107024626,0.222191315354117,29.420304127172727
2008-10-20,2.71730865,2.73762513,2.67159714,2.70207148,8882,3.032831885116,3.0544329920000006,3.498360248561976,2.610505735438025,-1,3.905077846500002,3.4048301356775204,-0.0622750447166125,0.2110367921145372,28.930768481843955
2008-10-21,2.63604348,2.69694188,2.61572776,2.65635996,26431,2.99378733420904,3.0163398745000007,3.45961288394014,2.573066865059862,-1,3.894919681900002,3.375478364082324,-0.0286350389555476,0.202130144106356,27.809543158223505
2008-10-22,2.58525266,2.58525266,2.37701082,2.4379595,46799,2.957085456356497,2.9713899925000007,3.455904882534212,2.4868751024657896,-1,3.8836949115500015,3.3387129184320363,-0.0335278289939079,0.2076457866701877,23.18603183644467
2008-10-23,2.55985763,2.59033197,2.1890847,2.20432187,214023,2.9106794854479774,2.921868959,3.498624346010331,2.3451135719896694,-1,3.871479717500002,3.2942269949641134,0.0659687668165995,0.2214744640508886,19.45893220256453
2008-10-24,2.260192,2.260192,2.05702871,2.20940042,279342,2.83852000690318,2.8738716050000006,3.5162927679789933,2.231450442021008,-1,3.8592899162000016,3.25168477633807,0.1113155615698267,0.2201665230472537,19.760866486343403
2008-10-27,2.34145717,2.37701082,2.23987552,2.23987552,92024,2.744741051274798,2.8290487245000007,3.5155482400978,2.142549208902201,-1,3.8468715611000017,3.212005981971871,0.0649319911027558,0.2164125142581641,21.65877593881349
2008-10-28,2.29574489,2.35161503,2.16368891,2.22463835,15899,2.6622155703218224,2.769623492,3.449318502656679,2.089928481343321,-1,3.8343516236000017,3.1732856826788565,0.0173129803524483,0.2143777718111524,21.38639872378471
2008-10-29,2.28558703,2.29574489,2.15861036,2.19924256,113024,2.589593147083204,2.7107061145,3.3734598227680435,2.047952406231956,-1,3.822288801250002,3.1350879131620384,-0.0159968867451248,0.2088603973960701,20.91431119266302
2008-10-30,2.2297169,2.27542917,2.17384753,2.2297169,30784,2.525685414633219,2.6642325155,3.325024512205426,2.0034405187945743,-1,3.8103275613000016,3.099583167547841,-0.0031055705699884,0.2011976290106365,23.10774598124236
2008-10-31,2.20940042,2.26527055,2.13829388,2.22463835,128999,2.4694466100772328,2.6205524230000004,3.276288904381067,1.9648159416189337,-1,3.7981123710500015,3.0652716060753766,0.0357400833272933,0.1958961319384481,22.99329536085719
2008-11-03,2.18400539,2.25511269,2.14337242,2.20940042,97738,2.4199564620679648,2.5898239640000007,3.261945132077908,1.9177027959220931,-1,3.785668615650002,3.031708030150852,0.0472135793839061,0.1898849989428447,22.631104702146416
2008-11-04,2.28558703,2.28558703,2.07734443,2.08242374,177536,2.376405131819809,2.551222953500001,3.2464013209689853,1.856044586031016,-1,3.7726407699500015,2.9944811952429755,-0.0675785432703446,0.1911962561612129,19.8282358353634
2008-11-05,2.15353105,2.28050772,2.11289808,2.11289808,317279,2.338079961201432,2.5098284365000003,3.2058833386837904,1.8137735343162105,-1,3.761542974750002,2.959909308370702,-0.2392036991014743,0.191688236435412,22.314970149069723
2008-11-06,2.14337242,2.15861036,2.03163292,2.03671223,64520,2.30435381105726,2.4595455445000005,3.139565118211646,1.7795259707883553,-1,3.751003880900002,2.9237055013757725,-0.2693274572561418,0.1870660366900254,20.59509676477134
2008-11-07,2.06210726,2.06718657,1.99613031,2.02655361,91255,2.28050772,2.408500756000001,3.0568637392186706,1.7601377727813312,-1,3.7403378081000014,2.8885230742629973,-0.4163295274643335,0.1787796240693094,20.369657800865117
2008-11-10,2.14845173,2.14845173,1.89957693,1.90973479,88738,2.2350073344,2.3475517685000007,2.940449196841852,1.75465434015815,-1,3.729595549400002,2.850139219978174,-0.4583715536168788,0.183786422350073,17.938002524953944
2008-11-11,1.93513058,2.11289808,1.74720446,1.76752094,78796,2.174629861608,2.2914279355000007,2.880805130844094,1.7020507401559075,-1,3.717481937750002,2.8076836011555004,-0.4782756173488139,0.196779793610782,15.51050897130972
2008-11-12,1.78783666,1.89952589,1.74212515,1.74720446,142809,2.14845173,2.236827820000001,2.815329588271307,1.6583260517286953,-1,3.7057492591500014,2.766096183855285,-0.5027731345270281,0.1939670040671547,15.194170326629331
2008-11-13,1.68117647,1.79799529,1.68117647,1.77259949,14849,2.11289808,2.1857830315000006,2.7383840402619137,1.633182022738087,-1,3.6931531358000016,2.7271355291942934,-0.4882890479968948,0.1884564194909294,17.460245545616658
2008-11-14,1.67609716,1.71165081,1.60498985,1.67101785,17549,2.026553758,2.1332145260000006,2.6714725982678638,1.594956453732138,-1,3.680785570050002,2.6857191496180466,-0.4814789017434872,0.1869673638130059,15.65791769639266
2008-11-17,1.5999113,1.73196729,1.54912048,1.57959482,49649,1.9422409764,2.0770906930000006,2.600255602746961,1.5539257832530395,-1,3.6670720478500014,2.642341724927143,-0.4876031484249938,0.1866730385406483,14.233849194002474
2008-11-18,1.57446447,1.5999113,1.52728028,1.56435765,19685,1.86361687712,2.0224905775000006,2.5197282372551277,1.525252917744874,-1,3.654196573850003,2.6000678396358823,-0.4889930338850369,0.1785271800734592,14.005225951363045
2008-11-19,1.53896186,1.54912048,1.44753884,1.45261738,55499,1.796349557696,1.9732234715000008,2.490876353726501,1.4555705892735002,-1,3.6409909598500025,2.5550697823952597,-0.5015724402020264,0.1741194393539264,12.42865912574588
2008-11-20,1.46277601,1.46277601,1.22913761,1.3205614,103200,1.7265874141568,1.9290354480000005,2.5075390718012183,1.3505318241987827,1,3.6265155753000022,2.5066576889679943,-0.4410685752508824,0.1783707936857888,10.871149398794472
2008-11-21,1.30024492,1.30024492,1.11231879,1.17834679,165501,1.62709745332544,1.8774827665000005,2.526344474120997,1.2286210588790036,2,3.611735443550003,2.454567065479053,-0.5692407462596536,0.1805044948510896,9.491656888980089
2008-11-24,1.15295176,1.51351578,1.15295176,1.19358472,88369,1.524141720660352,1.8251682265000009,2.5160747884015544,1.134261664598447,3,3.597183873150003,2.405116777421051,-0.5576965797868875,0.1933658895045832,10.797785555595963
2008-11-25,1.19358472,1.23929623,1.1834261,1.1834261,137763,1.51351578,1.7731076140000006,2.4921082838566093,1.054106944143392,4,3.582327555550003,2.357207339090814,-0.590069880328877,0.1835447638256844,10.687059709657902
2008-11-26,1.21390044,1.23929623,1.1834261,1.20882189,969385,1.51351578,1.7235865805000006,2.454694034599722,0.9924791264002792,5,3.567674402750003,2.3121726155970563,-0.4269503138172719,0.1744251471238498,13.086517723650717
2008-11-28,1.21390044,1.58975268,1.1427939,1.49837994,85361,1.11231879,1.6870197325000007,2.3856466701936245,0.9883927948063772,6,3.5547991839500024,2.280259177338348,-0.4025302017864666,0.1938918351864319,34.6456720156544
2008-12-01,1.47293387,1.47801318,1.37643153,1.41198518,170156,1.1218674678,1.6463870740000004,2.308805062706011,0.9839690852939896,7,3.5415427806500026,2.246209216658413,-0.4300948976437175,0.1887530191016868,32.08811557939454
2008-12-02,1.44753884,1.44753884,1.24437554,1.31040354,137763,1.131225172044,1.6014372300000006,2.225853612975189,0.977020847024812,8,3.5283117739500027,2.209510954828671,-0.4464853843069467,0.1897823248801377,29.34512277719547
2008-12-03,1.26977057,1.41706373,1.26977057,1.3205614,160658,1.14039572220312,1.5633441130000003,2.157986962861967,0.9687012631380336,9,3.5153093248000027,2.1746501879726448,-0.4088076239062526,0.1867473845315565,29.989610479532416
2008-12-04,1.41706373,1.41706373,1.30024492,1.30024492,198374,1.1493828613590575,1.5227114550000005,2.070834061585189,0.9745888484148114,10,3.501951339150003,2.1403597853070506,-0.3840545518635962,0.181752486350731,29.41174832128749
2008-12-05,1.33579857,1.47293387,1.29008706,1.4576967,170679,1.1581902577318763,1.4937606785000002,1.988828175255096,0.9986931817449044,11,3.488999679300002,2.1135886839224605,-0.3017875712223528,0.1818306523256788,39.19098955799944
2008-12-08,1.46785455,1.67101785,1.30532423,1.65578068,369161,1.166821506177239,1.4752220320000002,1.9136208633089893,1.036823200691011,12,3.4765305311500025,2.095635428866678,-0.1667423629566221,0.1949637214452731,48.80094066491471
2008-12-09,1.61006916,1.67609716,1.55419903,1.67101785,20896,1.186989359930149,1.463286185,1.8651948943046928,1.0613774756953074,13,3.463223334800003,2.0789837591072,-0.138436323576801,0.1897447506277536,49.46255689487395
2008-12-10,1.69641364,1.7908841,1.63546419,1.66085999,30485,1.2163358279343404,1.4579531375,1.8461697902686172,1.0697364847313824,14,3.450271674950003,2.0625867485539766,-0.1246547048637976,0.1872929762971998,49.007890588385806
2008-12-11,1.74212515,1.74212515,1.57451551,1.57451551,14984,1.262299689699593,1.44931869,1.818639751645978,1.0799976283540222,15,3.436558152750003,2.0434466999832326,-0.0901999020077363,0.1858870237045427,45.20414463467238
2008-12-12,1.528804,1.55927834,1.48309173,1.55927834,10645,1.3045864425236255,1.4386526325,1.7813757236987633,1.0959295413012369,16,3.423860447000003,2.024459705474086,-0.08957048696618,0.1791396491542182,44.54706350881949
2008-12-15,1.51356683,1.59483199,1.48817104,1.48817104,45299,1.3434902551217356,1.4295102919999998,1.75633820292113,1.1026823810788695,17,3.4105532506500027,2.003428777416279,-0.1052160652492918,0.1739625992146312,41.51433599335581
2008-12-16,1.50848752,1.52372469,1.48309173,1.49325035,2399,1.3792817627119969,1.4251930684999998,1.746206176599725,1.1041799604002749,18,3.3971952650000032,1.9834217802626997,-0.096107099665451,0.1644390535564433,41.81903458591936
2008-12-17,1.51356683,1.63038565,1.51356683,1.63038565,58850,1.4122099496950369,1.4284944684999998,1.7564476077679705,1.1005413292320294,19,3.3845991417000025,1.9695772261347504,-0.0753417581581294,0.1624887854452687,49.47280509891085
2008-12-18,1.67101785,1.67609716,1.58467337,1.5999113,180315,1.442503881719434,1.4358591645,1.7721576474277063,1.0995606815722936,20,3.3720284149000026,1.955080523149074,-0.0948447132809602,0.1574127143420353,47.96283201714627
2008-12-19,1.67101785,1.67101785,1.44753884,1.47293387,154158,1.7908841,1.4434777879999998,1.7758641411813272,1.1110914348186725,21,3.3588228009500027,1.936172811260875,-0.1238099861248421,0.1621317354604614,42.18532087641793
2008-12-22,1.54404117,1.56435765,1.40690587,1.47801318,66449,1.7840171948,1.4584611074999998,1.7679160117562571,1.1490062032437425,22,3.3462012811000026,1.9182057668977035,-0.113879137542969,0.1617974529275712,42.48378295346976
2008-12-23,1.45261738,1.46277601,1.35103574,1.37643153,118547,1.768932741808,1.4676034479999998,1.755252328399239,1.1799545676007606,23,3.333071853000003,1.896959718391911,-0.1115495538114118,0.1593103091470304,38.2328616114863
2008-12-24,1.36119436,1.3916687,1.30532423,1.36627291,61801,1.74385892169952,1.4767457885,1.7381071693478032,1.215384407652197,24,3.320729683800003,1.8761484710039928,-0.0604200861463091,0.1540984634936711,37.82525066555807
2008-12-26,1.30532423,1.42214304,1.30024492,1.40690587,63379,1.7087761463635585,1.4866499874999997,1.7201800252533397,1.25311994974666,25,3.3087938404000026,1.8577468003763853,-0.0222615917060787,0.1517984389584089,40.555180439390725
2008-12-29,1.42727264,1.43839577,1.40182656,1.40690587,46199,1.6679230237272027,1.4820762839999997,1.7180782119079994,1.246074356092,26,3.297746838300003,1.8400667638910368,-0.0629579071750336,0.143567779747094,40.555180439390725
2008-12-30,1.40690587,1.54404117,1.40182656,1.47293387,98971,1.6311552133544824,1.4851237185,1.7189910456813136,1.2512563913186865,27,3.2873347196000027,1.825669395503153,-0.0397914258543246,0.1434711247651587,45.09818509745736
2008-12-31,1.47293387,1.63038565,1.42722235,1.54404117,224034,1.30024492,1.4968055999999996,1.717569923124577,1.2760412768754226,28,3.277227348100003,1.8146251513657743,0.0008781418996378,0.1477348515676473,49.56815647445281
2009-01-02,1.51864538,1.61514847,1.30024492,1.61514847,57130,1.63038565,1.5115349534999998,1.7223848392381145,1.300685067761885,29,3.2679326282500027,1.806802536410254,0.0546128487670847,0.159675472884244,53.63358424428506
2009-01-05,1.58467337,1.77259949,1.52372469,1.74212515,36089,1.30024492,1.5336289649999997,1.743892525875929,1.3233654041240703,30,3.2587140942500032,1.8042661683157344,0.1827153361359743,0.1660468533925122,59.8567131452325
2009-01-06,1.67609716,1.71165081,1.66085999,1.70149295,111072,1.30024492,1.5458187775,1.7651334387415427,1.326504116258457,-1,3.2494447709500025,1.8002358460288426,0.1461811846255493,0.1599910181501899,57.21057427656459
2009-01-07,1.65578068,1.68117647,1.51356683,1.51356683,82949,1.3096920114,1.5387080849999997,1.7524518251829584,1.324964344817041,-1,3.239235817050003,1.788993923831633,-0.1094397684936894,0.1619863825680335,46.88653985656705
2009-01-08,1.53896186,1.54912048,1.51864538,1.53896186,57235,1.318950160972,1.5321052854999997,1.7370707380034158,1.3271398329965836,-1,3.2292046276000037,1.7791887448578434,-0.1068758313854946,0.1529554730988882,48.24568539681714
2009-01-09,1.50848752,1.65070213,1.48817104,1.65070213,29024,1.32802314755256,1.5315973924999997,1.7353307781235328,1.3278640068764669,-1,3.2194273961000026,1.7741500540791044,-0.074372152174989,0.1536394457346819,53.84259650471104
2009-01-12,1.62022702,1.6659393,1.42214304,1.66085999,7864,1.336914674401509,1.5359146164999995,1.7466421884641434,1.325187044535856,-1,3.209904118700003,1.7697073064681592,-0.0598319125067698,0.1600792181822047,54.32615234909243
2009-01-13,1.55419903,1.67101785,1.55419903,1.64562282,16775,1.3456283707134788,1.5402318404999995,1.756170630812267,1.324293050187732,-1,3.199669768250003,1.7648412481752902,-0.06035649806107,0.1569891897406186,53.42206025285269
2009-01-14,1.60498985,1.65070213,1.49832966,1.65070213,11744,1.354167793099209,1.5483583949999995,1.7680492441313638,1.3286675458686357,1,3.190248073250004,1.7603652043252789,-0.0233071172545692,0.1566594240448602,53.69867937170132
2009-01-15,1.50340821,1.65578068,1.50340821,1.63038565,36743,1.362536427037225,1.5552151599999997,1.7761547967219342,1.3342755232780652,2,3.179074092200003,1.755267966900758,-0.0058682020452962,0.1563532130416559,52.359238131600826
2009-01-16,1.63038565,1.6659393,1.63038565,1.6659393,2849,1.3707376882964806,1.5569928424999997,1.780875689044608,1.3331099959553914,3,3.168281044250003,1.7517648819242575,-0.0443624177487846,0.1477246728243947,54.49822825809002
2009-01-20,1.63038565,1.67609716,1.53896186,1.61006916,17849,1.378774924330551,1.5575007354999997,1.781816400251162,1.3331850707488373,4,3.156192829150003,1.7462081869468358,0.0430114260371234,0.1469682890512237,50.64976152388744
2009-01-21,1.58975268,1.58975268,1.47293387,1.50848752,93851,1.38665141564394,1.5592784179999997,1.7814383264963474,1.337118509503652,5,3.144256985750004,1.7368858078508815,0.1115229671840394,0.1462659319761363,44.49717242362624
2009-01-22,1.51356683,1.53896186,1.47801318,1.50340821,73894,1.3943703771310612,1.5605481695,1.7811202985520782,1.3399760404479215,6,3.131508486900003,1.7277298236214351,0.1061414988767306,0.1401718425492694,44.20800087171009
2009-01-23,1.48309173,1.54404117,1.47801318,1.54404117,9449,1.40193495938844,1.5689286514999998,1.7730017830452935,1.364855519954706,7,3.118937760100004,1.72052634700883,0.1813809127237543,0.1348758530814644,47.1659808173683
2009-01-26,1.51864538,1.6659393,1.50848752,1.6659393,37214,1.409348250000671,1.5839119709999998,1.7694279725676387,1.3983959694323609,8,3.1068495450000038,1.7183856784986795,0.1959429247636442,0.1364884192899313,54.89236996134128
2009-01-27,1.53388255,1.68625502,1.53388255,1.68625502,32249,1.416613274800658,1.5978794285,1.76953144666193,1.42622741033807,9,3.095218445050004,1.717125652675202,0.1874626983758806,0.1376229943406504,56.04603788163138
2009-01-28,1.68625502,1.70149295,1.55419903,1.6659393,23051,1.4237329991046448,1.6108310999999995,1.760583166339604,1.4610790336603954,10,3.084146046400004,1.715118344727155,0.2342796364760676,0.1383137747448897,54.54372535959052
2009-01-29,1.70149295,1.70149295,1.66085999,1.67609716,4051,1.4307103289225518,1.6209892644999997,1.759053491069361,1.4829250379306385,11,3.073479973600004,1.713588102188835,0.256271840781073,0.1313365736916833,55.190481170351326
2009-01-30,1.64562282,1.70149295,1.64562282,1.67101785,66223,1.4375481121441007,1.6273380984999997,1.762307983694979,1.49236821330502,12,3.0621536170500034,1.711918680534371,0.2572828182313263,0.1259461134279916,54.7708352141098
2009-02-02,1.65070213,1.67609716,1.60498985,1.63800423,35249,1.4442491397012187,1.6284808864999998,1.7634056133499534,1.4935561596500462,13,3.050281263150004,1.7090200746310622,0.1885073403852827,0.122029056040278,52.00312015984481
2009-02-03,1.63038565,1.70149295,1.63038565,1.67609716,32555,1.4508161467071945,1.6251794869999998,1.7517952172076414,1.4985637567923582,14,3.038269233900004,1.707728979939648,0.1664024424806513,0.1183917877516867,54.83889955232882
2009-02-04,1.64054351,1.68117647,1.57451551,1.57451551,14864,1.4572518135730503,1.6188306149999998,1.7421956392953992,1.4954655907046004,15,3.0258254822500046,1.702504922294956,0.0708781565583698,0.1175538714837091,46.883922310934025
2009-02-05,1.64562282,1.65578068,1.43738021,1.62022702,27067,1.77259949,1.6241636245,1.7376953925694512,1.5106318564305488,16,3.0143721505000043,1.6992783378912322,0.2378585915231498,0.1247571999491584,50.372644083540855
2009-02-06,1.58975268,1.85894397,1.57959482,1.73704584,16574,1.43738021,1.6340678235,1.750659849428463,1.5174757975715367,17,3.0026394681000044,1.7007594164053017,0.225473681918647,0.1357994820956471,57.970136103306615
2009-02-09,1.79799529,1.96560492,1.78783666,1.86910259,30899,1.43738021,1.6449878465,1.800260642452855,1.4897150505471446,18,2.991719441150004,1.7073611094874466,0.1711685453077246,0.1424251676602437,64.57279009676935
2009-02-10,1.82846963,1.87418114,1.82339032,1.85894397,55724,1.4585091984,1.6548920454999998,1.8360613809308712,1.4737227100691284,19,2.981002575250004,1.7133055353898996,0.1814386785813883,0.1358798571130835,63.74321951271195
2009-02-11,1.85386466,1.89449762,1.83354894,1.88941831,13259,1.478793027264,1.66708182,1.8749550884373056,1.4592085515626942,20,2.970336502450004,1.7202119187079428,0.1849097422732545,0.1305276301764347,65.18804847544578
2009-02-12,1.88433976,1.88433976,1.83862749,1.85894397,28612,1.49826550297344,1.677493912,1.9012933918098744,1.4536944321901253,21,2.959314893100004,1.7256523913076314,0.1572471309178622,0.1248321437352607,62.5056034076261
2009-02-13,1.86910259,1.87418114,1.72688798,1.73704584,212835,1.5169590796545025,1.6828269214999998,1.9069650306154171,1.4586888123845825,22,2.947150488350004,1.726099193217136,-0.1272628791901542,0.126436502039885,53.09414537657721
2009-02-17,1.72688798,1.78275811,1.68117647,1.77259949,61679,1.534904913268322,1.688159931,1.9154898948313297,1.4608299671686702,23,2.934325803650004,1.7279227342674446,-0.0664156232321036,0.1246611547513218,55.21235072070456
2009-02-18,1.69641364,1.79291597,1.69641364,1.76244163,7799,1.5521329135375892,1.6957785545,1.922341259324971,1.4692158496750292,24,2.9205360956000046,1.729276416453035,-0.0646544179014288,0.1226498101262273,54.455714409033405
2009-02-19,1.71165081,1.75736232,1.61006916,1.64054351,66590,1.5686717937960857,1.702381354,1.91392536143114,1.4908373465688602,25,2.9063908510500043,1.7257966946313474,-0.0694482829283571,0.1247728572600682,46.26241685515816
2009-02-20,1.62530633,1.70149295,1.62022702,1.67101785,41843,1.5845491188442422,1.710761836,1.9024611021326516,1.5190625698673488,26,2.8927535147000043,1.7236485046458043,-0.0443185343424013,0.1216652195986348,48.35445739596834
2009-02-23,1.68625502,1.70149295,1.67101785,1.67609716,41894,1.5997913508904724,1.7173646354999998,1.894156582853352,1.5405726881466475,27,2.878557480850004,1.7217837460322434,-0.0865894821557104,0.1151516396273037,48.71284720375795
2009-02-24,1.6659393,1.74720446,1.54912048,1.72688798,68084,1.96560492,1.7204120695,1.895647542578045,1.545176596421955,28,2.865123309300005,1.7219839120701943,-0.0643707481656521,0.1210753782253535,52.27898153082265
2009-02-25,1.62530633,1.8030746,1.62530633,1.67101785,28132,1.9572752312,1.719650211,1.895604086459694,1.543696335540306,29,2.8512066223000043,1.7199852429694025,-0.1170264753029958,0.1251248704949711,48.30047859468664
2009-02-26,1.65070213,1.85894397,1.63546419,1.67101785,90353,1.949112136176,1.7199041385,1.8955616384474288,1.5442466385525708,30,2.8374169142500048,1.7180649530490335,-0.1865510717946233,0.1321502211739017,48.30047859468664
2009-02-27,1.6659393,1.74212515,1.62530633,1.74212515,58484,1.94111230305248,1.7232055379999998,1.8979250410055528,1.5484860349944467,-1,2.8248715802000044,1.7190084901843656,-0.1168104116329518,0.1310551210900516,53.52142507849184
2009-03-02,1.66085999,1.6659393,1.54912048,1.57451551,53549,1.9332724665914305,1.7183804209999998,1.903612199169465,1.5331486428305343,-1,2.8112850369500046,1.7133420988045869,-0.1429006988219305,0.1354800888693336,42.6007506739768
2009-03-03,1.57451551,1.62530633,1.55419903,1.58467337,20099,1.9255894268596017,1.715713878,1.9069357870978447,1.524491968902155,-1,2.798155608850004,1.708296266302446,-0.1454950450674158,0.1308820325215241,43.35509659091642
2009-03-04,1.47806346,1.60752989,1.47806346,1.58467337,93557,1.91806004792241,1.7111426885,1.910146863088389,1.512138513911611,1,2.785864228900004,1.7034483095847028,-0.0872552144989683,0.1307809180557009,43.35509659091642
2009-03-05,1.57446447,1.57451551,1.50848752,1.51864538,14699,1.9004601844055136,1.708349182,1.9163133432497732,1.5003850207502265,2,2.773293498300004,1.6962011358754987,-0.0827257029837317,0.1268812703374366,39.44693250904463
2009-03-06,1.528804,1.528804,1.4576967,1.48817104,12544,1.883564315429293,1.7017463829999997,1.928058743028324,1.4754340229716758,3,2.7608243501500045,1.688043092899989,-0.1036141996373814,0.1228974153133339,37.7553169668312
2009-03-09,1.52372469,1.54404117,1.51102679,1.53896186,9899,1.8580122585035357,1.691842184,1.9282220933049712,1.4554622746950288,4,2.748355201950004,1.682196770041166,-0.0996043948880549,0.1181097520766672,42.203908194017735
2009-03-10,1.53896186,1.54912048,1.48817104,1.528804,74660,1.8339933249933236,1.6748272544999998,1.906666573427607,1.442987935572393,5,2.736241590300004,1.6761813672944537,-0.069353101420161,0.1140268726426196,41.56411377388337
2009-03-11,1.44753884,1.46175969,1.42722235,1.42722235,136565,1.811415527493724,1.6532411734999997,1.8927562648622167,1.4137260821377826,6,2.724077189350004,1.666418268577024,-0.2043573587879624,0.1131379281681468,35.730651000107486
2009-03-12,1.4323009,1.4323009,1.40182656,1.41706373,49349,1.780680073294226,1.6296234444999995,1.8644346867784645,1.3948122022215346,7,2.712014367000004,1.6566396592210624,-0.2074940714001133,0.1072333861561363,35.19861910693781
2009-03-13,1.3916687,1.3916687,1.26977057,1.34595643,181644,1.7427947219648037,1.6039740674999998,1.8449731788642356,1.3629749561357642,8,2.699418239850004,1.6444560031731776,-0.1468245907485625,0.1100947985735551,31.64650690742721
2009-03-16,1.35103574,1.37033666,1.31040354,1.3205614,59270,1.686031823729027,1.5831498454999997,1.845578707257553,1.3207209837424465,9,2.6867713234500035,1.6317542540291314,-0.0428237081929971,0.1065118215325869,30.464095626434187
2009-03-17,1.32564071,1.39674725,1.29008706,1.35611505,211800,1.6360804732815435,1.5623256234999996,1.827401161241706,1.2972500857582931,10,2.673921246000004,1.620944873478969,-0.0371335283558766,0.1065224192802593,34.17236425873557
2009-03-18,1.35103574,1.37135222,1.30532423,1.37135222,205048,1.5921232848877584,1.5427711529999997,1.80357839293074,1.2819639130692588,11,2.660080744850004,1.6111569262837155,0.1008707722657197,0.103629960045955,35.75366772593979
2009-03-19,1.37135222,1.40182656,1.35611505,1.38658939,164969,1.5534409591012277,1.5300734469999997,1.7952943950974851,1.2648524989025136,12,2.646748151900004,1.602350356233374,0.1528996763745896,0.0994929278998153,37.37378995020053
2009-03-20,1.54404117,1.57451551,1.4576967,1.53896186,14897,1.26977057,1.5234706474999995,1.7807846566299068,1.2661566383700922,13,2.633237790700004,1.599864532851673,0.1525781327664694,0.1058095844783999,50.74901840537828
2009-03-23,1.63038565,1.63038565,1.58467337,1.62530633,12778,1.2758654688,1.5209311059999997,1.7731211791449455,1.2687410328550532,14,2.6201083625500043,1.6008622503869014,0.1796931913075073,0.1047820277299428,56.42794002906943
2009-03-24,1.61514847,1.65578068,1.6039743,1.64054351,16004,1.290046276048,1.5166138824999995,1.7572444249637915,1.2759833400362075,15,2.6076138178500035,1.602418378214866,0.1543868017937787,0.1009980528920897,57.36226901601085
2009-03-25,1.65070213,1.65070213,1.42214304,1.58467337,17428,1.31199034028512,1.5122966584999995,1.7446472685830317,1.2799460484169678,16,2.593849502550004,1.6017224955397733,0.1695278497387921,0.1101095555426548,52.88432613203226
2009-03-26,1.5999113,1.7065715,1.5999113,1.7065715,48944,1.332617760668013,1.5140743409999995,1.7517384419227289,1.27641024007727,17,2.581431143700004,1.6058342212048802,0.2502649044565054,0.1109515965753223,60.18696011737946
2009-03-27,1.68625502,1.68625502,1.62530633,1.62530633,26249,1.362534059814572,1.5082333999999995,1.7282807478109068,1.2881860521890922,18,2.569444511000004,1.6065978333144928,0.1964248095622642,0.1088311375342278,54.160167918580086
2009-03-30,1.62022702,1.65070213,1.62022702,1.64816209,154499,1.390057055029406,1.5119157289999996,1.7386401015914144,1.2851913564085848,19,2.557699132250004,1.6082278041649047,0.2876980232452314,0.1032342784246401,55.509524580047206
2009-03-31,1.64562282,1.67609716,1.63038565,1.67609716,545082,1.4153782106270536,1.5164869184999996,1.752395230404128,1.280578606595871,20,2.546017243000004,1.610889347530987,0.4813268546825938,0.0991255092514516,57.16903645424209
2009-04-01,1.66522772,1.67609716,1.64562282,1.65578068,768183,1.4386736737768893,1.5200422839999994,1.7620192273128576,1.2780653406871412,21,2.534309957200004,1.6126497919415363,0.2459405668246077,0.0942218543049193,55.546286041342206
2009-04-02,1.67101785,1.75228377,1.65070213,1.75228377,176708,1.460105499874738,1.5317242034999994,1.7940099320823206,1.269438474917678,22,2.5232375585500035,1.6181256342183388,0.2968807216214848,0.0947475532831394,61.18259501400004
2009-04-03,1.75736232,1.78275811,1.71165081,1.77259949,9599,1.4893233268872643,1.5459456259999995,1.82738765041246,1.2645036015875393,23,2.5128508326000034,1.6241834324842863,0.3001831159262965,0.0930589637629151,62.26722393932469
2009-04-06,1.7776788,1.78783666,1.67609716,1.71165081,13409,1.5245355008607926,1.5545800734999995,1.84508529784932,1.264074849150679,24,2.502337131500004,1.627613525720197,0.2957555876703957,0.0943932877798497,57.1114415910772
2009-04-07,1.71703486,1.73704584,1.69641364,1.73704584,10963,1.5613976631402815,1.5649921654999996,1.8658002583612991,1.2641840726387,25,2.491975802100004,1.631904989025287,0.2974964312955631,0.090553210081289,58.64783499060904
2009-04-08,1.69641364,1.76757123,1.69641364,1.76752094,12599,1.5930991227006424,1.5820070949999996,1.888168741707758,1.2758454482922412,26,2.481995405750004,1.6372232616125306,0.366409566825103,0.0891678086469112,60.47756000439502
2009-04-09,1.74212515,1.74720446,1.64562282,1.72688798,30731,1.6203623779225524,1.5974983074999998,1.9000406593982,1.294955955601799,27,2.471811844600004,1.6407395250787058,0.3758322330653454,0.0915056880292747,56.86472192690455
2009-04-13,1.68117647,1.78783666,1.68117647,1.78783666,18674,1.6438087774133952,1.6195923189999994,1.9097136173817093,1.3294710206182894,28,2.462085398550004,1.6465080401736585,0.3895399610052005,0.0925881524557551,60.66092078296137
2009-04-14,1.69641364,1.79291597,1.67609716,1.79291597,51749,1.64562282,1.6432100474999995,1.907905152993632,1.3785149420063674,29,2.453298586900004,1.6522495276178288,0.426928840375547,0.0943189137089154,60.969203279182
2009-04-15,1.7776788,1.87926045,1.7776788,1.85386466,30011,1.669189724,1.6680975279999994,1.912998156348186,1.423196899651813,30,2.444968890450004,1.6601560033975218,0.4450461826783405,0.09483768058685,64.55828798517089
2009-04-16,1.85894397,1.89449762,1.85386466,1.88433976,8399,1.67609716,1.6937469049999998,1.9152990221630848,1.4721947878369148,1,2.4361566823000045,1.6689475232642856,0.3918861915309419,0.0909659148306465,66.23040839345255
2009-04-17,1.88941831,1.94020913,1.85894397,1.94020913,25297,1.719777252,1.7214278919999997,1.9196700931592607,1.5231856908407382,2,2.428131729200005,1.6795852333323529,0.4044566281163921,0.0902730037713146,69.10789721068656
2009-04-20,1.96560492,2.03163292,1.90973479,2.03163292,15112,1.7638636276000002,1.7460614449999994,1.9684561029830223,1.5236667870169764,3,2.4210718033000047,1.6933910249663782,0.4090720282172075,0.0925319413590778,73.14106875037214
2009-04-21,2.00623789,2.1152347,2.00623789,2.08242374,7825,1.81741748608,1.7689173154999995,2.027918048653273,1.5099165823467262,4,2.4142912280500046,1.7086472098696577,0.406657756475498,0.0937080034048579,75.08703509774867
2009-04-22,2.04687009,2.16363862,2.04687009,2.10781953,32960,1.876980928864,1.7922811164999994,2.083095294964796,1.5014669380352033,5,2.407688421050005,1.724301026345357,0.4006525116417638,0.0953551838759395,76.0224672163247
2009-04-23,2.02655361,2.04179078,1.95544706,2.01639575,163649,1.9343124670912,1.8138672355,2.1039264066541428,1.5238080643458565,6,2.400882449250005,1.7357557213906372,0.4013236413688784,0.0994278471705153,66.3621878354526
2009-04-24,2.0196466,2.09760987,2.0196466,2.07226588,8686,1.95544706,1.8321519544999996,2.138498973254196,1.525804935745803,7,2.394508203650005,1.7489521981988474,0.3872272809090473,0.0981268666583356,68.95816189181973
2009-04-27,2.04179078,2.13321456,2.04179078,2.11289808,17404,1.95544706,1.856531542,2.1706616005340305,1.542401483465969,8,2.3879815825000046,1.7632245857204611,0.4059482668330721,0.0976480747541687,70.72748820161402
2009-04-28,2.1014702,2.13829388,2.06556153,2.13829388,6226,1.997085372,1.8810381315,2.20270541189481,1.5593708511051894,9,2.3807692887000043,1.777933185496129,0.3740389099218466,0.095868380128871,71.80903830080841
2009-04-29,2.12813525,2.15861036,2.1230567,2.13321456,189599,2.0303960216,1.9038940014999997,2.229007375511441,1.5787806274885583,10,2.3731252687000044,1.7918657884178495,0.0652499536914967,0.0915601858339516,71.24207937315532
2009-04-30,2.14332214,2.14337242,2.03163292,2.08242374,151997,2.16363862,1.9252261545,2.238181410725653,1.612270898274346,11,2.3651892016500047,1.8032602178916597,0.3530079099853945,0.0930015654172408,65.65950609201411
2009-05-01,2.11792635,2.17892608,2.09766091,2.17384753,91430,2.03163292,1.9463043424999995,2.2665301009292738,1.6260785840707253,12,2.3572658348000046,1.817793053660614,0.2787020385992417,0.0932516207445807,70.18794433427276
2009-05-04,2.17892608,2.56493618,2.17892608,2.55477832,187451,2.03163292,1.9854132839999996,2.39092523233584,1.579901335664159,13,2.351018564350005,1.8466944366543157,0.3914973230406631,0.114525694262825,81.27049541573103
2009-05-05,2.44303881,2.54462046,2.44303881,2.52938329,269436,2.0529650504,2.0262999079999995,2.475682341130253,1.576917474869746,14,2.3446951080500047,1.8734665485502249,0.4615979280196126,0.1143266811011946,79.15783799992943
2009-05-06,2.54462046,2.74778375,2.54462046,2.73762513,453260,2.073443895584,2.0763288724999995,2.6020627530613103,1.5505949919386883,15,2.339463650250005,1.9073551203717845,0.5703743075172151,0.1217605224511093,83.04911753109013
2009-05-07,2.76810023,2.76810023,2.58017411,2.70207148,73094,2.1139042868489595,2.1230563995,2.6948085839165543,1.551304215083445,16,2.333978238350005,1.938520467808185,0.5565412559460716,0.1264866365617443,80.29281287498505
2009-05-08,2.71730865,2.84428609,2.71730865,2.73762513,33074,2.166239962301043,2.1735932569999994,2.774287626959515,1.5728988870404836,17,2.3282642688500053,1.9698579055411976,0.5335303050621983,0.1276100632359054,80.97287721214748
2009-05-11,2.73762513,2.78841595,2.73762513,2.7833374,101289,2.234044575070939,2.223368294,2.8522716748355696,1.5944649131644295,18,2.322791560900005,2.001759062186641,0.5430622192313358,0.1221229744333408,81.84056020685125
2009-05-12,2.7833374,2.85088911,2.7731285,2.85088911,3599,2.2950687265638448,2.276266951,2.9289728763845133,1.6235610256154864,19,2.3180248444000053,2.0350582797479486,0.5312954111889637,0.1189542341166736,83.0692767837109
2009-05-13,2.80365312,2.80365312,2.78841595,2.79349526,5191,2.3617671725761835,2.323248481,2.9828061009433053,1.663690861056694,20,2.312564829000005,2.0648009064244994,0.5293719814454688,0.1149198716797683,78.22626463853555
2009-05-14,2.76810023,2.92047194,2.74275548,2.91437707,4724,2.420461805067041,2.3747503465,3.0498539786173304,1.6996467143826697,21,2.306541034500005,2.0981176187215778,0.5305373308261718,0.1194053422740706,80.7692901824951
2009-05-15,2.88491905,2.93063056,2.80365312,2.83412823,16499,2.490463223957656,2.4194463015,3.091915181617802,1.7469774213821978,22,2.2989478076500047,2.1269807799481826,0.5145981239557817,0.1199462063973512,74.54488144998435
2009-05-18,2.84174681,2.87983974,2.79349526,2.82650964,39560,2.5608899977244306,2.4591901375,3.12923220577854,1.7891480692214592,23,2.291113323000005,2.1544132842639403,0.4946725564302165,0.1175460830832547,73.96213212170872
2009-05-19,2.76815051,2.94586773,2.51922467,2.53954115,73706,2.94586773,2.482046008,3.129940662540885,1.8341513534591145,24,2.283088373750005,2.169516337822217,0.4414231419374352,0.139624438577308,56.15491603055991
2009-05-20,2.53959219,2.62588562,2.49890818,2.53446184,71560,2.94586773,2.5033781235,3.128268225275839,1.8784880217241609,25,2.275139610350005,2.1838279261429143,0.4159451028045955,0.1387210815360717,55.8983843227731
2009-05-21,2.55985763,2.6462021,2.51414612,2.6462021,13499,2.94586773,2.5348684409999995,3.1206759607068952,1.949060921293104,26,2.268638385750005,2.2019602466863293,0.4206752201293867,0.1382450028549237,60.205315907462726
2009-05-22,2.66651859,2.67667645,2.66651859,2.66651859,19808,2.927989348,2.5645810765,3.1125821839526333,2.016579969047366,27,2.2623657225500047,2.2201782209339243,0.4055712701471157,0.130547099079572,60.951998402125966
2009-05-26,2.62588562,2.71730865,2.62588562,2.71730865,20815,2.91082610128,2.594801605,3.1052070603725177,2.084396149627482,28,2.256270820000005,2.239673531877692,0.4109183228141572,0.1277525227167454,62.829679953906265
2009-05-27,2.71730865,2.71730865,2.69191362,2.69191362,3980,2.8943493844287995,2.622482592,3.0890177662402585,2.1559474177597413,29,2.250175921250005,2.257408437294253,0.4058277190224982,0.1204412732369779,61.24390808025886
2009-05-28,2.67159714,2.69191362,2.66651859,2.69191362,9343,2.878531736251648,2.650417545,3.0598331217790644,2.2410019682209352,30,2.244081022500005,2.2744478562238903,0.505477573121356,0.1136522558629081,61.24390808025887
2009-05-29,2.70207148,2.81889029,2.70207148,2.77317878,61570,2.8633467940015813,2.684955297,3.0032953053504303,2.366615288649569,-1,2.238621007100005,2.294005931666091,0.5524296683537976,0.1146039997298432,64.56326948752191
2009-06-01,2.83412823,2.93570987,2.80873243,2.84428609,69193,2.49890818,2.718477225,2.941359509426662,2.495594940573338,-1,2.2332879707000046,2.315585545718401,0.4882981361713663,0.1180273633205687,67.20966614684338
2009-06-02,2.91539339,2.94586773,2.91031408,2.91031408,2699,2.5076442138,2.7362540129999995,2.9607829987290057,2.511725027270993,-1,2.2284628425000044,2.3389082333372877,0.4213760324184382,0.1168526687976709,69.48825930635903
2009-06-03,2.92555125,2.93570987,2.90015622,2.90015622,7072,2.525173154448,2.7547926595,2.968923991306574,2.5406613276934262,-1,2.2236123216000045,2.3609179583044524,0.3428149247903148,0.1110455960264087,68.69736246058649
2009-06-04,2.94078842,2.96613317,2.90015622,2.90015622,68324,2.54200093747008,2.762919214,2.9859780220294585,2.5398604059705407,-1,2.2187364041000044,2.382064556802317,-0.1500202519817801,0.1078264070245224,68.69736246058649
2009-06-05,2.89507691,2.90015622,2.85444395,2.85444395,8701,2.5674488714218757,2.7705378375,2.995166251234249,2.545909423765751,-1,2.213581132150004,2.4005892388885006,-0.2132353495292052,0.1033896829513422,64.84535420068377
2009-06-08,2.66651859,2.86968188,2.66651859,2.85952326,119661,2.591369929336562,2.776632744,3.003957103751228,2.549308384248772,1,2.208857586400004,2.4185866514811085,-0.007006867893057,0.1105163691691035,65.07965956411468
2009-06-09,2.7833374,2.97339673,2.7833374,2.94586773,426980,2.6138557237763687,2.7847592605,3.0237808266179385,2.5457376943820607,2,2.204286412350005,2.4392643408347907,0.2075569106222678,0.1161980092284532,68.87712402018842
2009-06-10,3.03729152,3.04744938,2.95094704,2.99157924,56410,2.642619004274259,2.791793767,3.0459859016693693,2.53760163233063,3,2.1994485839500046,2.460923748645191,0.1862090868740298,0.115153983569278,70.69408758649016
2009-06-11,2.90015622,2.99665855,2.84428609,2.96618421,45310,2.683102041846833,2.8004282145,3.06575302091568,2.53510340808432,4,2.1946742488500046,2.4807378843845957,0.2050308046730841,0.1178124461714724,68.30821482907804
2009-06-12,2.96618421,3.04237007,2.96618421,2.99157924,12449,2.71953677566215,2.804288323,3.078238182873987,2.5303384631260126,5,2.190077678200004,2.5007708787224545,0.1961970104362594,0.1148391185877958,69.4196677405205
2009-06-15,3.00681641,3.01900615,2.92047194,2.93570987,9179,2.752328036095935,2.809367405,3.089048612846268,2.5296861971537314,6,2.185176364150004,2.5178273097529464,0.19942164408591,0.1136744822600961,64.09402943954153
2009-06-16,2.92047194,2.93063056,2.82904891,2.84428609,196364,2.7818401704863414,2.8102562275,3.090262494695701,2.5302499603042983,7,2.1790814654000044,2.530629614860674,0.0764736283679401,0.1131735163843749,56.46083204507049
2009-06-17,2.87983974,2.9048287,2.83412823,2.85952326,17653,2.808401091437707,2.826255333,3.0776668315890108,2.5748438344109887,8,2.1729357735500043,2.543527404866138,0.1296762156503589,0.1101397273569196,57.37203134693867
2009-06-18,2.94078842,2.96618421,2.81381174,2.84428609,43840,3.04744938,2.8417465455,3.0545473069931384,2.628945784006861,9,2.1668662713500044,2.555321863106682,0.136912863203656,0.1131563518314253,56.107473646460924
2009-06-19,2.91031408,2.92555125,2.84428609,2.87476043,13949,3.0427766272000003,2.853174462,3.046389969324629,2.6599589546753704,10,2.161406256000004,2.567848865729949,0.1228620155966696,0.1108784095577521,58.09677488324015
2009-06-22,2.8493654,2.89502586,2.81889029,2.86460257,130958,3.0381973294560005,2.863078661,3.036277670984083,2.6898796510159166,11,2.155565311350004,2.579486265897402,0.1473626895393317,0.1083967781607698,57.16672575446681
2009-06-23,2.86968188,3.01697504,2.84428609,2.86460257,63569,3.0337096176668803,2.870443357,3.030229549485793,2.710657164514207,12,2.149724366700005,2.590667297430837,0.0919745874059403,0.1129890761492862,57.1667257544668
2009-06-24,2.84941568,2.84941568,2.80370417,2.81889029,55147,3.029311660113543,2.8767921905,3.016532545826,2.737051835174,13,2.143705653800005,2.599617218708059,0.0784156723520027,0.1092683135671943,52.758663882780944
2009-06-25,2.85444395,2.8899976,2.81889029,2.86460257,44024,3.020287360509001,2.885426638,2.996884488220033,2.7739687877799666,14,2.1381948491500045,2.6100088011116647,0.0787709892671542,0.106542527598109,56.38081521561504
2009-06-26,2.84428609,2.84428609,2.79857457,2.83412823,10507,3.011624032888641,2.8884741105,2.990415726284087,2.7865324947159125,15,2.132709441050005,2.618797798322972,0.0762564411007308,0.1036486327696727,53.43917038830915
2009-06-29,2.81894134,2.89507691,2.80873243,2.81889029,24884,2.9988410651153226,2.8872043204999995,2.991911096527313,2.782497544472686,16,2.127630358750005,2.6266445627024635,0.0871534637443506,0.1024126218575532,51.97880409276672
2009-06-30,2.84428609,2.84428609,2.75530025,2.79857457,80849,2.986825075408403,2.881617345,2.992535720858109,2.77069896914189,17,2.1223989047500047,2.633386915929818,0.0827473806327862,0.1014535660105851,50.01632727776684
2009-07-01,2.79857457,2.86460257,2.79857457,2.8366675,8014,2.968303089375731,2.8784429089999994,2.990683443848895,2.766202374151104,18,2.117840427050005,2.6413587035404134,0.0884733687362925,0.0989231684384005,53.55707253386503
2009-07-02,2.84428609,2.97126276,2.81889029,2.81889029,51992,2.75530025,2.8743796124999994,2.989039568284121,2.7597196567158777,19,2.112761344750005,2.6483207265388287,0.1009884676198786,0.1027409756928004,51.71589989933871
2009-07-06,2.80365312,2.81889029,2.79349526,2.81889029,512367,2.7596195002,2.8726019295,2.989523235032642,2.755680623967357,20,2.1079616093000046,2.655009729027502,0.3453635397145377,0.0972162652861719,51.7158998993387
2009-07-07,2.79349526,2.80873243,2.76810023,2.7929871,74849,2.763852365396,2.8692751214999994,2.9911759622586915,2.7473742807413077,21,2.103464080250005,2.660420606320541,0.3052536866649664,0.093900107765731,48.87643677188433
2009-07-08,2.76810023,2.83915649,2.76302092,2.79349526,159132,2.97126276,2.8616564979999994,2.9824988466529345,2.7408141493470644,22,2.0986389520500044,2.665639220190324,0.1480845683364285,0.0926312122110359,48.935669494898654
2009-07-09,2.87983974,2.92047194,2.82904891,2.90015622,68729,2.9670979232000003,2.8570853469999995,2.964042130249803,2.750128563750196,23,2.094626479300005,2.6748359652808995,0.1759620980372608,0.0950844599102477,59.53367310545991
2009-07-10,2.87476043,3.04744938,2.87476043,3.02205435,608473,2.76302092,2.8598788539999997,2.980174243630296,2.739583464369703,24,2.092645639500005,2.688452372524786,0.314618590288692,0.1006276377738014,67.7671212374301
2009-07-13,3.04744938,3.12363599,3.0271329,3.05252869,171311,2.7687094892000004,2.8629263265,2.998527307098976,2.727325345901023,25,2.091223497250005,2.702729875170873,0.2604885736872815,0.1006957807899585,69.44109156051957
2009-07-14,3.0271329,3.12871454,3.0271329,3.12871454,40799,2.7829065492320004,2.87257656,3.0488839732281576,2.696269146771842,26,2.0908933572500046,2.719435156144564,0.2768519096020473,0.1007590564478186,73.18973746040628
2009-07-15,3.06268655,3.27092915,3.06268655,3.17442682,95699,2.8036550286780804,2.8890835965,3.108302712219853,2.669864480780147,27,2.0909187538500045,2.737277966491836,0.3525420001594151,0.1084364524158315,75.15877013983925
2009-07-16,3.17442682,3.17442682,3.10331951,3.16426819,61762,2.841036958383834,2.904320843,3.153517302394079,2.6551243836059206,28,2.0910584291500047,2.7540226811392152,0.3669918723795726,0.105770085100415,73.86054120162083
2009-07-17,3.14903102,3.16426819,3.12363599,3.15411033,11699,2.8754283337131272,2.9198120549999995,3.189806662403973,2.649817447596026,29,2.0897632658000047,2.769712392859246,0.3861944451982788,0.1011173790218139,72.51178949458183
2009-07-20,3.15411033,3.22775691,3.15411033,3.22521764,74077,2.9070683990160773,2.9373349155,3.2371973338748585,2.637472497125141,30,2.089001403450005,2.7875753437275117,0.4071558308340165,0.0991551790916844,75.83799583216904
2009-07-21,3.27092915,3.27092915,3.14903102,3.15923993,29311,2.936177259094791,2.9520667834999994,3.264860208127523,2.639273358872476,-1,2.0890016587000053,2.8021504255421186,0.4030114189678129,0.1007796755851355,67.65738726285953
2009-07-22,3.19474254,3.25569198,3.14903102,3.24553336,76286,2.962957410367208,2.9711133229999995,3.3059015730901224,2.6363250729098766,-1,2.089738124500005,2.81953799159929,0.4495801146474321,0.1011997673290544,71.92328326158813
2009-07-23,3.22013833,3.28616632,3.22013833,3.25574226,16726,2.9875951495378312,2.9929559214999992,3.341873006151772,2.6440388368482264,-1,2.091896987800005,2.8366440413404943,0.466276554395321,0.0986874975198362,72.38729610315754
2009-07-24,3.24553336,3.29124563,3.05760724,3.29124563,25600,3.017452266584048,3.014288074499999,3.3809259372836795,2.6476502117163188,-1,2.094080996200005,2.85447155462126,0.4760864517616027,0.1083268469827051,73.9967782059346
2009-07-27,3.29632418,3.43345948,3.29632418,3.36235218,213336,3.0503074701939625,3.0406992719999995,3.427185141607783,2.654213402392216,-1,2.096188815000005,2.8743884418910137,0.4302394193100264,0.1107473471982261,76.90079403847754
2009-07-28,3.35219432,3.4842503,3.33695714,3.42330162,62587,3.05760724,3.070919838499999,3.4773128296895703,2.664526847310428,-1,2.098093472750006,2.89591444887568,0.4358045119155601,0.1133577623983528,79.05954583238855
2009-07-29,3.413143,3.42838093,3.33695714,3.347115,60830,3.1258701296,3.098346859999999,3.50154490271214,2.6951488172878584,-1,2.0995918008500056,2.913608588135457,0.4207961463768546,0.1117910500841847,70.22487622031802
2009-07-30,3.35219432,3.41822231,3.29632418,3.31664066,132623,3.183210956864,3.1223455179999995,3.5174406184978086,2.7272504175021903,-1,2.1005314314500056,2.929413767424262,0.3650377267650933,0.1125129843638858,66.99973052122152
2009-07-31,3.26584984,3.55535761,3.17442682,3.46393382,550846,3.55535761,3.154597694499999,3.550651763301197,2.758543625698801,-1,2.103401112550006,2.950375338113507,0.4163432984813078,0.1316856847664654,73.36650505972526
2009-08-03,3.47917175,3.5502783,3.28108701,3.28108701,229882,3.17442682,3.1777075304999998,3.545651255047776,2.8097638059522225,-1,2.1056105137500065,2.9633444232855264,0.1903981422307737,0.1415075137117179,58.32348753180317
2009-08-04,3.23029619,3.28616632,3.10331951,3.19982185,48691,3.55535761,3.1980492679999992,3.520885582550572,2.875212953449427,-1,2.1076421467000066,2.972618047862565,0.187055199021341,0.1444603205894523,53.111237493783634
2009-08-05,3.19982185,3.29632418,3.1693475,3.23029619,60230,3.5502783,3.219889314499999,3.484068267458068,2.9557103615419305,-1,2.110181687850006,2.982723073044425,0.2051772692994676,0.1432114891187771,54.74454257095557
2009-08-06,3.27092915,3.27092915,3.18458468,3.19982185,19640,3.5413391242,3.234872596,3.4551615302898595,3.01458366171014,-1,2.1126704397000062,2.991236750572095,0.1894191833499116,0.1391495591817217,52.765156740235575
2009-08-07,3.31664066,3.31664066,3.16426819,3.25061267,141666,3.532578731916,3.246300511999999,3.4437746985003392,3.048826325499659,-1,2.115641703250006,3.0014083552555424,0.0376948016970224,0.1400940528115987,55.64374840264582
2009-08-10,3.21505902,3.3725108,3.21505902,3.3064828,33100,3.52399354747768,3.2589982174999994,3.436666462247477,3.081329972752522,-1,2.119984319750006,3.013372058971011,0.0838797222049946,0.1413338904679131,58.63035820362947
2009-08-11,3.27092915,3.33695714,3.19982185,3.19982185,28217,3.5155800667281265,3.262553583,3.4323212002471943,3.0927859657528054,-1,2.1249618196500064,3.020683815481952,0.0494310453265468,0.1410339904344907,51.50100976390023
2009-08-12,3.22521764,3.30140349,3.1693475,3.22521764,59903,3.507334855593564,3.265093123999999,3.430986993833755,3.0991992541662428,1,2.1300409057500063,3.028704749776777,0.0419717116666702,0.1403927046891699,52.96745790492151
2009-08-13,3.21505902,3.3064828,3.19982185,3.24045481,16489,3.499254548681693,3.268902454999999,3.4287492812990528,3.1090556287009457,2,2.135043802200006,3.0370086737071,0.0175811139583669,0.1379832936399435,53.8687315634884
2009-08-14,3.21505902,3.45885527,3.21505902,3.45885527,20428,3.491335847908059,3.284139702,3.4550293771889846,3.1132500268110146,3,2.141214886800006,3.053551677483292,0.0251713101863498,0.1455413619513761,64.39927879807425
2009-08-17,3.44869665,3.44869665,3.22521764,3.22521764,30452,3.483575521149898,3.284139702,3.4550293771889846,3.1132500268110146,4,2.1463447622000063,3.0602836760133587,-0.0277802212995752,0.1518339525262778,50.9897784477679
2009-08-18,3.27600846,3.30394277,3.25061267,3.27092915,29842,3.4759704009269,3.289724163,3.4509490041233337,3.128499321876666,5,2.1515508234500063,3.0685442828363643,-0.0184599496871385,0.1466118937744008,53.04963975592699
2009-08-19,3.29124563,3.29124563,3.21505902,3.26077053,21296,3.4685173831083618,3.290486021499999,3.451010863317653,3.129961179682345,6,2.156731484350006,3.07608256703886,-0.0509229992014335,0.1415815163619436,52.521339358175815
2009-08-20,3.31156135,3.33187783,3.15918888,3.22013833,41068,3.4612134256461946,3.288705825,3.451505954574585,3.125905695425414,7,2.1617851739000065,3.081731812645179,-0.0575749051767806,0.1438034759075191,50.36104210905942
2009-08-21,3.28616632,3.29632418,3.0982402,3.0982402,14299,3.4540555473332706,3.2790555535,3.461772580535939,3.09633852646406,8,2.1668642562000064,3.082379200384584,-0.0799110821069225,0.1476806547712677,44.45364115763375
2009-08-24,3.28108701,3.28108701,3.05252869,3.1693475,56135,3.43982293343994,3.2694053195,3.453884341903969,3.08492629709603,9,2.1721465033000062,3.08578972193813,-0.0819692687573982,0.1534576308590343,48.26588435726379
2009-08-25,3.15411033,3.15411033,3.07284441,3.07284441,20956,3.416585278833544,3.2518824589999995,3.4410774143077343,3.0626875036922647,10,2.1773271642000065,3.0852820626464386,-0.1037184080795318,0.1493894493691032,43.865783712743045
2009-08-26,3.10331951,3.17442682,3.0982402,3.0982402,53849,3.3947418835035306,3.239438719,3.434586575330007,3.0442908626699925,11,2.1826855971500065,3.085790224895598,-0.10822905102726,0.1459746608427387,45.27954864273491
2009-08-27,3.13379385,3.1693475,3.10331951,3.12871454,92659,3.3742090918933187,3.230042413,3.427499913208614,3.032584912791385,12,2.1887804959000063,3.0874735313702804,-0.0682799892635181,0.1406269922111145,47.00438055311773
2009-08-28,3.15411033,3.15411033,3.10585879,3.11347737,37379,3.35490826777972,3.2125195905,3.384384976635181,3.0406542043648184,13,2.195510278050006,3.0884932897479165,-0.3968917698030144,0.1340287456246063,46.219902461042565
2009-08-31,3.12363599,3.12363599,3.04744938,3.06268655,132387,3.3367654931129365,3.2015995675,3.382183102585111,3.0210160324148885,14,2.202087688500006,3.087481260738194,-0.2803214760341274,0.129897164508563,43.60733435602535
2009-09-01,3.07284441,3.15918888,3.07284441,3.10331951,33614,3.3136202040639016,3.1967744505,3.3823773815439924,3.011171519456008,15,2.208741288600006,3.0881023685523825,-0.2981439049670663,0.1275118191865228,46.22605064329538
2009-09-02,3.04237007,3.10839806,3.04237007,3.08808234,35392,3.2923265381387896,3.189663758,3.3804103275470347,2.9989171884529653,16,2.215826611050006,3.088101583118956,-0.2887651299162376,0.1231201171017711,45.375120030380586
2009-09-03,3.05252869,3.11347737,3.05252869,3.11347737,21128,3.2673308913249106,3.185346534,3.378866393131801,2.9918266748681988,17,2.2234960238000063,3.089096712016252,-0.2515300053667219,0.1186793001659303,47.12218851714844
2009-09-04,3.08300303,3.17950536,3.08300303,3.17950536,31673,3.24483480919242,3.1817911685,3.372982861688008,2.990599475311992,18,2.2315717623500064,3.092642149192085,-0.2698974171274352,0.1170952308683639,51.46837445642991
2009-09-08,3.18966399,3.2353755,3.14395171,3.22521764,185514,3.04237007,3.1777279105,3.3614554108203567,2.994000410179643,19,2.2404347636500064,3.0978411880472976,-0.0828286013902251,0.1152615565206236,54.27070175115778
2009-09-09,3.14903102,3.3064828,3.14903102,3.3064828,25972,3.0462301786,3.183060958,3.37505044904815,2.991071466951849,20,2.2503643706500065,3.106023212045443,-0.0266009027017361,0.1182751439120076,58.822756570830485
2009-09-10,3.28108701,3.32171997,3.25061267,3.29632418,8045,3.0566402834560003,3.186616285,3.3841502759907147,2.989082294009285,21,2.2609542576000066,3.113485995102484,-0.0154465329103124,0.1149060122040071,58.044913267611975
2009-09-11,3.19474254,3.31664066,3.19474254,3.25061267,84533,3.07254506464864,3.187124178,3.3852605852534365,2.9889877707465637,22,2.2712393973500067,3.118863511765132,-0.0175632884768096,0.1154054484751494,54.54939014064063
2009-09-14,3.22013833,3.27092915,3.18458468,3.21505902,35516,3.0874955589697217,3.1749343655,3.3300220296508787,3.0198467013491213,23,2.281397561950006,3.1226358846370874,-0.048428224226182,0.1133296642983531,51.929945706571466
2009-09-15,3.19474254,3.25061267,3.1693475,3.22846773,46870,3.1015490236315384,3.17509687,3.3304016047152745,3.019792135284725,24,2.291495791150007,3.126786153082692,0.0037206970888768,0.1110393432770421,52.84953261826397
2009-09-16,3.19982185,3.38774797,3.15918888,3.30140349,53411,3.114759280413646,3.176620587,3.336195588313354,3.017045585686646,25,2.300510908900007,3.1336338917853315,0.0231773163394714,0.1194336109001105,57.600844837295945
2009-09-17,3.28108701,3.38774797,3.27092915,3.35219432,12817,3.1365983755805544,3.1811917765,3.354770526676702,3.007613026323298,26,2.310211954600007,3.1422048889702205,0.0241085969306436,0.1192468401215312,60.579875924163375
2009-09-18,3.35219432,3.35727363,3.28616632,3.35219432,12518,3.1566903431341102,3.187794576,3.376209548437818,2.999379603562182,27,2.3204209085000067,3.150439768618447,0.0477311435789771,0.1158083022557075,60.57987592416337
2009-09-21,3.35219432,3.42330162,3.31664066,3.42330162,22966,3.1751749532833813,3.2040476470000003,3.4136479067173555,2.994447387282645,28,2.330934609600007,3.161140233378508,0.0844600037378086,0.1151549206660141,64.61648799239998
2009-09-22,3.42838093,3.47917175,3.33187783,3.43853879,63530,3.199987619955043,3.2175072115,3.449808801154902,2.985205621845098,29,2.3416260789500067,3.172018608147978,0.1107843206641182,0.1174505634755846,65.4333177164692
2009-09-23,3.46393382,3.65693925,3.46393382,3.55535761,33694,3.2334897155604376,3.2416328715,3.5067346478052883,2.9765310951947117,30,2.352114383500007,3.1870515101813908,0.1281483574177131,0.1246612703701857,70.96701578976611
2009-09-24,3.52996258,3.52996258,3.39282728,3.49440892,12239,3.2927726503819765,3.2614413074999997,3.5396072826735248,2.983275332326474,1,2.361307524700007,3.1991047419389838,0.1944249064805545,0.1273662032008867,65.11042926025408
2009-09-25,3.41822231,3.88041903,3.41822231,3.80931172,144144,3.3437559743285,3.2954711665,3.654989320904448,2.935953012095551,2,2.3719989940500072,3.223034427353141,0.3020037990887317,0.1512826686865377,76.08963731254724
2009-09-28,3.83470675,4.11405666,3.82200962,4.08358232,85300,3.39282728,3.343976414,3.8312563713833785,2.8566964566166217,3,2.384112605700007,3.2567814035353706,0.3746977233895731,0.1622442594946421,81.53873179453649
2009-09-29,4.08866163,4.08866163,3.81946958,3.81946958,66154,3.41822231,3.3818155655,3.8928033383354257,2.8708277926645738,4,2.395337376050007,3.2788476065339838,0.4122297003402026,0.1698833873878819,65.95182989996982
2009-09-30,3.78391669,3.88803761,3.77883738,3.77883738,69394,3.543472493,3.4155914589999994,3.937662827408939,2.89352009059106,5,2.406435171250007,3.29845504863069,0.3415627285800803,0.1655488761458904,63.927192967912745
2009-10-01,3.80931172,3.81388287,3.60614843,3.7895034,32126,4.11405666,3.450662512,3.9742541295771967,2.9270708944228025,6,2.417941833050007,3.317711846723604,0.353102167653916,0.1685621307068982,64.23755192548558
2009-10-02,3.78391669,3.78391669,3.49440892,3.7585209,28592,4.1038984954,3.4829146885,3.998864263416413,2.966965113583588,7,2.429268185800008,3.3349984762638547,0.3529241895484746,0.1776001556564055,62.55395596896211
2009-10-05,3.69198475,3.71280939,3.67217642,3.68233505,15694,4.0795189123840006,3.508056173,4.011263723496781,3.0048486225032187,8,2.439527932800007,3.3486195183711547,0.3203165096466634,0.1710818931095194,58.494162313948735
2009-10-06,3.66201856,3.96168419,3.66201856,3.96168419,56294,4.056114512688641,3.5448795005,4.067325820705079,3.022433180294921,9,2.4513367972500077,3.3726612701997367,0.2690917552054522,0.1802664457445537,66.9611946821581
2009-10-07,3.80931172,4.00231715,3.80931172,3.9855555,39629,4.033646288981095,3.5788331355,4.1227184452135495,3.0349478257864493,10,2.463899905400007,3.396696338035041,0.2724473898701796,0.1811763731913713,67.5700057040844
2009-10-08,3.97184205,4.05818653,3.91597268,4.02263287,61043,3.49440892,3.61514857,4.175474694566224,3.054822445433776,11,2.476623003850007,3.421242868700334,0.2865632875966801,0.1783933358205591,68.53970767151225
2009-10-09,4.05310798,4.18008465,4.00231715,4.1653046,212902,3.5056844722,3.6608831665,4.243597332789662,3.078169000210337,12,2.490567369200007,3.45042176012385,0.4203010632516546,0.1783486332619477,72.00816576767843
2009-10-12,4.16484748,4.19024327,4.16484748,4.17500534,31951,3.532660479312,3.7088804825,4.294929386737714,3.1228315782622857,13,2.504611031350007,3.4788368024719345,0.4253434828506237,0.1674234301718086,72.2323292015641
2009-10-13,4.17500534,4.26637808,4.17500534,4.23595479,49046,3.5721154467532803,3.7592548355,4.344665118096703,3.1738445529032964,14,2.5187562759500066,3.508527703943624,0.4200276623939671,0.1619912380166794,73.659596908206
2009-10-14,4.2410341,4.27658699,4.1038988,4.19532182,113429,3.6276564574130177,3.803950752,4.379119954271633,3.2287815497283674,15,2.5326983557000067,3.5354608065340694,0.3928732199450952,0.1627553060154881,71.03809164648457
2009-10-15,4.28674561,4.30706209,4.19024327,4.23087548,16349,3.692549510671716,3.84788481,4.41245099331007,3.2833186266899297,16,2.546488063750007,3.5627319701994,0.3831226505554811,0.1594741284429532,71.97784389751477
2009-10-16,4.21563831,4.2816663,4.19532182,4.26642913,143294,3.76629102019111,3.8935965505,4.437904165406045,3.349288935593955,17,2.5601000035500068,3.590327937250404,0.4076933093408184,0.1542505821255994,72.9239841524505
2009-10-19,4.30960137,4.35785291,4.28674561,4.30706209,131042,3.831183548568177,3.937784574,4.465435727795168,3.410133420204831,18,2.573559571650007,3.618435158926858,0.3200675529808597,0.1497629534023423,74.00426105562588
2009-10-20,4.29182416,4.31214064,4.23087548,4.23087548,31579,3.904917259168632,3.9774014085,4.466757057354493,3.4880457596455057,19,2.586003323300007,3.642452426419923,0.2837974203501641,0.1448702538736036,68.48676706023431
2009-10-21,4.38832726,4.38832726,4.19024327,4.21055899,67531,3.968328250285024,4.0101614775000005,4.468881828666103,3.5514411263338976,20,2.598548653500007,3.664731115187769,0.2401041393942665,0.148671235025489,67.05112580682461
2009-10-22,4.28674561,4.29182416,4.16484748,4.16484748,86273,4.03552809183942,4.0436834055,4.440564866023131,3.646801944976868,21,2.611805056750007,3.684343521650994,0.165907734336411,0.1471216239522398,63.81004480205098
2009-10-23,4.18516396,4.21563831,4.12421452,4.13945245,378742,4.091975958745112,4.060190442000001,4.443952463668311,3.67642842033169,22,2.624807509700007,3.702190930605857,-0.0620176820780605,0.1431432072413656,62.01655346142233
2009-10-26,4.18008465,4.2410341,4.08866163,4.144531,129200,4.38832726,4.0632378760000005,4.4486589078761725,3.677816844123829,23,2.637276654050007,3.719537599993863,-0.1183899106136849,0.1438024402955538,62.24509194286888
2009-10-27,4.12421452,4.18008465,4.0734237,4.14961031,96629,4.382333947399999,4.0797449125,4.449970365218374,3.7095194597816255,24,2.649720405650007,3.736403196464692,-0.0563067401815129,0.1411494767030142,62.48819065097182
2009-10-28,4.13437314,4.21055899,4.06326584,4.13945245,110610,4.369977537503999,4.097775666,4.441825637569892,3.753725694430108,25,2.6621895538000078,3.752209049544508,-0.0150777665558561,0.1415883105099418,61.63350136246055
2009-10-29,4.13437314,4.23595479,4.13437314,4.16484748,141944,4.351574835653759,4.11654287,4.4309548907673575,3.802130849232642,26,2.6747602805500077,3.768390948778056,-0.056126686135404,0.1387306919020888,62.9961637010874
2009-10-30,4.19288388,4.19527154,3.98707998,4.13945245,102087,4.334276295914534,4.1355894475,4.403680577371501,3.867498317628499,27,2.687305614550007,3.782942380198525,-0.0422851926099784,0.1436921824805111,60.67538716100057
2009-11-02,4.18516396,4.23595479,4.10897735,4.19024327,396013,4.306500590641371,4.160984858499999,4.330698277558518,3.99127143944148,28,2.6999271344000078,3.798914964112308,0.0139909678323819,0.1424982723033317,63.56635353476452
2009-11-03,4.18516396,4.27100028,4.11405666,4.19532182,216855,4.280946941790061,4.17266674,4.316013987197456,4.029319492802543,29,2.712853397700008,3.814460331009864,-0.0058909196037995,0.1435300828530937,63.852505005519305
2009-11-04,4.19024327,4.39340657,4.19024327,4.31721995,716495,3.98707998,4.1892499625,4.318189572715575,4.060310352284425,30,2.7268970598500077,3.8341763944996736,0.0406175751459025,0.147789598363587,69.95266581598777
2009-11-05,4.32229926,4.41372229,4.29690347,4.29690347,218029,3.9952065118,4.2029634925,4.31538583856645,4.090541146433549,-1,2.740864536150008,3.852322554323216,-0.0345820475987816,0.145577399909045,67.89609357095776
2009-11-06,4.26134982,4.34261574,4.25627127,4.30198278,97264,4.011947142927999,4.2097974015,4.32866413388855,4.090930669111449,-1,2.754654244200008,3.8699562886634817,-0.0882650993992246,0.1413464763441133,68.14821768065782
2009-11-09,4.3527736,4.43403877,4.32229926,4.32229926,42077,4.02801814881088,4.217162097499999,4.344447529520202,4.089876665479797,-1,2.767936044000008,3.887695228715894,-0.0988578859145951,0.1406828701766766,69.19046333443512
2009-11-10,4.36801077,4.44419739,4.30706209,4.33245712,72743,4.052379386082227,4.221987214,4.358722028849597,4.085252399150404,-1,2.781167054500007,3.9051368715113495,-0.1169476877560789,0.140429472306914,69.72389017812378
2009-11-11,4.39340657,4.42388091,4.33245712,4.38324795,37207,4.083724826395649,4.2313835205000006,4.384360785595818,4.078406255404183,-1,2.794753597750008,3.923886325569728,-0.1204910823952781,0.1369290664278488,72.30582841295868
2009-11-12,4.38324795,4.44927594,4.31721995,4.31721995,60503,4.112562631483997,4.235700744,4.393184130000124,4.078217357999876,-1,2.807959211700008,3.9393111735866015,-0.1358162175256353,0.1365809895401452,64.59387128198598
2009-11-13,4.3527736,4.413672,4.31721995,4.34769429,36037,4.1462339623355975,4.239764001999999,4.404246951668581,4.075281052331418,-1,2.8213425939000074,3.955326197759676,-0.1738589755493736,0.1337146367158491,66.37636034037533
2009-11-16,4.45435525,4.50006676,4.36801077,4.45435525,180716,4.176538160102037,4.24712866,4.434590021874328,4.059667298125671,-1,2.8354243490000077,3.974895964514199,-0.1364499749613772,0.1350473390932885,71.73913700972058
2009-11-17,4.48482959,4.57117407,4.43911808,4.56101621,62705,4.215361592089793,4.2636356965,4.495377101554628,4.031894291445371,-1,2.8498489442500072,3.997881072180309,-0.1090980374753178,0.1348336713009107,75.88175896945005
2009-11-18,4.57117407,4.57117407,4.41626232,4.45943456,283185,4.265175338997222,4.276079475,4.521413329081075,4.030745620918924,-1,2.864273539500007,4.015981208957552,-0.1229892611864288,0.1362678197794171,65.96444119763464
2009-11-19,4.42895946,4.45943456,4.31788048,4.34261574,20311,4.30801516133761,4.284967888,4.526387829150952,4.043547946849047,-1,2.877885483100007,4.028790406253334,-0.1038833553113596,0.136645409795173,56.77487042043075
2009-11-20,4.31214064,4.44419739,4.26134982,4.27658699,287181,4.57117407,4.291824615,4.523933702533704,4.059715527466295,-1,2.890583188850007,4.038507919341439,-0.1027769164078855,0.1399455640955177,52.33676929530729
2009-11-23,4.29182416,4.32737781,4.16484748,4.26134982,77647,4.564977584999999,4.297665556,4.52034205446977,4.07498905753023,-1,2.9025444250000074,4.047246817406481,-0.0893520517740531,0.1415587616601236,51.339418568332455
2009-11-24,4.2816663,4.2816663,4.19024327,4.22579617,32773,4.5489723808,4.301474849,4.51636028515913,4.08658941284087,-1,2.914378686000008,4.054248752802305,-0.1063931622653037,0.1379776379701148,48.99333970886473
2009-11-25,4.23087548,4.27658699,4.19532182,4.27658699,43306,4.533607384768,4.308331576,4.510473410864258,4.106189741135741,-1,2.926314529400008,4.062967899359077,-0.096047683262275,0.1339267474008209,52.34374456967878
2009-11-27,4.23595479,4.39340657,4.22071762,4.31721995,14839,4.51885698857728,4.3159501995,4.507071656128049,4.124828742871951,-1,2.938605909300008,4.072938568011662,-0.0805987107871896,0.1366954761579051,54.89621828072638
2009-11-30,4.27658699,4.29182416,4.17505639,4.18008465,107474,4.504696608234188,4.317981809499999,4.502298113226343,4.133665505773656,-1,2.950821103350008,4.07714037514846,-0.1289208522634818,0.1370860535751976,45.95098498266066
2009-12-01,4.23087548,4.23595479,4.17500534,4.21213376,32936,4.491102643104821,4.319076334,4.500584027791973,4.137568640208027,-1,2.963018774700008,4.082434233377932,-0.1859234518567067,0.1316477247483978,48.08026654994999
2009-12-02,4.20548045,4.23595479,4.19024327,4.22579617,90202,4.478052436580628,4.3206000515,4.498400383045508,4.142799719954491,-1,2.975335547400008,4.0880562701082095,-0.1784270775033508,0.1255094244092265,49.00260294147545
2009-12-03,4.24611265,4.25627127,4.21055899,4.22579617,48478,4.4655242383174025,4.3160288625,4.498579252788449,4.13347847221155,-1,2.988261810700008,4.093457834809849,-0.3488166605988138,0.119809628379996,49.00260294147545
2009-12-04,4.25119196,4.29182416,4.2410341,4.29177388,26014,4.453497167984707,4.315772382999999,4.498443909448794,4.133100856551204,-1,3.001365590850008,4.101234934621227,-0.2417692020223331,0.1159680827814249,53.61738707878138
2009-12-07,4.25119196,4.32737781,4.24204966,4.29182416,64280,4.441951180465319,4.315264451999999,4.498142901923144,4.132386002076855,-1,3.014444225850008,4.108709021890983,-0.243609475163816,0.1137795161541802,53.620831442886086
2009-12-08,4.26642913,4.28674561,4.26642913,4.26642913,22556,4.430867032446706,4.312470945499999,4.496537218245091,4.128404672754908,-1,3.027141931600008,4.114894124169768,-0.2343873378892622,0.1074663385717388,51.53908103132032
2009-12-09,4.30706209,4.31721995,4.21563831,4.26642913,215008,4.420226250348837,4.309169545999999,4.494050253831649,4.124288838168349,-1,3.040118988000008,4.120836673418013,-0.1889883533959153,0.1070460029594718,51.53908103132032
2009-12-10,4.30198278,4.36801077,4.29182416,4.30706209,54659,4.410011099534883,4.305360252999998,4.487091371859825,4.123629134140171,-1,3.053299209200008,4.128139630931032,-0.2080876770690488,0.1066556913195095,54.79574905310229
2009-12-11,4.34261574,4.34261574,4.2410341,4.26642913,15616,4.400204554753488,4.302820711999998,4.485236167685937,4.12040525631406,-1,3.065920729100008,4.133562748541579,-0.1828217114017723,0.1062932590824017,51.09773801664605
2009-12-14,4.26642913,4.26642913,4.21055899,4.22579617,1083302,4.390790271763349,4.296725805999999,4.480874211830863,4.112577400169134,-1,3.0791771324000075,4.137179745461517,-0.2869359853876255,0.1026916077193729,47.63564993204681
2009-12-15,4.24611265,4.26642913,4.22071762,4.23595479,91910,4.381752560092814,4.285805782999999,4.45669423408649,4.114917331913508,-1,3.0924335395000075,4.141053276619889,-0.3287115119790934,0.0986216007394177,48.57377771622647
2009-12-16,4.26642913,4.31721995,4.25627127,4.25627127,81247,4.373076356889102,4.270568535999998,4.385896197885372,4.155240874114624,-1,3.1057915290000078,4.145571629301462,-0.3763216140076628,0.0973818549723164,50.484365780128016
2009-12-17,4.2410341,4.26134982,4.20548045,4.20548045,102884,4.364747201813538,4.257870830499998,4.337675338390213,4.178066322609784,-1,3.119225704350008,4.147920994819052,-0.3943869568612229,0.0944166774742939,45.89387990692385
2009-12-18,4.28674561,4.29182416,4.2056831,4.27658699,61874,4.356751212940996,4.254569392999999,4.324988712148577,4.184150073851421,-1,3.133167784100008,4.152966720120266,-0.3671417730340626,0.0938400369404158,52.4170951311806
2009-12-21,4.26642913,4.27150844,4.19024327,4.22579617,21449,4.349075063623356,4.252029851999998,4.322752607830447,4.181307096169549,-1,3.146601955650008,4.155822776978295,-0.3063692449966514,0.0933045857303861,47.96841626609956
2009-12-22,4.22579617,4.27150844,4.19024327,4.19024327,61385,4.341705960278422,4.248474524499999,4.323954924340314,4.172994124659684,-1,3.1599091520000075,4.157172600234047,-0.3419850502008779,0.09244462746393,45.0840180862128
2009-12-23,4.19024327,4.31721995,4.19024327,4.29690347,34687,4.3346316210672855,4.252029889499998,4.329573034128124,4.1744867448718725,-1,3.1742575576000074,4.162652242185653,-0.3281225249887323,0.0949112026450778,54.017219180305744
2009-12-24,4.26642913,4.33753643,4.26642913,4.28674561,21545,4.16484748,4.252537820499998,4.330847036536185,4.174228604463811,-1,3.1886059670000075,4.167518648766608,-0.3546192561298891,0.0932109238847152,53.13079983904882
2009-12-28,4.30370991,4.34261574,4.18008465,4.24611265,64687,4.168301259,4.248982455499998,4.321461913437464,4.176502997562533,-1,3.203106748100008,4.170600766462035,-0.3529676417830584,0.0981623643215212,49.62287828416845
2009-12-29,4.23443107,4.31214064,4.21563831,4.2410341,78895,4.17527383824,4.252029927999998,4.317446877018311,4.186612978981685,-1,3.217709111600008,4.173362857973327,-0.3306420231582167,0.0980437904414125,49.18577008816369
2009-12-30,4.26642913,4.34261574,4.2410341,4.30706209,68396,4.18008465,4.256776344499999,4.323683969380388,4.18986871961961,-1,3.2324638468000075,4.178605965111628,-0.3197925715379582,0.0982964939813116,54.764775427563336
2009-12-31,4.29690347,4.34261574,4.23595479,4.23595479,62761,4.1865858936,4.257284275499999,4.323392909394962,4.191175641605036,-1,3.246786859650008,4.180854938636663,-0.3731081833604211,0.0988939551255037,48.57904238415139
2010-01-04,4.22579617,4.29182416,4.22579617,4.25627127,34912,4.192827087456,4.258808030499999,4.323329106410808,4.194286954589191,-1,3.2611352690500075,4.183812441827381,-0.3693986754465422,0.0965463861879677,50.30611951410936
2010-01-05,4.27658699,4.29182416,4.21055899,4.24611265,68944,4.19881863355776,4.256524968999999,4.319429697343663,4.193620240656335,-1,3.274671023000007,4.186255587245915,-0.3774999226665118,0.09545487074597,49.41244605590332
2010-01-06,4.2816663,4.29182416,4.22579617,4.27658699,82657,4.2045705178154495,4.2557631105,4.317293375368022,4.194232845631978,-1,3.287927426300007,4.189797995197056,-0.3600136248709402,0.0933529506926865,52.15812952694147
2010-01-07,4.2816663,4.29182416,4.26642913,4.29182416,60608,4.210092326702831,4.257032862,4.320411497856829,4.193654226143171,-1,3.301183829550007,4.193799021267759,-0.3190986233234414,0.0884988135003517,53.51662783895428
2010-01-08,4.25627127,4.39340657,4.25627127,4.39340657,77543,4.215393263234718,4.263381733999999,4.35031572307599,4.176447744924008,-1,3.315227495550007,4.201626768276867,-0.3039960687295067,0.0919728482503266,61.38832649164253
2010-01-11,4.37309009,4.4188016,4.3527736,4.4188016,17783,4.226074061640635,4.268968709499999,4.377973909032628,4.159963509967371,-1,3.328788646050007,4.210143428344441,-0.2860453880365002,0.0901196448038747,63.07193935462532
2010-01-12,4.38832726,4.41372229,4.32737781,4.39340657,31022,4.241492264709384,4.2753175815,4.397040903648263,4.153594259351736,-1,3.342629147250007,4.217330218213287,-0.2730778028058973,0.0902127980321694,60.243054459529546
2010-01-13,4.37309009,4.41372229,4.31721995,4.39340657,39340,4.255677011532634,4.283698101499999,4.413444633224593,4.153951569775405,-1,3.3563553696500072,4.224235173185315,-0.0754799111642291,0.0906620510298715,60.243054459529546
2010-01-14,4.37309009,4.37309009,4.32229926,4.34769429,15872,4.268726978610023,4.289285076499999,4.419946941655311,4.158623211344686,-1,3.369713355300007,4.229076707178048,-0.052606883680678,0.0892652838134521,55.08521673801793
2010-01-15,4.2816663,4.42642018,4.2816663,4.42388091,34637,4.280732948321221,4.297665558499999,4.439781069570628,4.15555004742937,1,3.383553856450007,4.236716087680869,0.0550990730170485,0.093228754969634,61.067936022148686
2010-01-19,4.39848512,4.52038324,4.3527736,4.45943456,87461,4.2816663,4.310363263999999,4.46230441942024,4.1584221085797575,2,3.3970896104000072,4.245450145418874,0.1793974712162857,0.0985416753289459,63.510613080465525
2010-01-20,4.47467173,4.47467173,4.34769429,4.34769429,74617,4.2816663,4.313918628999999,4.465859755732233,4.1619775022677645,3,3.409965084400007,4.249459719716174,0.0669189988312008,0.1005728013768784,52.3860178366859
2010-01-21,4.37309009,4.38832726,4.28674561,4.34261574,67898,4.52038324,4.319759607499998,4.466597031725688,4.172922183274308,4,3.423119909050007,4.253112896982206,0.0727802108788571,0.1006448619928156,51.94070984050818
2010-01-22,4.34261574,4.36801077,4.2410341,4.24611265,245865,4.5157104874,4.322553076499998,4.461333095994613,4.183773057005384,5,3.4356652431000065,4.252838377492707,-0.0675513257852756,0.1025257054219002,44.24429366457209
2010-01-25,4.31721995,4.45943456,4.31721995,4.39340657,75043,4.504723431904,4.327378231499998,4.468938213039094,4.185818249960902,6,3.448794671250007,4.258350855630248,-0.0793793765695132,0.1104397200346216,55.16450243290602
2010-01-26,4.36801077,4.40356443,4.34769429,4.36801077,184727,4.49417585862784,4.331441489499999,4.472768014830632,4.190114964169365,7,3.462000285200007,4.262651244429062,-0.0985104610558545,0.1065418928892915,53.22875071372998
2010-01-27,4.36801077,4.39843483,4.29690347,4.3527736,69055,4.484050188282726,4.336774536999998,4.4727680324220325,4.200781041577964,8,3.474824969900007,4.266185454451452,-0.0853154262581306,0.1061839976829136,52.04863022351069
2010-01-28,4.37309009,4.43911808,4.34261574,4.39848512,122838,4.474329544751417,4.344647087999999,4.475699426840392,4.213594749159605,9,3.487852815650007,4.2713736766298265,-0.0455552993392488,0.1054924507055626,55.25373961200605
2010-01-29,4.39848512,4.4188016,4.21055899,4.21055899,105852,4.464997726961361,4.339821932999999,4.482632941758297,4.197010924241701,10,3.499636287300006,4.268988786958069,-0.1254973157520711,0.1128317477980224,42.63638285532963
2010-02-01,4.24611265,4.36801077,4.24611265,4.31214064,74222,4.449731402743679,4.343631225499999,4.479028845503374,4.208233605496624,11,3.5117752917000065,4.2706810164891245,-0.080692122671973,0.1160188929553065,49.366976125522456
2010-02-02,4.29182416,4.38832726,4.28674561,4.38832726,39470,4.4353810579790585,4.350234024999999,4.480738133719379,4.2197299162806186,12,3.5240158823500063,4.275294594666022,-0.0537013929466563,0.1149876613156417,53.75002623930881
2010-02-03,4.36801077,4.4188016,4.34261574,4.4188016,196902,4.421891733900315,4.358868472499999,4.483388181703007,4.234348763296992,13,3.535951725750006,4.280922320365393,0.0709843973995217,0.1122161040788102,55.41265197562673
2010-02-04,4.37816863,4.44419739,4.28674561,4.33753643,38129,4.21055899,4.3619159445,4.481100559163898,4.242731329836102,14,3.5472272892000065,4.283142481527535,0.037903934358013,0.1154472237874666,50.22730624509804
2010-02-05,4.31214064,4.38324795,4.31214064,4.38324795,50212,4.215231758,4.366487133999999,4.481508125647975,4.251466142352022,15,3.5586044313000063,4.287068186173514,0.0318365861586848,0.1122800870883619,52.89735956188479
2010-02-08,4.36293146,4.37816863,4.34261574,4.34261574,18749,4.21981107064,4.363947592499999,4.478721583103033,4.249173601896965,16,3.570235531250006,4.28924652161769,-0.0275586180462666,0.1071623815820503,50.313647823253234
2010-02-09,4.36801077,4.46959242,4.31721995,4.45943456,50051,4.2242987970272,4.3659792405,4.485888866090446,4.246069614909554,17,3.5821713746500063,4.295920562338565,-0.0112302484710063,0.1103916736119038,56.84062723294213
2010-02-10,4.56732356,4.56732356,4.44915891,4.50567271,11938,4.234110541946112,4.371592547499999,4.505774076969811,4.237411018030187,18,3.594135247800006,4.3041461367566605,-0.0219342258323486,0.1109468862110535,59.129179340920416
2010-02-11,4.49025999,4.52108542,4.40805859,4.40805859,10166,4.254103323029345,4.372325148499999,4.507133605836836,4.237516691163162,19,3.605484071350006,4.308221134923066,-0.0432737896080672,0.1110954536245497,52.7677967074813
2010-02-12,4.39264588,4.61869953,4.39264588,4.49539782,42559,4.272896537247584,4.379710325,4.524151307749814,4.235269342250185,20,3.6172949876500073,4.315561397082946,-0.0449695039557218,0.1193067533656533,57.20421107456463
2010-02-16,4.47484728,4.53649814,4.39264588,4.52108542,136379,4.300560776667778,4.384570550499999,4.540698336981114,4.228442764018885,21,3.629488296050007,4.3236211626875365,0.0010365726019747,0.1210600038395352,58.44061911790479
2010-02-17,4.49539782,4.54163596,4.44402185,4.48512216,45101,4.326011876934356,4.385854930499999,4.544821871825818,4.22688798917418,22,3.641044669200006,4.329954535131162,-0.0175990682272325,0.1193852971367112,56.00124359144511
2010-02-18,4.50567271,4.61869953,4.46457162,4.54677379,261615,4.349426889179608,4.395808905499999,4.56832525525607,4.223292555743928,23,3.6510046465500063,4.338457251008371,0.0340321781660702,0.1218669123412318,59.14923973453968
2010-02-19,4.45429674,4.62383736,4.45429674,4.61869953,287142,4.370968700445239,4.409613094999999,4.605495232697582,4.213730957302416,24,3.6614512277500064,4.349447144302161,0.1576940144451506,0.1252721771740009,62.51850463682201
2010-02-22,4.56732356,4.62383736,4.56732356,4.62383736,199340,4.396255566400715,4.428499330499998,4.630427486891006,4.226571174108991,25,3.670882288900007,4.360207544917762,0.3720424466643466,0.1203608645187151,62.75481632872753
2010-02-23,4.59814899,4.72145148,4.59814899,4.64952573,127425,4.419013745760643,4.441305288499999,4.6641129265862125,4.218497650413785,26,3.6806195601500074,4.371553356097458,0.3497993622396281,0.1205709806245211,63.97768936306444
2010-02-24,4.64952573,4.70603876,4.6443879,4.68548822,57022,4.455306273869366,4.457179160999999,4.701076614442472,4.213281707557527,27,3.6903588756000074,4.383864527230891,0.4084659532984088,0.1163624005799125,65.67670773900431
2010-02-25,4.65466279,4.75227767,4.65466279,4.75227767,240265,4.487243698605042,4.477154364499999,4.747573399602061,4.206735329397937,28,3.700203576950007,4.3983121014571305,0.4857042503513498,0.1150232919670616,68.63545766571677
2010-02-26,4.77796527,4.80365287,4.69576388,4.80365287,420014,4.524348454600336,4.497412751999999,4.800013694334665,4.194811809665333,29,3.709967395750007,4.414207817870576,0.5919319218742656,0.1145136989694143,70.72587764414297
2010-03-01,4.82934125,4.88071722,4.76255256,4.87301086,526953,4.569037161064282,4.530535345499999,4.845077357150418,4.215993333849579,30,3.7203649737500064,4.432200094032514,0.7030284605099892,0.1147744819001704,73.31194142220316
2010-03-02,4.90640559,5.06053273,4.90126776,5.06053273,354071,4.625139571672711,4.567954949999999,4.9420885704174085,4.1938213295825895,1,3.731095752050007,4.456840589560651,0.7515732072154913,0.1199707239073012,78.7720723451946
2010-03-03,5.09649598,5.13759707,4.97319427,5.12218436,248944,4.7122182033381685,4.604647804999999,5.040045703333535,4.169249906666464,2,3.742536032700007,4.4829325021269,0.7531868545522364,0.1231444436282082,80.20590678226975
2010-03-04,5.13759707,5.21466141,5.02040881,5.19924793,572670,4.797293976670535,4.643670121499999,5.140945160568512,4.146395082431486,3,3.7543997241500064,4.511023303219963,0.7536909411345929,0.1282235976547648,81.85566990052537
2010-03-05,5.2249363,5.25576172,5.19873468,5.21466141,272164,4.880767463336428,4.687526370499999,5.222364313310239,4.152688427689759,4,3.767775325450007,4.538616954466239,0.6817310629240287,0.1231381292508529,82.17565939065341
2010-03-08,5.21466141,5.34823878,5.18383521,5.34823878,380339,4.955766314669142,4.735775911999999,5.323594470933553,4.147957353066444,5,3.781844210150007,4.570366829977367,0.7063783680118665,0.1260856607329349,84.69479125739065
2010-03-09,5.31741258,5.55887972,5.30970622,5.55887972,495894,5.034260807735314,4.796589110999999,5.456378978393912,4.136799243606085,6,3.796407598250007,4.609132041350804,0.743845909210777,0.134877649252011,87.6572039571605
2010-03-10,5.53319212,5.61539352,5.53319212,5.59998081,205950,5.139184590188251,4.853616423499998,5.580711477660194,4.126521369339803,7,3.8110749093500074,4.647988855807634,0.7375910357825862,0.1311150600197245,88.13959694950243
2010-03-11,5.59998081,5.70273275,5.54860483,5.69245786,554760,5.234426376150601,4.912955680999998,5.707374118239889,4.118537243760107,8,3.8259506554000073,4.688948424599492,0.7524716973855828,0.1327588357326013,89.16561934169142
2010-03-12,5.70273275,5.75410872,5.64108189,5.67704515,207690,5.328087650920481,4.976405008999999,5.80149876934443,4.151311248655567,9,3.840876313050006,4.727697315791668,0.7145055996515145,0.1313494067517012,87.80231418699265
2010-03-15,5.65135678,5.69759492,5.62053135,5.64108189,783998,5.413291864736385,5.033689212499999,5.876149467663439,4.191228957336559,10,3.855622154400006,4.763516318701799,0.5746826319466274,0.1274718469837225,84.55373705699631
2010-03-16,5.64621895,5.69759492,5.55887972,5.64621895,547210,5.481455235789108,5.089945888999998,5.938218270475457,4.241673507524539,11,3.8699873552500064,4.798132108164474,0.5450176209109032,0.1282749436277424,84.6411520905331
2010-03-17,5.63080623,5.67190732,5.50236669,5.62053135,342721,5.75410872,5.146716348499998,5.977268171410113,4.316164525589883,12,3.8838685815500074,4.83038305882469,0.5421845912711543,0.1312224926543322,82.13792635867057
2010-03-18,5.62566841,5.63594406,5.46640344,5.47667832,84046,5.7490738794,5.193211574999998,5.987540141789273,4.398883008210722,13,3.8967004027500063,4.855727971027644,0.5429044407698895,0.1339595017504513,69.70526271880361
2010-03-19,5.45612778,5.49722886,5.34310095,5.49722886,108014,5.737767061824,5.237138041499998,5.995895063297197,4.478381019702799,14,3.909685765950006,4.880884868634403,0.5333234368118849,0.1354001023397048,70.39467527087288
2010-03-22,5.46640344,5.64621895,5.42535398,5.62053135,145866,5.71408709511456,5.286972740999998,6.0080474733574505,4.565898008642545,15,3.923287641600006,4.909890613001681,0.5245030834349343,0.1415047357440116,74.18988078497952
2010-03-23,5.60511863,5.63594406,5.56401755,5.61539352,105536,5.691827926407687,5.335266130499998,6.006774929411804,4.663757331588193,16,3.9370923894500063,4.937557393668282,0.5362170605946293,0.1365348624765822,73.76554312180134
2010-03-24,5.57429243,5.65135678,5.56915538,5.60511863,550419,5.670904307823226,5.381247650999998,5.991648071878417,4.770847230121579,17,3.950820366300006,4.96373626568129,0.4869167312274791,0.1326539008711121,72.86793759265471
2010-03-25,5.62566841,5.64621895,5.57943026,5.59741228,73480,5.65135678,5.423504381499998,5.967260697035427,4.879748065964569,18,3.964078089050007,4.988586305458495,0.4592738914343396,0.127949242951747,72.158723998813
2010-03-26,5.59998081,5.59998081,5.50750375,5.52291646,166089,5.65135678,5.459467560999999,5.9238283071599565,4.995106814840041,19,3.9767347751500064,5.009540429166004,0.3977114108824106,0.1254155155980508,65.52003181668093
2010-03-29,5.55887972,5.55887972,5.34310095,5.43044018,68582,5.64621895,5.487339026999998,5.86668827696139,5.107989777038607,20,3.9890560550000074,5.02604630174773,0.3516100095303937,0.1318700337696186,58.344166824109486
2010-03-30,5.42530235,5.42530235,5.2506239,5.27117444,111233,5.62803187,5.497871112499999,5.839008704754406,5.156733520245592,21,4.000454031000007,5.035659169914486,0.2929026951431044,0.1352947656432172,48.49359887125565
2010-03-31,5.18897304,5.32255041,5.18897304,5.31741258,199958,5.5978392324,5.507632523499998,5.814680834780015,5.200584212219981,22,4.012362544550006,5.046708323251173,0.292343327503194,0.1351720945258446,51.076139842634255
2010-04-01,5.29172498,5.52291646,5.29172498,5.49722886,171311,5.55695261316,5.522531569999997,5.795280859375307,5.249782280624688,23,4.025627258400006,5.064375795280539,0.2508720805931929,0.1420306220597129,59.56673547778571
2010-04-05,5.53832995,5.53832995,5.32768824,5.48695398,67304,5.18897304,5.536146198499997,5.770554151258211,5.301738245741784,24,4.038764412000007,5.08094748879895,0.2892320656966701,0.1469314140554476,58.93731592701781
2010-04-06,5.44585289,5.55887972,5.44585289,5.47667832,80717,5.1959601782,5.542568175499998,5.762630819515579,5.322505531484417,25,4.051926373150007,5.096466344924481,0.2240806522158265,0.1445096580514871,58.27413818837059
2010-04-07,5.50750375,5.58970592,5.46126561,5.47667832,94273,5.210476959872,5.5384581054999975,5.7602126497697705,5.3167035612302245,26,4.064935962600007,5.111376618456855,0.1218039090903129,0.1433618474763809,58.274138188370586
2010-04-08,5.46640344,5.46640344,5.36878855,5.40475181,72950,5.23323069747968,5.528696655499997,5.755880282413003,5.301513028586992,27,4.077636708800007,5.122881527929135,0.0927668537752258,0.1408281276566394,53.3965882602087
2010-04-09,5.40988964,5.59998081,5.38933909,5.59998081,98452,5.254619210830899,5.5240728029999975,5.741281504497602,5.306864101502393,28,4.091313600000007,5.14159130369662,0.0094275106548876,0.1458148128240223,62.55736490826253
2010-04-12,5.59998081,5.7952098,5.53370613,5.72328329,296976,5.282248138764428,5.526384709999998,5.750917772570257,5.301851647429738,29,4.105835565000007,5.16440275413989,0.0593877326073926,0.1540783026223065,66.97302420216735
2010-04-13,5.70273275,5.75410872,5.67704515,5.70273275,81313,5.333544304887985,5.529467252999998,5.761772495136612,5.297162010863384,30,4.120026215900007,5.185513734369699,0.1691503270770845,0.1485772502921418,65.58477230379901
2010-04-14,5.73355818,5.83631012,5.73355818,5.80548469,219055,5.379710854399186,5.537430539999997,5.794768844805062,5.280092235194933,-1,4.134882998200007,5.209826320865004,0.169552034922938,0.1475058302712745,69.04031579595771
2010-04-15,5.80034686,5.9030988,5.80034686,5.86199849,285357,5.434502766271284,5.5495038969999975,5.841612885618704,5.257394908381291,-1,4.150098539200007,5.2354017000467685,0.1474122840438095,0.1443091238233263,70.77820380643763
2010-04-16,5.80548469,5.9030988,5.80548469,5.86713554,287637,5.500106210993304,5.569026757999997,5.889838777754974,5.24821473824502,-1,4.165441344050007,5.260175576123366,0.1838072487599699,0.1409737656930887,70.93790060669618
2010-04-19,5.86713554,5.9030988,5.71814546,5.88254826,66839,5.556525173454242,5.588292727999997,5.934794965266839,5.241790490733155,-1,4.180670747850007,5.284582348040097,0.1688659027644352,0.1441151638578681,71.44217237432927
2010-04-20,5.81575957,6.09318997,5.81575957,6.09318997,254139,5.605045481170648,5.611925658999997,6.022542412148813,5.201308905851181,-1,4.197042246250007,5.316292450862053,0.2058388113400615,0.1536376807251633,77.25165271747359
2010-04-21,6.09318997,6.26786842,6.05208966,6.20107974,352700,5.683148599383344,5.641209969999997,6.125558951111076,5.156860988888917,-1,4.213953193500007,5.350989991612561,0.2164692109946122,0.1580763292447945,79.5467211378101
2010-04-22,6.14456594,6.39630797,6.11887834,6.30896951,270091,5.788398167094342,5.676402513999998,6.240813639491074,5.111991388508922,-1,4.231533105550007,5.388557815863049,0.2856331797647266,0.1666015650130234,81.55118798026166
2010-04-23,6.33979494,6.55043665,6.23190517,6.44768471,359494,5.909980127675474,5.718916135499997,6.373941051274792,5.063891219725202,-1,4.249804052800007,5.430092203868419,0.3077669456053568,0.1774537017978075,83.75548965461286
2010-04-26,6.41685851,6.62750022,6.40144579,6.55557371,279747,6.038071432140379,5.770548997999997,6.512647263164681,5.028450732835314,-1,4.268081140250008,5.474228733520638,0.3554985558724994,0.1809251823836783,85.23331600092386
2010-04-27,6.52474828,6.61722533,6.43227122,6.53502316,210346,6.155957189712304,5.825778146999998,6.6209247666999245,5.030631527300071,-1,4.285645984300007,5.515828514951202,0.3518811510212797,0.1812129629277013,83.67186911624717
2010-04-28,6.55043665,6.74052705,6.43740905,6.58126208,511455,6.250265795769843,5.891282528999997,6.708429389004988,5.074135668995006,-1,4.303289651250007,5.557610223384488,0.3326856578747014,0.1899204655757226,84.36587067554085
2010-04-29,6.60181262,6.65318782,6.55557371,6.61722533,136244,6.348318046615874,5.956273166499997,6.787156494866319,5.125389838133676,-1,4.320732205200007,5.599163756977253,0.302296801143968,0.183327154463171,84.9033245829389
2010-04-30,6.60694968,6.67887619,6.60694968,6.64291293,189933,6.426759847292699,6.013557369999998,6.867601679958444,5.159513060041553,-1,4.338074635750007,5.640095097095792,0.2693499283888371,0.1753699655729446,85.29224713735327
2010-05-03,6.63777511,6.67887619,6.61722533,6.67373836,208236,6.489513287834159,6.072896588999997,6.937195538187085,5.2085976398129095,-1,4.355621986600007,5.680630127013605,0.2925584870561531,0.1672471723177343,85.76613433017889
2010-05-04,6.5915886,6.65318782,6.52474828,6.55562534,183974,6.74052705,6.126843939999998,6.969981871418533,5.283706008581463,-1,4.372629561650007,5.714943664777778,0.2725913200110286,0.165943094295039,75.70132723082332
2010-05-05,6.51447339,6.66346348,6.42199634,6.59667479,172037,6.7362114746,6.1828437634999975,6.993980490140438,5.371707036859557,-1,4.389486847400008,5.749521355962963,0.3006535430021677,0.1713376689882505,76.72367416691249
2010-05-06,6.50933556,6.67887619,5.47154126,6.62750022,309733,6.723642869216,6.243981183999997,6.9932809289649525,5.494681439035042,-1,4.406828148850008,5.78395189965069,0.3491228280820904,0.2453374733462326,77.48959782760865
2010-05-07,6.47337231,6.55043665,6.01098857,6.041814,250600,6.67887619,6.266072843499997,6.962294762029961,5.569850924970034,-1,4.420809552050008,5.794064138880075,0.273293020887037,0.2718499145357874,46.30931883804476
2010-05-10,6.33465711,6.37575819,6.1240154,6.1805292,163536,6.67887619,6.288935138999998,6.9409885606843895,5.636881717315606,-1,4.435433486750007,5.809219631473013,0.2342206564455403,0.2762852199260883,51.30677359784734
2010-05-11,6.17025431,6.19080485,6.041814,6.16511648,296418,6.6064360942,6.3120543254999975,6.909863025237682,5.714245625762313,-1,4.449802841000008,5.823176370630934,0.2683542860441202,0.2671927649313677,50.74163581794393
2010-05-12,6.18566703,6.32951928,6.18566703,6.3192444,219700,6.5383424041480005,6.337742310999998,6.888581245170423,5.786903376829573,-1,4.464587302100007,5.8426300188414855,0.2884251868510984,0.2598506245791272,55.96515098248399
2010-05-13,6.3192444,6.35520765,6.13429105,6.17539137,258504,6.474334335499121,6.353411954999997,6.865707289148683,5.84111662085131,-1,4.478347750850007,5.8556794835928,0.2459375367582635,0.2570696228234753,50.57454892930515
2010-05-14,6.16511648,6.19594191,5.92878717,6.11887834,180881,6.414166750969174,6.365999094999998,6.840889627620841,5.891108562379154,-1,4.492206567550007,5.866001007373474,0.2514947689783253,0.2577899883360842,48.59430263539444
2010-05-17,6.13942811,6.237043,5.96475043,6.11374051,157328,6.357609221511023,6.377558707499998,6.814558085276561,5.940559329723435,-1,4.506192066800008,5.875716281986279,0.239430301911038,0.2588258870263639,48.408724566104944
2010-05-18,6.11374051,6.1805292,5.91851152,5.96988749,223651,6.304445143820361,6.371393583499997,6.827334884221364,5.91545228277863,-1,4.518721835150007,5.879409270535837,0.1618589826819122,0.2590538722387664,43.41004321251162
2010-05-19,5.96988749,6.02640129,5.74383383,5.90823663,88591,6.25447091079114,6.356751427999997,6.85084292811944,5.8626599278805545,-1,4.531857583250008,5.880539755220706,0.1453475173122688,0.2607334142217117,41.435315150128005
2010-05-20,5.81575957,5.87227337,5.57943026,5.58456809,62656,6.207495131743672,6.3205313569999975,6.918591249884239,5.722471464115756,-1,4.543781314450007,5.868933023251267,0.1161429271307542,0.2655957682058752,32.95853356805097
2010-05-21,5.52805429,5.70787058,5.50236669,5.70273275,64822,6.163337899439052,6.283283758999998,6.935378483695738,5.631189034304258,-1,4.556143497250008,5.862415365476707,0.1085241847923914,0.2613034911911699,37.94942328263006
2010-05-24,5.738696,5.86199849,5.57429243,5.59484298,96917,6.1218301010727085,6.235247222499998,6.939490981702197,5.531003463297799,-1,4.568118602900007,5.851922330752131,0.0671357703486024,0.2631893889632292,35.36099417134693
2010-05-25,5.49209104,5.60511863,5.40475181,5.59998081,81073,6.082812770608346,6.188495104999998,6.930085147302101,5.446905062697894,-1,4.579865443600008,5.842042271114792,0.0832712535909686,0.2587020626087128,35.58631088824664
2010-05-26,5.66163166,5.98016314,5.65135678,5.88768609,218659,6.028567893759678,6.153816305499998,6.883466459802426,5.42416615119757,-1,4.592771460050008,5.843832224796565,0.1242561031947381,0.2673792245652334,46.77474443979452
2010-05-27,6.07777726,6.2627306,6.0161264,6.17539137,108240,5.40475181,6.131724607499997,6.829994388512665,5.4334548264873295,-1,4.607649307650008,5.856834544216308,0.12402815371504,0.2750696020962881,55.16203504184293
2010-05-28,6.17539137,6.30896951,6.1240154,6.25759354,87520,5.4219113858,6.112458637999997,6.773519810792696,5.4513974652072985,-1,4.622811187150008,5.872550583266649,0.1390584245146202,0.2686327812322676,57.23554903019073
2010-06-01,6.23190517,6.30383168,6.21649245,6.28584967,77309,5.457393710768,6.093064203499997,6.708290342854998,5.477838064144997,-1,4.638038161450009,5.888758390589525,0.1057932432437577,0.2556832418585342,57.95530677283037
2010-06-02,6.30383168,6.36034548,6.25245571,6.28841897,73241,5.49145674273728,6.079703884999997,6.665049377903785,5.494358392096209,-1,4.6521859799500085,5.904431354487976,0.1317440702206687,0.2451265652972103,58.02448768283568
2010-06-03,6.25759354,6.33979494,6.19080485,6.21649245,78200,5.543590066973043,6.060694767999997,6.600578458183327,5.520811077816666,-1,4.667142354000009,5.916669044508055,0.0943793711870582,0.2382596742045524,55.28216208669984
2010-06-04,5.94933771,6.31410657,5.94933771,6.04695183,76609,5.592595391754661,6.0316673484999965,6.504835525980544,5.558499171019449,-1,4.681022467400009,5.9217781733508765,-0.0092974799467863,0.247296044618513,49.360341319337074
2010-06-07,6.237043,6.237043,5.89796174,5.90823663,108896,5.638660397049382,6.024988479999996,6.501156656791673,5.548820303208318,-1,4.694259797900008,5.921247132435156,0.0341682050078213,0.2538521314314763,45.103249301337215
2010-06-08,5.8774112,6.0983278,5.80548469,6.09318997,98768,5.681961502026419,6.020621518499996,6.49258714935688,5.548655887643112,-1,4.708625056100008,5.927989988810248,0.1047581348922364,0.256637201329228,51.15248080477202
2010-06-09,6.07782889,6.18566703,6.05722671,6.08291508,44080,5.722664540704834,6.016511448499997,6.484789490681759,5.548233406318235,-1,4.723548430500008,5.934065482582395,0.0240242507334925,0.2474802812342831,50.81746427005752
2010-06-10,6.17025431,6.39630797,6.09318997,6.39630797,87985,5.760925397062544,6.0203646269999975,6.4996813995160885,5.541047854483907,-1,4.739683232850008,5.952192638951713,-0.0187060835235652,0.2521883247175486,59.52479828559344
2010-06-11,6.38603308,6.57612425,6.34493277,6.56584936,65633,5.811756002897541,6.039887526499997,6.571793584534614,5.507981468465379,-1,4.757148257600008,5.976257608404587,0.08629274581442,0.2506885500948666,63.30924362227666
2010-06-14,6.56584936,6.72511433,6.56328006,6.67373836,145709,5.888192827607787,6.067630527499996,6.666755576432414,5.468505478567578,-1,4.775025748400008,6.003609794741662,0.0763720795470516,0.2443418158023761,65.51868817150154
2010-06-15,6.65318782,6.76621542,6.49906068,6.66346348,66320,5.988623407894853,6.095116675999996,6.748191730017933,5.44204162198206,-1,4.792699493100008,6.029486409849832,0.080164123839745,0.2459713103879207,65.11652533624225
2010-06-16,6.63777511,6.7764903,6.62750022,6.65832565,86324,6.097486289589574,6.129538583999997,6.82385260161209,5.435224566387904,-1,4.8104237345000085,6.054146772208662,0.1331747984755246,0.2390440796459263,64.90199808744686
2010-06-17,6.58126208,6.68401402,6.57612425,6.67373836,71872,6.206126931255242,6.167813670499997,6.892829390562103,5.44279795043789,-1,4.828478993550008,6.078444481533812,0.1586693324589968,0.2296759146712173,65.27162170112608
2010-06-18,6.67887619,6.74309635,6.52474828,6.58639913,144288,6.297385070254403,6.217905222499996,6.912612942304899,5.523197502695093,-1,4.845894391650009,6.098364271669741,0.1505399613822159,0.2288667829089875,61.330082080583
2010-06-21,6.73025216,6.73025216,6.50419774,6.52988611,26926,6.374041907013699,6.259262890499996,6.924216173592632,5.59430960740736,-1,4.863103410500008,6.1152866967023005,0.1089680506896226,0.2286658998440598,58.85358261205976
2010-06-22,6.58639913,6.58639913,6.26786842,6.28328114,123692,6.7764903,6.293684798499997,6.884656887064448,5.702712709935545,-1,4.878952429350008,6.121874714086524,0.0920989799243094,0.2350848148551984,49.46680468685347
2010-06-23,6.3192444,6.54529882,6.26786842,6.50933556,53218,6.7663178624,6.339152535999997,6.84317114111663,5.835133930883363,-1,4.895601580350008,6.137069257063523,0.0731516978251337,0.2381094995083985,56.340882621236126
2010-06-24,6.33979494,6.39117091,6.25759354,6.28328114,57778,6.7563488735520005,6.358932288499997,6.819724792858815,5.898139784141178,-1,4.910891897850008,6.142803056394365,0.0021605657170031,0.2390832509720843,49.14185383092682
2010-06-25,6.20005248,6.28328114,6.13942811,6.18566703,139820,6.736398660209921,6.359446071499997,6.819441063200155,5.89945107979984,-1,4.925287819000008,6.1444839965357625,-0.0454263179520897,0.2322810923312212,46.38560891703991
2010-06-28,6.237043,6.237043,5.95447477,5.95447477,153849,6.700580427197326,6.344290132999996,6.835617056621281,5.852963209378711,-1,4.938578571950008,6.1370326543186735,-0.1519874223948658,0.235873030736134,40.580281721382974
2010-06-29,5.81575957,5.86199849,5.57943026,5.70787058,211521,6.64089197462154,6.315391178499996,6.8796468470894805,5.751135509910512,1,4.950864861500008,6.120202769051274,-0.1751267234539898,0.245813850683553,35.47954070365573
2010-06-30,5.66163166,5.66163166,5.46640344,5.48695398,228786,6.534745803159386,6.275317928999996,6.945450107453505,5.605185750546488,2,4.962224336300008,6.095369483206127,-0.237421041380989,0.2455033713490135,31.642459176125016
2010-07-01,5.51161432,5.58456809,5.42530235,5.48181615,249528,6.40654471958026,6.2385841139999965,6.992849697995669,5.484318530004324,3,4.973491078400008,6.071308568178435,-0.2287359238386595,0.2393435405383697,31.55698113696242
2010-07-02,5.43557801,5.47154126,5.2249363,5.32768824,54922,6.269170787839023,6.202620934499996,7.052529660353066,5.352712208646926,4,4.983622502150008,6.042146986681241,-0.2190541498229387,0.2405961340713433,29.024022128705692
2010-07-06,5.34823878,5.53319212,5.27117444,5.27631227,73696,6.102093269784779,6.171024716499996,7.105170680978742,5.2368787520212505,5,4.993243091900009,6.012114252693742,-0.2081694822299498,0.2421262444948187,28.211159647494256
2010-07-07,5.2506239,5.26603738,5.18542812,5.26089955,245655,5.961748154619214,6.129410195499997,7.144375970147813,5.11444442085218,6,5.002786618050009,5.982654852588105,-0.144001053744188,0.2313232377451888,27.958187658661476
2010-07-08,5.31741258,5.31741258,5.17356033,5.24034901,123057,5.822010548387756,6.0872818919999965,7.173886671596871,5.000677112403122,7,5.011871855000009,5.953544819545434,-0.1319578860852243,0.2250753100491039,27.60277501393837
2010-07-09,5.24034901,5.34310095,5.23521118,5.33796312,42625,5.692320504710205,6.034364649499997,7.158066260188985,4.910663038811009,8,5.021368976650009,5.92940436073973,-0.1553829088261394,0.2167049143313107,32.02314834255466
2010-07-12,5.31227552,5.49722886,5.29172498,5.49722886,76274,5.588568469768164,5.980933624499996,7.100082222277855,4.861785026722137,9,5.031078332900008,5.912456301887192,-0.1477526986759772,0.2159048404505028,38.60933200409039
2010-07-13,5.67601712,5.67601712,5.42530235,5.54860483,189188,5.17356033,5.924676947999997,7.011516534281871,4.8378373617181225,10,5.041349312450008,5.898187616715146,-0.1683667711850246,0.2183912639897526,40.60836706438343
2010-07-14,5.57429243,5.67704515,5.57429243,5.65135678,667658,5.1836094658,5.874071612999996,6.911740327697366,4.836402898302627,11,5.050559537750008,5.88850797605965,-0.0294021248539418,0.2119661965619131,44.50078624559519
2010-07-15,5.66163166,5.71300763,5.61539352,5.63594406,76031,5.203346893168,5.822952533499997,6.800006159303281,4.845898907696713,12,5.0583213464500085,5.8786035087631925,-0.0273148249713214,0.2037981903789193,44.034596986306944
2010-07-16,5.58970592,5.62566841,5.32255041,5.34823878,92159,5.23392653737792,5.756677554499996,6.671755486354643,4.841599622645349,13,5.065965192450009,5.85780489194895,-0.0715842138277843,0.2116264374947108,36.37434599733674
2010-07-19,5.32255041,5.35851367,5.20438575,5.34823878,47410,5.71300763,5.694769536999996,6.541949611586954,4.847589462413039,14,5.073812199450009,5.837821907166639,-0.038534123050535,0.2075194005308029,36.37434599733673
2010-07-20,5.25576172,5.57429243,5.25576172,5.54346701,163802,5.7028351924,5.645448581999997,6.402468003946479,4.888429160053515,15,5.082582017500009,5.8262785778659865,0.0129788492118426,0.2154487797786027,44.035989718802185
2010-07-21,5.61539352,5.74383383,5.52291646,5.53832995,48205,5.20438575,5.608201022499996,6.307098503039702,4.9093035419602895,16,5.091481062750009,5.814986474812418,0.0367580878008763,0.2158393933658453,43.88623699096238
2010-07-22,5.56401755,5.74897089,5.56401755,5.62053135,30355,5.2151747116000005,5.563760811999996,6.127834987554761,4.999686636445232,17,5.101172044250009,5.807360783643303,0.0198066946104479,0.2154680752682849,46.99260362531509
2010-07-23,5.69245786,5.87227337,5.67190732,5.78493415,50930,5.236526558736,5.538843462499996,6.00994621871224,5.067740706287752,18,5.110288294050009,5.806481307814154,0.0340442426346063,0.2180590713205503,52.639551799215496
2010-07-26,5.83631012,5.83631012,5.75924655,5.75924655,9254,5.27467136741184,5.517522438499996,5.899829672742755,5.1352152042572365,19,5.119156749300009,5.804628964370462,0.0499621897046475,0.2079879640833681,51.7125673852209
2010-07-27,5.78493415,5.84144794,5.72842112,5.79007197,63827,5.31052748756713,5.509302298499995,5.859387602349509,5.159216994650482,20,5.127993944800008,5.80405810184613,0.1097640062443535,0.2012050252202704,52.78703100997348
2010-07-28,5.79007197,5.80548469,5.65135678,5.80034686,79582,5.344232240513103,5.5139261124999965,5.876596370751072,5.151255854248921,21,5.136169156100009,5.803912562950203,0.1510918361535415,0.1978423741331082,53.16115592636312
2010-07-29,5.84149958,5.97502531,5.8208974,5.8774112,72869,5.375914708282316,5.533448973499995,5.928776597622204,5.138121349377786,22,5.1446811854000085,5.806794862442352,0.2262828405232849,0.1961878081236004,55.97875141240908
2010-07-30,5.8208974,6.40658362,5.76952143,6.33465711,90364,5.423843556419731,5.576091021499996,6.1022699447474285,5.0499120982525625,23,5.155174697000009,5.827495342738731,0.3039282057055754,0.2276788354004861,68.20132270307576
2010-08-02,6.42199634,6.42199634,6.12915323,6.29355602,143232,5.522117562777758,5.624384410499995,6.222837140486719,5.025931680513271,24,5.1656658680000085,5.845772232043094,0.3038877083631808,0.2323334264433085,66.4162225495412
2010-08-03,6.23190517,6.44768471,6.03667617,6.32951928,213589,5.630103016044427,5.677044760999996,6.32686428502792,5.027225236972072,25,5.176159087000009,5.864742704511992,0.3510238087945859,0.2450959345545008,67.22458909478098
2010-08-04,6.39117091,6.42199634,6.29869385,6.33465711,69844,5.744564453198207,5.730732638999996,6.410873281672625,5.050591996327366,26,5.186500226900008,5.883170720413483,0.273701166370061,0.2363964028006078,67.34551711972514
2010-08-05,6.33979494,6.49906068,6.33465711,6.47851014,124553,5.843001289150458,5.792640695499996,6.50748325261227,5.077798138387721,27,5.197357467150008,5.906517364318837,0.3169858105090589,0.2312540576005644,70.61465728770766
2010-08-06,6.45282176,6.54529882,6.39117091,6.49392285,104004,5.947970791686385,5.850438681999995,6.59518726037837,5.10569010362162,28,5.2086727040000085,5.929552873561236,0.3073081002680784,0.225745047057667,70.95022348257035
2010-08-09,6.48878502,6.54016099,6.42199634,6.51961045,22171,6.055489836782836,5.901557761499996,6.68181703839904,5.121298484600952,29,5.220217961300009,5.952692386362756,0.2881525652317075,0.2180607329821194,71.53367931692553
2010-08-10,6.47851014,6.55043665,6.33979494,6.38089525,66706,6.143655453761925,5.943172282499996,6.7324220509258135,5.153922514074178,30,5.231298200150008,5.969484655525001,0.2871331484766615,0.2175308027691108,64.05224675968945
2010-08-11,6.30832656,6.33165222,6.18915732,6.22539062,89774,6.55043665,5.971873974499996,6.758333273491334,5.185414675508658,-1,5.241727891000008,5.979520183543628,0.1593096842125641,0.2156884547141744,56.87145259356132
2010-08-12,6.19428896,6.2668582,6.12172051,6.20984018,87040,6.55043665,6.000568780499996,6.777730580195059,5.223406980804932,-1,5.252054436900008,5.988552340267408,0.195793331924957,0.2106491143774476,56.19302336509444
2010-08-13,6.23057358,6.27722568,6.13208721,6.22539062,76960,6.5332880044,6.044426372499996,6.766429554898699,5.322423190101293,1,5.262433338450008,5.997840115943196,0.2571441404747189,0.2059697826362014,56.74866455663712
2010-08-16,6.20465644,6.20465644,6.09580259,6.15282139,40318,6.516825304624001,6.084655502999995,6.732906632427741,5.436404373572249,2,5.272500183150008,6.003917812965031,0.2344746778501983,0.2005139431621869,53.34799987629324
2010-08-17,6.17355556,6.40162997,6.08025215,6.27204194,44669,6.491563941746561,6.121084249499996,6.723883594955235,5.518284904044756,3,5.2830361554500085,6.014432484613461,0.1719721133599762,0.2091470772220308,57.819964834127575
2010-08-18,6.30832656,6.34461117,6.19428896,6.26167524,56830,6.458658998406836,6.157251513999996,6.699623542593274,5.614879485406718,4,5.293647269400009,6.024128278942345,0.1941708283352332,0.2049453009918858,57.30556711812029
2010-08-19,6.189106,6.28240864,6.17360688,6.26167524,37079,6.42838645053429,6.189308708499995,6.673688640521452,5.704928776478538,5,5.304004429250009,6.033443846042645,0.2158386779016671,0.1980779052067511,57.30556711812029
2010-08-20,6.22539062,6.3342437,6.1994727,6.25130776,93596,6.400535706491547,6.212627388999996,6.660415167829406,5.764839610170586,6,5.314284358950009,6.041987528942934,0.1923007064897937,0.1935559834062688,56.72028980269507
2010-08-23,6.24094106,6.36529326,6.08543589,6.11653677,55697,6.374913021972223,6.230491899999995,6.630458368886388,5.830525431113602,7,5.323280943050009,6.044911028592231,0.1659672896849255,0.1997203681629638,49.624954919951385
2010-08-24,6.10098633,6.15800512,5.8262606,5.95584786,83134,6.36529326,6.238780694499996,6.607549302938493,5.870012086061498,8,5.33157566500001,6.041418355314104,0.1495071036447483,0.2091506647227521,42.75715783149725
2010-08-25,5.91961533,6.02841709,5.89882984,5.97658203,37148,6.36529326,6.247592452999995,6.580735786573509,5.9144491194264806,9,5.339948661250009,6.038875754321394,0.111917973074084,0.2034675636711269,43.837226359027895
2010-08-26,5.9610316,6.02841709,5.94034951,5.9713983,31951,6.311389994,6.252291807999995,6.566530499078216,5.938053116921775,10,5.34819415645001,6.036229579642123,0.1212182942179385,0.1952247076946178,43.61565535484538
2010-08-27,5.98176577,6.01805039,5.95584786,6.00249995,20585,6.2628770546,6.235683949999996,6.5654794276084925,5.905888472391499,11,5.35654437060001,6.034906849067922,0.0870540721907278,0.1857231235735737,45.39884458025277
2010-08-30,6.01805039,6.13727095,6.01805039,6.06470171,45214,6.219215409139999,6.224241234499996,6.561017813378095,5.887464655621896,12,5.364951639400009,6.036075274986827,0.0735724003219766,0.1820836861754612,48.88082749808624
2010-08-31,6.09061885,6.09061885,5.99213247,6.04396753,58637,6.179919928225999,6.209963646999996,6.55184973094534,5.868077563054652,13,5.37358537730001,6.036384775183422,0.0123413832729747,0.1761124500200712,47.78686553278657
2010-09-01,6.16837182,6.27204194,6.16837182,6.2668582,32350,5.8262606,6.206573701499996,6.544771622195469,5.868375780804522,14,5.38318119685001,6.0454229487056415,0.0609001661903533,0.1798240185900661,58.53110825669908
2010-09-02,6.23575732,6.33942744,6.20984018,6.28240864,29798,5.835176226800001,6.196768626499996,6.513554954870372,5.879982298129619,15,5.392321463800009,6.054716505226989,-0.0145881908890459,0.1762356786907757,59.16248821732123
2010-09-03,6.36534535,6.57786854,6.3135103,6.57786854,37661,5.855346275328,6.200965910999996,6.535137141597255,5.866794680402736,16,5.40240572545001,6.075232271296519,-0.0126545130072102,0.1847516944985774,68.86284726813398
2010-09-07,6.40681293,6.49493261,6.39644623,6.49493261,15586,5.898697611208321,6.199732018999995,6.529338962158491,5.8701250758415,17,5.4125832157000096,6.091691108108421,-0.0116519652539477,0.1845138813201076,64.24939100052279
2010-09-08,6.46383173,6.71782328,6.42754711,6.70227284,63935,5.939447866935821,6.215800898499995,6.60509941317194,5.82650238382805,18,5.42438150120001,6.115635489751228,0.082501075473589,0.1920683305115285,69.7123991274448
2010-09-09,6.64525404,6.74892416,6.60378646,6.60378646,28520,6.001717899980956,6.234720690499996,6.659231781100967,5.810209599899025,19,5.436017498550009,6.1347786650551015,0.1036460209876994,0.1887161426178479,64.65823296238662
2010-09-10,6.6763557,6.69190614,6.51048305,6.69190614,13510,6.07643852598286,6.258823988499996,6.727402358926652,5.790245618073341,20,5.448170280150009,6.156626801327451,0.1063910321649045,0.1881952102880016,66.96595085640946
2010-09-13,6.74892416,6.81631043,6.6867224,6.78002581,67898,6.143687089384574,6.286555747999996,6.806744364766061,5.766367131233931,21,5.46094142835001,6.181073821275394,0.1162897248204841,0.1840089831245729,69.13628821733523
2010-09-14,6.81112669,6.81631043,6.74892416,6.75410789,21212,6.2244018902584255,6.316620072999996,6.87080845961415,5.762431686385842,22,5.4733290328500095,6.203545745539104,0.0961223352164947,0.1756787893299605,67.7268746834574
2010-09-15,6.77484207,6.81631043,6.67117196,6.81631043,41674,6.295430915027414,6.343833497499996,6.938562960830437,5.749104034169555,23,5.485824485250009,6.227575733165022,0.1343284772074812,0.173497337949249,69.34222127947979
2010-09-16,6.81112669,6.81631043,6.71787537,6.81112669,36547,6.357936456824125,6.371306069999996,6.998208578601225,5.744403561398767,24,5.498979695450009,6.250460084413453,0.1828190348890822,0.1681357466671598,69.03212559850965
2010-09-17,6.81631043,6.81631043,6.6089702,6.72300702,68866,6.41294133360523,6.3943726589999965,7.037189439309132,5.751555878690861,25,5.511534061750009,6.268991336789395,0.158063222428775,0.1709360669052198,63.80829102030965
2010-09-20,6.71782328,6.81631043,6.69190614,6.76965833,48868,6.461345625172602,6.4202901874999965,7.079532854367978,5.761047520632015,26,5.5242533725500085,6.288625336523144,0.2068065440146125,0.1676123685548469,65.30514326504965
2010-09-21,6.81112669,6.83704383,6.73337372,6.76447537,80270,6.50394140175189,6.452687117499996,7.112719018068034,5.792655216931957,27,5.536946768550008,6.307286122149687,0.213905231820192,0.1630450643723578,64.98357576900727
2010-09-22,6.70227284,6.78002581,6.70227284,6.73078224,23336,6.550575741706625,6.491433836499995,7.120508082283015,5.862359590716975,28,5.549141810350009,6.323893813045778,0.2447103466512695,0.1569527719171894,62.818078746755006
2010-09-23,6.73855746,6.83186087,6.6297036,6.71782328,39403,6.590681274067697,6.528495898999997,7.117966831527417,5.9390249664725765,29,5.5612718059500095,6.33934202743614,0.2285367082890534,0.1601816646373901,61.96281784133753
2010-09-24,6.6297036,7.04438406,6.6297036,7.00291648,262495,6.62517203189822,6.580071807999995,7.145561961151325,6.014581654848666,30,5.574954242700009,6.365364554987663,0.3894170576437487,0.1783601500204336,71.2398087884863
2010-09-27,6.97181482,6.97699856,6.74374119,6.83191219,29528,6.6297036,6.621542419999996,7.130331897134641,6.11275294286535,-1,5.587781658000009,6.383660540674422,0.3693463334835686,0.1841326600189741,61.54389770073069
2010-09-28,6.73855746,6.84222757,6.72041554,6.76447537,21137,6.6297036,6.656531102999996,7.099296899631858,6.213765306368135,-1,5.600068724400009,6.398594455549935,0.3819543404544087,0.1796811864461902,58.18094023025074
2010-09-29,6.77520518,6.89406263,6.75410789,6.77484207,99322,6.6960524736,6.693074829999996,7.037244040598565,6.348905619401427,-1,5.612610789100009,6.413349263959741,0.2985963619223133,0.1768435831286052,58.55585084515007
2010-09-30,6.76447537,6.99773274,6.73855746,6.94071395,60914,7.04438406,6.726767617499997,7.026508394537584,6.42702684046241,-1,5.6261853780000095,6.434030232039752,0.2953572123684559,0.1827244186194191,64.10143699803426
2010-10-01,6.92008396,7.00809944,6.86296175,6.90961307,282514,7.038267528,6.758127838999995,6.988575644743737,6.527680033256253,-1,5.639553669400009,6.452680539410742,0.1620071750498229,0.1800396522894605,62.41504659669857
2010-10-04,6.85259427,6.94589768,6.84222757,6.84222757,54968,7.03227332664,6.771345790499995,6.988884762135756,6.553806818864235,-1,5.65248345090001,6.467956893551497,0.0918618992374305,0.1745846849830704,58.80523287624865
2010-10-05,6.84741131,6.94589768,6.83704383,6.94071395,38164,7.026399009307199,6.793634857499995,6.982823280954138,6.604446434045853,-1,5.666159618400009,6.486496385961242,0.1040586728057493,0.1698896253414226,62.24235377204366
2010-10-06,6.91998054,6.98736604,6.90961307,6.97181482,19349,7.020642178321055,6.8071119564999965,7.006475812146285,6.607748100853708,-1,5.679635757550009,6.505528481413743,0.0735496283578132,0.1633084356741781,63.28416075091187
2010-10-07,6.992549,6.99773274,6.89147115,6.93553098,144509,7.015000483954634,6.823699182499996,7.007207875173202,6.64019048982679,-1,5.6931844316000095,6.5223913244955565,0.0703300548828747,0.1592336609831654,61.16383566895112
2010-10-08,6.92516351,6.99773274,6.92516351,6.94589768,15973,7.009471623475542,6.836398759499997,7.016795368699313,6.656002150300681,-1,5.706962703650009,6.53899941686828,0.0562398042109534,0.1530433444843679,61.5601150498662
2010-10-11,6.9821823,7.0495678,6.94589768,7.0392011,62473,6.73855746,6.849357523999997,7.0480064461630505,6.650708601836943,-1,5.7206741918000095,6.558615169147955,0.0703000301035478,0.1495166855926273,65.0197463355901
2010-10-12,7.0495678,7.07030198,6.97699856,7.07030198,25687,6.7447776668,6.865167228499996,7.0805979580236125,6.64973649897638,-1,5.7345919736500095,6.578681318593133,0.1000534672601249,0.1455014523360111,66.1145122714369
2010-10-13,7.07548572,7.25172429,6.99773274,7.23099011,99833,6.7577986393280005,6.885901212499997,7.152319465678846,6.619482959321148,-1,5.749516360950009,6.604262055511049,0.123855893694271,0.1532507450262961,71.14012056864341
2010-10-14,7.15842165,7.15842165,7.01846692,7.09881138,56117,6.78743417836832,6.900285446999996,7.179747363654528,6.620823530345465,-1,5.763805247350009,6.623656146667479,0.1063769395279169,0.1574844910958463,62.87893237542983
2010-10-15,7.08585242,7.14805418,7.08585242,7.13250374,20719,6.8152915850662215,6.920760282999996,7.205227550375764,6.636293015624227,-1,5.77793245560001,6.643610954249146,0.112162450839882,0.1506785817318573,64.02569843491436
2010-10-18,7.13768747,7.16878835,7.05475154,7.15323791,51353,6.841477547362248,6.939939261999996,7.232673104657953,6.647205419342039,-1,5.792518871200009,6.663596325062906,0.1288635667318439,0.1480613123224389,64.74744524682839
2010-10-19,7.14287121,7.21025671,7.08585242,7.08585242,69005,6.866092351920513,6.956008114499996,7.243690030878085,6.668326198121907,-1,5.806666776950009,6.680155387609458,0.1048614463444769,0.1463715250136933,60.49922765735924
2010-10-20,7.15323791,7.17397209,7.1169533,7.12213704,38779,6.889230268205282,6.975575854499996,7.252349632674225,6.698802076325768,-1,5.8210468989000095,6.697488001428695,0.0866844946758174,0.1422106782270009,61.94704371722441
2010-10-21,7.15323791,7.18433879,7.03272123,7.14027896,51724,6.910979909512966,6.996698638499997,7.255459495140078,6.737937781859916,1,5.83536535875001,6.714852352745217,0.1037298811513442,0.1428825983536437,62.68351178383466
2010-10-22,7.15842165,7.23617385,7.12084091,7.21025671,14242,6.931424572342188,7.007065649999997,7.2820946646318205,6.732036635368173,2,5.849957521500009,6.734279974598345,-0.0366846201538153,0.1409147656140977,65.46031616874674
2010-10-25,7.22580715,7.25690803,7.16878835,7.16878835,63088,6.950642555401656,7.023909457999997,7.295204874191731,6.752614041808263,3,5.863834430400009,6.751319518731743,-0.079054750301603,0.1371436880702336,62.49265010012866
2010-10-26,7.05475154,7.21543967,7.05475154,7.17397209,23486,6.975143793369524,7.044384293999997,7.2953163101139555,6.793452277886038,4,5.87761028285001,6.767894129369714,-0.0655923751973688,0.1388254339223598,62.72017130265285
2010-10-27,7.11176956,7.22580715,7.08066868,7.17397209,20702,6.997684932299962,7.064340794999997,7.288398435470068,6.840283154529926,5,5.89151311045001,6.783818755276784,-0.0073762184468044,0.1392763650707627,62.72017130265285
2010-10-28,7.17915583,7.27764221,7.17397209,7.21543967,296919,7.018422780115965,7.078077080999998,7.303812631334835,6.852341530665162,6,5.90562327595001,6.800745065658087,-0.0706744633315499,0.1367330618514224,64.70643052005867
2010-10-29,7.24654133,7.25690803,7.18952253,7.19988923,276244,7.044344723104368,7.092590888999998,7.31031904869162,6.874862729308375,7,5.919884250650009,6.8163977779852205,-0.1335796985275715,0.1317796645763209,63.34347225453164
2010-11-01,7.20507297,7.26209177,7.14287121,7.20507297,91139,7.067674471793931,7.110733158999997,7.300688598745339,6.920777719254655,8,5.933790210950009,6.831639942377957,-0.0904829454298946,0.1308825856780122,63.61857821130033
2010-11-02,7.26727473,7.26727473,7.19470627,7.26727473,442743,7.088671245614538,7.127061197999997,7.311821572709872,6.942300823290122,9,5.94782941180001,6.848723659539606,0.1456112604730559,0.1267172909867256,66.83499879746851
2010-11-03,7.28282595,7.334661,6.97181482,7.24135759,147222,7.334661,7.140538336499998,7.317180088310481,6.963896584689515,10,5.962297728300009,6.864121068577268,0.1661280532985998,0.1435836402019595,64.28481970533196
2010-11-04,7.26727473,7.334661,7.05475154,7.10140286,187497,6.97181482,7.1488319304999965,7.299920935848983,6.99774292515101,11,5.97609166390001,6.873426236868355,0.1138307965115034,0.1533211987589623,52.61065900051609
2010-11-05,7.02365066,7.08066868,6.92516351,7.02883362,176331,7.334661,7.152978727499997,7.284897493167597,7.021059961832397,12,5.990005268750009,6.879520644049989,0.1352133518974012,0.1549582095618936,47.76678410297632
2010-11-08,7.02365066,7.17910374,6.96155153,7.0495678,97294,7.334661,7.153497062499997,7.28369376112152,7.023300363878474,13,6.003286074900009,6.8861891599695975,0.1026571352834746,0.159429209593187,49.2057570886496
2010-11-09,7.08096891,7.27460968,7.08096891,7.1751728,100128,7.326471050199999,7.158740603499997,7.283443789553456,7.034037417446539,14,6.017321885050008,6.897521851735496,0.0871554046328242,0.1641158289079593,56.94402936369699
2010-11-10,7.21180761,7.35311305,7.1595241,7.26937591,111498,6.92516351,7.160659893499998,7.290814362829212,7.0305054241707845,15,6.031904896600009,6.9121043638243,0.0574025720423444,0.1662210518431051,61.6614847436833
2010-11-11,7.23274111,7.29554396,7.20971394,7.27460968,69334,6.9337225008,7.169449808499998,7.305328425315996,7.033571191684,16,6.0462855194000085,6.926320258576288,0.0686562613491772,0.1604788352828833,61.91117755502528
2010-11-12,7.26937591,7.33741175,7.22227436,7.26414293,30821,6.942110311784,7.176031767999997,7.316779999963293,7.035283536036701,17,6.06155343910001,6.939568206475257,0.0604095313232925,0.1572401606198202,61.05478602400062
2010-11-15,7.30077695,7.39498084,7.24844241,7.30601071,114135,6.95033036654832,7.183670407999998,7.334838071859582,7.032502744140413,18,6.076522789450009,6.953938500731129,0.0333288503756196,0.156475751289833,63.244933111999046
2010-11-16,7.23274111,7.35311305,7.11760371,7.22227436,284131,6.968116385486387,7.190491504999997,7.335577460234789,7.0454055497652055,19,6.0906925249500095,6.964461475604418,0.0448037604086192,0.1621210076262735,56.41196782871224
2010-11-17,7.22227436,7.35834604,6.9867658,7.25367539,143693,6.985190963666931,7.1970684224999975,7.341085383719294,7.053051461280701,20,6.1048668939000095,6.975803197737578,0.077536936904867,0.177082381367254,58.2342607980985
2010-11-18,7.25890916,7.44208239,7.22750813,7.44208239,98888,6.9867658,7.212158593999996,7.388769443777418,7.035547744222575,21,6.120389623700009,6.994088656257674,0.1039101058296527,0.1797603726981644,67.11721388351795
2010-11-19,7.38974707,7.4577837,7.2903102,7.3635798,155012,6.9867658,7.219824748499995,7.40834866065074,7.03130083634925,22,6.13529128295001,7.008578505031882,0.0896299461303717,0.1788827389340098,61.26990498091253
2010-11-22,7.32171123,7.42114889,7.30077695,7.37928032,92447,7.024447232,7.230349346999996,7.429503733897053,7.03119496010294,23,6.15047460585001,7.023115831109063,0.1195632398096274,0.1747033961530091,61.983269678862975
2010-11-23,7.3635798,7.3635798,7.19662992,7.33741175,211584,7.05911414944,7.238521329999995,7.441134600053288,7.035908059946702,24,6.164864491800009,7.035441161261649,0.1549540753175931,0.1752710392849371,58.86932507064244
2010-11-24,7.35311305,7.35311305,7.13330423,7.19610709,69055,7.0910077134848,7.239628079999994,7.441057249420734,7.038198910579254,25,6.17831666370001,7.041741785918055,0.1414995629840303,0.178452309336013,49.77977528864299
2010-11-26,7.12807046,7.25890916,7.06526839,7.22227436,8699,7.4577837,7.239969814499995,7.441256817675805,7.038682811324184,26,6.19238774255001,7.048821494705583,0.1778065706089371,0.1795371993834406,51.279969488313256
2010-11-29,7.15423852,7.34787929,7.15423852,7.31124448,60647,7.4499333938,7.245537576999995,7.4482373122443954,7.042837841755595,27,6.2064669758500095,7.059112592168109,0.2770832152599708,0.1805445972846235,56.08356422525168
2010-11-30,7.28507643,7.51011902,7.1751728,7.4577837,232077,7.06526839,7.258173113499994,7.47982771417277,7.036518512827219,28,6.22115046725001,7.074746753259555,0.3182161354027216,0.1915732846214361,62.62065964514951
2010-12-01,7.34264552,7.83983146,7.34264552,7.76656186,141954,7.0741654026,7.283137469999994,7.596686734464938,6.969588205535051,29,6.23755766575001,7.101876757445456,0.220716675920099,0.2134027600056192,72.05869836745684
2010-12-02,7.81366341,8.11197482,7.80842964,8.0230047,116694,7.1047920448960005,7.322219825499994,7.770923526322568,6.87351612467742,30,6.25493882030001,7.13799942185936,0.2141287262654513,0.2228320600052178,77.20619079951707
2010-12-03,8.02823846,8.0596395,7.91833405,8.00730418,52949,7.16522301140224,7.3675148914999955,7.894055039277566,6.840974743722425,1,6.27188184355001,7.1720898045315415,0.2848977261840873,0.2170087307191308,76.27964711470406
2010-12-06,8.0230047,8.10674105,7.81366341,7.81889718,87130,7.222028119918106,7.407018069499995,7.944429193570368,6.869606945429622,2,6.287857142650011,7.197454799647952,0.2333730807329488,0.2224422242391928,66.037886485864
2010-12-07,7.88693302,7.98636989,7.81889718,7.98636989,35150,7.275424921923019,7.453858173999994,8.020965132224381,6.886751215775607,3,6.30454136345001,7.228392646328424,0.2641584690470318,0.2185158303649648,69.90582913017217
2010-12-08,7.97590314,8.03870521,7.96020263,7.98636989,157475,7.325617915807638,7.494418028499995,8.091251784982806,6.897584272017183,4,6.32104577180001,7.258117244119466,0.2355949418354851,0.2085148839103244,69.90582913017217
2010-12-09,7.99160366,8.03870521,7.98113613,7.98113613,119750,7.37279933005918,7.530006039499995,8.15321917945727,6.906792899542719,5,6.33719006410001,7.286470925918703,0.1756661921178873,0.1977330407738726,69.6184542421661
2010-12-10,8.00730418,8.03870521,7.94973509,7.95496886,112196,7.417149859455629,7.564023998499995,8.201863281822648,6.926184715177342,6,6.35294664405001,7.3126865311767935,0.1145612625333665,0.189964260718596,68.11087150289134
2010-12-13,7.96543561,8.09365781,7.96543561,8.02823846,309947,7.458839357088291,7.602228775000002,8.255002712717872,6.949454837282134,7,6.3687227820500105,7.340747391130645,0.1030786412435291,0.1863017385244106,70.06556189817974
2010-12-14,8.07010625,8.07010625,7.78226238,7.79272913,165222,7.498027484862993,7.626564696000003,8.269568517298586,6.983560874701419,8,6.38238376405001,7.358472165203953,0.0525968155821506,0.1935547479155241,57.80128839284353
2010-12-15,7.76656186,7.8345977,7.72731056,7.82936393,188097,7.534864324971213,7.656919174500001,8.27764754299156,7.036190806008444,9,6.3959196619000105,7.376938508921443,0.1332508719049031,0.1873927759215581,59.00342866439992
2010-12-16,8.08580677,8.36318468,8.06487327,8.2114117,329552,7.569490954672941,7.704805989999999,8.341282542022888,7.06832943797711,10,6.41098048075001,7.40966294778727,0.0992604056766845,0.2121376312128753,68.9405092712683
2010-12-17,8.27944754,8.35271714,8.20094495,8.20094495,113060,7.632986452699106,7.742749117999999,8.402119812641363,7.083378423358636,11,6.4259118984500105,7.44069361454071,0.0219214596201766,0.2078258139833841,68.4509899091076
2010-12-20,8.24281273,8.47596699,8.22711222,8.45220662,105636,7.691402310883177,7.797180458999998,8.500622528047563,7.093738389952433,12,6.44143173765001,7.480360791225388,0.0610172287051047,0.2126255444131424,73.34412688862402
2010-12-21,8.38935195,8.54112964,8.38935195,8.49926107,56786,7.769858778794859,7.853179496499997,8.59205872028115,7.114300272718844,13,6.456133644400009,7.520317664902824,0.0608289633442781,0.2082792690979179,74.15262177514418
2010-12-22,8.55683016,9.02784334,8.55683016,8.88653789,226216,7.862411282139476,7.930635803499998,8.7566547073857,7.104616899614295,14,6.472566429800009,7.573894928632125,0.0401240294206052,0.2311580548766381,79.6290871020197
2010-12-23,8.92840568,8.92840568,8.771395,8.87083738,75907,8.02557177023995,8.014372317999996,8.86475419035714,7.163990445642852,15,6.48845832740001,7.624755416921062,0.0585141155549775,0.225861813814021,78.89923714256153
2010-12-27,8.82373504,8.89700464,8.75308742,8.85775335,29543,8.165889790006357,8.096146267499996,8.940643687022549,7.251648847977444,16,6.504361868400009,7.673108277041805,0.0610181838200276,0.220008628541591,78.25552850753076
2010-12-28,8.80803452,8.90223292,8.78971751,8.89177637,60160,8.286563287005468,8.175172861999997,9.006789582505231,7.343556141494762,17,6.52061534080001,7.720899182648008,0.0651825749599698,0.2123305415029059,78.74123135446857
2010-12-29,8.89177637,9.00167529,8.86036434,8.91532165,85294,8.390342494424702,8.248049759499997,9.07083576132036,7.425263757679636,18,6.536960854300009,7.76773927940691,-0.000584013333404,0.2072577135384126,79.08933243606458
2010-12-30,8.94934546,9.14036424,8.89407414,9.0173758,216583,8.479592612805245,8.310590456499998,9.166941927282728,7.454238985717271,19,6.553945076550009,7.816744633155658,-0.0383376071375916,0.2100457411428117,80.57410456779753
2010-12-31,9.02261428,9.10634043,8.85513607,9.03831009,114395,8.585316073156406,8.361355725999996,9.26268998735381,7.460021464646181,20,6.571753235400009,7.864649160875045,-0.0368005210157944,0.2129856424897536,80.87410775188019
2011-01-03,9.1115797,9.21102207,8.90223292,9.08541164,260083,8.674123779851381,8.415261098999997,9.35364331729474,7.476878880705255,21,6.58969414930001,7.912522199272102,-0.0219198061470474,0.219828750169057,81.5639875941805
2011-01-04,9.04877213,9.15868125,8.74523716,8.771395,74554,9.21102207,8.462885989999997,9.37158008206401,7.554191897935982,22,6.60544846755001,7.946203485575157,-0.0153525348076531,0.2336584172998387,64.78614744008773
2011-01-05,8.72952643,9.1115797,8.65102855,9.05401061,102068,9.21102207,8.516268025999997,9.43212747506639,7.600408576933606,23,6.622641553000009,7.989646902219268,-0.000734817972977,0.2498650410641359,70.63977570021402
2011-01-06,9.00167529,9.17961004,8.96504048,9.13775246,55559,9.1886223292,8.573837154499998,9.49396317068077,7.653711138319226,24,6.6403047221500096,8.034670649583218,0.0300800207574214,0.2473439352738404,72.11873156291725
2011-01-07,9.1115797,9.28951995,9.06971113,9.169148,386051,8.65102855,8.633237747999997,9.546001826656411,7.720473669343584,25,6.658163400750009,8.0791599574427,0.0545252540870292,0.245377141325709,72.67447513282778
2011-01-10,9.08541164,9.33138773,8.95457373,9.19008229,46172,8.663798378,8.694993419499998,9.582624335670133,7.807362503329862,26,6.67649922990001,8.122725539111613,0.0925603038859885,0.2547654883738727,73.06007183792674
2011-01-11,9.27381864,9.42035786,9.1848493,9.39942907,167198,8.69050195208,8.763552949999996,9.64640089182644,7.880705008173551,27,6.69634417435001,8.172792344244492,0.1474978948435623,0.2533899934900246,76.61403434421794
2011-01-12,9.49362746,9.55119655,9.36801704,9.49885574,179963,8.7342933065552,8.848859280499997,9.667361613419104,8.03035694758089,28,6.7174825808500085,8.22479483035255,0.226913564809282,0.2483749589550228,78.09224260103943
2011-01-13,9.50932798,9.69250122,9.42558613,9.6558672,201289,8.799645566030785,8.940184443999996,9.687822812149896,8.192546075850098,29,6.739174853950009,8.280915315436765,0.2176610650912465,0.2496992540296641,80.21866286405532
2011-01-14,9.59829811,9.79717186,9.57212534,9.7134355,344305,8.888931131427707,9.015285633999996,9.756746267623733,8.27382500037626,30,6.760255887150009,8.337092577576499,0.24891267552111,0.2479383444561168,80.9488094132907
2011-01-18,9.72390304,9.79194359,9.69773498,9.70296326,151937,8.997920018856382,9.090386549499996,9.789781455625748,8.390991643374244,-1,6.781335933550009,8.39065613374997,0.2381326834775071,0.2369576491378227,80.36767490961098
2011-01-19,9.68726274,9.68726274,8.980741,9.03307161,185934,9.79717186,9.119429798999995,9.75581134282671,8.48304825517328,-1,6.7991179000000095,8.41584889752448,0.1510544276053443,0.2716194070565497,53.77359665243819
2011-01-20,9.03831009,9.14298073,8.62486129,8.81850676,68791,9.79194359,9.135392083499996,9.72288793524001,8.547896231759982,-1,6.815827042200009,8.431639401935286,0.1363314083336616,0.2892265522667961,48.26461779113995
2011-01-21,8.82373504,8.97550252,8.792334,8.80280625,71851,9.745260298,9.131205501499997,9.726871726277658,8.535539276722332,-1,6.8328173144000095,8.44619496460449,0.0900867551405313,0.2816509785334535,47.87809178487733
2011-01-24,8.771395,8.91270516,8.771395,8.89700464,91703,9.70044433768,9.132513864499996,9.725997732058907,8.53902999694108,-1,6.849302433550009,8.463873775404315,0.1072491576097715,0.2716266343524925,50.4424241069273
2011-01-25,8.771395,8.87607585,8.76616673,8.81850676,46468,9.6574210157728,9.130551534999997,9.727903292655348,8.533199777344645,1,6.864778550900009,8.477780951270812,0.1012519118114465,0.261570296898743,48.30945169239704
2011-01-26,8.84990309,9.0173758,8.65625683,8.97550252,268056,9.616118626741889,9.134737842499996,9.726484701569252,8.54299098343074,2,6.88114239975001,8.497299444162152,0.1448222981266748,0.2686809164059757,52.624246058717
2011-01-27,9.01214204,9.01214204,8.89177637,8.97027425,41545,9.576468333272214,9.137485472499996,9.725630955251695,8.549339989748297,3,6.89696634755001,8.515847475763637,0.157159075819724,0.2580869702341203,52.46717671592234
2011-01-28,8.98597477,9.01161371,8.64055631,8.79494578,71281,9.538404051541326,9.126363971499996,9.731344780489277,8.521383162510714,4,6.9116310840000095,8.526792507302318,0.1607765271672094,0.2661562866459689,47.3619584851846
2011-01-31,8.83943555,8.83943555,8.71382592,8.76093767,45139,9.501862341079672,9.112495350499994,9.737306525022092,8.487684175977897,5,6.9261000946500095,8.535974670545365,0.1423919190802297,0.2561172397426854,46.41847943076631
2011-02-01,8.75046543,8.9441062,8.75046543,8.90223292,52207,9.466782299036485,9.103336414499996,9.734802020716266,8.471870808283725,6,6.94119851795001,8.550337739151429,0.1464416885154768,0.2516546347610651,50.80345300786637
2011-02-02,8.90747139,8.90747139,8.63532804,8.86036434,87205,9.433105458675024,9.107784881499994,9.73103420694283,8.484535556057157,7,6.9550343898000095,8.56249564506706,0.1915806660873924,0.253118114420989,49.51046555743912
2011-02-03,8.84990309,8.97027425,8.74523716,8.93887321,39107,9.400775691928024,9.102028011499996,9.729272024269212,8.474783998730777,8,6.96872335715001,8.577255549574234,0.1776302827247544,0.2511123269623468,51.97850411735428
2011-02-04,8.94934546,8.94934546,8.73999868,8.78186725,75704,9.369739115850903,9.084233750999996,9.726428304172554,8.442039197827437,9,6.98108784585001,8.585279537826224,0.1460182540850886,0.2481290736078935,47.027589993670034
2011-02-07,8.78186725,8.92840568,8.76616673,8.78186725,50251,9.339944002816868,9.064869713499997,9.718901054171171,8.410838372828819,10,6.992758758550009,8.592988859872255,0.1658232278793399,0.2419940647787582,47.027589993670034
2011-02-08,8.81850676,8.95457373,8.81850676,8.93887321,189917,9.311340694304192,9.052309259499996,9.705888115092298,8.398730403907694,11,7.004675256050009,8.606552952034127,0.2113854589719015,0.2370449515802755,52.29716044104034
2011-02-09,8.84466383,9.04354386,8.84466383,8.98597477,78659,9.283881518132024,9.031636544499994,9.665858505824897,8.397414583175093,12,7.016930014100009,8.621432239013181,0.1748055997327235,0.2343188857531129,53.78253320625763
2011-02-10,8.93887321,9.29474822,8.93887321,9.28429089,135117,8.62486129,9.020908301999995,9.629911753393658,8.411904850606332,13,7.030445158150009,8.647426695914625,0.2000165237484791,0.243001466056462,61.87878602817055
2011-02-11,9.29474822,9.39419059,9.17961004,9.26859037,91444,8.6382590286,9.001544460499995,9.550197439450042,8.452891481549948,14,7.043701983350008,8.671786055682679,0.1361416590837939,0.2409714006238575,61.27043966187964
2011-02-14,9.23717913,9.43082461,9.23195086,9.40989111,15598,8.668496291056,8.986367240999995,9.46812477975912,8.504609702240868,15,7.057536874250008,8.700731351930417,0.1194461833453226,0.2379644255792963,64.63973958038027
2011-02-15,9.39942907,9.5250285,9.36278877,9.5250285,71299,8.71423599019264,8.977470502999994,9.41002447404095,8.544916531959037,16,7.07179332495001,8.733056730286087,0.2409826554953731,0.2325555187522037,67.14769374375919
2011-02-16,9.62440807,9.77623286,9.50409421,9.51979473,62522,8.779099390977228,9.001806658999993,9.4946948417821,8.508918476217886,17,7.086614171900009,8.763909200863104,0.3212932672536159,0.2353828852699034,66.91535967762933
2011-02-17,9.50932798,9.50932798,9.35755579,9.38895682,37406,8.878812737879505,9.030329161999994,9.543107775881651,8.517550548118336,18,7.100575582050009,8.788420872201806,0.3246993203233461,0.2301583177506246,61.21330630852794
2011-02-18,9.42035786,9.66633395,9.35232202,9.51455626,114893,8.968554750091554,9.065916662499994,9.608519525999196,8.52331379900079,19,7.115010862250009,8.81689676976252,0.3568126178268779,0.2361478614827228,64.35353128008427
2011-02-22,9.46745941,9.5250285,9.06971113,9.15345298,85289,9.049322561082398,9.078739079499996,9.6168714768465,8.54060668215349,20,7.130569057150009,8.830095052516931,0.2827046253016034,0.251802826376814,51.455148720326775
2011-02-23,9.11681268,9.25287965,8.9231727,9.09064541,74123,9.77623286,9.092346011999997,9.61706504419188,8.56762697980811,21,7.1451196382000095,8.840312713594699,0.2800784461082312,0.257367406635613,49.59327219572189
2011-02-24,9.13775246,9.17961004,8.91793343,9.02784334,20749,9.7591716568,9.094963052999995,9.617843828841355,8.572082277158634,22,7.159433272500009,8.847666855806672,0.1828575503119967,0.2576752068759264,47.73336720086324
2011-02-25,8.99644152,9.16390952,8.99644152,9.1115797,11365,9.725522127728,9.102028325499996,9.62178826673748,8.582268384262512,23,7.17339494900001,8.85801637910837,0.1808266717415805,0.2512318349562174,50.404147472071664
2011-02-28,9.15345298,9.19008229,8.97027425,9.08018337,135737,9.69321857981888,9.116290204999997,9.616862172007494,8.615718237992496,24,7.187918909000009,8.866728810123728,0.1810402613118959,0.2489872781736304,49.38518126870884
2011-03-01,9.1115797,9.1115797,8.57775895,8.81326829,80431,9.662207173826124,9.118906735999996,9.61252022911344,8.625293242886553,25,7.20139085875001,8.864632319138485,0.1780099648633944,0.2693325261612283,41.67225144041246
2011-03-02,8.76093767,9.12728021,8.69813011,9.10111216,193473,9.597140280396555,9.128850697999995,9.612516462698814,8.645184933301177,26,7.216327717000009,8.873906038387956,0.2477573542748094,0.2807480671497121,50.62747834632045
2011-03-03,9.15868125,9.49885574,9.00691376,9.34708825,145232,9.535977400572763,9.153186893499996,9.62928783997058,8.677085947029411,27,7.23321372080001,8.892462203549213,0.2385260365089243,0.2958333466390184,56.73985297675194
2011-03-04,9.15345298,9.47269867,9.15345298,9.42035786,129290,9.49885574,9.177261125999996,9.656264080718806,8.698258171281186,28,7.250774326950009,8.913163993998264,0.2592050516454835,0.2975056568790884,58.392250557834245
2011-03-07,9.47269867,9.96987913,9.46745941,9.83380195,595615,8.57775895,9.229857860999996,9.75265808267058,8.707057639329411,29,7.27202049625001,8.949267443253234,0.3384133691002137,0.3155067721020108,66.23064210925384
2011-03-08,9.88614198,9.88614198,9.60876486,9.74745381,53323,8.6056013536,9.278137188999995,9.804861494026609,8.751412883973382,30,7.292244101550009,8.980568869400166,0.3554221413693432,0.3127832255232956,63.53842514282902
2011-03-09,9.74483654,9.98557964,9.74483654,9.77623286,200290,8.632886909127999,9.320005171499997,9.865006668448116,8.775003674551874,-1,7.313151050950009,9.011771378835451,0.227702314133925,0.3076375022716316,64.06275432547301
2011-03-10,9.65063343,9.89660952,9.42035786,9.83380195,207964,8.68699461836288,9.362396530499996,9.92836533396737,8.796427727032622,-1,7.33432015665001,9.044007871822298,0.2644931287847499,0.3196813706808008,65.14259879036746
2011-03-11,9.72913602,9.72913602,9.28951995,9.2999867,61709,8.738938019228364,9.363181320999995,9.928758125763853,8.797604516236138,-1,7.351381659700009,9.054046257241032,0.1947493421873739,0.3357242727750292,50.10752230587209
2011-03-14,9.29474822,9.36801704,9.06448285,9.08018337,41195,8.788803684059229,9.353760970999996,9.931472169231526,8.776049772768467,-1,7.36590561970001,9.055071242055108,0.1898117193288846,0.3334249811482415,45.45537185981347
2011-03-15,8.95355176,9.16987234,8.83220616,8.9641092,141524,9.98557964,9.331471875499997,9.9327194081164,8.73022434288359,-1,7.37943819800001,9.051504103150986,0.1625436014100064,0.3337279239233671,43.17568068382403
2011-03-16,9.00103648,9.06434469,8.61588083,8.62115717,71896,9.962512170399998,9.286278308999997,9.95466840801228,8.61788820998771,-1,7.391114735500009,9.03462775283134,0.1050765643384404,0.3419233479288409,37.23395677444091
2011-03-17,8.76888766,8.89551436,8.43121752,8.55257262,140777,9.908646916784,9.237917203499991,9.968772156411884,8.507062250588103,-1,7.402435503750009,9.015723629975207,0.0971698617507858,0.3506643116482094,36.162177278023165
2011-03-18,8.60532893,8.62115717,8.35735188,8.62115717,91853,9.82000115297696,9.199527220999991,9.973975278525202,8.425079163474784,-1,7.41445882735001,9.000250435466375,0.1389494025001379,0.3444600958161944,38.08160013503426
2011-03-21,8.51563506,8.68974647,8.51563506,8.62115717,137562,9.7029892111388,9.154857266499992,9.95413312536259,8.355581407637397,-1,7.42732985405001,8.985384032899066,0.1474262095840973,0.3322923325436092,38.08160013503426
2011-03-22,8.65280811,8.69502281,8.51067528,8.58422435,38335,9.595338224647698,9.126395834999991,9.963489424094362,8.289302245905624,-1,7.440709792650009,8.969652280628514,0.1680651869934366,0.3217248466476371,37.37968631869951
2011-03-23,8.53146329,8.56311977,8.44704022,8.50508237,32461,9.496299317075882,9.097117682999992,9.977030918464326,8.21720444753566,-1,7.452769254650009,8.95143385276073,0.1703670750581737,0.3085433668870916,35.854606115013254
2011-03-24,8.51035871,8.70030391,8.49453601,8.63698541,34186,9.405183522109812,9.077574786499994,9.979851993095824,8.175297579904164,-1,7.465539606300009,8.939102541279917,0.1759390853129062,0.3012022621094423,40.23146194164775
2011-03-25,8.68974647,8.87441532,8.5367341,8.86385789,191330,9.321356990741029,9.065188695999993,9.972048228746113,8.158329163253875,-1,7.477877355900009,8.936151770641489,0.2285937878917474,0.3038079019587679,46.93791340556999
2011-03-28,8.86385789,9.03269296,8.77416401,8.9641092,69100,9.244236581881744,9.059384987499993,9.967271502905808,8.151498472094177,-1,7.489868655100009,8.937248140420254,0.2465291944413817,0.3005736911045703,49.62762374624041
2011-03-29,8.81637792,8.94299987,8.80053939,8.82429204,64514,9.173285805731206,9.059936174999994,9.967237537646492,8.152634812353496,-1,7.50062142350001,8.932818489423381,0.2353184802444098,0.2907876995971009,46.116601455717216
2011-03-30,8.81109683,8.81109683,8.53146329,8.62379495,264789,9.10801109167271,9.036070314499996,9.96268899915471,8.10945162984528,-1,7.51042308085001,8.920699919249914,0.1333668965917362,0.2909334889115936,41.57438128886642
2011-03-31,8.65280811,8.90079071,8.61588083,8.84802965,79510,9.047958354738894,9.011117384499991,9.929734289934256,8.09250047906573,-1,7.52137160085001,8.917850104769526,0.1345776567987599,0.2905032311321942,47.770327243787136
2011-04-01,9.20680516,9.20680516,8.74251307,8.90079071,73904,8.35735188,8.985139026999994,9.885192558952266,8.085085495047721,-1,7.53250686260001,8.91718110889621,0.0948537825326394,0.3029167210513232,49.1371137339756
2011-04-04,8.89551436,9.11711128,8.70953731,8.9166134,340222,8.3743409456,8.939279599499994,9.750807425858088,8.1277517731419,-1,7.544157933950011,8.917158845802241,-0.0092624717088235,0.3103922388333715,49.56337987665309
2011-04-05,8.94828096,9.24795858,8.87968612,9.19097613,513934,8.390990229888,8.911455715499994,9.644614536397444,8.178296894602544,-1,7.55746338405001,8.927896778515878,0.1191437274249429,0.3145265403452735,56.38850057632495
2011-04-06,9.24373719,9.28067001,8.69502281,8.94299987,520930,8.425268963892481,8.869794065999994,9.487216279165455,8.25237185283453,-1,7.570761977700011,8.928489056613294,0.1287870459759608,0.3338923017491826,49.82572356718315
2011-04-07,8.89551436,9.07490212,8.69502281,8.79526859,35713,8.476593026658932,8.817867397999994,9.248765579875526,8.386969216124461,1,7.58219164285001,8.923264724589243,0.0786103480410357,0.3371770880528125,46.36375780503622
2011-04-08,8.80582048,9.12238209,8.80582048,9.03269296,207586,8.524837645659396,8.804502710999994,9.188821568011578,8.42018385398841,2,7.59593870195001,8.927556027938685,0.1230125353541707,0.3364582603347545,52.12144072990072
2011-04-11,9.08018321,9.08018321,8.9166134,8.96938,102626,8.570187587519833,8.798962542499993,9.170197170360918,8.427727914639068,3,7.6098572668000095,8.929196183705795,0.1207806917098816,0.3241090853108436,50.56270772341536
2011-04-12,8.78999224,8.83747775,8.64226175,8.66863635,32384,8.612816532868642,8.784188899999993,9.151455024854632,8.416922775145354,4,7.62342807470001,8.91897815101145,0.1275177550224903,0.3243240256457833,43.85380985300909
2011-04-13,8.67919378,8.94299987,8.67919378,8.90079071,58189,8.64226175,8.798170576999993,9.160807840281857,8.43553331371813,5,7.63939267535001,8.918264918030609,0.1643243740247211,0.3207554180996558,49.431634249546256
2011-04-14,8.87968612,9.33343107,8.70942097,9.20152882,117899,8.64226175,8.830618386999992,9.215027344190265,8.446209429809722,6,7.657965549550011,8.929373306343134,0.2105500746359026,0.3424164668068233,55.58696385704859
2011-04-15,9.2226334,9.29386601,9.05907388,9.06962578,62665,8.67919378,8.853041817499992,9.238280849690252,8.467802785309733,7,7.6759045977000095,8.934873403349286,0.1626160016934487,0.3347290141777645,52.564797194654965
2011-04-18,8.79526859,8.92189529,8.60538117,8.65280811,33467,9.33343107,8.854624364499994,9.236283510437008,8.47296521856298,8,7.692530197050011,8.923812019296372,0.1501967029594064,0.3439801281650672,44.35768565461499
2011-04-19,8.68447567,8.72123912,8.42066483,8.42594118,34480,9.318870072,8.846710205999994,9.256031337905798,8.43738907409419,9,7.70827834160001,8.904287672657299,0.1415049189483925,0.3408797111532767,40.63853993480319
2011-04-20,8.54201519,8.65280811,8.54201519,8.62115717,76060,9.28294186232,8.852513945999991,9.245250466044284,8.4597774259557,10,7.72507962970001,8.893184515690345,0.1505772339106249,0.3327359410708998,44.91821867519485
2011-04-21,8.69502281,8.75305942,8.5895007,8.70030391,79597,9.2484507810272,8.855679870999992,9.242390293535832,8.468969448464152,11,7.74237940420001,8.885620570369156,0.153370420741576,0.3206518538515497,46.59917672263887
2011-04-25,8.60532893,8.70557471,8.57894326,8.70557471,40819,9.215339342986113,8.847765711999994,9.23992301605008,8.455608407949908,12,7.75921746215001,8.878559948393894,0.1122566586345568,0.306793253576439,46.715797399633566
2011-04-26,8.70030391,8.72667375,8.5895007,8.5947715,91796,9.183552362466669,8.829298826999992,9.232433172565752,8.426164481434231,13,7.77470517535001,8.86743098963335,0.069966491119046,0.2946775247495504,44.51493042849436
2011-04-27,8.60005259,8.65280811,8.54729153,8.60005259,81641,9.153036861168005,8.818086854499992,9.233442390297826,8.402731318702157,14,7.78996241415001,8.856945562196747,0.084644806011112,0.2811660286960111,44.64877881598516
2011-04-28,8.60005259,8.64226175,8.51563506,8.57894326,61799,9.123741979921284,8.815844269999992,9.235830183221,8.395858356778986,15,7.80460034655001,8.846043511130208,0.1251350665132935,0.2701275045034388,44.18990252851573
2011-04-29,8.61061003,8.86913423,8.49848753,8.76888766,552427,9.095618893924431,8.811887170499991,9.232076815381571,8.391697525618412,16,7.820265064550011,8.843017791478044,0.1714330354805542,0.2773074470389075,49.24470422043202
2011-05-02,8.81109683,8.86913423,8.47870777,8.54729153,486381,9.068620731367457,8.794212211499993,9.227491709849843,8.360932713150142,17,7.83626032830001,8.831420683184787,0.0687035962365487,0.2853873765361284,44.213555629852536
2011-05-03,8.54729153,8.54729153,7.99857636,8.24655342,157871,9.042702495312756,8.760709212499993,9.250842806650084,8.270575618349902,18,7.85075190150001,8.808484712079501,0.0662716248463247,0.3041965046406907,38.46931019730352
2011-05-04,8.28348624,8.31514271,8.1515832,8.2096206,187887,8.980054927193992,8.711641435999992,9.215937143951534,8.20734572804845,19,7.86408266945001,8.78499984493913,-0.0620556177558589,0.2941510050234986,37.81947721014659
2011-05-05,8.10937482,8.44176941,8.04869964,8.36790377,144491,8.921166213162353,8.682886630999992,9.196630319452606,8.169142942547378,20,7.878230538550009,8.768643136117987,-0.0066439854298338,0.3012166310932486,42.31670002968737
2011-05-06,8.33097095,8.7161266,8.33097095,8.55784343,187803,8.865810821972612,8.671015372999992,9.18479556903753,8.157235176962455,21,7.89291709895001,8.760376480976106,0.0116983124677916,0.3072122753008738,47.24730582120917
2011-05-09,8.57367246,8.67391823,8.47342589,8.62643826,106695,8.813776754254256,8.650702637999991,9.137071787351388,8.164333488648595,22,7.907124619500009,8.755124001722141,-0.0003957449699456,0.2995894227793828,48.94458167938775
2011-05-10,8.67391823,8.81637792,8.5895007,8.74251307,109187,7.99857636,8.639359291499991,9.105637151017318,8.173081431982665,23,7.92204095210001,8.754629455380096,0.0271630101411325,0.2943956940094269,51.772296770822
2011-05-11,8.77944035,8.77944035,8.62115717,8.7161266,143924,8.0149323912,8.641733803999992,9.109066344850222,8.174401263149763,24,7.93667122525001,8.753119539482837,0.0447070025535605,0.2846733715801821,51.0797162342726
2011-05-12,8.70548436,8.97686584,8.62034531,8.96622855,84202,8.030961301776001,8.645005695999991,9.120394120928092,8.169617271071889,25,7.9525006337000095,8.76147675558155,0.0582391383101271,0.2898053114673121,56.95722851502896
2011-05-13,8.97686584,9.10989546,8.89177947,9.10989546,75715,8.06879748330496,8.640424027999993,9.095606506632356,8.185241549367628,26,7.968663055000008,8.775140234186194,0.0618531781153911,0.2846846456482184,59.93501732459627
2011-05-16,9.10457482,9.17907179,9.03539929,9.12585419,127473,8.131263361906663,8.643235448499992,9.109545572950369,8.176925324049614,27,7.982619040400009,8.788893722649481,0.0919059559786883,0.2746123495304885,60.26387308959756
2011-05-17,9.17375514,9.27484734,9.06732075,9.12585419,107232,8.21508803615413,8.666887752499992,9.178525562856722,8.155249942143262,28,7.9967805312500095,8.802107858624012,0.081664600737744,0.2698205095640251,60.26387308959756
2011-05-18,9.14714395,10.33377165,9.14714395,9.95064551,168885,8.321063966538716,8.743122968999993,9.48912683083704,7.9971191071629475,29,8.014886162400009,8.847148550834834,0.1083982278534985,0.3368274345951661,73.36701543989889
2011-05-19,9.87082789,10.11028153,9.72183395,9.76440867,133080,8.562588888554071,8.800285543999992,9.66578036624998,7.934790721750003,30,8.03203492020001,8.883119535900136,0.0627937687370495,0.3405145878383684,67.92075244472034
2011-05-20,9.73247125,10.05706394,9.27001039,9.95064551,157271,8.775130819927583,8.862802623999992,9.86085777829878,7.864747469701204,-1,8.049395597050008,8.924983299590327,0.0882460169283156,0.3724102279927708,70.29543538056434
2011-05-23,9.78568804,10.70093506,9.59944083,9.97725191,108398,8.962167719536273,8.926386483999991,10.032459619392643,7.820313348607339,-1,8.066812242350009,8.966248735292668,0.0635618589940176,0.4244876567075729,70.62993191075417
2011-05-24,9.97193526,9.97193526,9.4930224,9.58880353,156170,9.205595147201196,8.976088085499992,10.107141732819269,7.845034438180715,-1,8.082158207750007,8.990662648810602,0.0596520284086994,0.4287549319427463,60.005798262044735
2011-05-25,9.60476785,9.83623973,9.45577391,9.73779748,263737,9.414942734993028,9.03297532999999,10.19663224693294,7.86931841306704,-1,8.098942718900009,9.019962053955284,0.0927117464278312,0.4253057096611216,62.34540427934592
2011-05-26,9.70054899,9.74311892,9.58880353,9.62605202,55927,10.70093506,9.08533076799999,10.25676237961879,7.91389915638119,-1,8.115946025900008,9.043730287917825,0.0846376806045603,0.4059492582567558,59.5325568948174
2011-05-27,9.68458547,9.81229445,9.4733282,9.73779748,39158,10.678692429400002,9.13377625899999,10.328757209576333,7.938795308423648,-1,8.133585812400009,9.070948609175948,0.0219301030457114,0.4011647576669875,61.40766974477235
2011-05-31,9.68458547,9.81229445,9.57816145,9.77504596,65353,10.630477860224,9.19516398049999,10.389466354796664,8.000861606203314,-1,8.151334089100008,9.098560269992578,0.165041866427654,0.3892339178336313,62.039094435487016
2011-06-01,9.58880353,9.81761589,9.5728456,9.5834773,30835,10.58419187381504,9.26201017449999,10.383914606420676,8.140105742579303,-1,8.168487368650007,9.117576624110516,0.1682984665886719,0.3789150872740862,56.88427590149234
2011-06-02,9.57816145,9.57816145,8.84915686,9.16842891,171686,10.53975732686244,9.309950589999987,10.324703342112503,8.295197837887473,-1,8.182969303500009,9.1195708314003,0.1830570603223792,0.4043011838973657,47.647026139103055
2011-06-03,9.04072552,9.24824732,8.86512038,9.04604137,70316,10.438321298850694,9.343857469999987,10.272061981376838,8.41565295862314,-1,8.19689113415001,9.116687323110092,0.1489850607657454,0.4027887379046967,45.31049069672377
2011-06-06,9.04072552,9.10457482,8.9076951,8.95026502,74902,10.342971432519652,9.363478549499993,10.239516823219343,8.487440275780639,-1,8.21033408305001,9.110160958282243,0.1227046707273731,0.3880809509115041,43.51222593329634
2011-06-07,8.97686584,9.26953149,8.84915686,8.89704743,21154,10.253342558168471,9.377009007999993,10.21461075344391,8.539407262556072,-1,8.223562781400009,9.101803565016274,0.094062729748455,0.3903876422749681,42.50284641247054
2011-06-08,8.50327921,8.87575768,8.4500672,8.78529718,73360,10.169091416278365,9.37914821349999,10.210451971209142,8.547844455790838,-1,8.23690658345001,9.089391549917597,0.0975675513314654,0.3944299699696132,40.38431970616461
2011-06-09,8.79594485,9.04072552,8.69484228,8.80658773,26522,10.031569478976095,9.38367126999999,10.20136905945554,8.565973480544441,-1,8.251160282800008,9.078301204038477,0.0842859798890611,0.3909623464003552,40.98782434770696
2011-06-10,8.72676374,9.14714395,8.60438178,8.65759379,59012,9.905049296658008,9.368239531999992,10.22746193465602,8.509017129343963,1,8.264565341600008,9.061802874076182,0.0216054055695275,0.4018051909431869,38.08239218954474
2011-06-13,8.74272726,9.82825797,8.74272726,9.64733698,467342,8.4500672,9.39511160799999,10.25395120218532,8.53627201381466,2,8.282945035000008,9.084764995877116,0.1172335132853819,0.4567236901615307,58.91608625091487
2011-06-14,9.6899117,9.92936055,9.56751937,9.91871846,201456,8.4776310154,9.43475482149999,10.313192085450376,8.556317557549603,3,8.302526127550008,9.1174690532937,0.1775541954980175,0.4499463680071356,62.62911151529424
2011-06-15,9.86018501,9.91339702,9.4025619,9.60476785,202392,8.535700196784001,9.45870050449999,10.328214972293932,8.58918603670605,4,8.320226458250009,9.13657881002728,0.1727174766069817,0.4546756674351973,56.2909869968642
2011-06-16,9.59944083,9.68458547,9.32806493,9.50898592,75799,8.59144661091264,9.43661752499999,10.276979664011348,8.596255385988632,5,8.337551550200008,9.151183010418368,0.1553488546025488,0.4476645869041117,54.47954301445915
2011-06-17,9.58880353,9.58880353,8.96622855,9.25356796,157013,8.644963168476135,9.41107548949999,10.24102185166752,8.58112912733246,6,8.352485099000008,9.155198106480391,0.1909089564356039,0.4601581864109608,49.87077650229813
2011-06-20,9.24292588,9.35999198,8.63098739,9.28017437,247470,9.92936055,9.37755193249999,10.170972065715793,8.58413179928419,7,8.367473927650007,9.16009913642234,0.2147868826559122,0.4793615009530351,50.342035542709546
2011-06-21,9.29082204,9.35999198,9.01943577,9.23228859,324469,9.9033930868,9.34030376649999,10.08613087746,8.59447665553998,8,8.380746027900006,9.16293009538617,0.2394827783313041,0.4694468373135326,49.44116500689949
2011-06-22,9.25888382,9.73779748,9.22164092,9.54623441,289476,9.877944972864,9.33817531049999,10.08139197987552,8.59495864112446,9,8.396002536900006,9.17796163713573,0.2862322332768435,0.4727832460768516,55.1125527617954
2011-06-23,9.46641121,9.80165157,8.93429113,9.47173744,228768,9.85300582120672,9.32487230849999,10.048261091247513,8.601483525752467,10,8.409849859900007,9.189482256855898,0.2645450406898758,0.5009673313570765,53.57674384032367
2011-06-24,9.44513183,9.65797428,9.06200489,9.23228859,5734466,9.828565452582586,9.305184136999989,10.016038088159696,8.594330185840283,11,8.422992370550007,9.19116093658704,-0.1946096954507474,0.5077531926887138,48.863399524168365
2011-06-27,9.23228859,9.25356796,8.95026502,9.07796842,277932,9.804613891330934,9.27219268399999,9.960563319266448,8.58382204873353,12,8.434922681950008,9.18672201436794,-0.1968106619970829,0.4931496032109485,46.05155214499341
2011-06-28,9.12053834,9.30145933,9.03007785,9.29613789,241005,9.781141361304316,9.24824728049999,9.897171770131308,8.599322790868673,13,8.447503242350008,9.191012833020178,-0.1721248118511529,0.4773090229815951,50.39734439522944
2011-06-29,9.34935548,9.55155585,9.34402846,9.45577391,131145,9.75813828187823,9.24186211099999,9.879888394847786,8.603835827152196,14,8.461011572450008,9.20139562035272,-0.1660084504986468,0.4614596613400525,53.35800563088713
2011-06-30,9.52494386,9.73779748,9.519628,9.6100885,179754,8.63098739,9.263945090499991,9.920577830055011,8.60731235094497,15,8.474980462800007,9.217422792103594,-0.1668942363441724,0.4486427976729059,56.08661570833704
2011-07-01,9.63137905,9.89211206,9.5834773,9.73247125,172214,8.6531235918,9.298266584499991,9.977134495804949,8.619398673195036,16,8.489587185600007,9.23762077084463,-0.1652643187619329,0.4386422235534127,58.1763185190705
2011-07-05,9.73247125,9.81761589,9.62073138,9.80696742,170345,8.702683130528,9.34110170449999,10.034684101340284,8.647519307659698,17,8.505006987600007,9.259948090419352,-0.1426157941429525,0.4213738154424547,59.44154265345514
2011-07-06,9.77504596,9.83890564,9.34402846,9.48770096,221404,8.75026028770688,9.370634380999991,10.035787937619794,8.705480824380189,18,8.518597200750007,9.268879575500948,-0.1476736491832297,0.4266240557679936,52.15906675069195
2011-07-07,9.519628,9.93468199,9.45577391,9.92936055,228307,8.795934358598604,9.42783754949999,10.078415371553934,8.777259727446047,19,8.534421626650007,9.294780790187184,-0.1265105989175421,0.4303586289274226,59.54320056434207
2011-07-08,9.83890564,10.02514248,9.83890564,9.92403432,145050,8.864259216482688,9.483709878999992,10.102431636414824,8.86498812158516,20,8.550387887050006,9.319457399199452,-0.1252871618103025,0.4129213582897496,59.42408203257991
2011-07-11,9.87082789,10.03046871,9.67926403,9.72715539,94070,8.957129877564073,9.537187958999992,10.03391381679365,9.040462101206334,21,8.565434547600008,9.335445555701437,-0.1269808823675249,0.4085130241261959,55.04083284770695
2011-07-12,9.70054899,9.89743909,9.45044768,9.68458547,88165,9.064463760807666,9.539050383499992,10.03768987971457,9.040410887285416,22,8.578842892550007,9.349137317046477,-0.1647583206531666,0.4112614802600391,54.11141533898041
2011-07-13,9.70054899,9.83357941,9.40787776,9.65265842,107739,9.1610642557269,9.525747381499992,9.996582018357971,9.054912744642012,23,8.592946623700007,9.361040105397596,-0.1850314782574561,0.4122929209557506,53.38334675447055
2011-07-14,9.6739378,9.81761589,9.36531901,9.4025619,99694,9.248004701154208,9.51563708399999,9.98793197967978,9.043342188320205,24,8.606137056350006,9.362668411068276,-0.1915554483832878,0.4151503466017684,47.94169975077046
2011-07-15,9.43981518,9.50898592,9.17907179,9.4930224,94900,10.03046871,9.51483890799999,9.987230014325496,9.042447801674486,25,8.619727958000006,9.367780332202855,-0.181998424641391,0.4090620454159279,49.92980719174587
2011-07-18,9.42916751,9.4930224,9.23228859,9.28549581,122174,10.0134407716,9.51643530049999,9.985487870182338,9.047382730817644,26,8.631451867300006,9.3645534881949,-0.1892356382535398,0.3984671714576473,45.62501368412018
2011-07-19,9.3759555,9.5834773,9.3759555,9.5728456,158126,9.996753391968,9.53106886199999,9.98782517291289,9.074312551087091,27,8.644768029950006,9.372721806304904,-0.1967294851505732,0.391289622782101,51.81925048750048
2011-07-20,9.55155585,9.57816145,9.37100681,9.44513183,122150,9.98039975992864,9.54171102399999,9.97965669370932,9.10376535429066,28,8.657782551250007,9.37556141507726,-0.2142061590940694,0.3781371240119509,49.13987128204056
2011-07-21,9.46109535,9.81761589,9.41320399,9.7910039,85615,9.964373200530067,9.55394949849999,10.0051950901521,9.10270390684788,29,8.672034001000007,9.391853277231094,-0.2192536419044827,0.3800138937253831,55.8046013233447
2011-07-22,9.81761589,10.34441453,9.76972452,10.19009436,183918,9.17907179,9.589867344499991,10.117168501136677,9.062566187863306,30,8.688125398700008,9.423156849104386,-0.2168774692020205,0.3939193306021414,61.99337928214304
2011-07-25,10.13156091,10.33377165,9.98789399,10.08900216,256395,9.2023786448,9.63270302299999,10.17580663010918,9.089599415890802,-1,8.703892754600005,9.44926842992382,0.1488133610718977,0.3904877827019884,59.71238979800811
2011-07-26,10.09963945,10.17945706,9.89743909,10.07302746,235242,9.225219362504,9.682455974999993,10.194599635640952,9.170312314359032,-1,8.719528403500005,9.47372956835818,0.1832144875304774,0.3827399389375606,59.34082777462695
2011-07-27,10.00917896,10.11559739,9.57816145,9.90275494,164078,9.24760326585392,9.712786827499992,10.20111999339987,9.224453661600114,-1,8.733846172700005,9.490554092736293,0.1233083218177236,0.3937896532991635,55.384845381754126
2011-07-28,9.95064551,9.98256776,9.519628,9.71650772,123461,9.26953949113684,9.725823517999991,10.199723402761308,9.251923633238675,-1,8.747077201400005,9.499415019295652,0.1142706776009476,0.3987289466349374,51.352202672854176
2011-07-29,9.67926403,10.64240161,9.63137905,10.62643809,306584,9.291036991914105,9.776640997499992,10.388027813245388,9.165254181754598,-1,8.764054441300006,9.543612002460527,0.2127409655771509,0.4424642047324419,64.82675352584839
2011-08-01,10.69029218,11.16920584,10.66368099,10.82598292,562599,9.34509157663754,9.831316580999992,10.593989290284489,9.068643871715496,-1,8.782690299000006,9.593901058050312,0.1347421023642701,0.4496287436801247,66.98629890632492
2011-08-02,10.75415186,10.75415186,9.88147556,9.89211206,349766,9.45453843243929,9.835573812999993,10.59860579602248,9.072541829977506,-1,8.796488340600005,9.60559560714638,-0.0032344099144545,0.4849772162744014,51.15632373255272
2011-08-03,10.041106,10.20074203,9.33338079,10.17413562,286614,11.16920584,9.869895545999992,10.628992112157237,9.110798979842746,-1,8.811592829150005,9.627891293924952,0.0916863722820357,0.51229036082623,54.642330549911904
2011-08-04,10.06239096,10.08367593,9.38659838,9.44513183,250308,11.132489339,9.845684109999992,10.62623548419959,9.065132735800391,-1,8.823389226200007,9.620724256123973,-0.0213085802280028,0.531950852195785,45.58550961269236
2011-08-05,9.57816145,9.62073138,8.9981508,9.29613789,183831,11.09650716802,9.814289288499992,10.629452074082527,8.999126502917457,-1,8.834259230450005,9.607995379021071,-0.0199111100958361,0.5384244041818004,43.98102550142056
2011-08-08,9.04072552,9.34828034,8.0456553,8.21061276,305753,11.0125729132992,9.738462156999992,10.812858997032311,8.66406531696767,-1,8.839610899450006,9.553196060628087,-0.0580029620561267,0.5930101638831005,34.46350174011528
2011-08-09,8.37024879,8.67355731,7.93391064,8.51923714,318650,10.834557856501249,9.680194740499992,10.87913994004182,8.481249540958164,-1,8.846155801600005,9.512648651976006,-0.0128727235279952,0.6034842000343075,38.53594338935044
2011-08-10,8.36492735,8.58841826,7.56142659,7.56674723,345176,10.602506079181149,9.575899180999992,11.088228431764174,8.063569930235813,-1,8.848145596000005,9.436338792290671,-0.090743696988916,0.6337347336032855,31.939440227542548
2011-08-11,7.60399571,8.05629818,7.60399571,8.00840761,436527,10.298398130263031,9.5061914665,11.165438254445492,7.846944678554509,-1,8.852317773599998,9.380341491024373,0.0028663817034692,0.6234358919173365,37.299066731859945
2011-08-12,8.08290379,8.22657629,7.87005575,8.06161962,169220,10.02470097623673,9.4346213275,11.20942656842057,7.659816086579431,-1,8.856756011249999,9.328626907846946,-0.011893488234343,0.6043705096375268,37.93323430269021
2011-08-15,8.12606913,8.44794284,7.94883174,8.37312725,214975,9.778373537613056,9.3890028995,11.222719270868826,7.555286528131172,-1,8.862544449149999,9.291156333029418,0.0323724423570159,0.5968519803777035,41.65361744610851
2011-08-16,8.34090242,8.43220665,8.09921537,8.14755262,206961,9.55667884285175,9.3177382505,11.226581162168271,7.408895338831733,-1,8.867282766099997,9.246309128596891,-0.0244777190098087,0.5780047874935818,39.79347309911243
2011-08-17,8.22274443,8.29793544,7.7447398,7.76085221,195587,9.357153617566576,9.2335242695,11.2575910388641,7.209457500135899,-1,8.870061662299998,9.188055916102895,-0.0529770829492478,0.5762327055297545,36.76259064724451
2011-08-18,7.59972805,7.59972805,6.86929422,7.07338617,320600,9.17758091480992,9.097643383,11.309898892582405,6.885387873417599,-1,8.869092219499999,9.105127690765526,-0.0905196205300548,0.5987559401347722,32.08407514236099
2011-08-19,6.94448603,7.25599462,6.85855288,6.86392395,203302,8.90058651143273,8.9313348625,11.285618409007691,6.577051315992309,-1,8.867205051299997,9.017237347990408,-0.1422516893458182,0.5843763544108599,30.79800775653571
2011-08-22,7.0465316,7.12709449,6.77798999,6.97671086,638804,8.614701803032148,8.775720297500001,11.213313317240138,6.338127277759865,-1,8.866581591299997,8.937216701402548,-0.099394977107611,0.5675712219529413,32.370003072002206
2011-08-23,6.99282328,7.86289859,6.95522737,7.8414151,208417,8.320827912947005,8.6641396795,11.057890472350676,6.270388886649325,-1,8.870644498699999,8.89424408958284,-0.0755317921013093,0.5918640789563027,43.051011093883645
2011-08-24,7.78770678,7.98642765,7.4547155,7.80919027,183467,8.073973845275484,8.559461446,10.9101138817826,6.208809010217402,-1,8.874442611049998,8.85169295940312,-0.070626481028681,0.5875675126022811,42.7798546634318
2011-08-25,7.83604403,7.99716899,7.4923106,7.54064865,164390,6.77798999,8.4506684925,10.77834285407828,6.12299413092172,1,8.876269990299999,8.800279457073586,-0.089693354102402,0.5816597181306895,40.49108733850973
2011-08-26,7.46008577,8.41609423,7.28821946,8.40535289,192819,6.80237357,8.3396142325,10.442553074068432,6.236675390931568,2,8.881949875199998,8.784792140717759,-0.1102518768389632,0.6206750789784975,49.80375740504417
2011-08-29,8.52351088,9.13578028,8.20663202,8.65778128,194216,6.866922396400001,8.2312041505,10.008612654993865,6.453795646006138,3,8.888865733199998,8.779811322650396,-0.0813621693618956,0.6427088776228905,52.15751236086246
2011-08-30,8.5772192,8.81111912,8.43757772,8.5772192,135888,7.003053869416001,8.1654595075,9.782281645412054,6.548637369587945,4,8.895431114549998,8.77186653352685,-0.0251991643536184,0.6234826292212555,51.33025504485534
2011-08-31,8.62555645,8.93706504,8.39998182,8.56647705,139694,7.131017454051041,8.085076578999999,9.43172992480156,6.738423233198438,5,8.901733446249999,8.763812043976777,-0.0902507586050494,0.6173112428483086,51.21361319751927
2011-09-01,9.20023558,9.20023558,8.44294799,8.68463584,218118,7.251303223607978,8.047051779499999,9.275724191734492,6.818379367265504,6,8.909045253649998,8.760707094801218,-0.064836246288137,0.6273095533591436,52.49241553707832
2011-09-02,8.4805439,8.4805439,7.87901101,7.89512342,128978,7.40721781211934,7.977001055999999,9.064466321711905,6.889535790288095,7,8.912252493799999,8.726762636965876,-0.0887654983248035,0.6400463588334906,44.16257366656853
2011-09-06,7.65343637,7.86289859,7.34729885,7.58361483,138968,9.20023558,7.9456511595,9.040495942562757,6.850806376437244,8,8.912960155999999,8.681933311202508,-0.0462965712427038,0.6334590882025269,41.37290900495745
2011-09-07,7.70177362,8.33016108,7.56213214,8.31941893,208729,9.1631768454,7.935660248999999,9.012891013356947,6.85842948464305,9,8.917739351649999,8.667717060959273,-0.0436877132458357,0.643071220473775,49.48921808832824
2011-09-08,8.25496926,8.25496926,7.91660691,7.96494416,83200,9.126859285492,7.955570095499998,9.019427538063438,6.891712652936558,10,8.920667670849998,8.640157339353026,0.0180814528036323,0.6259098490113624,46.17290702650793
2011-09-09,7.87901101,8.00254007,7.47619818,7.81993161,154491,9.09126807678216,7.946146295499998,9.011302915548836,6.88098967545116,11,8.923080270149999,8.607991624476437,-0.0530490744352225,0.6187978519391221,44.84886708079196
2011-09-12,7.7823357,8.10458564,7.22376899,7.52453624,158922,9.056388692246516,7.9192921264999985,8.998439118206267,6.84014513479373,12,8.924722415899998,8.56550317802638,-0.0685886192465499,0.6375134803720419,42.194548821938646
2011-09-13,7.55676107,8.43220665,7.55676107,8.26571061,107472,8.983083904156656,7.913921294499998,8.985019205823153,6.842823383176843,13,8.929939597150002,8.553746606731229,-0.0915126552772225,0.6568104039168962,50.164279594426255
2011-09-14,8.33553135,8.70074826,8.20663202,8.56110678,145979,8.91271130759039,7.934599002499999,9.038407661863404,6.830790343136594,14,8.936188908650001,8.554035240977063,-0.0393040388664888,0.6451893922085464,52.94858393542419
2011-09-15,8.66852343,8.66852343,8.43757772,8.52888195,60650,8.845153614886774,7.973000489499999,9.103085315708798,6.842915663291201,15,8.941544399900001,8.553048837409335,0.0045806672093774,0.6156005577650789,52.60331339656346
2011-09-16,8.58259027,8.69817591,8.55573571,8.60944403,104822,8.780298229891303,8.049803382499999,9.132692050929837,6.966914714070162,16,8.945758810750002,8.55526041358936,0.0372451609658748,0.5837215150675732,53.42106137659999
2011-09-19,8.45906041,8.75445658,8.12606913,8.2871941,62725,7.22376899,8.12096689,9.060328244261807,7.181605535738193,17,8.947079757750002,8.544748009134876,0.0875212337630139,0.586911938991318,49.72536470007992
2011-09-20,8.30867759,9.22171907,8.29793544,8.59869705,130850,7.2543827418,8.202066199499999,9.001986327132496,7.402146071867501,18,8.950036722100002,8.546863657796253,0.0568522089632318,0.6117414412062239,53.10278330255024
2011-09-21,8.59333162,8.68463584,7.99179873,8.04013597,100461,7.333076194928,8.212002242999999,8.998582021204934,7.425422464795063,19,8.951142916050003,8.526991983765027,-0.0422144713157136,0.6175339889772078,47.00498479726812
2011-09-22,7.75011087,8.72116269,7.34246513,7.56750241,208819,9.22171907,8.19991785,9.017688066560256,7.382147633439743,20,8.949048578650002,8.489364941656595,-0.112891294018199,0.6719028154788358,42.55234232742728
2011-09-23,7.55139,8.00254007,7.46008577,7.97568631,80929,9.1841339912,8.221669733,8.989774107762482,7.45356535823752,21,8.948995160750004,8.46922068159163,-0.0416456370517219,0.6626564929446334,47.203834431379725
2011-09-26,8.0347649,8.27645275,7.68029013,7.93271933,156524,9.147300613976002,8.198038055,8.97114934864057,7.42492676135943,22,8.948753076750004,8.44818141290176,-0.1205411261204857,0.6579069305914452,46.77450290030981
2011-09-27,8.12606913,8.29793544,7.41711959,7.57287349,301703,9.111203904296485,8.1437926655,8.932350972352632,7.355234358647368,23,8.946842599900004,8.413855612003653,-0.1829312304723105,0.6738289962634848,43.22840245593446
2011-09-28,7.59972805,8.11532779,7.51916516,7.52990651,267495,9.075829128810554,8.091427031,8.896818299155447,7.286035762844554,24,8.944350940150004,8.379190941336843,-0.2503376255755763,0.6682813986732359,42.81105210792997
2011-09-29,7.75548194,7.82530268,7.48919607,7.81993161,160829,9.041161848834342,8.054099759,8.83684444438321,7.271355073616789,25,8.944486952550003,8.357259202853045,-0.1785201634959467,0.644554628053719,46.561404427662296
2011-09-30,7.63195288,7.99716899,7.48156926,7.7447398,169607,9.007187914457655,8.007104957,8.744316435338153,7.269893478661846,26,8.944063831900003,8.333238834113711,-0.15336228639774,0.6353435639070247,45.72421098297036
2011-10-03,7.64269423,7.85215644,7.23988221,7.23988221,232177,8.9738934587685,7.9743428965,8.783296250617363,7.165389542382636,27,8.939206184450004,8.29036210375631,-0.1844234837870039,0.6336957543422371,40.46348087237518
2011-10-04,7.18617389,8.01865248,6.82632804,7.96494416,256825,8.904533008817761,7.993409363,8.782355109815299,7.204463616184699,28,8.938026180500003,8.277600615765866,-0.0997465154674276,0.6735978033177916,49.457387887901575
2011-10-05,7.94883174,8.59333162,7.83072693,8.50739846,107673,8.779840710688696,8.002808339499998,8.811302334031131,7.1943143449688645,29,8.938302139700003,8.28661229593191,-0.1421962687708526,0.6799554380808066,54.94159100611363
2011-10-06,8.46980255,8.79635451,8.30330651,8.50202739,115710,6.82632804,8.029662500999999,8.866522792859959,7.192802209140039,30,8.938315971300003,8.295059946679679,-0.1287055496333204,0.6666049067893204,54.87809634264246
2011-10-07,8.51276953,8.51276953,7.98105658,8.14755262,87167,6.8657285694,8.0460435515,8.878656306346775,7.213430796653226,-1,8.934621044950003,8.289275345633417,-0.1580478445868111,0.6569697670186547,50.71265039695016
2011-10-10,8.33553135,8.64704558,8.20126094,8.64166886,95087,6.904341088212,8.1019001825,8.93695950557979,7.266840859420211,-1,8.933475202350003,8.303094699137988,-0.1129847705001029,0.6457214236601793,55.75418910616073
2011-10-11,8.53962329,8.65241101,8.13681128,8.59333162,107654,6.94218135664776,8.118281233000001,8.978039872457359,7.258522593542644,-1,8.932153093700004,8.314476539171793,-0.1074287528559595,0.6364270169701663,55.15977713342035
2011-10-12,8.68463584,8.72223659,8.48591497,8.60407296,82442,6.979264819714805,8.120429542,8.984805782178183,7.256053301821816,-1,8.930714576650002,8.325833261557213,-0.1317516641302352,0.6078480600437259,55.27388943783556
2011-10-13,8.5181398,8.70074826,8.39998182,8.45906041,45031,7.015606613520509,8.116938465,8.97523039269264,7.258646537307363,-1,8.928433270450002,8.331057855613793,-0.1375627398247248,0.5859136586120312,53.30174836894298
2011-10-14,8.56110678,8.81890625,8.44831906,8.71686068,64916,7.051221571450099,8.1223092975,8.994099774779011,7.250518820220988,-1,8.926930694850004,8.346187378138742,-0.1201179062146944,0.5705331965683146,56.28770838735466
2011-10-17,8.59333162,8.59333162,8.42146531,8.48591497,79931,7.121928958592095,8.132245341,9.015776978140527,7.248713703859475,-1,8.924168719250002,8.351666891545065,-0.1156849127988033,0.5508804946705778,53.01722764565845
2011-10-18,8.51276953,8.93706504,8.2871941,8.82427168,134523,7.189808050248411,8.143524072500002,9.055874863643032,7.231173281356971,-1,8.922863019450004,8.370200412660944,-0.0687935710141302,0.5579512407655365,56.96264689585216
2011-10-19,8.770569,9.03911061,8.67388886,8.86723866,88324,7.294643469633506,8.184879207,9.148288631069414,7.221469782930585,-1,8.923342237750003,8.389692108635025,-0.0368587314573755,0.5441848485679982,57.45128317250959
2011-10-20,8.91558719,8.91558719,8.58259027,8.70074826,74833,7.434200840862825,8.2415414995,9.186162381597224,7.296920617402779,-1,8.921575926000001,8.40189038908071,0.0052117689004019,0.5290999965274269,54.8524681013423
2011-10-21,8.91021048,9.23246041,8.86187323,9.12504941,109967,7.562593622393799,8.2990096545,9.309494540465188,7.288524768534813,-1,8.921512410750003,8.430249566371662,-0.0045918359224515,0.529286578918325,59.83850215975445
2011-10-24,9.27542739,9.48488961,9.11430243,9.14115618,163497,7.729580301154419,8.359431497,9.418433358319268,7.30042963568073,-1,8.921372451650003,8.458128257102185,-0.0467708762148885,0.517950907567016,60.01900902050176
2011-10-25,8.89409806,8.91021048,8.69537719,8.72760283,100592,7.940217418215889,8.417167963999999,9.422914587262822,7.411421340737176,-1,8.919060054350002,8.468695887411904,-0.0014994005804629,0.5127957705979433,53.38452756044829
2011-10-26,8.88470441,9.28018797,8.52173711,9.20434841,107285,8.125578081229982,8.500890059,9.475555512784965,7.526224605215036,-1,8.918084651050002,8.49754500594477,0.1425589413244358,0.5303425626980902,59.0097368607449
2011-10-27,9.34519853,9.58356815,9.17183216,9.46438334,309991,8.288695464682384,8.583112645499998,9.59100823063392,7.575217060366076,-1,8.917912289050001,8.53546023473125,0.1242314545573884,0.5218706646482266,61.72290824056408
2011-10-28,9.4372954,9.68108359,9.29644041,9.41562603,94045,8.46997764062685,8.666656956999999,9.65962060389567,7.673693310104329,-1,8.916711083200001,8.569976540428064,0.1120615574254822,0.5120687014590676,60.90882378104012
2011-10-31,9.24226535,9.42104297,9.09057566,9.12308054,87425,8.663754592526553,8.7608168735,9.525695756881866,7.995937990118132,-1,8.913759308400001,8.591666893352453,0.1890947430431162,0.4990971734977055,56.12558239944448
2011-11-01,8.7655196,8.81970035,8.37004661,8.48923223,130532,9.68108359,8.787031277,9.472859167172318,8.101203386827683,-1,8.907690653250002,8.58764984773079,0.0650952418852905,0.5172355132478695,47.43383770793455
2011-11-02,8.53257179,8.87387541,7.55200375,7.96373405,721301,9.6548628504,8.7598480565,9.52622195177555,7.993474161224448,-1,8.902343965450003,8.563182561545268,-0.07607680752953,0.5747095237301646,41.67200016006751
2011-11-03,8.7330196,8.7330196,8.22377468,8.4729798,600362,9.570748486384002,8.758395677,9.526825823361731,7.989965530638267,-1,8.900616330650001,8.559645198347415,-0.0619105972542671,0.5886078113208671,48.23429527344548
2011-11-04,8.41338698,8.62466948,8.24544405,8.54340729,515610,9.48999869692864,8.778188410499999,9.501746309974465,8.054630511025533,-1,8.899319335850002,8.559008417627908,0.033350629371694,0.5736519269408051,49.08740209023535
2011-11-07,8.50006692,8.63008723,8.45672736,8.57591217,837777,9.412478899051496,8.774900576,9.501501162587608,8.048299989412394,-1,8.8977138735,8.559671309877794,0.0774712045722436,0.545059637159319,49.50105362329668
2011-11-08,8.65175742,8.79261242,8.3212893,8.7655196,457170,9.338059893089437,8.783509975,9.505365963969052,8.061653986030947,-1,8.8974489377,8.567743791843371,0.1387650453535181,0.5397927430765105,51.95330166936263
2011-11-09,8.45130961,8.54340729,8.20210449,8.26169649,184890,9.266617647365855,8.766391151499999,9.519997273087096,8.012785029912902,-1,8.893879907550001,8.555741936869122,0.1113526542443177,0.5414800549996168,45.61468899878145
2011-11-10,8.41880473,8.50006692,7.44907138,7.63868368,357628,9.198033091471222,8.725372315,9.617922816665551,7.832821813334449,-1,8.887221954700001,8.519778867972294,0.0661365271683781,0.57787401821393,39.2393101030323
2011-11-11,7.73078137,8.0991713,7.546586,8.08291886,166014,9.093095388782949,8.693675224,9.62917635948532,7.758174088514679,-1,8.8836618201,8.502647102953773,0.0887603292276054,0.5760676811986494,45.128416870486376
2011-11-14,8.19126899,8.19126899,7.71452893,7.83913149,110763,8.994453948255972,8.66133605,9.665524886738217,7.657147213261783,-1,8.879052789200001,8.47662688283794,0.0821059318157839,0.5689728511130315,42.68347020606237
2011-11-15,7.80120887,7.9583163,7.6170135,7.77953868,124205,8.901730994160614,8.609099399999998,9.680399668766851,7.537799131233143,-1,8.873439318,8.449290090569784,0.064717255944247,0.5527107046049579,42.08327003417725
2011-11-16,7.6982765,7.76599471,7.51408112,7.55742069,133160,8.814571417310978,8.543608501499998,9.70050369166088,7.386713311339115,-1,8.86692459975,8.414314819959204,0.0470011074160191,0.5321926228474608,39.83486622898992
2011-11-17,7.56825619,7.63326593,7.28654538,7.44907138,272941,8.732641415072319,8.481024657499997,9.728984293155795,7.233065021844199,-1,8.8594755906,8.376462136039235,0.0461699330669951,0.5189446176440707,38.747354407768846
2011-11-18,7.45990606,7.66035387,7.41656569,7.48157625,158580,8.616953732266534,8.398850999499997,9.682291321226748,7.115410677773246,-1,8.8529741356,8.341368571880833,0.0244314999630187,0.49929058638378,39.28289041849144
2011-11-21,7.32988575,7.50270442,7.32988575,7.405731,216966,8.51052106408521,8.312079740499998,9.617513049544243,7.00664643145575,-1,8.846093454350001,8.304676902395311,0.0441195036467886,0.4759711637849385,38.43840182591018
2011-11-22,7.38947856,7.41114875,7.07022463,7.12943794,226063,8.412603009358394,8.232171495999998,9.61918672745292,6.845156264547075,-1,8.837046278,8.258589099948436,0.0298993593730099,0.4663249463717286,35.448769447584525
2011-11-23,7.07526288,7.12402101,6.86934369,6.98858295,174332,8.278365171422555,8.121383222999997,9.53382507683708,6.708941369162913,-1,8.827059318900002,8.20878493720536,0.013075079087892,0.4515941823451765,33.997056574313575
2011-11-25,6.9235732,7.183613,6.9235732,7.09693307,106877,8.109282593651848,8.003010709499998,9.340214337600598,6.6658070813993975,-1,8.8161225298,8.165182903197307,-0.0031746753581292,0.4379117264633781,36.162743242583424
2011-11-28,7.405731,7.64951837,7.34613819,7.56283844,195056,7.960489925213626,7.9103713299999985,9.090811604259518,6.72993105574048,-1,8.80759377015,8.141561551699374,0.0175395617145446,0.4461026960017083,44.58305048318525
2011-11-29,7.4761585,7.4761585,7.24320582,7.37322613,71956,7.829552376987992,7.822878609499999,8.884194587003742,6.761562631996256,-1,8.79741044525,8.111430750848418,0.031226235431353,0.4370691191444434,42.14653543018425
2011-11-30,7.73619912,7.96373405,7.44907138,7.85538393,245745,6.86934369,7.791186194499998,8.807935847606483,6.774436541393514,-1,8.7890622224,8.101389699050442,0.0652565809251202,0.4480290334912689,49.67777562836872
2011-12-01,7.84996618,7.86080168,7.59534331,7.60076106,107355,6.8912314972,7.773037544999998,8.789777510310579,6.756297579689418,-1,8.77946705405,8.081757203401406,0.1049752500691151,0.4349882718133211,46.25345661938339
2011-12-02,7.71994668,7.87813734,7.61159656,7.82829599,65698,6.912681548256,7.740803354499998,8.706324380678542,6.775282328321453,-1,8.771663749900002,8.0718175479739,0.1282428698915146,0.423730272398084,49.59697726061525
2011-12-05,8.00707443,8.08291886,7.73619912,8.06124949,169191,6.93370259829088,7.716695464500001,8.62312175507584,6.810269173924161,-1,8.76439721605,8.071403114327865,0.1049296949526339,0.4182295200839351,52.83220523177128
2011-12-06,8.04499705,8.20752224,7.92039368,8.10458905,122753,6.979671248759245,7.6931293085,8.530881528876014,6.855377088123987,-1,8.7591528964,8.072704523569909,0.0491953384429552,0.4088651657922253,53.43109143359528
2011-12-07,8.0287438,8.16418186,7.91540987,8.12625924,64271,7.05334230823369,7.661166290500001,8.371981572213755,6.950351008786246,-1,8.75433096555,8.074804708527951,-0.0548243124796535,0.3974299389499234,53.74731815031763
2011-12-08,7.9583163,8.05041399,7.60617881,7.627849,88723,7.122593104139669,7.629473916,8.28471085221394,6.97423697978606,-1,8.747330993850001,8.057277033683718,-0.0438162972146315,0.4061906883106431,46.00888357538665
2011-12-09,7.67660631,7.99623893,7.51949887,7.82829599,138858,7.187688852291289,7.6389545315,8.299912165368685,6.977996897631315,-1,8.740914575300001,8.048297384911807,0.0440454525340121,0.4112299291455972,49.17804904231849
2011-12-12,7.6982765,7.86621862,7.58450862,7.84996618,131303,7.248878855553811,7.6273068975,8.2643364434573,6.990277351542702,-1,8.73476348935,8.04051969060154,0.0308592540909268,0.4019785056351974,49.5230052469991
2011-12-13,7.85538393,7.90143277,7.57909087,7.62243125,411284,7.306397458620583,7.6164718855,8.246049422641015,6.986894348358986,-1,8.728809304150001,8.024124065479912,-0.0488524736448985,0.3962901766612548,45.99300712131788
2011-12-14,7.52491581,7.71452893,7.50324644,7.70369343,118781,7.360464945503348,7.612679623,8.239188772114646,6.986170473885353,-1,8.721822210500001,8.01155815820619,-0.0139919079288631,0.3830753418997367,47.43411515129221
2011-12-15,7.83913149,7.97998649,7.687441,7.72536362,174444,7.411288383173147,7.6210767695,8.248898792327871,6.993254746672129,-1,8.71371358735,8.000334842982419,-0.0266554762127399,0.3766089239068983,47.83387032396398
2011-12-16,7.81746131,7.81746131,7.32988575,7.36780838,183047,8.20752224,7.6170136195,8.250264170401168,6.983763068598831,-1,8.703450839950001,7.9755298836497746,-0.0707737339354069,0.3845351121992627,42.1395127653002
2011-12-19,7.46532381,7.4761585,6.8423102,6.8531457,98149,8.1899695102,7.585592092000001,8.299795980348168,6.871388203651833,-1,8.6885475587,7.931514817624294,-0.0788315740927308,0.4023431970421725,35.57479790658462
2011-12-20,7.05359269,7.29738088,6.93982563,7.28654538,149723,8.136063137792,7.579632810999999,8.30168608238666,6.857579539613339,-1,8.67624301655,7.906221898501772,-0.0256469982231359,0.4053354815391602,43.54998711245934
2011-12-21,7.28112844,7.39489631,7.15175823,7.31363332,47621,8.08431302028032,7.58884258,8.292147427706517,6.885537732293482,-1,8.66393001885,7.882983130717389,0.0297591260587936,0.3937499528577916,44.016450659767685
2011-12-22,7.31905107,7.3353035,7.12418353,7.19986544,62101,8.034632907469106,7.5994067045,8.272005860244835,6.926807548755164,-1,8.6507603363,7.856194201669648,0.0286152666235524,0.3807049540822351,42.43060379819401
2011-12-23,7.22153563,7.31363332,7.16194282,7.29738088,79142,7.9869399991703425,7.6094290949999985,8.257299298144794,6.961558891855202,-1,8.6407473072,7.834279953761035,0.0386516248669025,0.3643467787906468,44.2835717088266
2011-12-27,7.23237113,7.34613819,7.16194282,7.34072125,142923,7.941154807203529,7.598323235499999,8.256539828293079,6.94010664270692,-1,8.6320499966,7.814924710476289,0.0584551207307319,0.3514788210198863,45.12889693228841
2011-12-28,7.34613819,7.34613819,7.07526288,7.15110813,118155,7.897201022915388,7.587217335499998,8.267380733299053,6.907053937700945,-1,8.62298499125,7.788892687712512,0.0352666173814004,0.3457214273756087,42.1181755728604
2011-12-29,7.18903075,7.324468,7.13485569,7.31363332,144486,7.855005389998772,7.560129805,8.23856498148877,6.88169462851123,-1,8.616447372,7.770255065449277,0.0311686571000716,0.3345707761344938,45.4758729234712
2011-12-30,7.29196313,7.39489631,7.16194282,7.324468,115821,7.814497582398821,7.546315152,8.232090645611361,6.860539658388639,-1,8.6103068489,7.752773219745384,0.0877076867726102,0.3273123985534585,45.70200554384551
2012-01-03,7.52491581,7.768704,7.49241094,7.61159656,131609,7.775610087102868,7.5354801805,8.209845167027682,6.86111519397232,-1,8.60525904585,7.747236880147525,0.0635757945455059,0.3356640843710686,51.44872647073267
2012-01-04,7.53575131,7.84996618,7.30279863,7.324468,99796,6.8423102,7.498641106000001,8.133431008342393,6.863851203657609,-1,8.5987756,7.730657708377034,-0.0262158091565182,0.3507714747731351,46.18468841925478
2012-01-05,7.264876,7.37322613,7.09693307,7.12943794,146069,6.8624633196,7.4498835505,8.039185371837677,6.860581729162323,-1,8.59150166795,7.707080462558327,-0.081322789555372,0.3454515880036254,42.96875529350703
2012-01-06,7.11860326,7.24320582,7.01567007,7.03192332,172113,6.882213376808,7.395166754499999,7.923127228172561,6.867206280827437,-1,8.5841358727,7.680603711869765,-0.1479243354249501,0.3370290281462237,41.41590699836361
2012-01-09,7.04275801,7.10235082,6.65811483,6.73937782,95899,7.84996618,7.350743195499999,7.938988103027469,6.762498287972528,-1,8.574647834750001,7.643692892580755,-0.1405674792308245,0.3446866682786363,37.08585666751405
2012-01-10,6.82064001,7.02650557,6.69603745,7.02108782,175412,7.826129153,7.310382787,7.872200746793934,6.748564827206066,-1,8.5654339844,7.61927700738151,-0.0927552255727948,0.3436710576873051,43.23992422125786
2012-01-11,6.9940007,7.10776776,6.91815545,7.08609838,138317,7.80276886654,7.272189397,7.783692213446451,6.760686580553549,-1,8.5560439303,7.598368041601843,-0.0958924465583687,0.3326668614239261,44.586999801089554
2012-01-12,7.09693307,7.14569038,6.9831652,7.06984594,67991,7.7798757858092,7.244560131499999,7.736735232235463,6.752385030764535,-1,8.5472716998,7.57764168467628,0.0147266842039241,0.3205138841793599,44.3039189528774
2012-01-13,6.96149582,7.04275801,6.90732076,6.93982563,81008,7.757440566693017,7.2063667415,7.667683699510182,6.745049783489819,-1,8.538851853199999,7.55262929037525,-0.0464021853027633,0.3092289767379771,42.00621988270419
2012-01-17,7.00483538,7.04275801,6.73396008,6.78813514,126776,7.735454051959157,7.159505317499999,7.5897858609024285,6.7292247740975695,-1,8.528552380649998,7.522649127615436,-0.0275850000018283,0.3091981876852644,39.4365254173663
2012-01-18,6.79897064,7.25945825,6.79897064,7.17819607,137658,7.713907267519974,7.150024701999999,7.569755155298428,6.730294248701569,-1,8.51993940745,7.509141164571694,0.0764124052354024,0.3207785392791741,48.21001654229228
2012-01-19,7.22695338,7.30279863,6.97233051,7.08068063,103881,7.692791418769574,7.1614014485,7.560137230291582,6.762665666708417,-1,8.510759743599998,7.492338790666921,0.1014896332283253,0.3214706521878045,46.40031000063436
2012-01-20,7.05901044,7.30821557,6.9831652,7.2540405,162570,7.672097886994183,7.1597762045,7.556719344084221,6.762833064915779,-1,8.50107506545,7.482993759660376,0.0871995782661519,0.321726346317247,49.99409459077403
2012-01-23,7.23237113,7.405731,7.20528319,7.27571069,65573,7.651818225854299,7.157880072999999,7.552219055845991,6.763541090154008,-1,8.49273861955,7.474865011830557,0.0716338149071598,0.3130635937231579,50.44140354541316
2012-01-24,7.24320582,7.24320582,7.12943794,7.14027344,85709,7.631944157937213,7.154900473,7.548825803264542,6.760975142735457,-1,8.484463643799998,7.461743773719555,0.0492587926493111,0.3011499620286466,47.5769425187796
2012-01-25,7.14027344,7.24320582,7.08068063,7.21070094,138135,7.612467571378469,7.150566476,7.540007918134453,6.761125033865547,-1,8.4753536837,7.451898956710945,0.0565212192188077,0.291248192598029,49.192680257643104
2012-01-26,7.20528319,7.23237113,7.10235082,7.16194282,146552,7.5933805165509,7.141627554499999,7.521284157507246,6.761970951492753,-1,8.4663164978,7.44052812782032,-0.003366322507986,0.2797319152695984,48.08765679225963
2012-01-27,7.15652588,7.18903075,7.12943794,7.16194282,47882,7.574675202819883,7.142169288999999,7.521909368583466,6.762429209416532,-1,8.458783030149998,7.429603213788151,0.0201745463842462,0.264007693464627,48.08765679225963
2012-01-30,7.09693307,7.09693307,6.7718827,7.04275801,600458,7.556343995363485,7.128625523499999,7.502209960273738,6.7550410867262585,-1,8.449492866649997,7.414432813639596,0.1128520041740005,0.2730114382171537,45.20869245931249
2012-01-31,7.09151532,7.15652588,7.05359269,7.08068063,107007,7.538379412056215,7.116436155,7.47942361487154,6.753448695128459,-1,8.438888625699999,7.401344492712553,0.0791179046495109,0.2616368976302141,46.31012318094274
2012-02-01,7.14027344,7.28654538,7.07526288,7.1944485,225510,7.520774120415091,7.095578751999999,7.3822845085570306,6.808872995442967,-1,8.4295127393,7.393230924370885,0.0926414881016583,0.2580401549423416,49.58440739280762
2012-02-02,7.21611788,7.23237113,7.09693307,7.20528319,67331,7.503520934606788,7.0896195115,7.361625202298807,6.817613820701192,-1,8.4222751147,7.385860424983791,0.1394272584116314,0.24928286244646,49.89778104071615
2012-02-03,7.36239063,7.86080168,7.264876,7.83371374,115458,6.65811483,7.1248333015,7.548443021088735,6.701223581911265,-1,8.4193139775,7.403423300082466,0.2166419269173097,0.2782996929859985,63.91007080211676
2012-02-06,7.78495643,7.83371374,7.63868368,7.73078137,60992,6.682168567,7.159776204000001,7.656031509463641,6.663520898536361,-1,8.4148620985,7.416260871451781,0.2778063707893427,0.2723518620584272,60.90546317255475
2012-02-07,7.71452893,7.81204356,7.62243125,7.687441,114126,6.70574122926,7.207179363,7.714742322052079,6.69961640394792,-1,8.40979778395,7.42689538629681,0.2849882389356034,0.2664418940542539,59.634189326461374
2012-02-08,7.69285875,7.73619912,7.48699319,7.54116825,59432,6.7288424382748,7.2331833845,7.753086282854763,6.713280486145237,-1,8.40397575165,7.431376675069484,0.2208192425991048,0.2652107537646643,55.429091372890326
2012-02-09,7.58450862,7.6982765,7.4761585,7.52491581,76183,6.751481623109304,7.255124255999999,7.785282890992276,6.724965621007723,-1,8.3986264732,7.435044876439308,0.1684227058170113,0.2621326999243312,54.96531423038026
2012-02-10,7.44907138,7.53033356,7.29738088,7.32988575,58792,6.773668024247118,7.2681262465,7.792191334585469,6.744061158414532,-1,8.392275639,7.430920989127963,0.150844875462106,0.2600484127868789,49.60194212874622
2012-02-13,7.46126533,7.59811948,7.37915351,7.53242919,88108,6.795410697362176,7.297756424499999,7.811125080522739,6.784387768477259,-1,8.38704306865,7.434901702887651,0.1803240573835548,0.2606330783021018,54.56079526417793
2012-02-14,7.49411007,7.49411007,7.06165252,7.14376517,136449,6.816718517014932,7.315537926,7.779307847807787,6.8517680041922135,-1,8.3789174562,7.423484583950881,0.1787520752426977,0.2756433348519517,45.34138631228592
2012-02-15,7.20398024,7.29704086,7.08354928,7.19303227,105563,6.837600180274634,7.316279736000001,7.779215270727761,6.853344201272241,-1,8.372146159899998,7.414447238305748,0.1473264361220459,0.2712039237910981,46.57376534129605
2012-02-16,7.18208348,7.40926063,7.16024173,7.29704086,125951,6.8580642102691405,7.327097747500001,7.777446313549457,6.876749181450545,-1,8.3673985971,7.4098430666074835,0.1646937625252237,0.2696192792345911,49.17887982450725
2012-02-17,7.34083438,7.35725674,7.25872173,7.28061849,77212,6.878118959663758,7.328426647000001,7.778061342102996,6.878791951897005,-1,8.36275358655,7.404775436152288,0.1098599177879325,0.2573989742892631,48.7744751582962
2012-02-21,7.30798965,7.30798965,7.06712692,7.1766099,189617,6.897772614070483,7.323471607499999,7.777483743774075,6.869459471225923,-1,8.3567971172,7.3958277680678846,0.1055306228367004,0.2562178139828872,46.1841824362142
2012-02-22,7.15471314,7.20398024,7.03975576,7.03975576,108896,6.917033195389074,7.3184457235,7.782571357950005,6.8543200890499945,-1,8.349206678849999,7.38186415990836,0.0896945320870816,0.2496468615555381,42.95188108728395
2012-02-23,7.04523016,7.31893762,7.04523016,7.26419613,213049,6.935908565081292,7.321120483,7.7833442418060415,6.858896724193958,-1,8.3423954682,7.377249727362933,0.1037256586212497,0.2517565043015711,49.227735197819015
2012-02-24,7.2751441,7.64464979,7.23682497,7.52148122,660478,6.954406427379666,7.339097402999999,7.803122729787929,6.87507207621207,-1,8.33629030895,7.382905864329093,0.1717938278608689,0.2629042411371732,55.29860493250691
2012-02-27,7.45579094,7.52148122,7.21492903,7.24229936,119006,6.972534332432073,7.34311523,7.802301635651902,6.883928824348099,-1,8.328921172749999,7.377391883767167,0.1372501588178268,0.2660219517702322,48.519149393885804
2012-02-28,7.23682497,7.54337798,6.90290244,7.0753381,1052012,7.86080168,7.3447442345,7.799870114737386,6.889618354262614,-1,8.319466720499998,7.365546637344925,-0.1147525154529944,0.292768636643787,44.96854203013559
2012-02-29,7.09449725,7.13829078,6.95764393,7.07260049,297192,7.8416436952,7.3443402275,7.800416361566508,6.888264093433492,-1,8.30928024565,7.354058553135321,-0.0758894545078144,0.2847599375978023,44.91050863310758
2012-03-01,7.11639401,7.24229936,7.00143663,7.12186841,214414,7.822868870096,7.340711223,7.802618137098724,6.878804308901275,-1,8.299260316749999,7.344953057326093,-0.0834407797854315,0.2816244227693878,46.25477823351828
2012-03-02,7.14376517,7.4776877,7.05070455,7.37915351,239947,7.80446954149408,7.349404738999999,7.807316411565753,6.891493066434244,-1,8.290526813349999,7.346294251548599,-0.0583470069640612,0.2920071890001458,52.74028353095732
2012-03-05,7.32441201,7.48863649,7.31893762,7.47221413,92320,7.7864381994641985,7.331329758499999,7.736893154044137,6.925766362955861,-1,8.27813465645,7.351232285997674,-0.0661372250483192,0.2832708805001354,54.861976263749135
2012-03-06,7.35178235,7.38462708,7.11091962,7.12186841,167049,7.768767484274915,7.300884110499998,7.671877926073668,6.929890294926329,-1,8.26492195515,7.342237624193844,-0.1002861257405646,0.2888439968929829,46.41394654693115
2012-03-07,7.20945463,7.28061849,7.06712692,7.08354928,98144,7.751450183389417,7.270689524499998,7.607663112552141,6.933715936447855,-1,8.250586473999999,7.332092983245066,-0.1119563495655716,0.2834616806863413,45.58709150859623
2012-03-08,7.17113551,7.38462708,7.16566111,7.37915351,51587,7.734479228521629,7.262588787499999,7.580409256201159,6.944768318798838,-1,8.237595981999998,7.3339384940982,-0.092368070461442,0.2847199749230312,52.60197992664908
2012-03-09,7.40104945,7.44484297,7.19850666,7.225877,155804,7.717847692751196,7.247636847,7.541953115575209,6.953320578424791,-1,8.22578134935,7.32970078844729,-0.1090888495215075,0.2819782845713862,49.06949697167205
2012-03-12,7.21492903,7.24229936,6.97954069,7.00691103,130427,7.701548787696172,7.231488110999999,7.541029298300853,6.921946923699145,-1,8.212126917099999,7.317042366547397,-0.121361047311231,0.2806054549591442,44.47460036355434
2012-03-13,7.09449725,7.09449725,6.98501427,7.05617813,224476,7.685575860742249,7.207675558,7.493299799260681,6.922051316739319,-1,8.199277547649999,7.306812396486714,-0.1104521035742912,0.2683824210334911,45.706504734411226
2012-03-14,7.03428219,7.06159751,6.95764393,6.9685919,129569,7.669922392327404,7.198916894499999,7.502049937925274,6.895783851074724,-1,8.185431519749999,7.293548847604883,-0.1145855184644768,0.2566375038168132,43.844157946852384
2012-03-15,6.99596306,6.99596306,6.49781523,6.54160793,422168,7.654581993280856,7.166345677499999,7.583538911517678,6.74915244348232,-1,8.169264329599999,7.264060968483123,-0.1805006149607934,0.2738882414013266,36.11795493047352
2012-03-16,6.53065996,6.55803112,6.38285785,6.40475461,422687,7.608311322749622,7.121731365,7.649629453331578,6.593833276668422,-1,8.15337071615,7.230362679915157,-0.2349583248063282,0.2668371720155176,34.04704029698853
2012-03-19,6.37738428,6.38285785,6.27884926,6.33359075,257139,7.534784114384645,7.074379977999999,7.697991939371193,6.450768016628804,-1,8.13919652535,7.195195153251818,-0.2161429653849675,0.2567706133001234,32.987831320310065
2012-03-20,6.26790047,6.38285785,6.2569525,6.35001312,243438,7.4343093260338735,7.033050138999999,7.729405316765982,6.336694961234016,-1,8.1257163841,7.162050759790962,-0.188727131692489,0.2474230944929717,33.501960377554255
2012-03-21,6.34453872,6.51971199,6.32264278,6.48139287,422210,7.316573643430486,7.005131994499999,7.741779127019845,6.268484861980154,-1,8.113372023350001,7.13535829352465,-0.1128256864852139,0.2438263884577595,37.62490034342488
2012-03-22,6.39928022,6.64014295,6.38833225,6.62919498,158135,7.210611529087437,6.973381936999999,7.717330601733287,6.229433272266712,-1,8.1020327611,7.115508751817801,-0.1109618785260113,0.2443966964250624,41.98293621407309
2012-03-23,6.62372058,6.87553128,6.56897909,6.84816095,144804,7.115245626178694,6.939715923499999,7.64112843280573,6.238303414194268,-1,8.09234707995,7.105024524295534,-0.1505858905717886,0.2488363745375579,47.80152948757851
2012-03-26,6.9247992,6.96311751,6.43212495,6.48139287,375346,7.029416313560824,6.901670598999999,7.615736687265207,6.187604510734792,-1,8.08072110565,7.080568380989827,-0.1825430808856129,0.2689903877848752,40.478564647708886
2012-03-27,6.5087632,6.65196705,6.50328963,6.56897909,377482,6.96311751,6.876352648499998,7.599837984765872,6.152867312234124,-1,8.07027803215,7.06050605585297,-0.1136697224143079,0.2619606586573841,42.73470240377636
2012-03-28,6.56897909,6.59087585,6.2076854,6.32264278,629621,6.96311751,6.838854762999998,7.594779988640798,6.082929537359198,-1,8.053654561150001,7.031570241113638,-0.1732067380668037,0.2706199294675709,38.33371197105161
2012-03-29,6.27337487,6.27337487,6.07630566,6.18031425,184776,6.8724656568,6.791777054999999,7.587561875773001,5.995992234226997,-1,8.0349625401,6.998187653226829,-0.1721654027061988,0.2688854430770301,36.0252388356246
2012-03-30,6.24053014,6.2624269,6.08090392,6.08725363,139673,6.761003257248,6.727182060999998,7.531453072084205,5.922911049915791,-1,8.017374969,6.962464750355188,-0.2294216899120777,0.2626452671429566,34.55978014218053
2012-04-02,6.07630566,6.29527163,5.97229707,6.02703856,172350,6.66514559363328,6.654923282499998,7.437861442650595,5.8719851223494,-1,7.999965232200001,6.92578137034126,-0.2640704223663071,0.2669545023470311,33.6071542327054
2012-04-03,5.99419301,6.02156417,5.67669285,5.72595994,364313,6.554289829851955,6.585127858999998,7.435124086036546,5.73513163196345,-1,7.9823271921,6.878729549543563,-0.2747378252525932,0.2729110171793861,29.26365811911498
2012-04-04,6.0051418,6.26784628,5.87923645,5.98324504,1219859,6.396322373478603,6.530112646999998,7.38635717676348,5.673868117236517,-1,7.96584254545,6.84361250995362,-0.302952981386043,0.2921235402380014,36.78270835669052
2012-04-05,6.02156417,6.09820242,5.91755558,6.02156417,861148,6.26784628,6.462233179999998,7.25107691602895,5.673389443971047,-1,7.949788923350001,6.811375320151518,-0.2565128458866627,0.2841609187924298,37.84244991622147
2012-04-09,5.93397794,6.07630566,5.62195135,5.63289932,690506,6.26784628,6.382584295999998,7.1686041522924455,5.596564439707551,-1,7.9302222479,6.7651605750475365,-0.3092055309350846,0.2963175895929705,31.985613725601624
2012-04-10,5.62742575,5.68764082,5.45772688,5.5015204,414764,6.138667293999999,6.307314764499998,7.127353268843907,5.487276260156089,-1,7.910371162700001,6.715606058379006,-0.317555385374647,0.2915744717649012,30.27965001431086
2012-04-11,5.5453131,5.64822714,5.5398387,5.63837372,242824,6.07630566,6.236424543999999,7.029960057585964,5.442889030414035,-1,7.892401588350001,6.673361652952378,-0.3001335877006044,0.2812267766388368,34.21562378070732
2012-04-12,5.66027048,5.70406318,5.5507875,5.56173547,149693,5.952589904,6.166081722499998,6.9366227162521135,5.395540728747882,-1,7.8748204236,6.629768469307187,-0.3026664010905119,0.2720874125932056,33.089069515179105
2012-04-13,5.5453131,5.58910662,5.45772688,5.46867485,310114,5.8536172992,6.112435068499997,6.919462237664172,5.305407899335823,-1,7.855683108400001,6.5842353861971015,-0.2955211177629023,0.2620368645508338,31.723198561216307
2012-04-16,5.52341634,5.52341634,5.41168924,5.43583011,186404,5.77443921536,6.063988843499998,6.910377298056703,5.217600388943293,-1,7.835583389400001,6.539199885169764,-0.276787616531,0.2513004527972028,31.23316516034436
2012-04-17,5.496046,5.496046,5.33729592,5.3427695,222388,5.701889220288,6.014447780999998,6.906664447064013,5.122231114935983,-1,7.814246794400002,6.492281046535656,-0.3074414157394202,0.2446897118831169,29.827288447454976
2012-04-18,5.32634713,5.36357171,5.14570029,5.22233854,378910,5.6289705602304,5.958064051999997,6.899499482715558,5.016628621284435,-1,7.791696130850002,6.4424793796126885,-0.3319162130656219,0.2427741196057514,28.066617293340173
2012-04-19,5.22781294,5.36466626,5.21686415,5.36466626,407426,5.53231650618432,5.9022277214999965,6.845349911119127,4.959105531880867,-1,7.769484625050001,6.400212198451406,-0.3129788557516587,0.235990404633912,33.09317770056252
2012-04-20,5.46867485,5.46867485,5.37561423,5.44677808,186008,5.14570029,5.843106876499997,6.743822682678729,4.942391070321264,-1,7.749280010650001,6.362822625178802,-0.3178345202318221,0.2265631321600612,35.877083642546665
2012-04-23,5.38108862,5.41393335,5.3427695,5.36466626,146298,5.1521597812,5.768932141999998,6.564567576806149,4.973296707193847,-1,7.726456539200001,6.323679238309045,-0.3406467352599489,0.2178092355771996,34.338401505820784
2012-04-24,5.37014065,5.44677808,5.37014065,5.41940775,114782,5.158490082576,5.715832885999998,6.453851194377429,4.977814577622566,-1,7.703933406350002,6.288217611316533,-0.3068966282626235,0.2081165630359711,36.2998103243292
2012-04-25,5.5015204,5.82996935,5.46867485,5.57815783,122207,5.16469377792448,5.666291822999998,6.293247125183939,5.039336520816057,-1,7.683188418550002,6.260372129696277,-0.3184538586084587,0.2225769228191159,41.735363350124665
2012-04-26,5.58363223,5.75880467,5.57268426,5.75880467,180158,5.191304800807501,5.638099917499998,6.190771815116234,5.0854280198837625,-1,7.663559514550002,6.240702817551325,-0.2753038085564422,0.2199728861891791,47.25126092803373
2012-04-27,5.78617583,5.8025982,5.67669285,5.7533311,267153,5.216851382775201,5.616750759999998,6.114223823513273,5.119277696486723,-1,7.644062877950002,6.221590201176763,-0.2649022251336204,0.2132537764613806,47.10574517195512
2012-04-30,5.75880467,5.77522786,5.63289932,5.64932169,252967,5.241376101464193,5.594854162999999,6.04374077233587,5.1459675536641285,-1,7.6252966769000015,6.199148298777675,-0.2699350152625642,0.2081876881427106,44.31310222754063
2012-05-01,5.63837372,5.7478567,5.60005459,5.63837372,138719,5.264919831405625,5.575420920999998,5.979166762128808,5.171675079871188,-1,7.606023433500002,6.177157138825609,-0.2643845516696196,0.2038744325610884,44.017293814422914
2012-05-02,5.61100338,5.64932169,5.5945802,5.63837372,126729,5.2875218121494,5.571041609999998,5.970033091740607,5.172050128259389,-1,7.58778782305,6.156028377303036,-0.223072101746366,0.1932220795210106,44.01729381442292
2012-05-03,5.61647696,5.64932169,5.55626189,5.58910662,213529,5.309219713663424,5.551334688999999,5.903078469239047,5.199590908760951,-1,7.567869128150001,6.133796151526447,-0.1732567642280302,0.1860676309837955,42.53538493057928
2012-05-04,5.64539135,5.7748469,5.47090741,5.52156456,249184,5.330049699116887,5.526334708499998,5.804143617631313,5.248525799368682,-1,7.548251291800001,6.109787069505802,-0.2537692244075361,0.194487049484953,40.52127464390207
2012-05-07,5.48779369,5.57784962,5.43713655,5.54970667,193473,5.350046485152212,5.522175075999998,5.795938890728342,5.248411261271654,-1,7.527044805650002,6.08782313227028,-0.110070380934876,0.1906460509503136,41.75873338801297
2012-05-08,5.85927491,5.90993121,5.57222086,5.60036297,291195,5.369243399746123,5.527117204499998,5.802773283597975,5.251461125402021,-1,7.5040961487,6.068707047475368,-0.1099578839425808,0.2027588001681483,44.01655780912837
2012-05-09,5.51030704,5.56096418,5.45965074,5.4652795,342101,5.401684668361356,5.518462493499998,5.790447485264333,5.246477501735662,-1,7.480977535400001,6.0450432220841765,-0.2197588040535832,0.1983269022989948,39.60709420251661
2012-05-10,5.52719247,5.52719247,5.26265261,5.37522357,926725,5.90993121,5.509136898499998,5.787268048497063,5.231005748502932,-1,7.4574885159500015,6.018775784747542,-0.1891201318677259,0.2030563992776381,36.94958919966283
2012-05-11,5.34708062,5.61724924,5.34708062,5.58347753,118761,5.896985638,5.514877032499998,5.794167222929158,5.235586842070838,-1,7.435892128900003,6.001705264953521,-0.1276582869315846,0.2078501293292353,45.97668365135713
2012-05-14,5.54970667,5.57222086,5.44839407,5.45402198,295782,5.88429897744,5.515786625999998,5.794158113980024,5.237415138019972,-1,7.414579700200003,5.98022748907299,-0.1564690407837333,0.2026525100914328,41.9554396029593
2012-05-15,5.43713655,5.50467913,5.40899444,5.42025111,100437,5.8718660500912,5.519660706499997,5.790343312344897,5.248978100655098,-1,7.388548765300002,5.958267631070128,-0.1344671726056006,0.1950119515134734,40.94926091305495
2012-05-16,5.43150863,5.53844999,5.42587987,5.4652795,83747,5.859681781289376,5.531807754499998,5.767583578095473,5.296031930904523,-1,7.361745248200002,5.938934763185025,-0.1244771735371702,0.1895253035482253,42.91505174016097
2012-05-17,5.47090741,5.48779369,5.32456643,5.32456643,182309,5.847741197863589,5.5298027629999975,5.77182899403262,5.287776531967375,-1,7.338907520050002,5.914841887373847,-0.2607792353489197,0.1876468718662092,38.5915387808537
2012-05-18,5.32456643,5.44839407,5.22325383,5.2570247,197567,5.836039426106317,5.520315093999998,5.788120224251411,5.252509963748585,1,7.314321965450001,5.889045134927814,-0.3122242528910869,0.1903249695900514,36.68127236005076
2012-05-21,5.26828137,5.36959481,5.20073964,5.34145186,161586,5.811528002262064,5.519154373999998,5.789833701056153,5.248475046943844,2,7.293803565600001,5.867570888852214,-0.2752073532092671,0.1887914124764763,40.63688034834655
2012-05-22,5.35270938,5.36396606,5.27953889,5.31330976,117707,5.7748807005263405,5.513849474499999,5.796053750660739,5.231645198339259,3,7.273889424950002,5.84583515830899,-0.2873799470641954,0.1813368237281565,39.74557029795019
2012-05-23,5.26828137,5.31330976,5.21762507,5.30205224,233151,5.74043223689476,5.500044194999999,5.795038112405179,5.205050277594819,4,7.259346622350002,5.824510337983147,-0.2321015412343029,0.1752188141761453,39.37353532820273
2012-05-24,5.30205224,5.36959481,5.26265261,5.34708062,171360,5.708050681081074,5.4794579925,5.756251089855155,5.202664895144844,5,7.243485839750001,5.805787603944593,-0.2498949603010327,0.1703419131635635,41.7232682267027
2012-05-25,5.34145186,5.39773692,5.31330976,5.37522357,180353,5.67761201861621,5.460552615999999,5.710265316649164,5.210839915350835,6,7.232528221450001,5.788902739868334,-0.2489340165845344,0.1642051450804518,43.20488277523473
2012-05-29,5.39210901,5.54970667,5.3583373,5.48216493,181359,5.648999675899237,5.452194777999999,5.686808683821671,5.217580872178328,7,7.219897008050001,5.776873806148007,-0.19786476577819,0.1661454468604195,48.55701655736353
2012-05-30,5.42587987,5.57222086,5.38085149,5.47090741,122274,5.622104073745283,5.443821462499999,5.662683857592134,5.224959067407864,8,7.206943447,5.7648751239461244,-0.1853141797953038,0.1679471556561038,48.0437598243677
2012-05-31,5.51030704,5.54407791,5.41462235,5.4652795,140945,5.596822207720566,5.4351667515,5.635474278044747,5.234859224955253,9,7.19240420825,5.7531262759482376,-0.2084167235529673,0.1651977559663821,47.77190047136972
2012-06-01,5.33019519,5.52719247,5.30205224,5.48216493,227796,5.573057253657332,5.429819666999999,5.6187932341293205,5.240846099870678,10,7.1790772698000005,5.742500340813012,-0.1636042528748187,0.1694793612544977,48.70966222317748
2012-06-04,5.52156456,5.56096418,5.33019519,5.41462235,66191,5.20073964,5.4244725565,5.60875334584402,5.240191767155979,11,7.1673461205,5.729642380388973,-0.1362849016238922,0.1738571918791764,45.21264021598984
2012-06-05,5.3583373,5.48779369,5.24013926,5.47090741,278923,5.2079441308000005,5.4205325935,5.597144706829101,5.243920480170899,12,7.159333726700001,5.719495910961954,-0.1054159605394233,0.1791284231735209,48.5288879751564
2012-06-06,5.49342161,5.57222086,5.49342161,5.53844999,208107,5.215004531784,5.4174369445,5.58316749696601,5.251706392033989,13,7.1527063569,5.71239607092423,-0.0446310300649142,0.1735702108039838,52.26302849202493
2012-06-07,5.57222086,5.64539135,5.53844999,5.55533543,185616,5.22929318491264,5.421939741,5.597242141875378,5.246637340124623,14,7.14559947975,5.706236830103672,-0.0039431762584448,0.1688110071751278,53.17756391190487
2012-06-08,5.52719247,5.57784962,5.49905037,5.52156456,101525,5.254259074817882,5.4292567905,5.608324698525672,5.250188882474329,15,7.13400022705,5.698994780295685,0.0232518797885343,0.1623815959483329,51.07025481393719
2012-06-11,5.5665921,5.5665921,5.34145186,5.35270938,320677,5.277727011328809,5.417718383,5.584894548187001,5.250542217813,16,7.121717822600001,5.685414960676246,-0.0842343976953648,0.1668643562377378,42.08920084431991
2012-06-12,5.39773692,5.47653617,5.34708062,5.44839407,109242,5.29978687164908,5.4174369875,5.584386569100249,5.25048740589975,17,7.1112565497,5.676120023786981,0.009192047287689,0.164192298649328,47.70173867926819
2012-06-13,5.45402198,5.45402198,5.31893767,5.35270938,117062,5.64539135,5.414059901,5.583361090366808,5.244758711633192,18,7.095993332150001,5.663437253442394,0.0145419510235335,0.1621131566029474,43.19353851198676
2012-06-14,5.37522357,5.50467913,5.33582395,5.47653617,271546,5.638862276399999,5.414622734499999,5.584674470651507,5.244570998348491,19,7.0800871066000015,5.656107799189751,0.0714385796813073,0.1625947297027369,49.80484950232642
2012-06-15,5.45402198,5.50467913,5.40899444,5.45965074,203974,5.632463784272,5.42137695,5.587264236793948,5.255489663206052,20,7.064499264300002,5.648403600790153,0.1250278380060555,0.1578154411525414,48.96792981095091
2012-06-18,5.41462235,5.56096418,5.34708062,5.40336568,88525,5.62619326198656,5.428693998999999,5.576906629531313,5.280481368468685,21,7.048683707450002,5.638794270563088,0.1565645536786614,0.1618203067845028,46.182118499569775
2012-06-19,5.44276531,5.70167641,5.43150863,5.63413468,110426,5.31893767,5.44332814,5.610747637180653,5.275908642819347,22,7.033431201650002,5.638611541521398,0.1436162571436621,0.1715696227284669,56.98677525799109
2012-06-20,5.61162048,5.6735343,5.53844999,5.61724924,55142,5.3265924448,5.458525114,5.631077279847639,5.28597294815236,23,7.022041830750002,5.637773804206834,0.155979842448199,0.1689635289621478,56.09928961580681
2012-06-21,5.63976259,5.6735343,5.34708062,5.35270938,88967,5.334094124104,5.461057971,5.625652109210234,5.296463832789765,24,7.010887303500001,5.6265948071791145,0.0811507380581637,0.1802128254648515,44.426114384164464
2012-06-22,5.40899444,5.70730517,5.34708062,5.69604765,1047903,5.34144576982192,5.4785063225,5.663761047114507,5.293251597885494,25,6.9977704471000015,5.629318448074051,0.2788994926193645,0.1930708057887907,56.94735273204047
2012-06-25,5.60599173,5.71856184,5.4652795,5.60036297,94960,5.34708062,5.489763292499999,5.675905116421796,5.303621468578203,26,6.985947541150001,5.628182939129971,0.265465377734136,0.1973716296610199,53.34042166901332
2012-06-26,5.61724924,5.66227678,5.57222086,5.57784962,96004,5.34708062,5.494547527,5.684540990597698,5.304554063402302,27,6.9747371312,5.626209083477815,0.236326291741715,0.1897062218280899,52.497885581769474
2012-06-27,5.57222086,5.7467048,5.57222086,5.72981936,62678,5.3693694932,5.5074931245,5.7228671208078445,5.292119128192155,28,6.965763546800002,5.630272231576725,0.254855700899592,0.1886189159832263,57.390491863838704
2012-06-28,5.69041974,6.01687257,5.67359002,6.01124466,88630,5.399556317744,5.5347913825,5.841062345229557,5.228520419770443,29,6.954491217050002,5.64521232680901,0.2887728436155417,0.1996663184129959,64.65139034222639
2012-06-29,6.14070021,6.43338218,6.05064344,6.38272588,207891,5.4612879429696,5.57981943,6.058292497240193,5.101346362759807,30,6.943599312550001,5.674134426934147,0.2945380423555636,0.2155571185263533,71.54441421735878
2012-07-02,6.38272588,6.63600822,6.38272588,6.50092476,182375,5.577939251413247,5.634134550499999,6.251682068960985,5.016587032039013,-1,6.933459526600001,5.706557577250456,0.2872374901535649,0.2182517772030423,73.32669243920978
2012-07-03,6.52343811,6.5459523,6.35458293,6.47278181,74437,5.726068907015392,5.684228270499999,6.396032063491959,4.97242447750804,-1,6.922776215500002,5.736605586377888,0.2429292362429238,0.2163316052599679,72.16767065447041
2012-07-05,6.44463885,6.47278181,6.33769749,6.43338218,114047,5.853460410833238,5.728974879999999,6.507853341688032,4.950096418311966,-1,6.913507155900001,5.763930158676795,0.2541503314510616,0.2105282277413987,70.48789511446606
2012-07-06,6.35458293,6.4901738,6.33144988,6.36021169,74356,5.9630171041165845,5.769218692999999,6.590093379223748,4.94834400677625,-1,6.902314729100002,5.787313748140449,0.2848789997763311,0.2068279200455845,67.35251026646105
2012-07-09,6.33206874,6.33769749,5.97747295,6.1069285,123113,6.63600822,5.798486889999999,6.623684932830212,4.973288847169785,-1,6.8926486917500025,5.799847659978079,0.2856533049930789,0.219392978613757,57.77275378155564
2012-07-10,6.13507145,6.14070021,5.8480174,5.99435922,66028,6.6228375146,5.830569381999998,6.633541573901251,5.027597190098746,-1,6.884782975800002,5.807475564292664,0.3959113549203159,0.2246279665699173,54.09045104976612
2012-07-11,5.96621627,6.16321356,5.96621627,6.14632812,111656,6.591844710016,5.865466084499999,6.659583420848601,5.071348748151396,-1,6.875636184850002,5.820763899810599,0.4050014959496564,0.2226543468149231,57.98387693997436
2012-07-12,6.07878639,6.16321356,6.07878639,6.12381478,105765,6.562091617615359,5.904021354499999,6.669162668638535,5.138880040361464,-1,6.866591662100002,5.832648248053321,0.4264667786770802,0.2127809770424286,57.209826237928105
2012-07-13,6.14632812,6.2138707,6.12944269,6.19135651,128013,6.533528648910745,5.9397623715,6.688291015668471,5.191233727331528,-1,6.859684077200002,5.846715238717897,0.4072411447316574,0.204014901539398,58.97905797769144
2012-07-16,6.16321356,6.19135651,6.09004307,6.09567182,85127,6.506108198954316,5.971563425499999,6.689205410395444,5.253921440604555,-1,6.852512903750002,5.85647824190543,0.3941788345386712,0.1966790828580124,55.47938649274066
2012-07-17,6.13507145,6.19135651,5.99998714,6.16884232,119835,6.479784566996143,6.009837257499999,6.682417758604207,5.337256756395791,-1,6.844257457300001,5.868727813595413,0.4340917368989275,0.1962998176538687,57.55357770387868
2012-07-18,6.12944269,6.2138707,6.11255726,6.20824194,111810,6.454513880316298,6.0385426205,6.693302834063173,5.383782406936826,-1,6.8365749680000025,5.8820420930622594,0.4484306507397415,0.1895150763928781,58.67016332821143
2012-07-19,6.20824194,6.20824194,6.13507145,6.14632812,89870,6.430254021103646,6.0649965645,6.691684375888205,5.4383087531117935,-1,6.831107197550001,5.892406250981386,0.4201296977114501,0.1812047487933868,56.16962940591151
2012-07-20,6.07878639,6.19135651,6.01124466,6.01687257,72353,6.4069645562595,6.098204724,6.634226237226621,5.562183210773379,-1,6.821366839600001,5.897287283099764,0.428323641130667,0.1811266845938592,51.25108832776594
2012-07-23,5.89867454,5.89867454,5.58347753,5.62287716,119931,6.38460667000912,6.0945461995,6.642366169582921,5.546726229417079,-1,6.806944233100001,5.886526101801733,0.111310772692142,0.199145852837155,39.821971479051726
2012-07-24,5.66227678,5.66227678,5.39210901,5.42025111,181694,6.336538921608573,6.085540606499999,6.670240253739137,5.50084095926086,-1,6.791535351700002,5.868240808005587,0.0391743702946035,0.2042188469202153,35.44428549376144
2012-07-25,5.47653617,5.47653617,5.31893767,5.35270938,87604,6.260984528679887,6.0742835945,6.704541549592089,5.444025639407911,-1,6.777561135500001,5.84802388926027,0.0547022062358946,0.2008888221401999,34.098670312004685
2012-07-26,5.42587987,5.42587987,5.29079556,5.33019519,182127,6.1667798428118985,6.054302385999999,6.749018503674529,5.359586268325469,-1,6.761003767150002,5.827716881446142,-0.0024470982130988,0.1961884998444713,33.64020954719791
2012-07-27,5.34708062,5.43713655,5.26265261,5.36396606,208725,6.061661728874471,6.021938455999999,6.779158928083217,5.264717983916781,-1,6.744856939350002,5.809530574722764,-0.0236033704465722,0.1946381741412948,35.05082607476413
2012-07-30,5.38648025,5.45965074,5.26828137,5.33582395,133971,5.949800452232045,5.969593359499999,6.7636587956178085,5.17552792338219,-1,6.728515694300001,5.790953844341479,-0.1053657166498458,0.1944046881312023,34.3946892054706
2012-07-31,5.34708062,5.40336568,5.24576718,5.29642432,307909,5.853599754319559,5.9093683375,6.715718387697888,5.103018287302112,1,6.712702513850002,5.771560529661421,-0.1392201637036325,0.1917756746932593,33.4505847041803
2012-08-01,5.34145186,5.43100123,5.29642432,5.36396606,333712,5.756346542428429,5.85392755,6.650113119098811,5.057741980901189,2,6.695938040750002,5.755576432811954,-0.1320264377279076,0.1876900486437407,36.66032077646499
2012-08-02,5.39210901,5.39773692,5.2063684,5.21762507,129326,5.67465384443988,5.7931396945,6.588723406312396,4.997555982687604,3,6.679596591250003,5.734480300936975,-0.1895879923359832,0.1879527965977593,32.95193866906675
2012-08-03,5.30205224,5.38648025,5.2063684,5.34708062,134424,5.590362464440702,5.742483140999999,6.515896812216047,4.969069469783952,4,6.662210635950003,5.719288156586506,-0.1421435250425258,0.1873927289836336,38.84523014327456
2012-08-06,5.3583373,5.42587987,5.3583373,5.38648025,101751,5.521243532841376,5.7064607285,6.475721268080285,4.937200188919714,5,6.644806843900002,5.706236866132134,-0.1369396771725778,0.1796360519133741,40.55770198714576
2012-08-07,5.40336568,5.42587987,5.34708062,5.40899444,93374,5.464566008929928,5.677192489499999,6.444952470728417,4.909432508271582,6,6.6283480748000025,5.694580300401462,-0.116826294975194,0.172433423205276,41.56467409418276
2012-08-08,5.37522357,5.42025111,5.31893767,5.36959481,52156,5.2063684,5.638355824,6.385569221198608,4.891142426801391,7,6.609570801800003,5.681835771366111,-0.1526120745154575,0.1673534244048991,40.27874139001915
2012-08-09,5.34708062,5.45965074,5.25139594,5.40899444,208834,5.2106460542,5.602614807,6.321367496782949,4.883862117217051,8,6.590909993100002,5.671136111312538,-0.1123987407626229,0.1702749512331205,42.20437436656144
2012-08-10,5.40336568,5.43713655,5.35270938,5.40899444,118521,5.220606241632,5.563496703499999,6.233316780623477,4.8936766263765215,9,6.574316951150003,5.66085604577087,-0.1198118763846385,0.1641429668593262,42.20437436656143
2012-08-13,5.42025111,5.43713655,5.25139594,5.35270938,58741,5.23016802156672,5.5263485815,6.155143613343023,4.897553549656976,10,6.555058756000003,5.648771862799463,-0.0924651536559883,0.1656856556550886,40.06409597359736
2012-08-14,5.39210901,5.41462235,5.26265261,5.2851668,43715,5.239347330304051,5.4821648055,6.044880059751341,4.919449551248659,11,6.534162673300004,5.634512840728895,-0.1391848322259821,0.1647059473940108,37.59993491860808
2012-08-15,5.26265261,5.3583373,5.26265261,5.33019519,99859,5.248159466691889,5.438262468,5.894464340172387,4.982060595827612,12,6.513735519100003,5.622578815210115,-0.1609097171014643,0.1597758575801529,40.238854244521534
2012-08-16,5.34145186,5.36396606,5.31330976,5.35270938,73159,5.256619117624213,5.398581531,5.719539961008679,5.07762310099132,13,6.494883663300003,5.6119957001038365,-0.1243749298446533,0.1519816034672848,41.56941855511651
2012-08-17,5.33019519,5.35270938,5.307681,5.34145186,129527,5.26265261,5.3648104955,5.51530428447099,5.214316706529009,14,6.479144761450003,5.601386137746824,-0.074464075874616,0.144342087505336,41.07694134642946
2012-08-20,5.31330976,5.36396606,5.30205224,5.34145186,49474,5.2705325352,5.350739230499999,5.4437221484437055,5.257756312556293,15,6.466033350500003,5.591192636658713,-0.0384769765497003,0.1384543541120977,41.07694134642946
2012-08-21,5.34708062,5.40899444,5.31893767,5.31893767,120464,5.2780972633920005,5.3456735585,5.43387257476327,5.2574745422367295,16,6.450263139850003,5.580515971299548,-0.0305959475925854,0.1349973838183764,39.9783897718182
2012-08-22,5.32456643,5.32456643,5.2743044,5.29079556,39806,5.45965074,5.342577867499999,5.433863965268344,5.251291769731655,17,6.434000081200002,5.569154386542703,-0.0172688513412513,0.1289448585456352,38.58916429489652
2012-08-23,5.26828137,5.29079556,5.20073964,5.2063684,108582,5.4559438132,5.336386528,5.44528904667352,5.2274840093264805,18,6.417152362350004,5.554927485109656,-0.0252783820136404,0.126167077220947,34.69411093342356
2012-08-24,5.21762507,5.39773692,5.21762507,5.34145186,281155,5.445735646272,5.335260818,5.443462920946335,5.227058715053666,19,6.400032023650003,5.546555891968101,0.0028289469460107,0.1308243231337365,44.36944767386202
2012-08-27,5.37522357,5.45965074,5.35270938,5.42025111,181442,5.20073964,5.339482176,5.453854472260477,5.225109879739523,20,6.385824796750003,5.5416027632634695,0.0354687983539946,0.129922505767041,49.10622530360977
2012-08-28,5.40899444,5.63976259,5.40899444,5.58910629,304178,5.205917862,5.3541162745,5.510052282726574,5.198180266273426,21,6.375576909800003,5.543465646664902,0.1409209525880166,0.1371257660693952,57.46420267045328
2012-08-29,5.61724924,5.89304578,5.57222086,5.8480174,106736,5.22327165112,5.3783188415000005,5.644291100134614,5.112346582865387,22,6.364402402500003,5.555408852678044,0.1850665138451144,0.1502471342072956,66.53833415142455
2012-08-30,5.80861777,5.83113196,5.66790554,5.73544728,88316,5.2634580988528,5.404209952,5.701537197016052,5.106882706983949,23,6.353883981450004,5.562469183161258,0.2295379019427871,0.1523803289067745,60.495626363413045
2012-08-31,5.80298985,5.80298985,5.67916222,5.69041974,43802,5.301233359721632,5.421376908,5.742243125526997,5.100510690473003,24,6.343438386750003,5.567486852056895,0.1901864257004722,0.1503408504134334,58.21812998030338
2012-09-04,5.73544728,5.7973611,5.68479098,5.74107604,124613,5.336742104938334,5.4391066975,5.788242343717381,5.089971051282618,25,6.334356663500004,5.574294271191919,0.1956066135421303,0.1476429410981882,60.040729282127664
2012-09-05,5.75796147,5.75796147,5.63509124,5.69041974,64558,5.370120325442033,5.4531779625,5.818628365319018,5.087727559680982,26,6.325563405300004,5.578848211145177,0.1720444631619438,0.1458734617340318,57.34673478487929
2012-09-06,5.72981936,5.7776617,5.63976259,5.73544728,120578,5.401495852715511,5.471470586000001,5.854554756211369,5.088386415788632,27,6.316832760450004,5.584989351100268,0.1868293649450292,0.145303865181601,59.10331617895388
2012-09-07,5.78610442,5.80175131,5.66227678,5.75233271,137426,5.43098884835258,5.4886374995,5.889350267659235,5.087924731340766,28,6.308565769000003,5.591551835763003,0.1633582471421377,0.1448874840972009,59.7723669303174
2012-09-10,5.74107604,5.87053159,5.74107604,5.85927491,62053,5.458712264251425,5.5111515230000006,5.940975919906837,5.081327126093164,29,6.302214953850004,5.602050779850728,0.17273111917372,0.1437852030902579,63.81045481522504
2012-09-11,5.83676072,6.03375801,5.81987529,6.03375801,72010,5.48477227519634,5.5452039545,6.024488280685728,5.065919628314272,30,6.297440829150004,5.6189804751507,0.2013249648007065,0.1487921685838109,69.23642101084074
2012-09-12,6.05064344,6.05064344,5.92681665,6.04501552,48929,5.528691133980633,5.5831963905,6.093469082706706,5.072923698293293,-1,6.292181241400003,5.635687731811457,0.2342026424100721,0.1470089272563959,69.5535993876737
2012-09-13,6.05064344,6.32081206,6.04501552,6.30392663,91960,5.58088636458257,5.6318829625,6.216677956813816,5.047087968186183,-1,6.285886682350004,5.661893178799243,0.2526261811609837,0.1562080424523676,75.74695496559232
2012-09-14,6.36584045,6.56283773,6.27578452,6.33206874,172370,5.669677448032662,5.6808509305,6.324945787321377,5.036756073678624,-1,6.280680895400003,5.688174573356135,0.180017878060972,0.165554125848627,76.31101732617284
2012-09-17,6.32644082,6.33206874,6.24201281,6.3151833,138645,5.794719887508089,5.7295375025,6.409841714304685,5.049233290695314,-1,6.272979892250003,5.712763150871581,0.1886092985239824,0.1601613975737251,75.18119415809468
2012-09-18,6.29266995,6.32644082,6.26734096,6.28141244,251202,5.9022563854569565,5.7765355315,6.472789549674986,5.080281513325015,-1,6.266383149150004,5.735063122994264,0.1170444859853462,0.152942716318459,72.85784761991684
2012-09-19,6.27578452,6.36584045,6.27578452,6.32081206,82073,5.994737773692982,5.826629251,6.528127905465405,5.125130596534595,-1,6.258845729500004,5.758033669543509,0.1666219318573576,0.1484508030099977,73.87231997552891
2012-09-20,6.30392663,6.37146836,6.27578452,6.34895501,179780,6.074271767575965,5.8795372235,6.570944946064181,5.188129500935819,-1,6.250284257100003,5.781207055443764,0.1987755612474852,0.1446817342235692,74.60253141731992
2012-09-21,6.47841056,6.65289366,6.43338218,6.56846649,205368,6.14267100231533,5.947642128,6.628659734685132,5.266624521314868,-1,6.242603644300004,5.812079974445969,0.2434453008324422,0.1560572282076,79.43121480292399
2012-09-24,6.55158106,6.77672129,6.495296,6.76546378,255489,6.224306627544878,6.018842724000001,6.728617338807065,5.309068109192936,-1,6.235799667000004,5.849467574663774,0.2931846594701565,0.1650120897642,82.62403789712835
2012-09-25,6.82174883,6.87240598,6.71480748,6.84426303,382858,6.3237412667868,6.09004332,6.830383280141772,5.349703359858228,-1,6.231881737150003,5.888479161147548,0.3406870623317132,0.1644825476381857,83.71309650467023
2012-09-26,6.84426303,7.05251783,6.77672129,7.0356324,216547,6.43347420942944,6.1623696255,6.972196174059391,5.352543076940609,-1,6.2279184192000026,5.933465562671174,0.3579959274074411,0.172433547092601,86.00687797044927
2012-09-27,7.09191746,7.23263053,6.84426303,6.92869104,251316,6.557282933543552,6.2164033075,7.077696939961412,5.355109675038588,-1,6.223312043500004,5.972494012762501,0.2674971535989232,0.187857400871701,79.28682776796757
2012-09-28,6.83863511,7.0131182,6.79923549,6.94557647,121877,6.692352452834841,6.276909767,7.164185121587306,5.389634412412694,-1,6.219927769600004,6.010654109124755,0.2844155277770468,0.1897163515237223,79.55841232023778
2012-10-01,6.97934734,7.03000364,6.86677722,6.92306228,47452,6.79923549,6.3385418940000005,7.225543575058709,5.451540212941292,-1,6.216024613850003,6.0464348217080985,0.2910466590911436,0.1878242135577422,78.08822429886297
2012-10-02,6.97371858,7.08066078,6.90054809,6.99623277,111821,6.79923549,6.4012997305,7.287942931775404,5.514656529224596,-1,6.212378959600004,6.083681800072487,0.2946002559691391,0.1872733904464749,79.41932440843986
2012-10-03,6.99060401,7.2438872,6.93431895,6.99060401,135873,6.86677722,6.466308944,7.325155385220484,5.607462502779516,-1,6.210492937750003,6.119247376932389,0.261849345802798,0.1960087375574409,79.02163811274838
2012-10-04,6.99060401,7.12568832,6.91743352,7.05251783,180659,7.2438872,6.5321624715,7.358096414672486,5.706228528327513,-1,6.211489798400004,6.155846218229158,0.2590593343685954,0.1968834563033379,80.19631902192896
2012-10-05,7.00748945,7.26077263,7.00186153,7.05251783,116270,6.91743352,6.597171727499999,7.370339958521869,5.824003496478129,-1,6.210319660650003,6.191009810847622,0.2253479251019908,0.2013140022816709,80.19631902192897
2012-10-08,7.04688907,7.04688907,6.92869104,6.95683315,24485,6.91743352,6.6520496395,7.36107410852146,5.943025170478539,-1,6.208535659800003,6.221042098657519,0.2073299485222259,0.1957792014044087,72.88171077241456
2012-10-09,6.9849761,7.17071671,6.82174883,6.82737759,58904,7.26077263,6.691730618499999,7.344500445864117,6.03896079113588,-1,6.206673220550004,6.244819961063107,0.16624291719546,0.2067212498755224,64.33243008993567
2012-10-10,6.74857834,6.88366265,6.60825955,6.66415118,91556,7.251992154,6.722687401499999,7.304734821580297,6.140639981419701,-1,6.203507072050005,6.261264322590044,0.1322425974263555,0.2116270963129851,55.49336236485772
2012-10-11,6.70917872,6.74857834,6.65852242,6.67540785,79972,7.22624284984,6.741261462499999,7.291510652142816,6.191012272857182,-1,6.200180505050005,6.277505245233572,0.0906590230488967,0.2029434408620576,55.94293129789841
2012-10-12,6.66977909,6.72043623,6.66977909,6.7035508,20804,7.2015235178464,6.7598355655,7.277707039398054,6.241964091601945,-1,6.1979427184000055,6.294212914047941,0.1331421238193355,0.1920658479433392,57.10941282692557
2012-10-15,6.73732167,6.81049216,6.69792204,6.79360673,70631,7.177792959132544,6.783756736999999,7.259768233248932,6.307745240751066,-1,6.195342585450006,6.313796985261748,0.1233824893825051,0.1863875816616721,60.69558384987701
2012-10-16,6.85552055,6.85552055,6.74857834,6.77672129,81745,7.155011622767242,6.8085221795,7.225263798431234,6.391780560568765,-1,6.192603851900007,6.331950879565208,0.1652787259470397,0.180712912257267,59.68786404745724
2012-10-17,6.79923549,6.90054809,6.74857834,6.87803389,32416,7.1331415398565525,6.836383271,7.1884667251950365,6.484299816804963,-1,6.188936038550006,6.353365899582259,0.1769146110317846,0.1786598292388908,63.59354573513875
2012-10-18,6.88366265,6.9118056,6.83863511,6.85552055,25216,7.11214626026229,6.861711548,7.133653926859924,6.589769169140076,-1,6.186591301300007,6.373058238814327,0.1444955088846354,0.1711248764361128,62.15249018695827
2012-10-19,6.78797797,6.81049216,6.68666537,6.7035508,95228,7.091990791851798,6.8684657635,7.116608084245936,6.620323442754064,-1,6.184461865600006,6.386018731409844,0.1025420388519942,0.1709627552621047,53.362198302689606
2012-10-22,6.67540785,6.7035508,6.48966724,6.56846649,58019,7.072641542177727,6.858615898999998,7.1362209478044525,6.581010850195544,-1,6.182144581450006,6.3931735454722025,-0.0018612181314259,0.1740285270290973,46.99912433024349
2012-10-23,6.50655267,6.56283773,6.41086799,6.48966724,41095,7.037663084047063,6.8408861095,7.1618075999063855,6.519964619093614,-1,6.180896028550007,6.396957611924273,-0.1335745657618697,0.172854953669876,43.72380907908103
2012-10-24,6.50092476,6.50092476,6.39961131,6.47278181,90152,6.987519476523298,6.812743579999999,7.158196220267074,6.467290939732923,-1,6.178154498500006,6.399931109888026,-0.2297129696261398,0.1677448462648849,43.03177524469052
2012-10-25,6.45026761,6.53469562,6.38835379,6.43338218,55390,6.928728659870968,6.787978136999999,7.166103076226961,6.409853197773036,-1,6.174890917500005,6.401242916559084,-0.1805190040085244,0.1662160593888217,41.385792358515374
2012-10-26,6.45026761,6.45026761,6.33769749,6.40524007,28769,6.863883675486452,6.760961316999999,7.166410542041923,6.355512091958074,-1,6.171567888150005,6.401399667674414,-0.2192038454813817,0.1623842065753344,40.20290686850398
2012-10-31,6.40524007,6.40524007,6.25889824,6.37101836,36077,6.790217609518349,6.733359121,7.165212460332481,6.301505781667518,-1,6.168723851800007,6.400208243844045,-0.1972978245067924,0.1612383225342391,38.75240006931446
2012-11-01,6.36021169,6.38835379,6.25327033,6.29266995,129297,6.705206510395413,6.698180979999998,7.152678700891328,6.243683259108669,-1,6.166246525850006,6.3959910558501605,-0.2368238350636268,0.1593701180675077,35.58674398824161
2012-11-02,6.33206874,6.33206874,6.15758564,6.17447108,88433,6.623857997924239,6.657374333499999,7.144877784644471,6.169870882355527,-1,6.161227900900006,6.387303997973683,-0.234039141111241,0.1604496167769715,31.417099445798414
2012-11-05,6.20261318,6.30955539,6.14632812,6.29266995,229804,6.530603526339391,6.619381939499999,7.096099998497065,6.142663880502933,-1,6.157287847500006,6.383592858837461,-0.1377354058214791,0.1606480205786164,39.10137531047333
2012-11-06,6.29266995,6.29266995,5.93244541,5.97747295,136665,6.453748445071513,6.565629695499998,7.07611082450107,6.055148566498927,-1,6.150905009750006,6.367666587902659,-0.1573445599257452,0.1749034862515723,29.582669665471823
2012-11-07,5.98873047,6.15195688,5.96621627,6.07304534,148436,6.34948783805721,6.521440304999999,7.041728701016291,6.001151908983706,-1,6.144891683000006,6.356112813475104,-0.1231654015423662,0.1756775665193171,34.768057339244905
2012-11-08,6.06752972,6.23075614,5.9549596,5.9549596,93895,6.29266995,6.477819405499997,7.033291670238212,5.922347140761783,-1,6.138965113800006,6.340381314907453,-0.1431100216749828,0.1828289217679374,31.66538352971349
2012-11-09,5.92118789,5.99435922,5.89304578,5.89867454,102452,6.23075614,6.439545573499997,7.041897415066806,5.837193731933187,-1,6.132404981800005,6.323059480597356,-0.1644626254043804,0.1770063873559419,30.278407103386783
2012-11-12,5.93807417,6.0056159,5.86490283,5.87616035,38552,6.23075614,6.399583198499998,7.038953321897057,5.760213075102938,-1,6.125976069450005,6.3055340244955,-0.157733602147209,0.1744140075448031,29.71768563003789
2012-11-13,5.86490283,5.90430245,5.81987529,5.85927491,97973,6.157585478000001,6.357369403999997,7.02187936305288,5.692859444947114,-1,6.119462729900005,6.288033667064304,-0.1585035146431817,0.1679863755773172,29.27973809094678
2012-11-14,5.88741702,5.88741702,5.59473505,5.62850592,122885,6.090043440400001,6.2991143634999975,7.003519560420345,5.5947091665796505,-1,6.112391469450005,6.262169833846095,-0.2368218265779589,0.176893203750366,24.060950347689072
2012-11-15,5.64539135,5.64539135,5.43713655,5.48779369,95261,5.990981762320001,6.234667983499997,6.986731750523494,5.4826042164765,1,6.104427034750005,6.2318021419305625,-0.2408283756489363,0.179133317768197,21.53988082575755
2012-11-16,5.4652795,5.4652795,5.26265261,5.46460408,229276,5.88741702,6.163996492999996,6.926517192100711,5.401475793899282,2,6.095777812650004,6.201715943423482,-0.1109457098367635,0.1824195864990401,21.14663902204616
2012-11-19,5.49905037,5.68760493,5.48216493,5.66227678,101654,5.762464138,6.104334304499997,6.826762805745073,5.381905803254922,3,6.088062780600004,6.180561466426482,-0.0620939207959709,0.18531824817768,32.46499284783165
2012-11-20,5.63413468,5.74107604,5.57222086,5.64539135,47018,5.26265261,6.0514263319999975,6.744982076404216,5.357870587595779,4,6.077121168650004,6.159574403037208,-0.0316570906061,0.1841423147364172,32.041904088355665
2012-11-21,5.62287716,5.68479098,5.50467913,5.53282123,19966,5.2722210786,5.999644068999998,6.685660180266827,5.313627957733169,5,6.066131367950004,6.134995847231828,-0.0314828693290828,0.1838544243981016,29.30042011825094
2012-11-23,5.5665921,5.58910629,5.52156456,5.54407791,27694,5.281598177828,5.952364602499997,6.62702027506892,5.277708929931073,6,6.055414552500004,6.111822594791364,-0.0373046624995959,0.1755463747982373,29.945885444834914
2012-11-26,5.54407791,5.63131988,5.48779369,5.52156456,37352,5.29078773507144,5.904803739999997,6.559832789213589,5.2497746907864045,7,6.045316534050004,6.088675220877977,-0.0704145983654286,0.1732592187412203,29.36838720082349
2012-11-27,5.53282123,5.67916222,5.42587987,5.58347753,97720,5.299793501170012,5.862308507499998,6.484088813856403,5.240528201143594,8,6.035609342650004,6.068863546725899,-0.0451831690570838,0.178975156688276,33.18446447875951
2012-11-28,5.53844999,5.73544728,5.53282123,5.62850592,33359,5.308619151946611,5.823471799999998,6.400147951446807,5.2467956485531895,9,6.027102443500004,6.051594620187628,-0.0490498279379047,0.180664506210542,35.89706245848916
2012-11-29,5.69604765,5.76921899,5.65102011,5.71293393,56416,5.317268289707679,5.7905675784999975,6.310862600141291,5.270272556858704,10,6.018004967200004,6.038313808807721,-0.05707406040034,0.1778108321955032,40.75388954174824
2012-11-30,5.74107604,6.06752972,5.61162048,5.96621627,73499,5.335346317719371,5.774244894499998,6.248997802616208,5.299491986383788,11,6.012117222700003,6.035486454344673,-0.0083487242958223,0.1976750041815387,52.40439142716098
2012-12-03,5.99998714,6.05064344,5.9137583,5.99998714,57247,5.379277321856209,5.765520697499997,6.216343933015176,5.314697461984818,12,6.006151997050004,6.034094324370372,0.0381741159273989,0.1933328710257145,53.711407090720975
2012-12-04,6.01687257,6.15758564,5.94651688,6.12381478,35930,5.420572465744836,5.7570779389999975,6.17307569383122,5.341080184168775,13,6.000285866650002,6.03761277361075,-0.0528135273825691,0.1945997202381635,58.23972856966558
2012-12-05,6.14070021,6.14632812,5.98873047,6.10130058,29234,5.4795335196852495,5.763269320499998,6.195569970910964,5.330968670089033,14,5.9943892771000025,6.040110334645623,0.0179284746860327,0.1919567152211518,57.14510223275924
2012-12-06,6.07878639,6.14632812,5.98591566,6.09567182,27955,5.53377768931043,5.764400644499998,6.200043595381941,5.328757693618054,15,5.988984586700002,6.0422892164242255,0.0110170197583653,0.1897035541339266,56.857379428053726
2012-12-07,6.12944269,6.12944269,5.91555997,5.93807417,37943,5.583682325365595,5.7635563729999975,6.197781988392887,5.329330757607108,16,5.983476178750003,6.03820235185857,0.0581596849435096,0.1914306374100747,49.3632572491812
2012-12-10,5.93244541,5.93244541,5.66790554,5.87053159,65894,5.629594590536348,5.762149225499997,6.194793791404564,5.329504659595431,17,5.976507856050002,6.031627027864116,0.1543791922799683,0.1970547797379266,46.53249827962116
2012-12-11,5.93807417,6.19135651,5.84520344,6.18572775,84251,5.66790554,5.777627595499998,6.246143386735324,5.309111804264671,18,5.969829088700003,6.037670193438072,0.231881810214729,0.207704657613789,58.49426112798994
2012-12-12,6.18572775,6.2138707,6.12381478,6.14632812,43670,5.66790554,5.791980255999997,6.286487899766493,5.297472612233501,19,5.964349232500002,6.041931288597364,0.2298331717823035,0.1993011763556612,56.784134706130025
2012-12-13,6.27578452,6.27578452,5.88178826,5.89867454,154031,5.733421359199999,5.805488686999998,6.296141172220087,5.314836201779909,20,5.958465914700002,6.036313376887663,0.1903907096948742,0.2132079680445426,47.40295377523783
2012-12-14,5.89867454,6.01124466,5.72981936,5.8480174,175670,6.27578452,5.823499872499998,6.292134022026399,5.354865722973596,21,5.952342999250002,6.028929220931285,0.1942215457146202,0.2180806346127896,45.738420792033
2012-12-17,5.89867454,5.89867454,5.62287716,5.84238948,132144,6.27578452,5.842389142499997,6.281138357310962,5.403639927689033,22,5.945945604600001,6.021613936973195,0.0966046349097913,0.2222032592833046,45.547066001459136
2012-12-18,5.8308204,5.94651128,5.7787589,5.92337293,85774,6.2496682256,5.855443949999997,6.287465643488115,5.423422256511879,23,5.9386667017000025,6.017761348464442,0.0868202187277526,0.2183139107630686,48.86243061481408
2012-12-19,5.94651128,5.98121837,5.90023458,5.92915773,112973,6.224596582976,5.869632268999998,6.291651030880472,5.447613507119523,24,5.930951419700002,6.014286696759954,0.0639689313390324,0.2085046164228494,49.100825814564494
2012-12-20,5.91758812,5.9870023,5.80189725,5.97543356,146375,6.20052780605696,5.891762885499998,6.286340160655892,5.497185610344103,25,5.925219245450002,6.012763044337995,0.1522247322116411,0.2068332188212173,51.06607675518281
2012-12-21,5.94072647,6.35721327,5.85395788,6.12583152,663280,5.62287716,5.920850565999997,6.293794945412908,5.547906186587086,26,5.920430656650003,6.017197102207094,0.1363450705632621,0.2280062310482732,56.89167861863619
2012-12-24,6.14896987,6.20103051,6.12583152,6.14896987,10931,5.6375638822,5.952220831499997,6.2893750341424886,5.615066628857506,27,5.914279738450002,6.022364661728385,0.1453705489229957,0.2170914281162537,57.72552135197613
2012-12-26,6.14896987,6.33407492,6.14318507,6.20681531,55804,5.651956869956,5.983387720499997,6.29251035263175,5.674265088368244,28,5.9091844300000025,6.029598020484134,0.1278930795726919,0.2152198868222355,59.81806858926533
2012-12-27,6.31093744,6.31093744,6.01014065,6.11426278,52814,5.66606199795688,6.007675563499997,6.274948162545058,5.740402964454936,29,5.904721188750004,6.032918207131815,0.119859460978132,0.2213325227635044,55.117101302472506
2012-12-28,6.10269404,6.41505871,6.07377089,6.32250618,68305,5.679885023397742,6.038154175999997,6.303046599889565,5.77326175211043,30,5.901052829000004,6.0442745982246855,0.1327025091930553,0.229900758280397,62.29672319812053
2012-12-31,6.34564453,6.56545667,6.31093744,6.53653439,96143,5.709291970861832,6.066670081999997,6.406606728643903,5.726733435356092,1,5.898892541450005,6.063578903784502,0.14695800668258,0.2316592205460828,67.96809256960151
2013-01-02,6.7100707,6.7563474,6.54231919,6.72163944,161234,5.760661852810122,6.102752696999998,6.5446313594669006,5.660874034533095,2,5.899792699000004,6.089385199322365,0.1821230943914039,0.2308130626499341,71.90432105366263
2013-01-03,6.75056259,6.90096055,6.64644046,6.87782221,67957,5.840316696585312,6.140453068499997,6.696896513988406,5.584009623011587,3,5.902158037000004,6.120304297780312,0.1932725389676799,0.2325064217463673,74.72637068633554
2013-01-04,6.92988371,6.94145245,6.69271715,6.88939181,62942,5.946381081926781,6.179857629999997,6.824290477076961,5.535424782923034,4,5.904937042300004,6.150464592377162,0.2008830331015332,0.2336656273359125,74.9272783493577
2013-01-07,6.83733031,6.90096055,6.77370094,6.84311512,41234,6.065789646095567,6.217229794999997,6.921695286711085,5.512764303288909,5,5.907402552300003,6.177627358166293,0.196908511297729,0.2260651975262044,72.44657200070662
2013-01-08,6.84311512,7.04557458,6.83733031,7.00508269,94916,6.170869182564099,6.270580220999998,7.040933011241157,5.500227430758838,6,5.910021001400004,6.210076586865655,0.2292021453940021,0.2247922741314756,75.503529353085
2013-01-09,7.05714332,7.05714332,6.81997677,6.98772914,80786,6.293327938205125,6.326440098499997,7.1337906114413645,5.51908958555863,7,5.911813672200003,6.240572765419943,0.2271252922726014,0.2256761509792273,74.54919263352583
2013-01-10,6.99929788,6.99929788,6.73320905,6.85468386,53038,6.415538399292305,6.359887903999998,7.196062604217762,5.5237132037822345,8,5.911846286750003,6.26465555344269,0.19363662680462,0.2285627709092825,67.50448706186246
2013-01-11,6.88360701,6.99929788,6.88360701,6.95302119,23558,6.518195186605536,6.400222557499999,7.268508486739998,5.531936628259999,9,5.914204428350003,6.291650284288075,0.2066463213076703,0.2225664315586195,69.77775315723406
2013-01-14,6.91252929,6.99929788,6.86046866,6.99351308,34763,6.60442688794865,6.454964484499998,7.327903420895631,5.582025548104364,10,5.916327098300003,6.319174315492464,0.2955125663262571,0.2165852021615752,70.68708054580883
2013-01-15,6.92988371,6.9703756,6.85468386,6.90674536,26630,6.6768615170768655,6.507900882499999,7.355224655894531,5.660577109105466,11,5.919247611200003,6.342216317237857,0.3290558134882786,0.2110312034357484,66.09769385830256
2013-01-16,6.86625347,6.93566764,6.82576157,6.9240989,19099,6.737706605544567,6.561986353499998,7.369649462010642,5.754323244989354,12,5.922966534450003,6.365035242052059,0.3158157506442445,0.2038079796189093,66.56524309804956
2013-01-17,6.94723725,6.9645908,6.87840095,6.94723725,35801,6.788816479857436,6.613179569499998,7.38126481548988,5.845094323510116,13,5.927266452550003,6.387866693344135,0.3027457026343897,0.1954066846461301,67.2144887686137
2013-01-18,6.9240989,7.08606561,6.9240989,7.06292813,46843,6.82576157,6.669868089499998,7.393731453720024,5.946004725279972,14,5.932445900400003,6.414339690860051,0.3492908205580921,0.1930181150285494,70.31801393264239
2013-01-22,7.03978978,7.04557458,6.92988371,7.03978978,22541,6.8726162972,6.723085900499998,7.389096543581231,6.057075257418766,15,5.939015049600004,6.438867145336127,0.3117387159519328,0.1887342796693673,68.91296264579438
2013-01-23,7.05714332,7.05714332,6.97615954,6.97615954,16258,6.911037173504001,6.765602301499999,7.380261795592592,6.1509428074074055,16,5.943979622100004,6.459937435322946,0.4349906004302258,0.1810378154072696,65.06284090566031
2013-01-24,6.97615954,7.05714332,6.93566764,6.97615954,18539,7.08606561,6.806961784999999,7.358127481681191,6.255796088318806,17,5.948752598950005,6.480181439427929,0.4300935694941115,0.1767833771638932,65.06284090566032
2013-01-25,7.02822104,7.05714332,6.91252929,7.02822104,22886,7.083057650600001,6.848032071499998,7.332586015616618,6.363478127383377,18,5.955729207550004,6.5016731884699706,0.4745276018236937,0.1744855666521865,66.821773477285
2013-01-28,7.04846655,7.14969585,6.99929788,7.14391191,48640,6.91252929,6.899514527999997,7.265596831022623,6.533432224977372,19,5.963941165100005,6.526859020686834,0.5351063777956501,0.1727650240341731,70.38937449241688
2013-01-29,7.12077356,7.23067963,7.02822104,7.21911089,58577,6.91252929,6.944344763499997,7.22686536932341,6.661824157676583,20,5.971844850950004,6.554006152816762,0.560126042961916,0.1748859930317322,72.46214298168047
2013-01-30,7.19597254,7.26538672,7.14391191,7.25960278,55051,6.9252553036,6.980498182999997,7.2278951858017315,6.733101180198263,21,5.980334187500003,6.581676608784732,0.5586458327133346,0.1710709085294656,73.53636368314436
2013-01-31,7.27117153,7.41578468,7.03400497,7.36372405,111789,6.945663188584001,7.012602413499996,7.282886326808631,6.742318500191361,22,5.989809433500004,6.612345135891213,0.5586273701802063,0.1861215372059323,76.11636481959661
2013-02-01,7.42156949,7.50833808,7.36950885,7.48519973,69251,6.98327290789728,7.042971289499998,7.375237482990726,6.71070509600927,23,6.0000562816000045,6.646574727817048,0.5478582846555171,0.1831567152626514,78.72265292022568
2013-02-04,7.45627658,7.56618351,7.36950885,7.3810776,69640,7.03400497,7.067555578999998,7.422702194232653,6.712408963767342,24,6.010247822100005,6.6753787620203004,0.4407758648049895,0.1841222827438906,71.51856246502554
2013-02-05,7.40421594,7.51990682,7.3810776,7.41578468,76624,7.0978663948,7.096189056999998,7.466361464792819,6.726016649207177,25,6.021215052800004,6.704414288215583,0.3822517103368377,0.1808870639764699,72.42442789022256
2013-02-06,7.37529366,7.4331391,7.23067963,7.29430987,39101,7.154064448623999,7.110650415999997,7.487984995864942,6.733315836135052,26,6.030863270850005,6.72754744828556,0.3271718248775217,0.1824279501210077,64.67147125999236
2013-02-07,7.28852507,7.35215531,7.20175648,7.23646444,37378,7.56618351,7.123087180999997,7.499792103154592,6.7463822588454025,27,6.039811702650004,6.747504977372401,0.2826785039163685,0.18014015582665,61.30594942428519
2013-02-08,7.28274027,7.51990682,7.28274027,7.3405857,43886,7.5588949694,7.147382272999996,7.514259152897164,6.780505393102828,28,6.0496912998500045,6.770763044926425,0.2652538009767005,0.1875188861247465,64.85163220515224
2013-02-11,7.34012323,7.3458499,7.19018774,7.23067963,54553,7.551752199612,7.161265194999997,7.518560796329878,6.803969593670115,29,6.058747659250005,6.7887989894391145,0.2221799293675067,0.1852434056872646,58.73363198720701
2013-02-12,7.31744822,7.34637051,7.23067963,7.33480177,27047,7.53728962122752,7.178329629499997,7.534546138361676,6.822113120638318,30,6.067530878950004,6.8102108631866,0.2127214981789601,0.1802753681381743,62.35674466583065
2013-02-13,7.36372405,7.36921905,7.1728342,7.28274027,60049,7.523405545978419,7.197129374999998,7.533143054400185,6.8611156955998105,1,6.075150556950003,6.828741428159675,0.2156322820992026,0.181426045414019,59.54182496629456
2013-02-14,7.27117153,7.36950885,7.21564018,7.34637051,20186,7.502371265219714,7.218242955499997,7.535524399705967,6.900961511294028,2,6.083115754000004,6.849040607839688,0.2143508370694979,0.1794576614558747,61.81092322621682
2013-02-15,7.3926472,7.39843114,7.30009381,7.31166342,60604,7.482599041306531,7.236464263999997,7.530396413753045,6.942532114246949,3,6.091427462650004,6.867182678904798,0.1382184041887413,0.1736633520661694,59.83952449951353
2013-02-19,7.36372405,7.3926472,7.31166342,7.36950885,34057,7.464013150828139,7.251793299999997,7.539844347024063,6.963742252975932,4,6.100083138300004,6.886881744437943,0.1201583946558071,0.1670433826328715,62.01406545714074
2013-02-20,7.35215531,7.36372405,7.10342002,7.10920395,73585,7.446542413778451,7.255264008499997,7.534553228610474,6.975974788389521,5,6.107437289450004,6.895600262303121,0.0232004260978055,0.1741180574448093,49.12387495014044
2013-02-21,7.11498876,7.16704939,7.08606561,7.08606561,25864,7.419092622276175,7.260759311999996,7.521580004759309,6.999938619240683,6,6.114922084400004,6.903069491624568,0.0134428613304649,0.1674656090558943,48.16549071701231
2013-02-22,7.15548065,7.57775225,7.12077356,7.55461391,201981,7.08606561,7.289682030499996,7.546103632745865,7.033260428254128,7,6.125087331150004,6.928620253129487,0.1690094411363697,0.1906242541233304,63.6365231280754
2013-02-25,7.57775225,7.809134,7.51990682,7.54882997,172757,7.08606561,7.3157124769999955,7.566313479626096,7.065111474373895,8,6.135082947650004,6.952942202810683,0.0367822146548987,0.1976673202573782,63.38502136056263
2013-02-26,7.55461391,7.74550376,7.55461391,7.69922793,48359,7.1149883456000005,7.343478277999995,7.6319758295844675,7.054980726415522,9,6.145577272450003,6.982208309759284,0.0218784865599243,0.1975963538104226,67.03348851265622
2013-02-27,7.68765832,7.90747133,7.67608958,7.8496259,57662,7.142754171776001,7.375004028499996,7.73193396434658,7.018074092653412,10,6.157499004450004,7.016224685847155,0.0046832969457829,0.2000095963953924,70.2282652183452
2013-02-28,7.87270611,7.95374803,7.82648755,7.95374803,35329,7.18863720126944,7.409711290999995,7.842037599528487,6.977384982471504,11,6.170391626750004,7.052990307186483,-0.0062185616463664,0.1948132309385787,72.23440096715731
2013-03-01,7.95374803,7.95374803,7.83805716,7.95374803,32072,7.249846067567885,7.439212489999996,7.931347617262358,6.947077362737633,12,6.182242979250004,7.088314139453679,-0.0463198179281503,0.1891616337286802,72.23440096715731
2013-03-04,7.87276424,7.88433298,7.72236628,7.809134,52714,7.306158224562455,7.455409203499997,7.973186248989856,6.937632158010137,13,6.1940185393500045,7.116581584965299,-0.0816036997793679,0.1921773563194887,65.1616994579513
2013-03-05,7.86697944,7.86697944,7.70501187,7.76285731,36344,7.357965408997458,7.474498188999997,8.00782298830044,6.941173389699554,14,6.205731570350004,7.141925731045092,-0.0409818514304234,0.1900195144395252,63.03474686664534
2013-03-06,7.76285731,7.98267031,7.71658148,7.98267031,54845,7.405628018677661,7.502842470499997,8.07919312249783,6.926491818502163,15,6.218318524400003,7.174896106690382,0.0379866839826341,0.195453036979559,68.3237616249965
2013-03-07,7.95953197,8.17356017,7.90747133,8.15620663,32684,7.463332247809895,7.5459373084999966,8.17952328506432,6.912351331935673,16,6.232476725400004,7.213378872310368,0.0751549000411289,0.2004984514810191,71.75918321772944
2013-03-08,8.37023483,8.51484799,8.25454396,8.50327925,116192,7.548559598472707,7.609278048999997,8.350580294642132,6.8679758033578615,17,6.248707998150003,7.263963200847216,0.1719232010743964,0.2117943735180892,77.10687303977676
2013-03-11,8.50906405,8.53220153,8.38180357,8.52063279,114080,7.683839973286528,7.668280403499996,8.49730289122536,6.839257915774634,18,6.264603902800003,7.313244361206149,0.2534967462515092,0.2074089154096542,77.3379415275529
2013-03-12,8.50327925,8.5264176,8.43386507,8.43964901,99434,7.819577822360683,7.728728872499997,8.596695020204928,6.860762724795066,19,6.280235599050003,7.357417092531397,0.200237266106394,0.1992048878803932,73.60429329084576
2013-03-13,8.41651153,8.53220153,8.41651153,8.50906405,203133,7.933597615582974,7.787441986499997,8.698663803606793,6.8762201693932,20,6.296270658100003,7.40257971831448,0.2426575083478611,0.1932395387460794,74.73039957641639
2013-03-14,8.53220153,8.53220153,8.37023483,8.43386507,45955,8.029374241889698,7.844998226499996,8.766791106147249,6.923205346852744,21,6.3117045803500025,7.4430222811256765,0.2337035614388688,0.1910057645499309,71.18723544454856
2013-03-15,8.44543381,8.51484799,8.20248332,8.4859257,157443,8.109826607987346,7.9019759859999965,8.834257026235628,6.969694945764365,22,6.327258091000002,7.483920454414866,0.283304874180057,0.1996742577963644,72.17096182036084
2013-03-18,8.39337318,8.62475493,8.39337318,8.59004784,284584,8.177406595509371,7.965895206999997,8.902805053712964,7.028985360287032,23,6.342797505550002,7.527297998947616,0.3802133527122247,0.2019390786680527,74.07725102887652
2013-03-19,8.59004784,8.59583177,8.31238939,8.38180357,116742,8.20248332,8.016509942999997,8.928109235883571,7.104910650116423,24,6.357351986350002,7.560808021341828,0.3263860644689498,0.2077607430489061,64.55317490729125
2013-03-20,8.39337318,8.67681556,8.39337318,8.67681556,251413,8.278492209800001,8.094890523499997,8.948704951680618,7.241076095319375,25,6.373409666650002,7.604573022857834,0.4496282210024696,0.2139929749739841,70.3659139724061
2013-03-21,8.60740138,8.67681556,8.44543381,8.67681556,229900,8.31238939,8.174428020999997,8.928003519630764,7.42085252236923,26,6.389382919800003,7.646621749804586,0.5196154400643836,0.2152350303329852,70.3659139724061
2013-03-22,8.67103075,8.90819731,8.66524682,8.9024125,190316,8.385274624,8.241817950499996,9.002652226567195,7.480983674432798,27,6.406821870550004,7.695868445890681,0.5220971088036539,0.2172147060234863,74.12851180449557
2013-03-25,8.88505896,9.01810338,8.72887619,8.9949659,79585,8.44543381,8.314124746999997,9.072646732773569,7.555602761226428,28,6.424442163000004,7.746813444091046,0.635418211552159,0.2223584548789516,75.50273633434045
2013-03-26,9.02388818,9.1627174,8.89952053,9.1511478,239239,8.559967724,8.386720740499998,9.173344404619144,7.600097076380851,29,6.442505652050003,7.801885379616888,0.665053966567609,0.225275484530455,77.6592718594556
2013-03-27,9.13379425,9.2032093,9.03545692,9.1511478,230634,8.6805176592,8.451796835499998,9.26482375308096,7.638769917919035,30,6.460484713900004,7.854797631396617,0.6433890243955658,0.2211666913497082,77.6592718594556
2013-03-28,9.18585575,9.46351333,9.12801032,9.35360726,314944,8.78505598736,8.521789796999999,9.39038555792013,7.653194036079867,1,6.479644927400004,7.913574479577142,0.6063941191289688,0.2293335712533004,80.27043119126358
2013-04-01,9.31890017,9.4473164,9.06438007,9.18585575,151988,8.920747455888,8.583395182999999,9.456859624020344,7.709930741979653,2,6.498810659250004,7.96346786273098,0.5529832017630332,0.2403051968780647,72.68952808231701
2013-04-02,9.24370119,9.33625371,9.13379425,9.1569326,181899,9.0293006307104,8.650785113,9.481849176057144,7.819721049942855,3,6.517353351900003,8.010270401447412,0.4841554106392591,0.2376019299582029,71.4368159759133
2013-04-03,9.14536386,9.14536386,8.76936808,8.87927502,181677,9.46351333,8.706605998499999,9.435277366624987,7.977934630375009,4,6.534986180100003,8.044349013939671,0.4428194301691684,0.2483135435326169,60.63384599802082
2013-04-04,8.65946201,9.18007095,8.65946201,9.12801032,98479,9.449630425,8.763872999,9.433607027968922,8.094138970031079,5,6.553243550850004,8.086845535745958,0.4442097526292859,0.2677632147088585,65.64586461755536
2013-04-05,8.9486892,9.13957906,8.9486892,9.09330236,77782,9.418023688399998,8.8107277855,9.43331532397332,8.188140247026677,6,6.571411808950004,8.126314430814745,0.4417183400396686,0.2622722608010829,64.4134896604233
2013-04-08,9.1627174,9.22056284,9.01810338,9.18007095,375412,9.387681221263998,8.844567370499998,9.470197234914096,8.2189375060859,7,6.590295335300004,8.167638215880833,0.4430649194564814,0.2579999178867199,66.12557556511427
2013-04-09,9.18007095,9.22056284,8.93711959,8.93711959,111593,9.358552452813438,8.865391710499999,9.474000431172898,8.2567829898271,8,6.606810259850005,8.197813956042369,0.3859108202433255,0.2598172987519541,57.74799627872239
2013-04-10,8.98339629,9.14536386,8.72887619,9.08173362,129953,9.3305888351009,8.897495940999999,9.480068892114732,8.314922989885266,9,6.624132681750004,8.232477472276,0.4312128578814573,0.271008039555386,60.92166039903953
2013-04-11,9.07016488,9.13379425,8.9429044,9.04124173,111645,9.303743762096865,8.924104824999997,9.481344285305536,8.366865364694458,10,6.642575343500004,8.264193717676942,0.4090158843110891,0.2652853117300013,59.572383964096296
2013-04-12,9.05859527,9.05859527,8.89084376,8.96025794,112959,9.27797249201299,8.950424468499998,9.460266922258098,8.440582014741898,11,6.658896394950005,8.291490353846473,0.3988084517092844,0.2583186116064298,56.86000224127125
2013-04-15,8.85035187,8.95221804,8.61897012,8.6941691,168737,9.253232072732471,8.960836638499998,9.439884878353809,8.48178839864619,12,6.674365425600005,8.307281677225044,0.3368831980701871,0.2642449836345419,48.97043726730188
2013-04-16,8.76358415,8.93422762,8.67103075,8.87927502,129317,9.215176355568524,8.975297997499998,9.42528053648829,8.525315458511708,13,6.690872552600005,8.329712788706415,0.3163375875125827,0.2641701183749318,53.77547671263045
2013-04-17,8.80407517,8.82721352,8.55533988,8.734661,145611,9.179403981434412,8.992940868999998,9.37026474520415,8.615616992795847,14,6.705896760800004,8.345593110717928,0.3439207516914475,0.2684390484910081,49.82796830553943
2013-04-18,8.6883843,8.71152265,8.30082065,8.38180357,78682,9.12947885331966,8.9781902695,9.421150430529034,8.535230108470968,15,6.717749555350005,8.34701312872899,0.27217384506409,0.2802534271702216,41.770757960715294
2013-04-19,8.37601963,8.72887619,8.14463789,8.26032876,234937,9.046613032987691,8.9573659295,9.48592886612366,8.42880299287634,16,6.727137569750004,8.343613741720011,0.1606282254956056,0.3019666323723486,39.40826521020146
2013-04-22,8.19091371,8.36445003,8.19091371,8.29503585,224197,8.93837601582917,8.926997097,9.529344143960474,8.324650050039525,17,6.736108125200006,8.341708726358442,0.118650269025992,0.2927930386314665,40.444684095920906
2013-04-23,8.36445003,8.67103075,8.33552774,8.53798634,128616,8.84312744072967,8.904148119,9.528708431520236,8.279587806479764,18,6.746434147850006,8.349405887677719,0.1052152749524371,0.2987360287292189,47.246952238733016
2013-04-24,8.56690949,8.75201454,8.42229546,8.4801409,303703,8.75930869464211,8.870597774,9.510385033365909,8.230810514634092,19,6.756667941450005,8.354532750906044,-0.0156429113997492,0.3009491038199889,45.90261967253359
2013-04-25,8.50327925,8.78672163,8.4801409,8.67103075,252901,8.14463789,8.846591921499998,9.478451359528735,8.21473248347126,20,6.768222036750005,8.366944437145023,-0.0227837108911911,0.3013513628328468,50.87052629078716
2013-04-26,8.90819731,9.34203245,8.90819731,9.19742449,798719,8.157479564800001,8.838782782999997,9.448869831197868,8.228695734802127,21,6.783674516700006,8.39951228235502,0.0193974024515247,0.3277549583447863,61.39791224373795
2013-04-29,9.39988396,9.8337243,9.22634678,9.77009406,560350,8.204861680208001,8.867994698499999,9.58783431424716,8.148155082752838,22,6.802553190900005,8.453260587360706,0.1307119491422975,0.3497938763201588,69.14419561369414
2013-04-30,9.8337243,10.0014706,9.78166367,9.88578493,614947,8.30259343739552,8.904437315,9.743090511555176,8.065784118444823,23,6.821250474950006,8.509438012562248,0.141323853853289,0.3413354951544331,70.43494219259358
2013-05-01,9.84529304,9.84529304,9.65445525,9.78166367,311684,8.43850361040388,8.949556747499999,9.870954988598353,8.028158506401645,24,6.839539719400006,8.559329214814708,0.1737031092638941,0.3334779369291164,67.69048326279604
2013-05-02,9.8337243,10.33119489,9.8337243,10.22128882,547368,8.56354096957157,9.004220672499999,10.078517417934393,7.929923927065604,25,6.859689380950005,8.624504101292564,0.2011525271078521,0.3489103142913224,72.55328672155528
2013-05-03,10.31962614,10.35432716,10.03618897,10.22706755,454872,8.740306361614412,9.060908932,10.260385088471262,7.861432775528739,26,6.880346359600005,8.687349726732071,0.1968462919266853,0.3467123054133708,72.61163887091229
2013-05-06,10.19236566,10.30806261,10.05353731,10.20393527,401295,8.933988857420683,9.112102148,10.410840764139108,7.813363531860892,27,6.9005218243500055,8.746823669605323,0.1698130210889135,0.3401275193124158,71.95218981850661
2013-05-07,10.19236566,10.30806261,10.19236566,10.30806261,159779,9.104429453730202,9.180649299,10.576309591342946,7.784989006657051,28,6.921020927700006,8.80804872609139,0.2146472961899326,0.324096764361529,73.13494213392201
2013-05-08,10.33744095,10.37857924,10.2434048,10.31981039,176969,9.254417178482578,9.2425531375,10.722458555652729,7.762647719347271,29,6.941888339050006,8.86733349722506,0.2015928286860634,0.3106023126214198,73.27188483676102
2013-05-09,10.21402698,10.37857924,10.1964017,10.34332427,63058,9.411799867095016,9.3076572645,10.859237110315007,7.756077418684992,30,6.963520597550006,8.925215488314272,0.209271444841956,0.3014291145770328,73.56237188938508
2013-05-10,10.46085581,10.59014693,10.41384037,10.59014693,177009,9.547148979301712,9.389151714,11.02794801831375,7.750355409686247,-1,6.988356946400005,8.990506917399987,0.2401308512193273,0.2975286535358161,76.45505903878511
2013-05-13,10.59014693,10.63716854,10.43147182,10.61365465,206845,9.71402865141344,9.4851259915,11.17393930284254,7.796312680157459,-1,7.014323964100006,9.054159769658812,0.2808265318375054,0.2909692297118291,76.71635941081027
2013-05-14,10.63716854,10.66654106,10.61365465,10.66067009,337756,9.88019383135902,9.574195745,11.31296727173479,7.835424218265212,-1,7.040863767650007,9.117160174378077,0.3016888532008288,0.273963314018127,77.25992137980441
2013-05-15,10.62540895,10.72531609,10.62540895,10.70768464,95719,10.037463277087216,9.672846927,11.433640468772836,7.912053385227164,-1,7.067751214900005,9.179533682833837,0.3066672105614175,0.2615307301596893,77.81759896738154
2013-05-16,10.66067009,10.67535635,10.33156469,10.3726968,247216,10.175033839669773,9.7723915885,11.45327133352436,8.091511843475644,-1,7.092794868600005,9.22632439331094,0.276166435827286,0.2697156744339972,65.49312516954123
2013-05-17,10.41971752,10.54900953,10.34332427,10.51374751,91792,10.285090289735818,9.885062526000002,11.443020380887887,8.327104671112115,-1,7.118684486400006,9.276811574357572,0.3154436729234013,0.2651420734029973,67.80522643557556
2013-05-20,10.57252254,10.67830065,10.44322524,10.61365465,95939,10.33156469,10.000993466,11.405986375861993,8.596000556138009,-1,7.145270638050006,9.329236793010216,0.3218802402851628,0.2629944545884976,69.37069482137565
2013-05-21,10.58426449,10.64303952,10.50787124,10.60189506,50294,10.34332427,10.104188902,11.359396637678271,8.84898116632173,-1,7.171460283050005,9.37914496034315,0.324952719261504,0.253864013546462,68.94573616847877
2013-05-22,10.59602408,10.69005407,10.36094867,10.38445639,163853,10.72531609,10.1994046765,11.213054455890289,9.185754897109712,-1,7.197294439650006,9.418568937976753,0.3425376966107809,0.2592383982931432,61.44988441869631
2013-05-23,10.33156469,10.54900953,9.93192996,10.27867827,138632,10.7180287416,10.2797870525,11.011710585703256,9.547863519296744,-1,7.221952427900005,9.452298715703153,0.3415326031781173,0.2847984819864901,58.1384167396365
2013-05-24,10.25516527,10.28454925,10.06122726,10.28454925,102668,10.69005407,10.3341432905,10.872284952503051,9.796001628496947,1,7.246442772900004,9.484935991557933,0.3563661276944973,0.280407303987455,58.27282250543577
2013-05-28,10.30217982,10.57252254,10.30217982,10.51961849,305294,10.6597291056,10.371619512,10.84830440027737,9.894934623722632,2,7.271995893150005,9.52551177581056,0.3213158402422474,0.2809477315597797,63.347164286803896
2013-05-29,10.47848638,10.49611695,10.36682582,10.39620981,81131,10.630617139776,10.397140756,10.818492195381076,9.975789316618926,3,7.297128968150004,9.559656796759166,0.3592385401322982,0.2717937985912239,59.27200216126218
2013-05-30,10.3080508,10.66654106,10.3080508,10.65479294,182669,9.93192996,10.4407972195,10.768559342316244,10.113035096683756,4,7.323357960650005,9.602603312180374,0.3869834841743042,0.277986402977565,64.43476898999121
2013-05-31,10.57839352,10.57839352,10.33744095,10.36094867,97772,9.946622182,10.447780212,10.762218331663176,10.133342092336823,5,7.348117731800005,9.63234234582036,0.3290815950195843,0.2807982306220247,55.781480058085606
2013-06-03,10.46085581,10.60189506,10.31686608,10.5666401,218247,9.96102055956,10.4647588395,10.766090807090256,10.163426871909744,6,7.374187385400005,9.668981473435249,0.3736211381634871,0.2811004270061658,59.84654513253981
2013-06-04,10.55489197,10.62540895,10.21402698,10.21402698,238894,9.9751309695688,10.465263425,10.764875578388386,10.165651271611614,7,7.398831686300005,9.690355807026023,0.2958965805991337,0.2904062515057254,51.16318478474727
2013-06-05,9.43827759,10.29042023,9.43827759,10.23753382,106353,10.66654106,10.4617369855,10.770196763602756,10.153277207397243,8,7.423368379450004,9.71181376831912,0.2799063939340282,0.3305302792553165,51.66665761149989
2013-06-06,10.26691868,10.33744095,10.18464211,10.33156469,45965,10.6419757906,10.4623247005,10.76974361122705,10.15490578977295,9,7.448262656000004,9.736117726032097,0.2982873165952543,0.3178351764513653,53.72190933154128
2013-06-07,10.40208696,10.40208696,10.14349854,10.28454925,106665,10.617901826588,10.4593859495,10.772372280369297,10.146399618630705,10,7.472978142950004,9.757624844619071,0.2847109667753688,0.3136032652762678,52.519388560425256
2013-06-10,10.27279583,10.69593122,10.27279583,10.6724235,172722,9.43827759,10.463499778,10.78529173214385,10.141707823856148,11,7.499633001150004,9.793499301692831,0.2774994090265841,0.3214269884708201,60.3956354924337
2013-06-11,10.54900953,10.76057722,10.4726154,10.70181366,123165,9.4634306626,10.467907728499998,10.800054903401564,10.135760553598434,12,7.526547381100004,9.82911947260684,0.2563732753865665,0.3190366192943329,60.92457068492251
2013-06-12,10.74881764,10.74881764,10.59014693,10.71944423,115848,9.515316524896,10.4708464355,10.8107138486406,10.130979022359398,13,7.553690624450004,9.864034168975198,0.2085749201688205,0.3075819114875949,61.25882825597333
2013-06-13,10.69005407,10.8663668,10.66654106,10.86048436,143669,9.56512695270016,10.478486421499998,10.845121739479964,10.111851103520031,14,7.581961204250003,9.903110647054602,0.2309431172760152,0.2998850420956239,63.91790156827786
2013-06-14,10.87223778,10.87223778,10.72531609,10.81346276,88109,9.64320134353815,10.500524719499998,10.891270481783971,10.109778957216022,15,7.609321258750004,9.938810729915206,0.3217478814155052,0.2889590883745079,62.38064344762817
2013-06-17,10.85460721,10.9310128,10.75470007,10.87810876,93982,9.7415242584551,10.518742782,10.942810739558896,10.094674824441102,16,7.636610547000004,9.975645946781276,0.31297437652478,0.2809129199191859,63.67415108736557
2013-06-18,10.87223778,11.06030393,10.83697664,11.06030393,126092,9.86047311260959,10.541075245999997,11.025528256829933,10.05662223517006,17,7.663966535200005,10.018181553966324,0.3401697484695299,0.2767996606392441,67.10690205620497
2013-06-19,11.02503133,11.07205206,10.87810876,10.90162265,140253,10.00445281069644,10.556061625499998,11.065036506580803,10.047086744419191,18,7.689234561450004,10.05282630283039,0.2841088522777752,0.2708813491650124,61.64322066415334
2013-06-20,10.70181366,10.70181366,10.10236554,10.20227268,173400,11.07205206,10.546952439999997,11.07408351739054,10.019821362609452,19,7.711568688450003,10.058686945072337,0.2920089431694894,0.3086224749389402,44.46180872339769
2013-06-21,10.23165755,10.53724906,10.0964831,10.51961849,749720,11.07205206,10.558999450999996,11.071875531317046,10.046123370682947,20,7.735714682200004,10.076762691932243,0.4368044499980786,0.3180612953004445,51.11961344089576
2013-06-24,10.38445639,10.4726154,10.26691868,10.33156469,160227,11.0330293016,10.561350222999998,11.06958294605286,10.053117499947136,21,7.758667125450004,10.086754927150588,0.3828229679232142,0.3133926177789842,47.48677546047679
2013-06-25,10.42559996,10.70181366,10.42559996,10.64891579,159099,10.995567453536,10.567815087999998,11.077048395100846,10.05858178089915,22,7.783459605700004,10.108800451183896,0.373292531563678,0.3174537857947709,53.49321811189749
2013-06-26,10.73118707,10.73118707,10.34332427,10.35507152,130883,10.95960407939456,10.565758173499995,11.078070508242636,10.05344583875736,23,7.806557726900004,10.118458140157076,0.3444600307841143,0.3224830010951445,48.01671889192722
2013-06-27,10.43147182,10.44910239,10.34919525,10.42559996,114741,10.925079240218778,10.554298524499998,11.068382234747393,10.040214814252604,24,7.8299240631500036,10.130502917405815,0.3182815535860328,0.3065847253026342,49.35687844524786
2013-06-28,10.34332427,10.6724235,10.33156469,10.60189506,784800,10.891935394610028,10.566345844,11.0729795995913,10.059712088408697,25,7.853637163900004,10.14898888378206,0.3984386426880628,0.3090328742095889,52.64338227322448
2013-07-01,10.60189506,11.0426619,10.53961156,11.0015289,130296,10.0964831,10.588090284,11.129073944334896,10.047106623665105,26,7.878476018350004,10.182421825594528,0.3932589050405747,0.3228912646231897,59.11978110732735
2013-07-02,10.98389834,11.11319034,10.8839912,11.10143604,224676,10.115406676,10.632460737,11.188795595077906,10.076125878922092,27,7.903758120950004,10.218461598708467,0.507922256051345,0.3161989700072475,60.57149867680271
2013-07-03,11.08968262,11.18371261,11.04854434,11.18371261,61367,10.15531802256,10.679769676499998,11.254346218684816,10.10519313431518,28,7.928157050850005,10.25631457954343,0.5055987478927216,0.3032682057210156,61.775360529801056
2013-07-05,11.22485707,11.32475803,11.13082091,11.31300462,123494,10.217021697806402,10.728841672999998,11.34240007745416,10.115283268545836,29,7.9530617302500035,10.297753404659376,0.5124546969101964,0.2954588424552287,63.6534232387219
2013-07-08,11.33650616,11.53632573,11.33650616,11.49518744,140768,10.305640604381887,10.789373582499998,11.452529282843546,10.12621788215645,30,7.978961750950004,10.344711602123713,0.5265124887420869,0.2903061472798552,66.17528487777133
2013-07-09,11.5539563,11.60684888,11.37177876,11.46579729,271173,10.4287091169437,10.829042271999995,11.551714677205704,10.10636986679429,1,8.004883675200004,10.388675746746312,0.4624991799254493,0.2863607167598656,65.38709859137879
2013-07-10,11.52463666,11.54220288,11.45815708,11.48931118,90955,10.570085888510455,10.868417147999995,11.643018635242171,10.093815660757825,2,8.030726170800005,10.431837920599396,0.442237325465324,0.271909651277018,65.7386949106093
2013-07-11,11.60684888,11.69499555,11.43054232,11.65974058,194234,10.6944974474892,10.915431965499996,11.759212660068531,10.07165127093146,3,8.057280098650004,10.479990966066088,0.4507272288755169,0.271377049757231,68.25566075701016
2013-07-12,11.64799246,11.75377057,11.57158686,11.71262612,311180,10.834567181840711,10.958039053499997,11.869743095861793,10.0463350111382,4,8.083000896800003,10.528329599553691,0.4413381449441776,0.2650060969174287,69.01630868912238
2013-07-15,11.6832483,12.24155196,11.6186023,12.18866555,283779,10.981639723946198,11.026799192999995,12.08083917685818,9.972759209141817,5,8.110116905650004,10.593440813296686,0.4708164940857006,0.2905734942804697,74.85657335525107
2013-07-16,12.13576239,12.23861383,11.86543113,11.89482129,323890,11.208423926435882,11.077634819499997,12.194296785847964,9.960972853152027,6,8.135369696950004,10.644475341794855,0.3816369863643797,0.2964741518318648,66.52131329023993
2013-07-17,11.9477077,12.05348582,11.71262612,12.00647038,204114,11.394386972477424,11.124943141999998,12.312574678007968,9.937311605992027,7,8.160223886850003,10.697886911920548,0.3799479692759049,0.2996445481295889,67.98022865289067
2013-07-18,12.08875929,12.38260356,12.02116899,12.35321252,143556,11.546876670231487,11.197522635499997,12.49411519230838,9.900930078691614,8,8.187346494250002,10.762801641649151,0.4270964817499815,0.3051080218346182,72.05335173673168
2013-07-19,12.51188322,12.85274821,12.27093683,12.52952525,191211,11.71262612,11.313885263999998,12.64944990539612,9.978320622603874,9,8.215266238150003,10.83208492040801,0.4451917149815899,0.3248725474178598,73.87328649273701
2013-07-22,12.92914763,12.92914763,12.5530268,12.65293393,338434,11.940650538,11.420551035999996,12.824353332624929,10.016748739375066,10,8.243915596400003,10.90349076392142,0.2934004627152715,0.3302118211737269,75.09577783565639
2013-07-23,12.69407839,12.75284107,12.61180182,12.63530337,126009,12.1383499564,11.535737969999996,12.941275291876924,10.130200648123068,11,8.272110949400004,10.97140498376764,0.2900752831109202,0.3166994946613178,74.55903485912872
2013-07-24,12.70582564,12.92327665,12.58828793,12.75284107,231415,12.296509491119998,11.640934233999996,13.079769673780664,10.202098794219328,12,8.300922134700002,11.041265222443418,0.2622077999043891,0.3180058678997951,75.80082219165718
2013-07-25,12.75872351,12.97029209,12.70001372,12.93501861,221562,12.423037118895998,11.769931588499997,13.18694550638754,10.352917670612454,13,8.330334638600004,11.115530061171128,0.320481086674523,0.3145967609069526,77.62388121609459
2013-07-26,13.07019834,14.10452469,13.05256777,13.56385159,356944,12.532488113116798,11.92684417,13.407258469928962,10.446429870071036,14,8.362891307400002,11.211542670144809,0.2892746984829603,0.3756617122707416,82.51924936300202
2013-07-29,13.8165514,14.11333997,13.76953597,14.10452469,656495,12.70001372,12.101975651499998,13.734857403741785,10.469093899258212,15,8.398629765100003,11.324992945433248,0.3324948145512239,0.3880779028228315,85.46389357311759
2013-07-30,14.10452469,14.19267224,13.98110454,14.16329971,449948,12.98267897,12.260064191999998,14.04162239607512,10.478505987924876,16,8.435309375700003,11.436299093063315,0.3546864534443684,0.3754700311926292,85.7450075558827
2013-07-31,14.18092411,14.51590666,14.10511796,14.47476837,266365,13.224677624,12.4287308085,14.371063170561088,10.486398446438912,17,8.474362461650003,11.555454750982404,0.3540040819474565,0.3779927932502986,87.16191315246061
2013-08-01,14.60993665,14.72159808,14.54535588,14.63932151,220009,13.4829234312,12.601511253499998,14.680109546341768,10.522912960658228,18,8.514182029950002,11.676390702316429,0.3339993451810785,0.368624001589563,87.8490760911967
2013-08-02,14.73991507,14.78133604,14.39671317,14.4322166,142689,13.73065836096,12.7574718525,14.893243978329153,10.621699726670847,19,8.552825358950004,11.784462306147155,0.2892180733769101,0.3697667779045942,81.90685796314143
2013-08-05,14.44996832,14.47364378,13.68072346,14.21919513,350384,14.78133604,12.893672237,15.0374947564512,10.749849717548797,20,8.589953300950002,11.87994202472962,0.285883005726362,0.3999920309114089,76.19771393972712
2013-08-06,14.14226452,14.68074239,14.14226452,14.63932675,125991,14.78133604,13.05234871,15.21959550385358,10.885101916146418,21,8.629266328250003,11.988153190426496,0.3245836620663803,0.4098838765605941,79.26713659284125
2013-08-07,14.62157504,14.69257657,14.37303859,14.37303859,81649,14.7593237884,13.1965350805,15.31172465013814,11.081345510861857,22,8.666741351750003,12.08167810805683,0.3140270857337712,0.4034305982348373,72.85437856224434
2013-08-08,14.44996832,14.44996832,14.2310302,14.23694684,58217,14.737751781832,13.3253953935,15.362979956885743,11.287810830114251,23,8.703648483200004,12.166198450485972,0.2835769352170557,0.3902525640752062,69.74872792223887
2013-08-09,14.11860148,14.51505853,14.11860148,14.24287059,323855,14.71661121539536,13.451907617,15.384749225486717,11.519066008513285,24,8.741345082150003,12.24763657360417,0.2256842189220455,0.3906957416412628,69.8090565202869
2013-08-12,14.17778037,14.76950718,14.17778037,14.67482486,183537,13.68072346,13.5762155825,15.487763650173946,11.664667514826055,25,8.781876874000003,12.342820427972637,0.2080369269380279,0.4050551036668868,73.8969256601693
2013-08-13,14.71032829,14.79317022,14.54464532,14.59790046,123039,13.7024991344,13.711369541,15.507003214511236,11.915735867488763,26,8.822418040100004,12.43125493903253,0.258991773994324,0.3938743748335377,72.02657056938425
2013-08-14,14.50321814,14.60381178,14.44405167,14.56831368,161562,13.746125977824,13.839461706,15.489978079789562,12.188945332210436,27,8.862895699450004,12.51506116416851,0.2490986697800964,0.3771519273454278,71.27929742643383
2013-08-15,14.39671317,14.57423121,14.21919513,14.25469856,111716,13.78800774751104,13.934536007999998,15.444749505804644,12.424322510195353,28,8.902002281350002,12.583282238514842,0.2063854757118124,0.3755722239636117,63.731429838611575
2013-08-16,14.17778037,14.20144341,13.86415283,14.11860148,138309,13.828214246410598,14.0139898195,15.38053954412798,12.647440094872024,29,8.940569088400002,12.643490836220142,0.2283491063577963,0.3766417601090679,60.72622786561767
2013-08-19,14.07126387,14.44996832,14.07126387,14.14226452,135734,13.86415283,14.088456349,15.304216747560046,12.872695950439956,30,8.979425319200002,12.702266274799744,0.2552421275750782,0.3767890951012774,61.06995304282648
2013-08-20,14.13043655,14.46180338,14.13043655,14.40855356,154008,13.86415283,14.1771188585,15.199269000683802,13.154968716316198,1,9.020004737250003,12.769179501670342,0.2956075223300111,0.3735446475940432,64.80314269585973
2013-08-21,14.38487899,14.55884669,14.22510645,14.30794838,94394,13.9013135256,14.254874224,15.04120567745113,13.46854277054887,2,9.060672123750004,12.829523379251896,0.2949270519596521,0.37070147562304,62.369703283601375
2013-08-22,14.37303859,14.48843096,14.07717519,14.26653363,136350,13.936987793376002,14.321449974999998,14.82365635905929,13.819243590940706,3,9.100541442150003,12.88587672241849,0.2599514567891285,0.3735982109356801,61.34841765573296
2013-08-23,14.27836781,14.63340389,14.04463541,14.49139549,86300,13.97123509044096,14.367827169999998,14.734696504161958,14.000957835838038,4,9.143111054850005,12.948838242715803,0.2911961863333733,0.3889675158688458,64.72577107633182
2013-08-26,14.50321814,14.60973464,14.32571163,14.47364378,137400,14.004112495623325,14.3862831245,14.735001364799816,14.037564884200185,5,9.185114047050002,13.008634538295576,0.1573606556584669,0.3814714797353567,64.24848234177972
2013-08-27,14.30794838,14.42629995,13.46776146,14.1067673,225694,14.79317022,14.383456504,14.740183220948524,14.026729787051476,6,9.225873085550004,13.051698568166335,0.0915059163504914,0.426072254039974,55.190479050029325
2013-08-28,14.05351215,14.07717519,13.78131178,13.82865561,115389,14.7666620448,14.351150865999998,14.77890379541244,13.923397936587556,7,9.265522990900005,13.082167471767658,0.0021177552126407,0.4188853444656902,49.49400344345719
2013-08-29,13.74581368,14.14226452,13.63337964,14.13043655,100127,14.740684033104,14.325706617999998,14.742260849091704,13.909152386908293,8,9.306794371900002,13.123276063070888,0.0292862766140663,0.4253138827181409,54.93008611357559
2013-08-30,14.07126387,14.07126387,13.11266591,13.24284634,136100,14.71522558164192,14.266238105,14.89203344883662,13.64044276116338,9,9.343712229050004,13.127965093538696,0.035127397211421,0.467632222523988,40.96457244721186
2013-09-03,13.40852931,14.14818826,13.33751623,13.83457314,92668,14.65112319477624,14.2470070055,14.900432434847424,13.593581576152577,10,9.384742565150002,13.155675213007768,4.89327339437e-05,0.4988972009151317,50.077117825617584
2013-09-04,14.11269016,14.16593998,13.72806196,13.88782829,150546,14.589584903385193,14.209432082499998,14.85467328229518,13.564190882704816,11,9.426742738150004,13.18438709838001,-0.053581034032131,0.4945386879926222,50.81299014929938
2013-09-05,13.94700719,14.24287059,13.82924763,13.9825044,93230,14.530508143649785,14.189905372999998,14.837791823803796,13.5420189221962,12,9.469332239750004,13.215685816090598,-0.0325065126578048,0.4887589931360064,52.162979727112585
2013-09-06,14.11860148,14.22510645,13.87895243,13.92924304,173187,14.47379445430379,14.174520182999998,14.831754104290718,13.51728626170928,13,9.510667071050005,13.24366845232234,-0.0548014887250538,0.4785729236262917,51.30980711568008
2013-09-09,13.99433326,14.2606223,13.90700014,14.1836917,27146,14.41934931253164,14.1715612385,14.828070091145811,13.515052385854188,14,9.553358572800004,13.280532109094011,-0.0082621835090337,0.4696478690815566,55.08900626282832
2013-09-10,14.27245027,14.4322166,14.21919513,14.42038242,77507,13.11266591,14.1588391165,14.785005233099332,13.532672999900669,15,9.597796378750004,13.325232121286405,-0.0312471080208085,0.4538533712900169,58.329095394136445
2013-09-11,14.37896145,14.70441697,14.21327759,14.60973464,79639,13.1390569238,14.1594308255,14.787275541214118,13.53158610978588,16,9.643124662400004,13.375604769079096,0.0173252072881896,0.4565166576264442,60.76759705384267
2013-09-12,14.5268936,14.71624582,14.5268936,14.60973464,99253,13.201671325648,14.161501873499995,14.794976022476083,13.528027724523913,17,9.688565512800004,13.424002018919133,-0.025425616744599,0.4374334835102696,60.76759705384267
2013-09-13,14.668902,14.71032829,14.55884669,14.63340389,44582,13.29254579530912,14.18043714,14.84576149571796,13.515112784282037,18,9.733815144600005,13.471429543275244,0.0124272328281287,0.4170083489738218,61.09762423795347
2013-09-16,14.7872589,14.85234911,14.59198293,14.72808,193947,13.377967796790571,14.210911066,14.916715336531295,13.505106795468702,19,9.779313015000003,13.520709953342882,-0.0140259384498206,0.4058196226185488,62.458011840167096
2013-09-17,14.668902,14.822757,14.55648571,14.63340389,251964,13.495918301847327,14.235468034499998,14.963825815472704,13.507110253527294,20,9.823915364800005,13.564345009682375,-0.0220945901751455,0.3958518845743667,60.19125656972463
2013-09-18,14.61565218,14.73399133,14.48547263,14.58606007,167139,13.60443276649954,14.244343359999998,14.985141042728754,13.503545677271244,21,9.867014583800003,13.604412266949735,-0.0769013313740333,0.3853280856761976,59.037401436485645
2013-09-19,14.58606007,14.94110237,14.53281025,14.9292673,107441,13.704266073979577,14.275409305999997,15.074118186466496,13.476700425533496,22,9.911660984600005,13.65636736628504,-0.0168966934892862,0.3869683738421834,64.3697076067173
2013-09-20,14.94701369,15.03577848,14.84347326,15.01802676,134082,13.82794970358162,14.3129839625,15.174708302160706,13.451259622839292,23,9.956132044500004,13.709765773881704,0.0312626023962988,0.373063862853456,65.61629618145773
2013-09-23,14.97068826,15.18370974,14.9647654,15.07719944,157908,13.972889156751826,14.34227416,15.263998684717931,13.420549635282065,24,10.001011538800004,13.763390623533402,0.0146400744951124,0.3620553255067805,66.45880330336368
2013-09-24,15.04760645,15.92336869,14.99435751,15.80502865,199692,14.142404038406571,14.4088434035,15.52970413835372,13.28798266864628,25,10.049558322950004,13.843454859865426,0.0687565431564913,0.4025521722562962,74.67774967111752
2013-09-25,15.87603019,16.65119258,15.81093998,15.96478966,289072,14.42735838266152,14.5017445215,15.80087887644421,13.202610166555791,26,10.099691900400003,13.926644459870705,-0.0289138734123834,0.4342387263808464,76.0642218023365
2013-09-26,16.04171405,16.31391442,15.77543654,16.2488242,126573,14.827648538182446,14.622752951,16.08870849473416,13.156797407265842,27,10.151583363450005,14.017710332032635,0.0357676129715678,0.441684380210786,78.33536853579736
2013-09-27,16.11272091,16.47367453,15.97071252,16.32574239,210051,15.155886465709608,14.732518243,16.35498287960193,13.110053606398072,28,10.202283436650005,14.108221393129394,0.0311745538442828,0.4460613537671585,78.91872903206493
2013-09-30,16.1718936,16.56835065,16.15414188,16.5576934,186890,15.425041566281877,14.898260596000004,16.555045971883096,13.241475220116913,29,10.254340263050004,14.204279118889026,0.1271823786228633,0.4437861692123613,80.61395222205141
2013-10-01,16.55651646,17.19558089,16.53284722,17.18966424,153077,15.64574874875114,15.066015151000006,16.925098621418666,13.206931680581343,30,10.310795211550005,14.321353045207104,0.1688158502605972,0.4594252764114782,84.31483025394579
2013-10-02,17.11865028,17.34351303,16.75178622,16.89380083,210532,15.955715177000911,15.216313778000004,17.15444893393127,13.278178622068737,1,10.366024128700005,14.4222333504931,0.1423601546180699,0.4688753859535155,76.91214445911986
2013-10-03,16.8109589,16.89971748,15.98905004,16.3434941,259830,17.34351303,15.334363263,17.244932586116732,13.42379393988327,2,10.418529651800004,14.497576909297292,0.1242156892747904,0.5004319612425501,65.40889793763922
2013-10-04,16.47367453,17.14529028,16.47367453,16.89971748,417173,17.34351303,15.482886985,17.395276106274025,13.57049786372597,3,10.473411374550004,14.591778500305242,0.1845240416481296,0.5219579768680822,70.25189217874217
2013-10-07,16.75770908,17.23700185,16.62752954,17.14232574,326708,17.3164237702,15.630818687,17.57577696828685,13.685860405713152,4,10.529477214600004,14.69179996068543,0.2263848500069695,0.528209000663219,72.08753734700295
2013-10-08,17.30209739,17.37309893,16.81687555,17.14232574,281260,15.98905004,15.766915853,17.73482654318223,13.799005162817773,5,10.585311675500003,14.787899010854629,0.2091534434922769,0.5302100277587035,72.08753734700295
2013-10-09,17.21925635,17.64233476,17.06540134,17.42043743,270873,16.0167310178,15.907450992500005,17.925540443434457,13.889361541565547,6,10.641784705050004,14.891135811605428,0.2026904071286501,0.5335474129187961,74.2037936235157
2013-10-10,17.63937644,18.20151114,17.49144429,17.61570719,211074,16.081755167488,16.057749620000003,18.11423706786093,14.001262172139072,7,10.699118391650003,14.997981748013055,0.1675809175662627,0.5512278627103108,75.60246743175557
2013-10-11,17.50919601,17.88198381,17.36387425,17.63937644,155193,16.20894052583872,16.208048247500003,18.26555607040881,14.150540424591195,8,10.756281197300003,15.101565853581173,0.1657281318153709,0.5488622696595745,75.77393330505794
2013-10-14,17.79914276,18.08258529,17.6452993,17.92932231,250051,16.328494762688397,16.368110363000007,18.43822016563909,14.29800056036092,9,10.815356494950004,15.212458263636814,0.178704678183688,0.5413155968267479,77.82946889171865
2013-10-15,17.82872866,17.92577818,17.39676197,17.4796039,159266,16.440875745327094,16.510420363500003,18.47245714120794,14.548383585792068,10,10.871141983550006,15.301365935651056,0.1818807215272676,0.540690221339123,68.16823563171303
2013-10-16,17.56836869,17.75180426,17.10682231,17.13641442,146993,16.54651386900747,16.637938081000005,18.404937358840066,14.870938803159946,11,10.924141383700006,15.3733286213118,0.1588421801416622,0.5481396305291858,61.85777872691167
2013-10-17,17.08907059,17.60387301,17.04338922,17.384934,137552,16.64581370526702,16.760721416000003,18.36996747285549,15.151475359144513,12,10.977457856500004,15.452215106750552,0.1411231479272436,0.5490213562056725,64.42594672817462
2013-10-18,17.52694772,17.54469411,16.68077847,17.14232574,310219,18.20151114,16.866936365000004,18.269175235217656,15.464697494782351,13,11.028780374150006,15.518493955113277,0.1158014353728244,0.5715138050481244,60.16697019546177
2013-10-21,17.21925635,17.48552764,17.14824327,17.42043743,193028,18.1710964866,16.984098264500005,18.1382244447858,15.829972084214209,14,11.081435602250004,15.593079973736284,0.1403139538867359,0.5552058118304013,63.17246149227616
2013-10-22,17.53286526,17.70979128,17.00623399,17.30209739,161834,18.141290126268,17.058951701500003,18.08451435170456,16.03338905129545,15,11.133730513600003,15.660100264570156,0.1023468418297333,0.5658023459853728,61.06123480534553
2013-10-23,17.14824327,17.41451368,16.8109589,17.24291939,99620,18.11207989314264,17.122858188000006,18.01883436005905,16.226882015940966,16,11.184919697100003,15.722171602822309,0.1598891518787021,0.568498948414989,59.981694032087496
2013-10-24,17.24883071,17.49144429,17.24883071,17.30209739,123935,18.083453864679782,17.175521847500004,17.978838542609047,16.37220515239096,17,11.236491538350004,15.784129476829277,0.12118821676586,0.5456436592424898,60.729391282990925
2013-10-25,17.34351303,17.83464619,16.89380083,17.27842282,180648,18.05540035678619,17.223155869000006,17.92596054269968,16.520351195300332,18,11.288610233150004,15.842729215777146,0.0938318230005255,0.5738723521537406,60.244448371955976
2013-10-28,17.3375955,17.3997265,17.11273896,17.31392625,175505,18.027907919050467,17.260967511500006,17.894446257018576,16.627488765981436,19,11.340414758450004,15.90042321711922,0.0688244015587117,0.5533805798570447,60.7506195232431
2013-10-29,17.50327936,19.27254225,17.50327936,19.14827935,549138,16.68077847,17.358898267000008,18.395385581623607,16.32241095237641,20,11.401188589800004,16.027790124291013,0.1325411604293708,0.6537545384386843,77.02605223045634
2013-10-30,19.21336957,19.29029397,18.22518571,18.34353107,382823,16.7326137456,17.431384779000005,18.528620397204318,16.334149160795697,21,11.458372518350004,16.118603494710975,0.0884930571182597,0.6831369471216353,64.4077805441347
2013-10-31,18.3790345,18.93525788,18.17193056,18.24293743,493110,16.834920954576,17.526356945500005,18.557312554338505,16.49540133666151,22,11.514966711000003,16.201910707859565,0.015981885074605,0.6888648308986615,63.01807585606378
2013-11-01,18.20151646,18.41447935,17.94707402,18.24293743,361760,16.93313587519296,17.593517943000002,18.627437274120275,16.55959861187973,23,11.571445211900004,16.281950971472916,0.012965862192888,0.6730462951201858,63.018075856063774
2013-11-04,18.1600955,18.35536525,17.97074327,18.22518571,223018,17.027422198985242,17.647660941500003,18.69472793022672,16.600593952773288,24,11.627256499800003,16.358156255336723,-0.0182262700565876,0.6524445583258867,62.74101510188694
2013-11-05,18.18940328,18.49355422,18.17157208,18.39813458,201397,17.11793706982583,17.710451383500008,18.779164686353575,16.641738080646437,25,11.684048223800003,16.438155405323517,-0.0113955904838363,0.6288400998740376,64.38394003433159
2013-11-06,18.55915472,18.75595891,18.37427945,18.51740936,128600,17.204831345832797,17.76529998,18.88043641383558,16.650163546164425,26,11.741754472900004,16.519694776095143,-0.0321244140840018,0.6111857684544635,65.5133542164493
2013-11-07,18.61879211,18.76192202,18.0701285,18.12976589,218818,17.288249850799485,17.791002915000004,18.91482593573905,16.66717989426096,27,11.797522504650004,16.582834819777688,-0.0415052878403394,0.6169434649934304,58.96855428412846
2013-11-08,18.12380188,18.86926967,18.02838224,18.66053837,196110,17.368331615567506,17.842061011500004,19.024926485248518,16.659195537751494,28,11.855684091300004,16.66431339037464,-0.0222026880373724,0.6329394624938998,64.23677352945265
2013-11-11,18.67246638,18.87523279,18.39217057,18.71421265,105072,17.445210109744806,17.881305528500004,19.12372936511647,16.638881691883537,29,11.913535595000006,16.74470159663446,-0.0316491007987835,0.6222339451729068,64.72994245407887
2013-11-12,18.71421265,19.08396409,18.50548134,18.81559629,158528,17.519013464155016,17.948105148000003,19.239645019187936,16.65656527681207,30,11.971518022000003,16.825913153237032,-0.0050857918797396,0.6191088598034133,65.692301064343
2013-11-13,18.70824864,19.10185522,18.70824864,19.09589121,504033,17.589864684388814,18.046078987500003,19.373254163278546,16.71890381172146,1,12.030699464150004,16.91493190056107,0.1221540113620442,0.6030015541031696,68.27000372377461
2013-11-14,19.14360148,19.68033797,19.03625382,19.60877346,137382,17.65788185581326,18.157270960500004,19.610859482655105,16.703682438344902,2,12.091924711200006,17.020572746029263,0.1378096123303846,0.6059360252386575,72.36199784708953
2013-11-15,19.57895432,19.68033797,19.54376874,19.66244684,153923,17.779229222664465,18.283277015500005,19.79869696181087,16.76785706918914,3,12.152810946750003,17.124175651675174,0.161793603949554,0.5724098255787534,72.75793923127696
2013-11-18,19.68033797,19.68033797,19.4298613,19.47160667,362338,17.8932957475046,18.38583547750001,19.93113535281777,16.840535602182243,4,12.213263592100004,17.216231770040853,0.0829989879418656,0.5494146001802711,68.97432175929535
2013-11-19,19.42389729,19.7697945,19.42389729,19.59088234,129261,18.000518280854322,18.500274725000004,20.046591729656043,16.953957720343965,5,12.274139080400005,17.309355321803956,0.0879058102064572,0.5348776437388232,70.02355890318384
2013-11-20,19.68033797,19.74593936,19.10781923,19.21516599,219157,18.142060378385978,18.59888705500001,20.061153832588893,17.13662027741112,6,12.333743361000009,17.384092995066545,0.0481609920668483,0.542252107043193,62.81708132929177
2013-11-21,19.21516599,19.82943189,19.14956549,19.78768563,291183,18.2722791081151,18.72316646700001,20.145403565090927,17.300929368909085,7,12.396499466950006,17.478351529769817,0.1094322703979928,0.5520816993972505,68.18944162103665
2013-11-22,19.79961275,19.82943189,19.44178842,19.53124495,138089,18.427994386303588,18.83580757350001,20.133939929432785,17.537675217567234,8,12.457452763200006,17.55885715409257,0.1022675631276125,0.540336111583161,63.74660897201196
2013-11-25,19.62666459,19.97852491,19.43582441,19.81750387,151763,18.56813813667323,18.96098645450001,20.123737320195097,17.79823558880492,9,12.520386884400004,17.64743153510855,0.1010081019080946,0.5405049964700782,66.37989861647844
2013-11-26,19.86521414,19.98448892,19.69154944,19.94870666,147590,18.73738454947244,19.00100782000001,20.23942828656966,17.76258735343036,10,12.583456408850006,17.737677618437626,0.0329998588295554,0.5228217452936441,67.54354184447388
2013-11-27,19.95466977,20.05008942,19.7697945,20.05008942,201358,18.9119791613463,19.08633573750001,20.366265869707316,17.80640560529271,11,12.647293154600003,17.82836043418517,0.1446855769189614,0.5054984006298123,68.45219003668538
2013-11-29,20.44955802,20.9684007,19.42976379,20.36010239,165240,19.09407680273089,19.19219398550001,20.52472144286793,17.859666528132088,12,12.712361814000005,17.92764443245242,0.2599265757411531,0.5792940084419688,71.11515313407273
2013-12-02,20.56585035,21.46935226,20.56585035,20.92367289,226035,19.42976379,19.32623075850001,20.78333481665371,17.86912670034631,13,12.780421861350003,18.04513574451311,0.2333329940991562,0.6171479985532565,75.2115204546923
2013-12-03,20.91472732,21.46935226,20.74476162,21.43357,246691,19.42976379,19.48664997300001,21.119417756474625,17.853882189525393,14,12.850742167100003,18.178015519238087,0.2687887541122705,0.6248224729423099,78.22096556656017
2013-12-04,21.38884219,21.38884219,20.64636042,20.77159831,125803,19.837681484,19.60532315950001,21.249355588489266,17.961290730510754,15,12.919054138900004,18.279724648287573,0.2325835471040256,0.6364215520178591,66.8705227409593
2013-12-05,20.84316282,21.09363859,19.89135487,20.24381007,238887,21.46935226,19.691643195000008,21.278419755641487,18.10486663435853,16,12.984842861200004,18.356747606001782,0.2101593448656073,0.6768402783022978,59.46196203408644
2013-12-06,20.51217697,20.72687049,19.84125971,20.12751774,247648,21.4377923122,19.791530787500005,21.215628715832437,18.36743285916757,17,13.047707380350005,18.426189572040933,0.2312586237784815,0.6917524569949908,57.93880491448849
2013-12-09,20.09173549,20.36904795,19.99333429,20.21697337,176965,21.373931008112,19.869352537500006,21.205092601622056,18.53361247337796,18,13.111048097350006,18.49641638764717,0.2165709619776782,0.6691782572096342,58.81280007399509
2013-12-10,20.24381007,20.5300681,20.15435443,20.24381007,151785,21.31262415618752,19.945832408500003,21.179517495148524,18.71214732185148,19,13.173771008050004,18.564941630092378,0.1867057129311373,0.6482165009803745,59.08745665764471
2013-12-11,20.16329999,20.40483021,19.81442302,19.88598753,329322,21.253769578340016,19.999351970500005,21.119954961811533,18.87874897918848,20,13.233952816200006,18.61674735165738,0.119305971659711,0.6440872644817764,53.92408054939232
2013-12-12,19.90387865,20.73581605,19.83231415,20.46744915,352361,21.167408784839616,20.06792986750001,21.12505525128708,19.01080448371293,21,13.296521321800006,18.68932389276885,0.0411655771645642,0.6626168813045068,60.03560739743473
2013-12-13,20.59268704,21.20993092,20.59268704,20.86999951,130242,19.81442302,20.130991170000005,21.2209936408822,19.04098869911781,22,13.361102579200006,18.774840583640664,0.0125506365156593,0.6683215162113278,63.63208956450543
2013-12-16,20.90578176,21.50513451,20.87894507,21.46935226,212696,19.83231415,20.221336441000005,21.4336860762831,19.008986805716912,23,13.429403670500005,18.880507708203776,0.0299985904514482,0.6659510507676617,68.21806750810967
2013-12-17,21.39778775,21.8003381,21.38884219,21.73771916,153098,19.8992269644,20.3346420655,21.663515025639477,19.00576910536053,24,13.499277979750005,18.992555216117356,0.1178115759975945,0.6477756835699717,70.03981916719862
2013-12-18,21.83612036,23.26741051,21.76455585,22.80224121,334318,20.013293632536,20.495210009000004,22.15952623135754,18.83089378664247,25,13.573375834250005,19.14195466685785,0.1432012973125345,0.7107696597435452,75.93290689646895
2013-12-19,22.84696903,23.04377142,22.32812635,22.68594888,270155,20.27362298273312,20.66874915350001,22.480281645997326,18.857216661002685,26,13.646024545500008,19.28093483207911,0.1753877245391363,0.7111179033332917,74.21549619303829
2013-12-20,22.77540452,23.04377142,22.64122107,22.71278557,367649,20.51312598491447,20.815004150500005,22.783874451634937,18.846133849365074,27,13.717072077100006,19.415517213958363,0.0595911354309667,0.689077363809485,74.35961849258533
2013-12-23,22.78435008,23.00798917,22.62332994,22.82013234,150170,20.733468746921314,20.97944852,23.039250144997634,18.91964689500237,28,13.788569574850005,19.549031532626664,0.0772011176488949,0.6673332113945216,74.96246762956221
2013-12-24,22.81118677,23.04708128,22.56965656,22.78435008,67092,20.93618408796761,21.127790830500004,23.25764336631781,18.997938294682196,29,13.860293080200004,19.67590676977856,0.0627847488757161,0.6537683191520559,74.3350721330283
2013-12-26,22.89169684,22.89169684,22.11343282,22.33707191,123948,21.122682201730203,21.24720909300001,23.36703295084242,19.12738523515759,30,13.929433119500006,19.780266187042145,0.024679953924308,0.6626608692126235,66.80808514043711
2013-12-27,22.37285416,22.39074529,22.00608606,22.21183402,125096,21.294260466391787,21.355296323000005,23.440099176696982,19.270493469303027,-1,13.998322964250006,19.87562178833461,-0.020788244047162,0.6428036092688646,64.82866847233356
2013-12-30,22.2655074,22.42652754,22.03292275,22.35496304,183303,21.452112469880444,21.45503935550001,23.530706179634628,19.379372531365384,-1,14.067668150950007,19.97285085702737,-0.0012220000415465,0.6250036936068026,66.06609295327416
2013-12-31,22.47125536,22.94537022,22.3639086,22.82013234,444413,21.597336313090008,21.549862328000003,23.69197644435643,19.407748211643572,-1,14.138818573450008,20.08450895439885,0.0665266580412733,0.6225325140634597,69.78656485858316
2014-01-02,22.76645896,22.87380572,22.13132395,22.41758198,157982,21.73094224884281,21.599062927,23.773195579233747,19.424930274766258,-1,14.208997465500008,20.17600201422634,0.00836561934583,0.6311003180589269,63.31695566838172
2014-01-03,22.42652754,23.33897502,22.3639086,23.24951938,136403,21.853859709735385,21.722958980500003,23.975360726057257,19.47055723494275,-1,14.281860984600009,20.296532107001777,0.0530763595585526,0.6556693253404322,69.59119034161156
2014-01-06,23.34792058,23.34792058,22.84696903,23.01693473,171500,22.00237124076185,21.86161521350001,24.07378830070683,19.64944212629318,-1,14.353561580450007,20.40321456280563,0.0641065319904049,0.6446180556732585,66.18305164916683
2014-01-07,23.16900931,23.33002945,23.15111818,23.195846,155442,22.163837161470425,22.015031626500004,24.14908385956746,19.880979393432547,-1,14.425028747950009,20.51272952112698,0.0678601227448375,0.6209378174108829,67.50151319448506
2014-01-08,23.0974448,23.34792058,22.95431579,23.30319276,169796,22.305927171693973,22.169342596000003,24.20507355922836,20.133611632771647,-1,14.496569882250007,20.622159452063176,0.0912635691629247,0.6046997440243914,68.30010850333453
2014-01-09,23.34792058,23.43737621,23.12955938,23.42843065,198158,22.4309663806907,22.328573625000008,24.23075866228437,20.42638858771565,-1,14.567956296500006,20.73220930296266,0.1531359736674021,0.5834938215940778,69.24950412158078
2014-01-10,23.41053952,23.57155967,23.15111818,23.18690044,138993,22.571863756794,22.493619270500005,24.06315655060758,20.92408199039243,-1,14.638135059700009,20.82847170049353,0.1935281174183344,0.5718472264802149,65.19424062253404
2014-01-13,23.04377142,23.18690044,22.43994589,22.66805776,228467,23.57155967,22.603649701000005,23.86857387935432,21.33872552264569,-1,14.704707312200007,20.9006123302781,0.140456125812941,0.5843548924459137,57.41595444242856
2014-01-14,22.81118677,23.59660724,22.76645896,23.50894072,222108,22.43994589,22.73559676150001,23.781156343136544,21.690037179863477,-1,14.776322737050007,21.00289971811033,0.1842148874421441,0.6089402201283486,64.75523999905201
2014-01-15,23.57155967,23.59839636,23.24951938,23.45526734,124023,22.43994589,22.83489251550001,23.749587203633,21.920197827367016,-1,14.84781441075001,21.099070997400123,0.1460231202255696,0.5903642744048951,63.99705543798187
2014-01-16,23.36581171,23.81130077,23.18019126,23.54472297,87228,22.4862839088,22.92524270600001,23.74012166954527,22.11036374245474,-1,14.921141650500008,21.19497891789424,0.1244099027176803,0.593274648375974,64.73809134481507
2014-01-17,23.43737621,23.44632178,23.13322706,23.27635607,127297,22.565784920472,22.948948449000007,23.77563467816819,22.122262219831825,-1,14.991883379250009,21.276601551310147,0.0935773252646081,0.5802904527776901,60.70157126096193
2014-01-21,23.31213833,23.64312417,22.81118677,23.07955368,139310,22.64051587144368,22.96862868900001,23.788042299287586,22.14921507871243,-1,15.061814635850007,21.347305556356808,0.0830075543425477,0.5982652347221409,57.85279917244535
2014-01-22,23.07955368,23.07955368,22.51598318,22.6322755,222583,23.81130077,22.964603185500003,23.789775530681823,22.13943084031818,-1,15.129075658600009,21.39769653453889,0.118061408875368,0.5957870393848452,51.89217581031281
2014-01-23,22.48914649,22.94537022,22.48914649,22.94537022,141095,23.7853944182,22.970865079500008,23.793453780090356,22.148276378909664,-1,15.199116911750007,21.458389620243253,0.1592814772480851,0.5858182315716421,55.35938605856376
2014-01-24,22.7306767,23.08849924,22.39969085,22.53387431,202594,23.733544501072,22.958341291000007,23.799328453056606,22.117354128943408,-1,15.266377615200009,21.500565490429796,0.1197089428878959,0.5931746714593821,50.234962624966606
2014-01-27,22.51598318,22.52492874,21.07574747,21.3620055,405566,23.65351328200768,22.90958797050001,23.9727033567477,21.84647258425231,-1,15.327981434050008,21.4951317653149,0.0598518409674376,0.6549569692122835,39.12711873611866
2014-01-28,21.31727768,21.95241268,21.10258416,21.86295705,178665,23.447292017047065,22.89214412200001,24.01049662221455,21.773791621785467,-1,15.392494929600009,21.50955628628294,0.0935206748156228,0.6688763656971204,44.75115720571026
2014-01-29,21.67510022,21.95241268,20.46744915,20.52112253,369020,23.2575684532833,22.80045209650001,24.31164982662974,21.289254366370272,-1,15.451629696750008,21.47079417819341,-0.0249577887774027,0.7271683060044688,35.334251201959574
2014-01-30,20.77159831,21.76455585,20.06624063,21.3620055,262040,22.97855652295497,22.727545754500007,24.36345696863522,21.091634540364797,-1,15.514043349150008,21.46652795551916,-0.0561456601743504,0.7965359427184354,43.37559932465699
2014-01-31,20.84316282,21.65720909,20.78054387,21.49618895,147756,22.62907861580037,22.68147610300001,24.3995413686617,20.96341083733832,-1,15.577850988900009,21.46769113177331,-0.0224290424957667,0.8022594625242615,44.56033971191916
2014-02-03,21.48724338,21.65720909,21.27254986,21.57669902,316566,22.32153805750433,22.597835085000007,24.35946411099275,20.836206059007264,-1,15.643825466150007,21.47196595091945,-0.003289322238865,0.7724308744868141,45.29984967400649
2014-02-04,21.57669902,22.07765057,21.57669902,21.97030381,280966,20.06624063,22.54550353900001,24.31638260322959,20.77462447477042,-1,15.712375341400008,21.491508612059867,0.0491764934794107,0.7530394941663274,48.88931702031203
2014-02-05,21.8987393,22.22972515,21.58564458,21.94346712,160730,20.1064688288,22.48288459500001,24.245901508753175,20.71986768124684,-1,15.780617497750006,21.50923247511634,0.0722957613555363,0.7452567138687326,48.65488270874608
2014-02-06,22.07765057,22.39969085,21.91663043,22.04186832,131480,20.191399081648,22.419818373000005,24.15089815700785,20.68873858899216,-1,15.848136907650009,21.53012015530786,0.0253538370440131,0.7265284071638229,49.60903135804645
2014-02-07,22.0955417,22.41758198,22.04186832,22.27445297,167441,20.32389658774912,22.362119489000005,24.030677863392828,20.69356111460718,-1,15.917108468000007,21.55930967745265,-0.010659342453103,0.7014702109378358,51.88498220256084
2014-02-10,22.23867071,22.23867071,21.81822923,22.22972515,189929,20.491391419129197,22.31426072450001,23.93980006028117,20.68872138871884,-1,15.984901940000007,21.585600480297643,0.0618703383353884,0.6839526058708474,51.404154197078135
2014-02-11,22.21183402,22.40863642,21.96135825,22.32812635,124499,20.64548666399886,22.297264154000004,23.91473952666736,20.679788781332647,-1,16.050555449300006,21.6147191418546,0.1056195825616981,0.6670472890229296,52.44820667748471
2014-02-12,22.31918078,22.39074529,22.01503163,22.21183402,127779,20.787254289278952,22.232408819000007,23.75136548879461,20.7134521492054,-1,16.11276414910001,21.63813541158579,0.0648806018898578,0.6462377440927206,51.05224533298911
2014-02-13,21.9971405,22.45336424,21.9971405,22.45336424,79519,20.91768050453664,22.18231366400001,23.59931011199576,20.76531721600425,-1,16.175602045650006,21.670105169562817,0.0804541204129901,0.6326653152289549,53.80246056046827
2014-02-14,22.49809205,22.58754769,22.05975944,22.50703762,92659,21.07124887808297,22.13042939650001,23.41377203620363,20.847086756796383,-1,16.239228915400005,21.70292604997212,0.0934895980552729,0.6251740962840296,54.41540924806928
2014-02-18,22.54281987,22.90064241,22.43547311,22.86486015,131763,21.253204735513016,22.109854600500004,23.330724437988785,20.888984763011223,-1,16.302446772050008,21.748492093110464,0.1249944216014289,0.6137451822637418,58.3800200635267
2014-02-19,22.74856783,23.43737621,22.7306767,22.84696903,167329,21.483846009941196,22.098225368,23.285906503395903,20.9105442326041,-1,16.365546279450008,21.79156962004731,0.1079870649240121,0.620384777102046,58.10789273555538
2014-02-20,22.84696903,22.84696903,22.560711,22.7306767,129203,21.796410841950603,22.103145428,23.300411764361883,20.90587909163812,-1,16.428179986600007,21.828397348672905,0.1513414459072236,0.5965185808804713,56.2717904227126
2014-02-21,22.53387431,22.53387431,19.53711055,20.09173549,869259,23.43737621,21.960463691500003,23.381484393723458,20.539442989276548,-1,16.477098351000006,21.76029296205828,-0.0248088445017442,0.7820219786747232,31.75265594254948
2014-02-24,20.14540887,20.94156401,19.51027386,19.8680964,388097,23.3593708968,21.827174796,23.487920516006408,20.166429075993594,-1,16.524839781050005,21.686089175310897,-0.0387455834884673,0.8283982766265287,30.538257129041384
2014-02-25,19.95755204,20.46744915,19.78042988,20.30642901,260516,23.205407015328003,21.7743959715,23.553775353081164,19.99501658991884,-1,16.57465530475001,21.631984855102623,0.0439000169559943,0.8182997761532053,35.726872280310175
2014-02-26,20.35115683,20.57479591,20.10068105,20.30642901,221331,23.057601689114883,21.696569569500003,23.58637907717237,19.80676006182763,-1,16.623236715150007,21.580002272941737,0.0066195602603009,0.7937151392851192,35.726872280310175
2014-02-27,20.29748345,20.40483021,19.90387865,20.37799352,216499,22.915708575950287,21.689413119,23.597964540178744,19.78086169782126,-1,16.672058409500007,21.53286467478716,0.1268015918721625,0.7728034550504679,36.623266245375056
2014-02-28,20.4411112,20.62144743,20.18864049,20.2788086,255636,22.779491187312274,21.635253274,23.637091740023315,19.633414807976685,-1,16.720149102050005,21.483686005187664,0.0626326199894671,0.74851798968972,35.87645366474281
2014-03-03,20.54931294,20.93703582,20.23372454,20.25175817,258786,22.648722494219783,21.573031735,23.663681186176564,19.48238228382344,-1,16.76786946970001,21.43537510969011,-0.0130672242205988,0.7452889389975971,35.662862169814474
2014-03-04,20.49521207,20.95506945,20.41856917,20.87391814,318402,22.523184548850992,21.537892691,23.65062206126955,19.425163320730448,-1,16.820375576400007,21.413357189310105,-0.0047439171872646,0.7422905347834831,43.93103527731453
2014-03-05,20.82883409,20.82883409,20.40513413,20.6755483,116108,22.40266812129695,21.4731549155,23.60814746074779,19.33816237025221,-1,16.871184580350008,21.384423507376376,-0.0340695344493759,0.7227543544418057,42.07441056772825
2014-03-06,20.65751467,21.01367872,20.51324569,20.84686771,178601,22.286972350845076,21.418324945,23.55850631217854,19.278143577821456,-1,16.92235064565001,21.36334288787142,-0.0245135568101215,0.7068742598388196,44.26517140353121
2014-03-07,20.9190022,20.9190022,19.87305209,20.04437151,217460,22.17590441121127,21.3184501045,23.51851026039728,19.11838994860272,-1,16.96956302790001,21.311618520111757,-0.0424283292603391,0.7310939634217609,37.17308237568014
2014-03-10,19.90911934,20.26979179,18.70086662,18.81808517,346876,22.06927918916282,21.1456317145,23.5515362369706,18.739727192029395,1,17.011731171800008,21.213832898538744,-0.1122108916967438,0.7909390496059209,29.416977595086536
2014-03-11,18.89021966,19.160724,18.52954721,18.79103474,123272,21.86717443501305,20.973697194,23.53180280577054,18.41559158222946,2,17.054292954150007,21.118821206047027,-0.1577293565909404,0.7795274596340692,29.271889155036448
2014-03-12,18.65578257,19.46729558,18.54577747,19.25990892,145725,21.600164257012008,20.8202863225,23.4029754483705,18.237597196629498,3,17.099169752500007,21.045922685025577,-0.156910574850168,0.7896696489459212,35.23461121891965
2014-03-13,19.59353094,20.116506,18.70086662,18.85415241,314815,21.354514893251046,20.652402242,23.287435140550222,18.01736934344977,4,17.140842422100008,20.959970909534377,-0.2031402824705094,0.8343817725926412,32.66795162261769
2014-03-14,18.87218604,19.31400979,18.87218604,19.08858951,229247,21.12851747859096,20.4841635055,23.06691214118064,17.90141486981935,5,17.184304320600006,20.886583403670283,-0.2139363909683271,0.8076300302645955,35.587492264915184
2014-03-17,19.25990892,19.97223701,19.25990892,19.74681673,335056,20.920599857103685,20.346152461,22.771999619899297,17.920305302100694,6,17.229764439550006,20.841886671369487,-0.1927910942761294,0.8130598495314103,43.05358330045748
2014-03-18,19.81895122,21.07228799,19.81895122,20.81080047,517489,18.52954721,20.243449476999995,22.39215715757872,18.09474179642127,7,17.282013698550006,20.84066760464912,-0.1456529609915159,0.8496606645648811,52.61473527103242
2014-03-19,20.74768279,20.96408626,20.69809032,20.80178365,234683,18.5804020256,20.141190207999998,21.952764512678023,18.32961590332196,8,17.333189416300005,20.839142743682483,-0.1332593677124993,0.8079703270959611,52.5342364839582
2014-03-20,20.81981728,21.09032162,20.62144743,20.76571641,167885,18.630239744888,20.042942193499997,21.45010576213863,18.63577862486136,9,17.385947863450006,20.836263279616503,-0.1478929811885446,0.7837491744462497,52.19027034883072
2014-03-21,20.93703582,21.14442248,20.54029613,20.54931294,220549,18.72864301989248,20.06582106599999,21.49018817005091,18.641453961949072,10,17.437506759050006,20.825010325121735,-0.1010019658135849,0.7709189727000888,50.07189326995003
2014-03-24,20.64849786,20.99113669,19.74681673,20.10748918,176607,18.873589787498933,20.077790704999995,21.49933099486388,18.65625041513611,11,17.486386381500004,20.79687224099932,-0.0807238091084635,0.8047333289357969,45.969363485241146
2014-03-25,20.36897671,21.15343929,20.36897671,20.60341381,302390,19.009839749049,20.092639944999995,21.52954482382504,18.655735066174948,12,17.537980704300004,20.78928563586209,-0.1331330773441596,0.8219630990118113,50.83831840637027
2014-03-26,20.69358192,20.71161554,20.13453962,20.35094309,291839,19.18132771232508,20.094865648999995,21.53322539740735,18.65650590059264,13,17.586373302250006,20.77209573210279,-0.1400455022535182,0.8044711576538247,48.44487305402488
2014-03-27,20.45012801,20.74768279,19.93616977,20.38701033,210356,19.339096638539072,20.0953164895,21.534036537831035,18.65659644116896,14,17.634799285600007,20.756994343785035,-0.1744666221810908,0.8049741478214086,48.81560201445056
2014-03-28,20.33290947,20.43209439,20.00830426,20.15257324,219893,19.484244050655946,20.0890047215,21.525555388890723,18.65245405410927,15,17.681964930650008,20.73329155540131,-0.1597070100436831,0.7777467179770223,46.47615640322945
2014-03-31,20.28782541,20.69358192,20.12552281,20.57636337,385259,19.61777966980347,20.1052349815,21.55603823765697,18.65443172534302,16,17.730544325700006,20.727137508914986,-0.0623343051848688,0.7627690316929493,51.04359792375708
2014-04-01,20.68456511,22.06413724,20.68456511,21.85675058,405425,19.74063243941919,20.154376603499998,21.76389737402473,18.544855832975266,17,17.785760764800006,20.77143606072224,-0.0493217783289735,0.8145550915720244,61.68252358151872
2014-04-02,21.91085144,22.41579288,21.37885958,22.06413724,182934,19.97298291947727,20.223806050499995,22.025579751219936,18.422032349780054,18,17.841690907200007,20.82213022461548,-0.0435488595995561,0.83043924931688,63.08195353906659
2014-04-03,22.15430535,22.56907867,21.73051522,22.06413724,245840,20.26612011474,20.284669527,22.24203858484797,18.32730046915203,19,17.896710073750004,20.870836382081546,-0.0638065317620548,0.8310195493656741,63.08195353906659
2014-04-04,22.18135578,22.18135578,20.81080047,21.27967465,247725,20.5885343124764,20.346434683999995,22.34705766240161,18.345811705598376,20,17.948600333750004,20.886869255333245,-0.050622701348223,0.8695578179824117,54.37071166642411
2014-04-07,21.4780445,21.60427986,20.68456511,21.12638886,331347,22.56907867,20.4618498685,22.360192539989782,18.56350719701021,21,18.003220914650004,20.896262181006453,0.002562994697279,0.8731404559836679,52.835339089397536
2014-04-08,21.22557378,21.73953203,21.12638886,21.62231348,377591,22.5313883988,20.6034138055,22.40190039854459,18.804927212455404,22,18.058734389600005,20.924734780966983,0.0483350102196845,0.8545692212705488,57.06015411817924
2014-04-09,21.62231348,21.94331196,20.99113669,21.53214537,198911,22.494451933024,20.717025627999995,22.44746800751501,18.986583248484983,23,18.114737293000005,20.948554804066315,0.038402453561486,0.8615410818940809,56.07660806482489
2014-04-10,21.46902769,21.57903279,20.09847237,20.39602715,263140,22.45825419656352,20.794119364999997,22.309772930624657,19.27846579937533,24,18.163472849800005,20.92688705292646,0.0548615155564005,0.9057567489016464,45.44690141426301
2014-04-11,20.15257324,20.5222625,19.97223701,20.28782541,192479,22.363862923500974,20.85408116,22.177835049537727,19.530327270462266,25,18.213136619250005,20.901825812027383,0.0612337083096259,0.8803473732658145,44.580185408450085
2014-04-14,20.57636337,21.25262422,20.01732107,20.51324569,203708,22.22036536869092,20.892402607999998,22.127099771879724,19.657705444120264,26,18.263574847900003,20.886587375869446,0.0323836883510328,0.9057013573182564,46.85415814267245
2014-04-15,20.63046424,20.64849786,19.94293238,20.42307758,186779,22.085477667169464,20.873016463499997,22.124293895045327,19.62173903195466,27,18.312680760500005,20.86841052112947,-0.0118982308095663,0.8914059375098095,46.04038418304516
2014-04-16,20.63948105,21.35180914,20.2788086,21.29770828,127204,21.914074044195907,20.897812694999992,22.162049066635213,19.63357632336477,28,18.364161657400004,20.885245727359685,0.0214781067932642,0.904376980544823,54.32690984521589
2014-04-17,21.26164103,22.0370868,21.07228799,21.88380101,179253,19.94293238,20.95371692499999,22.286659976071157,19.62077387392883,29,18.418073482250005,20.924404758051462,0.0591852113679471,0.9086928255059072,58.88355763906304
2014-04-21,21.9559355,22.45186012,21.7647791,22.01905318,120426,19.9848154684,21.027203936999992,22.423418664144226,19.630989209855763,30,18.472250185100005,20.967332147147484,0.0980788661741012,0.8928634108269139,59.87833658695883
2014-04-22,22.12725491,22.20840622,21.70346478,21.92888507,132582,20.083497254464,21.11827373149999,22.500182361144844,19.73636510185513,-1,18.525329587350004,21.005040104906406,0.1114686177932859,0.8651546986249914,58.8559969830077
2014-04-23,21.96495231,21.96495231,21.45099407,21.50960334,171223,20.17823176908544,21.16358320799999,22.53437542084199,19.792790995157997,-1,18.57540166685001,21.02482689843949,0.1123458281534261,0.840069237294635,54.2202017700504
2014-04-24,21.76658246,21.93790188,21.36984277,21.67641435,193741,20.26917690312202,21.229856770999994,22.564781830297825,19.894931711702164,-1,18.626454752150003,21.05037934752029,0.1340593146061199,0.8206399424878751,55.714703876788455
2014-04-25,21.40591001,22.97483518,21.40591001,21.82970014,353692,20.35648423179714,21.301991261499992,22.602412640864447,20.001569882135534,-1,18.678156696950005,21.080940947225383,0.0905757769272995,0.8740888873101698,57.10061565264067
2014-04-28,21.97396912,22.48792737,21.2345906,21.63133029,286471,20.51358528868931,21.37592911399999,22.570369996290943,20.18148823170904,-1,18.728014645500004,21.102524843020465,0.0820170399004168,0.9011780217880148,54.71426082170703
2014-04-29,21.64936392,22.08217086,21.50509493,21.71248159,205383,20.66126028216795,21.432735024999992,22.57666413697077,20.28880591302921,-1,18.778013922850004,21.12644471545104,0.0235535517319385,0.8780278723745853,55.5329833155517
2014-04-30,21.63133029,22.22643984,21.20754016,22.01905318,249683,20.800074776037874,21.44085015499999,22.598911616873004,20.28278869312697,-1,18.827165861000005,21.16144896896276,-0.0060686479162622,0.8880901443478292,58.57955322885351
2014-05-01,22.04630449,22.16666441,21.3650219,21.69203754,351890,20.930560400275603,21.42224516999999,22.551246246181528,20.29324409381845,-1,18.876151942250004,21.182256363905395,-0.032616709619368,0.8819153133229843,54.30551508450975
2014-05-02,21.80104276,22.26431492,21.57939882,21.81921029,209072,21.053216887059065,21.409998822499997,22.515962073835013,20.30403557116497,-1,18.925215641800005,21.20723494924244,-0.0355933853129773,0.8678439409427712,55.660375552371455
2014-05-05,21.71928885,22.75483838,21.45585958,22.64583316,151304,21.16851398463552,21.478306747999987,22.70572324068746,20.25089025531252,-1,18.976678745000005,21.263650565350577,0.0091486417563998,0.8986392880182875,63.281422984627255
2014-05-06,22.49140911,22.75483838,22.1280584,22.19164477,182220,21.27689325635739,21.53156954349999,22.785445347449485,20.277693739550497,-1,19.024989342600005,21.300042494944677,-0.0210328206842818,0.8792207660169812,57.43961265739322
2014-05-07,22.29156622,22.29156622,21.14701147,21.70112131,151801,22.97483518,21.535509934999997,22.790995933683945,20.28002393631604,-1,19.0702302795,21.315771075927238,-0.0800910282047487,0.8981731934443398,51.870336897939616
2014-05-08,21.70112131,22.11897463,20.8563309,21.06525756,125370,22.9382787058,21.512165544499997,22.784285997051235,20.24004509194875,-1,19.112380050450003,21.305947016479102,-0.1090438797269505,0.9242068031983156,45.6864241353175
2014-05-09,20.91083351,21.95546681,19.74811123,21.8737129,187832,22.855000793568,21.586049831999997,22.757990619309755,20.414109044690232,-1,19.157984409600004,21.32821234524463,-0.0275020808500303,1.0158602872555789,53.30828115816082
2014-05-12,21.9009642,22.8910949,21.51944596,22.72758707,143062,19.74811123,21.708037914999995,22.82045193979355,20.59562389020644,-1,19.206947251900004,21.383089785431117,-0.0072610789469848,1.041273762451609,59.73517010205806
2014-05-13,20.84724714,20.89266598,19.69360862,19.92070282,529151,22.8910949,21.678410771499998,22.938316144220263,20.418505398779725,-1,19.238731508050005,21.32574127698284,-0.0747919249853324,1.1836098115622085,40.1641087374261
2014-05-14,19.95703789,20.22046716,19.64818979,19.85711644,271523,22.8910949,21.650112714499997,23.040223771985627,20.26000165701436,-1,19.26749446680001,21.268148146120765,-0.105873346673148,1.1399432085934793,39.8456235907265
2014-05-15,19.72085993,19.8861845,18.9941585,19.33934168,350101,22.7613786956,21.552194384499995,23.266006373146773,19.838382395853216,-1,19.293374676650004,21.192508676861127,-0.1432541533471139,1.122234836551088,37.255040386807714
2014-05-16,19.32117414,19.66635732,19.03049357,19.64818979,173248,22.535345483864,21.440413823499995,23.335203011119443,19.545624635880547,-1,19.319241783750005,21.13194715188618,-0.1344004606924116,1.0874940446545815,39.77048655476872
2014-05-19,19.52101704,19.93160334,19.34842545,19.5301008,105561,22.32287426483216,21.315966204499997,23.36320133867329,19.268731070326695,-1,19.343695680200007,21.069129647890644,-0.1367202806629193,1.051471462179254,39.12463073307594
2014-05-20,19.43017936,19.56098561,18.38554606,18.74889677,477966,22.123151318942227,21.1569667895,23.46627050011996,18.84766307888004,-1,19.365279081050005,20.978140123267483,-0.161573613354928,1.0603263255950215,35.06749809007482
2014-05-21,18.86698575,19.14858256,18.50363504,18.93057213,140468,21.82414289822685,21.028015229,23.52458602444763,18.53144443355237,-1,19.388835966050006,20.89784333921778,-0.1258870192676744,1.030656410909663,36.71115940091484
2014-05-22,18.92148836,19.31209038,18.70347793,19.2212527,254844,21.5490551511687,20.9052571465,23.501674184000443,18.308840108999554,-1,19.411745595800006,20.832094686699435,-0.0909758851159388,1.00051041370183,39.356252039732034
2014-05-23,19.25758777,19.68452486,19.11224748,19.62093848,146504,21.295974423875204,20.7948190635,23.412369649390136,18.177268477609857,-1,19.437985095250006,20.784598364868085,-0.0360663336326205,0.969922339865985,42.89059553914729
2014-05-27,19.73902746,19.73902746,19.31209038,19.51193327,177633,21.06314015476519,20.6888492125,23.333818327221607,18.043880097778384,-1,19.464360027400005,20.734689929775215,-0.0164694022948694,0.931137678446986,42.16877873679355
2014-05-28,19.43017936,19.54826834,18.9396559,19.19400139,240557,20.848932627183974,20.5629252025,23.240570351933812,17.88528005306618,-1,19.489115681400005,20.67427077135266,-0.0123893842513102,0.9081001614150582,40.05160572805496
2014-05-29,19.16675009,19.53464269,19.07682079,19.45743066,156242,20.651861701809256,20.4348440765,23.06629355278944,17.80339460021056,-1,19.513028710400008,20.626551551299613,-0.0224766502253853,0.8759374284568396,42.62214513704952
2014-05-30,19.45743066,19.45743066,18.9669072,19.09407995,141904,20.47055645046452,20.304946197,22.93181793302325,17.678074460976745,-1,19.535509607850003,20.566454625758453,-0.0243875921505886,0.848407859281351,40.069959373715285
2014-06-02,19.23942023,19.49376573,19.03957734,19.34842545,145031,20.30375561922736,20.181406955000003,22.743397310071607,17.6194165999284,-1,19.559410166700005,20.51868877572871,0.0022603197780444,0.8202493257612543,42.65835042106514
2014-06-03,19.17583386,19.43926313,18.85790199,19.34842545,261096,20.15029885448917,20.0165365695,22.335837743771517,17.69723539522849,-1,19.584878801150005,20.472796096288366,0.0144894850427413,0.8031858839211649,42.65835042106514
2014-06-04,19.34842545,19.95703789,19.2757553,19.5301008,528673,20.00911863093004,19.883459371,21.98332236384689,17.783596378153106,-1,19.61193629775001,20.435827653296663,0.0158269215832183,0.7944785057839387,44.639100882652535
2014-06-05,19.5301008,19.87528398,19.26667154,19.80261384,163783,19.95703789,19.7885339975,21.715684613738997,17.861383381261007,-1,19.640238044350006,20.41099573904974,0.0432178212257975,0.7812023582279429,47.564983882591854
2014-06-06,19.95703789,20.32947237,19.5028495,20.2931373,590641,18.38554606,19.7499279845,21.60272805150184,17.897127917498157,-1,19.669660963050006,20.40637383947916,0.1593979367841536,0.7844466804973756,52.43772784661127
2014-06-09,20.21138339,20.39305875,19.7299437,19.89345152,166312,18.4244245862,19.6509149155,21.23068738789519,18.071142443104808,-1,19.697588478750006,20.386259238715272,0.1100624220881674,0.775780135461849,48.48410559455545
2014-06-10,19.74811123,20.12054571,19.18491763,19.96612166,448213,18.503169952752,19.512841645,20.251836165637226,18.773847124362774,-1,19.726086418900007,20.369783255236243,0.1388987781689008,0.7871978457860024,49.23356813374261
2014-06-11,19.7844463,19.98428919,19.46651443,19.68452486,122497,18.57876550464192,19.501032747,20.22087993834845,18.781185555651557,-1,19.752052065750004,20.34291037699169,0.2111626131353831,0.7679533396584306,46.41564295053226
2014-06-12,19.58460341,19.73902746,18.94873966,19.01232604,136875,18.651337234456243,19.458793226999997,20.189170527101243,18.728415926898744,-1,19.774745477050004,20.290730599070443,0.2084945945709862,0.7695486582542568,40.46215033025438
2014-06-13,19.09407995,19.09407995,18.26745708,18.47638374,321683,20.39305875,19.41564533,20.26191714334012,18.569373516659876,-1,19.79659355925001,20.219579741851994,0.1933913278543829,0.7736253876646672,36.44806251224171
2014-06-16,18.49455127,18.49455127,18.14028433,18.44004867,142499,20.3505467166,19.355238274,20.29391943169982,18.416557116300176,-1,19.819650524550003,20.149794209622502,0.181325485618243,0.7436712128314766,36.18596031503689
2014-06-17,18.35829476,18.51271881,18.09150449,18.22203824,206268,20.262136221136,19.289835145999994,20.34564058358038,18.23402970841961,-1,19.84010853300001,20.074195936303976,0.1698773875687536,0.7206385776292283,34.57921409592325
2014-06-18,18.25837331,18.25837331,17.54075565,17.83143622,187099,20.13189831726784,19.2439621185,20.45770443199221,18.030219805007786,1,19.863051482400007,19.98624457488029,0.2118443282762926,0.720422797798569,31.85045774727753
2014-06-19,17.84960376,17.98586027,17.71334724,17.84960376,227072,19.924606903886414,19.1899137,20.54294358392607,17.836883816073925,2,19.883126635500005,19.902454739002632,0.1984456781080552,0.688429242955814,32.11877317636416
2014-06-20,17.95860897,18.36737852,17.73151478,18.27654084,259495,19.7338988035755,19.142678107,20.55279109236857,17.732565121631435,3,19.905070198250005,19.83869340962998,0.1996321232783445,0.6846745641732557,38.269609388703664
2014-06-23,18.27654084,18.63989156,18.18570317,18.60355649,153351,19.55844735128946,19.0918090075,20.50264273160668,17.680975283393316,4,19.928175458700004,19.790256667683707,0.2024582947607166,0.668211266018023,42.56267964084433
2014-06-24,18.60355649,19.33934168,18.51271881,19.04866111,282971,19.3970320151863,19.0686453995,20.46627806052297,17.671012738477017,5,19.953772549050004,19.761174488951013,0.2176090899963316,0.6795263805881644,47.876210429542965
2014-06-25,18.84881822,19.19400139,18.51271881,18.84881822,135722,19.33934168,19.051386241,20.45092456267902,17.65184791932097,6,19.977098181650003,19.725395811737247,0.2302723630177421,0.6796518234032956,45.82638935224124
2014-06-26,19.11224748,19.63910602,19.11224748,19.49376573,248480,17.54075565,19.0532029945,20.45493756990724,17.651468419092755,7,20.002465098200005,19.7163122791201,0.2275219475079693,0.6875543931602032,52.8434968874363
2014-06-27,19.30300661,19.83894891,19.28265897,19.53918457,497107,17.5827226574,19.0754582255,20.493125348597584,17.65779110240241,8,20.027112347850004,19.70936609444872,0.2177358707483604,0.6781783607916172,53.30223287970854
2014-06-30,19.59368718,19.87891749,19.49376573,19.52101704,215733,17.672971707504,19.084087805,20.51037126337977,17.65780434662022,9,20.051668759850003,19.70197985701936,0.16999591774859,0.6572478893065016,53.07980201555542
2014-07-01,19.59368718,19.82078137,19.33025791,19.70269239,261398,17.80532845445376,19.101801152,20.549416052933243,17.65418625106675,10,20.077015202350005,19.702007799489188,0.161684702486009,0.6453390014988942,55.09771703124868
2014-07-02,19.69360862,19.88436775,19.60277095,19.66635732,79084,17.929743796586536,19.108613977999998,20.56548042990348,17.651747526096507,11,20.10170658895,19.700609741470004,0.1953710369275691,0.6193574156775445,54.59202406657647
2014-07-03,19.68452486,19.92978659,19.55735211,19.91161905,48013,18.08611371285961,19.1140642385,20.582048334041858,17.646080142958134,12,20.12809766475,19.70888461631432,0.1829572174909718,0.6017200631291484,57.43206352910788
2014-07-07,19.98428919,20.07512687,19.34842545,19.52101704,215619,18.270481000573653,19.075458225499997,20.455347738274163,17.695568712725823,13,20.152772449600004,19.701517260380424,0.0490335083245116,0.6106473029056376,51.86812700773572
2014-07-08,19.42109559,19.55735211,19.248504,19.52101704,200170,18.487038504904813,19.056836501499998,20.40167475144353,17.71199825155646,14,20.175731198300003,19.694438820365505,0.1027330719262525,0.589090217698092,51.86812700773572
2014-07-09,19.62093848,19.98428919,19.33025791,19.85711644,137028,18.67760910871624,19.051386240499998,20.382250919282445,17.720521561717543,15,20.199926646700003,19.700818334860976,0.057479650957148,0.5937288650053709,56.11123189028265
2014-07-10,19.40292805,19.99337296,19.23942023,19.91161905,197531,18.845311240070288,19.06274095,20.418658451371776,17.70682344862822,16,20.224098744750005,19.70908502957231,0.0983449439837419,0.6051734267907014,56.77666366902896
2014-07-11,19.82986514,19.98428919,19.54826834,19.82986514,89234,18.992889115661853,19.103617905,20.499689586781592,17.707546223218408,17,20.244222927200003,19.713821504491044,0.1337995659352969,0.5930910998770796,55.41932783015734
2014-07-14,20.0115405,20.31130484,19.757195,19.98428919,168002,19.122757646182432,19.1790131775,20.594184614149107,17.763841740850886,18,20.26432042485,19.72442808039336,0.1715894700100245,0.5903067241715739,57.48676667933388
2014-07-15,19.90253528,19.95703789,19.42109559,19.5028495,180081,19.28915425331689,19.232153219,20.611709315412888,17.852597122587106,19,20.28059055135,19.7157387242995,0.1138766508072965,0.5883700724450327,49.74180556025822
2014-07-16,19.65727355,19.7299437,19.20308516,19.35750921,110759,20.31130484,19.2889267675,20.588679994327524,17.98917354067247,20,20.295749385450005,19.701690508052454,0.1250397611453064,0.5839763915561017,47.65450892584611
2014-07-17,19.30300661,19.62093848,19.05774488,19.24396212,237630,20.2891404464,19.3595530625,20.47532847949107,18.243777645508928,21,20.30918072905,19.683740375187657,0.1120391028708553,0.5824919064449514,46.0294356551087
2014-07-18,19.13949879,19.62093848,19.13949879,19.53918457,165403,20.239884623744,19.444032103,20.31974442134415,18.568319784655845,22,20.320928330700003,19.67807152008226,0.1419498368904994,0.5752738909845976,50.73355398473706
2014-07-21,19.43017936,19.59732069,19.15766632,19.35750921,130598,20.19259903399424,19.4980805215,20.193837095810704,18.80232394718929,23,20.333246872600004,19.66550044909864,0.0942851302227484,0.5655867823428405,47.96304623457453
2014-07-22,19.4755982,20.00245673,19.43926313,19.87528398,99336,20.147204867834468,19.561666896,20.141603223403987,18.98173056859601,24,20.350905822000005,19.673727254232027,0.075569092453838,0.571255406461209,55.43283955291826
2014-07-23,19.87528398,19.99337296,19.34842545,19.40292805,79989,20.10362646832109,19.579380243,20.11554785685563,19.04321262914436,25,20.363421874850005,19.66310767759548,0.0369382079282126,0.576519128142551,48.58142645330098
2014-07-24,19.5028495,19.59368718,19.07046215,19.25758777,239238,20.061791204788246,19.599818720499997,20.046775866034093,19.152861574965893,26,20.373998185000005,19.647204936121145,0.0174598718743387,0.5727124068466544,46.67002308302077
2014-07-25,20.02062427,20.21138339,19.38476052,20.12054571,216641,19.05774488,19.631157719499992,20.12897699460987,19.133338444390112,27,20.38888928485001,19.665767319410516,0.0337676709545467,0.5999326363576076,57.38976509039876
2014-07-28,20.12054571,20.25680223,19.59368718,20.0660431,144783,19.07046215,19.657500645999995,20.187766125125723,19.127235166874268,28,20.402117313200005,19.681464408845397,0.0685965188254114,0.604445665903493,56.61572691619021
2014-07-29,20.17504832,20.43847759,19.64273952,19.92070282,193433,19.1179157532,19.677484934999992,20.21573535354516,19.139234516454827,29,20.413642291350005,19.690846307322044,0.1088096594407731,0.6181094090532436,54.50459942693766
2014-07-30,20.10237818,20.10237818,19.68452486,19.83894891,69000,19.197149463408003,19.684297760999996,20.22708215148892,19.141513370511067,30,20.424640153700004,19.6966542525251,0.0646311606288276,0.6038054026922975,53.30062598784494
2014-07-31,19.57551964,19.57551964,18.58538895,18.73072924,203292,20.43847759,19.637516356999992,20.32136949070744,18.953663223292544,-1,20.42864718835001,19.658774840269214,0.0299937253360641,0.6502164424999906,40.30392559909436
2014-08-01,18.79490696,19.14330036,18.37316759,18.55653254,106231,20.4014158172,19.56976203149999,20.38705711850788,18.752466944492102,-1,20.434031831550005,19.61554965202336,-0.0016393933586782,0.6587818944642769,38.706278103642376
2014-08-04,18.65738326,18.79490696,18.15312965,18.67571975,125013,20.320285888112,19.527497166999996,20.43315333218893,18.62184100181106,-1,20.4417283582,19.57869357743421,0.060309120224486,0.657567281288257,40.44576311987831
2014-08-05,18.60237377,18.60237377,17.91475522,18.24481213,280967,20.19025651382528,19.463686921499992,20.52809938020266,18.39927446279732,-1,20.446027748850003,19.52638450106424,0.0070096318066458,0.6649527990533814,36.42137181610648
2014-08-06,18.1806344,18.45568181,17.92392347,18.06144718,106852,20.008216410319257,19.373903458499992,20.583460196586863,18.16434672041312,-1,20.45062335605001,19.468935978669563,-0.0359645969264934,0.6554389091209973,34.83306048047496
2014-08-07,18.10728842,18.10728842,17.22713668,17.42883812,209673,19.84073951509372,19.249764411999998,20.69897582305268,17.80055300094731,-1,20.450665359500004,19.38893214107468,-0.120823909958455,0.6714898256123546,29.976161003042375
2014-08-08,17.38299688,17.52052059,17.07127647,17.17212719,210798,19.579379231584344,19.116877514499997,20.79782662679933,17.435928402200652,-1,20.4500155085,19.30199861358156,-0.1597206996880186,0.6556151323543292,28.25449588598471
2014-08-11,17.35549214,18.0064377,16.99793049,17.62137131,278150,19.278406900194224,18.9987316205,20.74989787978096,17.24756536121903,-1,20.451907768100003,19.236091660499927,-0.1261795638107048,0.6808217093290198,35.261873468604804
2014-08-12,17.52968884,17.93767584,17.52052059,17.91475522,266162,18.95914020276703,18.9193269065,20.715304866638764,17.12334894636123,-1,20.45497105725001,19.18427454518621,-0.0188330741015511,0.6619883908055184,39.42296630544849
2014-08-13,17.91475522,18.52902779,17.77723151,18.50152305,170827,18.68457084297965,18.876527598499997,20.669491897231183,17.0835632997688,-1,20.461086558400005,19.15749997674753,0.0392566577420757,0.6684032400336957,46.78944226246739
2014-08-14,18.44651357,18.70322449,18.19897089,18.6665515,181052,16.99793049,18.847657067499995,20.634610707960164,17.060703427039826,-1,20.46784968465,19.13824709530645,0.1075327292986588,0.6566782657455746,48.67968800768339
2014-08-15,18.96910366,19.1891416,18.56570078,19.0149449,500850,17.03203637,18.821445084,20.582243206237557,17.06064696176244,-1,20.467183012400003,19.133411715098354,0.1273768387877671,0.6543041624780335,52.51477108166893
2014-08-18,19.1891416,19.38167479,18.89575769,19.27165582,174139,17.1183205792,18.817152414499997,20.573114063043334,17.06119076595665,-1,20.47182363615001,19.13883305254548,0.1537250779841255,0.6422765151581741,55.17295315239568
2014-08-19,19.25331933,19.52836675,19.0149449,19.05161789,155569,17.254121831848,18.77596911,20.46821122705505,17.083726992944946,-1,20.475867038450005,19.13541285009272,0.1035127136823886,0.6330726105040189,52.46207769596631
2014-08-20,18.97827191,19.01036078,18.22647563,18.28148512,190983,17.43606142530016,18.719896963499995,20.399597657393706,17.040196269606287,-1,20.4760597769,19.10192548812829,0.0763737129432534,0.6467918711823033,44.264402965090085
2014-08-21,18.90492593,19.00944395,17.95142821,18.12562491,217817,17.60344585127615,18.6632988205,20.342998375759294,16.9835992652407,-1,20.475561972900003,19.063639190946795,0.0572994090538312,0.6761650046692818,42.80656286925158
2014-08-22,18.10728842,19.28999232,18.10728842,18.93243067,396503,17.757439523174057,18.603893068499996,20.152133073650237,17.05565306334975,-1,20.478233453350004,19.058493758752803,0.0519010171048925,0.7123463543357617,51.67842488483412
2014-08-25,19.02411315,19.17997335,18.86825294,18.95993542,89586,17.899113701320132,18.5485876845,19.95663209425367,17.14054327474632,-1,20.480446083650005,19.054628725860532,0.0287585064171648,0.6837302154546359,51.952056817615656
2014-08-26,18.95993542,19.52836675,18.90951006,19.37250654,567061,18.02945394521452,18.521177870499997,19.839818206338755,17.202537534661232,-1,20.48665978690001,19.067094522493456,0.1018566793421551,0.6790963922078762,55.97888024605887
2014-08-27,19.33583356,20.06929334,19.33583356,20.0417886,412951,18.14936696959736,18.531319855,19.89277062220656,17.16986908779343,-1,20.49356603805,19.105317819650576,0.177189072620455,0.6829794913358851,61.60102993656093
2014-08-28,19.89509664,20.17014406,19.84008716,20.05095685,368233,18.341359606637624,18.5973312355,20.11061398530403,17.084048485695963,-1,20.500249759050003,19.14240170319369,0.220441840976835,0.6577707348118932,61.67324126898065
2014-08-29,20.07846159,20.17014406,19.91343314,20.07846159,113238,18.56081374104111,18.673427688,20.31820077849475,17.028654597505245,-1,20.506564085550004,19.17910993404884,0.2376760077411311,0.6291236051824722,61.90469438120369
2014-09-02,20.09679808,20.59188344,20.07846159,20.44519148,353788,18.753933379316177,18.7619012745,20.57898590472539,16.944816644274606,-1,20.5133105869,19.22876019075281,0.2412353568003847,0.6208591940980099,64.94446607045913
2014-09-03,20.49103272,20.81192137,20.25265829,20.27099478,424194,19.011246387811912,18.863210406999997,20.777038716197836,16.949382097802154,-1,20.5166216935,19.26963213542917,0.1633479091364038,0.6164594716624379,62.39754601938687
2014-09-04,20.29849952,20.82108962,20.21607698,20.45435973,198056,19.299354384962005,18.9828560345,20.97866786720113,16.98704420179886,-1,20.520581257950003,19.316092041098614,0.1623692817900889,0.6156418408294064,63.99806239164755
2014-09-05,20.34434076,20.80275312,20.33517251,20.66522941,138180,19.573266727268845,19.144675599,21.135053524151623,17.15429767384837,-1,20.52654937165,19.36899938889867,0.1960368439515166,0.6050660386273059,65.80083887398389
2014-09-08,20.67439766,20.70648653,20.4497756,20.7019024,169959,19.79787484796045,19.3211643595,21.203666091605523,17.438662627394468,-1,20.532104471950003,19.421270095216368,0.249704252929873,0.5801835308682126,66.11859525574404
2014-09-09,20.62855642,20.7202389,20.25265829,20.31683602,255807,19.98205350692757,19.455937595,21.21422386299801,17.69765132700198,-1,20.5376128221,19.456390327560825,0.2037261531373446,0.5721404650919116,59.83238230557876
2014-09-10,20.28933127,20.44519148,19.94093788,20.14263932,101344,20.82108962,19.5673318,21.198650025798194,17.9360135742018,-1,20.53938759055,19.48330205275452,0.1605604049959831,0.5672914032996321,57.18371831591506
2014-09-11,19.96844262,20.3718455,19.93176963,20.17931231,244630,20.8034865852,19.651221263,21.226265312041363,18.07617721395863,-1,20.54262792735,19.5105965726465,0.1339901452676601,0.5582045794925153,57.60917322471848
2014-09-12,20.22515354,20.63772467,20.05095685,20.31683602,470686,20.768617906992,19.733735488999997,21.266126776813085,18.201344201186902,-1,20.5451245881,19.54221380587605,0.0911203153147766,0.5602448109573358,59.24465282018965
2014-09-15,20.30766777,20.30766777,19.70256345,19.71173169,220825,20.73514397591232,19.7685748285,21.26528214522057,18.27186751177942,-1,20.54393971325,19.54886156603777,0.0133057823509838,0.5641039366032404,50.08786541532241
2014-09-16,19.49169376,19.70256345,19.11579562,19.17997335,197994,20.67318914435758,19.763990704999998,21.26730483553593,18.260676574464057,-1,20.5395891329,19.53439536148727,-0.0340300792212857,0.5663776604172946,43.69629831195087
2014-09-17,19.16163686,19.50086201,19.0149449,19.15246861,131473,20.548597662408973,19.769033240999995,21.263405522399825,18.274660959600165,-1,20.533550964,19.519417841821102,-0.019691084246612,0.5606304782446306,43.38789338284561
2014-09-18,19.28082407,19.42751603,19.00577665,19.29916057,139468,20.395232386168075,19.8199170135,21.17061611586625,18.46921791113374,-1,20.525428402400003,19.510780301749687,0.0220869404136433,0.5507096855128711,45.59341627743159
2014-09-19,19.26248758,19.26248758,18.29982161,18.50152305,423518,20.228497697827905,19.8387119205,21.10223178707053,18.575192053929463,-1,20.510768167650003,19.4712015859948,0.0027985142219682,0.5827546336905234,37.124198711591326
2014-09-22,19.06995438,19.1708051,18.55653254,18.81324346,356980,19.958483045532,19.83275256,21.11430956965748,18.55119555034252,-1,20.5009763934,19.445399306544022,-0.03722681277114,0.5889351634269145,41.68329222935007
2014-09-23,18.684888,19.03328139,18.59320552,18.76740222,269463,19.72627044455752,19.8231259,21.13333580535223,18.51291599464777,-1,20.49359435415,19.41881118550308,-0.0394855155264647,0.5783023567535633,41.21006032141881
2014-09-24,18.82241171,18.84991645,18.40525645,18.58403728,158790,19.526567607719464,19.783702437,21.18972154016508,18.37768333383492,-1,20.48587695185,19.38607495391473,-0.1033071158293845,0.5687564741283088,39.2886347281929
2014-09-25,18.55653254,18.64821501,18.06144718,18.07978368,167193,19.354823168038735,19.685602191,21.268555512481257,18.102648869518745,-1,20.4751910034,19.334847845133755,-0.2183422877260395,0.5700429995477155,34.52178988744032
2014-09-26,18.09812017,18.3364946,17.79190071,18.14396141,98727,19.14788300995254,19.590252419,21.298470600633845,17.88203423736616,-1,20.4646917601,19.28814641630498,-0.2468711070288167,0.568225206008593,35.59286053429477
2014-09-29,18.02477419,18.19897089,17.75889502,17.96976471,193291,18.90380619596108,19.484817575,21.315410313656404,17.654224836343598,-1,20.455110646,19.23644517292047,-0.2512502181263896,0.5590716820079791,33.96865878884266
2014-09-30,17.99726945,18.07061543,17.58469832,17.59386657,289307,18.674823960768865,19.3422513295,21.291724276370346,17.39277838262965,-1,20.4407427331,19.17203032574712,-0.347212600318724,0.5538463554359805,30.71181112741155
2014-10-01,17.63053956,17.88725048,16.72288308,16.91541627,419856,18.45679883261509,19.174472404,21.340860758161348,17.00808404983865,1,20.4209698169,19.083535656894288,-0.322701856445263,0.5974550014762675,25.887440126661403
2014-10-02,16.90624802,17.3096509,16.50284514,17.27297791,193731,18.110015682092072,19.015403313,21.248683534309198,16.782123091690806,2,20.39998794515,19.0125333923102,-0.2759961264483345,0.6124086270851056,31.95416606085503
2014-10-03,17.47467935,17.67913127,17.11253359,17.3279874,229030,17.88725048,18.8485412125,21.062419702205048,16.63466272279495,3,20.37793928635,18.94647276516078,-0.2943119946299009,0.6091364165790265,32.86467670634026
2014-10-06,17.3279874,17.57553007,16.94292101,17.33715564,126193,17.67913127,18.6803038745,20.815230217743604,16.545377531256392,4,20.3506138585,18.88336228966428,-0.325384808103676,0.6108130339662389,33.02552846758633
2014-10-07,17.17212719,17.41966987,17.05293998,17.1354542,145791,17.67913127,18.5212347835,20.61846228640433,16.424007280595667,5,20.3228613851,18.81481687438333,-0.3101819960878642,0.593378523682936,31.251528111702925
2014-10-08,17.10794946,17.68554904,16.71371483,17.60303482,183747,16.50284514,18.3942545585,20.38841979467585,16.400089322324146,6,20.29731263135,18.76729600950555,-0.2676189248230694,0.6204110727055835,39.38071195425231
2014-10-09,17.52968884,17.52968884,17.04377173,17.27297791,171549,16.526499218,18.2489378385,20.121474412770866,16.37640126422913,7,20.2695768592,18.70869529972102,-0.2806642598844603,0.6160433596551849,36.132811830769214
2014-10-10,17.14462245,17.40133338,16.69537833,16.69537833,157286,16.549680214440002,18.067864954,19.800698620413776,16.335031287586226,8,20.23913200045,18.62974169306529,-0.3277183997012415,0.622465623251243,31.27210971862982
2014-10-13,16.74121957,17.46551111,16.64036885,17.11711771,237519,16.5723975909512,17.938134255,19.54303823769001,16.333230272309997,9,20.21303222945,18.570423105494104,-0.2679287727929584,0.6369425258761542,37.84662765311242
2014-10-14,17.3096509,17.63970781,17.11711771,17.61220306,198124,16.594660619932178,17.8597457405,19.364388926784702,16.355102554215293,10,20.19003407465,18.532845848808066,-0.1905613304530069,0.628774495456429,44.552199614908346
2014-10-15,17.3279874,18.14396141,17.16295895,18.02477419,298126,16.616478388333533,17.8033610195,19.189887097634703,16.416834941365295,11,20.1683831304,18.51292147003128,-0.1200099520580136,0.6539336357809697,49.446861486429
2014-10-16,17.76806327,18.21730739,17.27297791,17.35549214,280858,16.677577709200193,17.706177598000004,18.921624076985648,16.49073111901436,12,20.1410599294,18.46753208453985,-0.1785830375045423,0.6746761960823289,42.84016264405736
2014-10-17,17.63053956,17.96976471,16.49367689,17.89641873,282949,18.21730739,17.675922382000003,18.83969731340014,16.512147450599866,13,20.11845411315,18.445135482401035,-0.0718724106702361,0.7319198835050197,48.79502557353184
2014-10-20,17.76806327,18.10728842,17.42058669,18.05227893,282874,18.21730739,17.6378741555,18.69532884679812,16.58041946420188,14,20.0924679109,18.42972934309119,-0.0055381474746675,0.7286900153975182,50.39848261634008
2014-10-21,18.18980264,18.51985955,18.0064377,18.46485006,246111,16.49367689,17.622746547500004,18.622199470692888,16.62329362430712,15,20.06970748755,18.431106626107223,0.0516456969612537,0.7133137178691241,54.46342012598503
2014-10-22,18.40984058,18.84991645,18.40067233,18.43734532,276430,16.5342005432,17.6154119495,18.58834011638677,16.642483782613226,16,20.04591498415,18.43135128076969,0.0055896211372257,0.6944516037356152,54.14484678289988
2014-10-23,18.62987851,18.83157995,18.39150408,18.684888,172689,16.626829179472,17.6456671655,18.70800199465785,16.583332336342153,17,20.02282346035,18.44129389721009,0.05337435254163,0.6762819084687853,56.60504979086913
2014-10-24,18.73989748,18.75823398,18.45568181,18.59320552,123015,16.71575267029312,17.668129371,18.789041250840484,16.547217491159515,18,19.9986473347,18.44725121575087,0.0441917434741843,0.6495869271495863,55.41910826309034
2014-10-27,18.71239274,19.02411315,18.53819604,18.95993542,157768,16.801119221481397,17.7176379065,18.967515844587595,16.467759968412402,19,19.9775125096,18.4673564786626,0.0722977950914116,0.6378962259246161,59.109521067535965
2014-10-28,19.09745913,19.32666531,18.8407482,19.24415108,286516,16.934498857192512,17.800152132,19.213638989209688,16.386665274790314,20,19.9603929762,18.49781901204838,0.1769472931437946,0.6270405747871435,61.75205555428646
2014-10-29,19.40917953,19.59254448,18.97827191,19.29916057,243350,17.12587217341711,17.919339346999998,19.413988629261382,16.424690064738613,21,19.939344075449995,18.529244171183738,0.2522058878142704,0.6261285744452048,62.26041383083604
2014-10-30,17.49301585,18.87742119,17.49301585,18.61154202,736382,17.3725394040754,17.9862675525,19.479027152989016,16.493507952010983,22,19.915125448849995,18.532471537803985,0.2812682319553665,0.7104154419848331,52.81144348664182
2014-10-31,19.08829088,19.62004922,18.67571975,18.97827191,338334,17.49301585,18.068781778,19.5890596514289,16.548503904571096,23,19.89229319355,18.54995390534108,0.261567412250177,0.7317077104144876,56.59496334373009
2014-11-03,19.03328139,19.77590943,18.81333514,19.62921747,395479,17.49301585,18.1833848695,19.80777579742486,16.55899394157514,24,19.87405750055,18.59227796670025,0.2948208234703032,0.7481981803848813,62.36333809282901
2014-11-04,19.52836675,19.77590943,19.17997335,19.19830985,258141,17.8126209512,18.286527652,19.89353572851684,16.679519575483152,25,19.854651281399995,18.616043922908087,0.2581802357875713,0.7373223160716753,56.966299348953896
2014-11-05,19.35417005,19.43210015,18.55653254,18.76740222,172707,18.087481338232,18.344746022,19.93274256586236,16.75674947813764,26,19.835326915,18.62197954240189,0.2131833683083768,0.7471969799236986,52.10972893472701
2014-11-06,18.76740222,18.84143537,18.43425307,18.55455693,173623,18.32386127107952,18.408824973,19.920239979448297,16.8974099665517,27,19.81337284855,18.619335518386126,0.2015707042115624,0.7229102170720058,49.84907876061097
2014-11-07,18.38798235,18.75814808,18.32320335,18.48977793,213165,19.77590943,18.498544953,19.78940025822978,17.20768964777022,28,19.79315236665,18.614254828645493,0.2194586629383063,0.7023412537097197,49.15021130630209
2014-11-10,18.5267945,19.18383866,18.32320335,19.17458452,124233,19.7468553084,18.6014182935,19.756283383450928,17.446553203549065,29,19.78221526175,18.636228542031944,0.2402680414442601,0.7136479720161681,56.14917614224632
2014-11-11,19.20234695,19.43370052,18.921021,19.28563424,104463,19.718382269232,18.6850898525,19.782190847621425,17.587988857378573,30,19.7693286477,18.66169543214834,0.2188557777970267,0.6992930825864417,57.17847388482014
2014-11-12,19.11905966,19.25787181,18.87845194,19.1283138,154233,19.69047869084736,18.740266833,19.80963053889561,17.670903127104385,1,19.76236460405,18.67999419167193,0.1899328326476071,0.6784280266874101,55.20165127254819
2014-11-13,19.1930928,19.43370052,19.03577237,19.10055137,96753,19.66313318403041,18.8275197945,19.696730481140804,17.958309107859193,2,19.7510573334,18.69648663003774,0.2315700770382853,0.6583923212097379,54.84132157269892
2014-11-14,19.05428066,19.23936352,18.83865912,18.96173923,124676,19.636334587349804,18.8807858195,19.638671874922604,18.122899764077392,3,19.7383850848,18.70688869278136,0.1746875626159593,0.6399860411233282,52.97919995120191
2014-11-17,18.89696022,19.23936352,18.74889394,19.00800994,165799,19.61007196260281,18.92857237,19.585237823291955,18.27190691670804,4,19.7255416394,18.718697369142877,0.1291741118606786,0.6293062939002336,53.545428789003495
2014-11-18,19.08204309,19.27638009,18.9987558,19.05428066,153326,19.584334590350757,18.9580439,19.580850508748828,18.33523729125117,5,19.71096152365,18.731857498196096,0.0680293821123558,0.6041861507645025,54.14015804201769
2014-11-19,19.05428066,19.1283138,18.80441879,19.01726409,132628,19.55911196554374,18.9870398385,19.562366717796635,18.411712959203363,6,19.6963305085,18.74304991356096,0.1333739921014458,0.5841653549956095,53.54952052257613
2014-11-20,18.89696022,19.02651823,18.70262322,18.91546851,94768,19.534393793232866,18.998568864,19.55824259809508,18.43889512990492,7,19.68069850945,18.7498114271468,0.1292825177968079,0.5655746160673518,51.87355546848527
2014-11-21,19.17458452,19.35966738,18.9339768,19.18383866,133837,19.510169984368208,19.028100521,19.560779885069767,18.49542115693023,8,19.6652454379,18.766832102944964,0.1370427721147943,0.5569049199196839,55.80101434206799
2014-11-24,19.20234695,19.69281653,19.0635348,19.6650541,171012,18.32320335,19.063356455,19.66251257617248,18.46420033382752,9,19.65242208265,18.80205649498634,0.1459382777259579,0.5620746920682781,61.81797118779237
2014-11-25,19.78535796,20.57196013,19.67430825,20.5441977,342144,18.3505956136,19.128358786,20.008204036421404,18.2485135355786,10,19.643502439399995,18.87037575792805,0.1745019205710821,0.5867055019205439,69.88410345820338
2014-11-26,20.59972256,20.70151813,20.40538555,20.51643527,86933,18.439450194256,19.189222521,20.25638075806709,18.122064283932904,11,19.63502544565,18.93492711134264,0.1732234832782357,0.5659502932119338,69.38561156500327
2014-11-28,20.6089767,20.72002642,20.2017944,20.42389384,68461,18.57517427040064,19.279840112,20.439202097184324,18.120478126815676,12,19.62487809365,18.99331796344685,0.0740388631209973,0.5625418451253671,67.65327629240763
2014-12-01,20.44240212,20.48867284,19.47997124,19.71132482,207984,18.74676244236859,19.3164927575,20.481736801277076,18.15124871372292,13,19.61089952965,19.021475095076383,0.0795539534407137,0.5944103990449836,56.04927117850037
2014-12-02,19.70207068,20.23881098,19.6002751,20.05372811,110771,18.9046235605791,19.3377182895,20.539856148714374,18.13558043028562,14,19.59684386945,19.061955605465545,0.0129656517017091,0.597562219113199,59.63228831348073
2014-12-03,20.08149054,20.6089767,19.73075852,20.53494355,123361,19.04985578933277,19.4045499745,20.71223963888988,18.096860310110124,15,19.58528374205,19.119719838584544,0.1302515563014964,0.6176090734622564,64.06606567321029
2014-12-04,20.4794187,21.05317557,20.29896291,20.93287171,267802,19.183469439786148,19.512823449000003,20.94429880347102,18.081348094528984,16,19.5762947171,19.19082383354201,0.2153343871243913,0.6273664725006666,67.26766205273672
2014-12-05,20.92361757,21.51588272,20.79405956,20.94212585,345835,19.37044005280753,19.632201895,21.121175690402005,18.143228099598,17,19.5805466689,19.259502343991347,0.1625721776958358,0.6341133787506189,67.34053845186872
2014-12-08,21.00690485,21.70096559,20.5441977,21.35856229,300527,19.62789317287063,19.775641113,21.347194887414428,18.20408733858557,18,19.58799899835,19.34181842030541,0.2104041345235136,0.6714458438398603,70.52119712095802
2014-12-09,21.07168385,21.69171144,20.72002642,21.62693244,324430,19.91812331126874,19.898258509,21.636891095993704,18.15962592200629,19,19.5946015155,19.43143073480324,0.2438792543704444,0.6928914992798701,72.3875073065738
2014-12-10,21.47886615,21.70096559,20.39613141,20.57196013,222230,20.16772123029112,19.9625748035,21.700967741082803,18.224181865917192,20,19.5959291711,19.47615737775213,0.1790462094249406,0.7366016907598795,57.08708588804005
2014-12-11,20.59972256,20.6737557,20.22955683,20.41463969,335739,21.70096559,20.026891098,21.731924209236748,18.32185798676325,21,19.59611240195,19.51296060568342,0.1429850306722654,0.7157157749913168,55.21291485427635
2014-12-12,20.10925297,20.23881098,19.37817567,19.43370052,234910,21.70096559,20.0435485555,21.71829688909634,18.36880022190366,22,19.59188686155,19.50985236702917,0.1026773481678504,0.7386263639205085,45.239747116380464
2014-12-15,19.51698781,19.64654582,19.35041324,19.57251267,180414,21.6080539932,20.074087227499994,21.690058828943663,18.458115626056323,23,19.58849063405,19.51230963381234,0.1357955367328728,0.7070196650690435,46.70676240596647
2014-12-16,19.47997124,19.99820325,19.31339666,19.81312039,146272,21.472595548008,20.114342749999995,21.660692894623025,18.56799260537697,24,19.5831866453,19.524106134054996,0.1509768218985507,0.7054330168498261,49.24490267945708
2014-12-17,19.80386625,20.77555128,19.7298331,20.76629713,145627,21.29985963696736,20.1999435735,21.690631784236608,18.709255362763383,25,19.58364038945,19.572819506444997,0.2103898532172423,0.7297390999319812,57.816055918828056
2014-12-18,20.99765071,21.02541314,20.43314798,21.016159,223612,21.14094259880997,20.299888319,21.72666472242465,18.873111915575343,26,19.584486845899995,19.629421055211857,0.2487010422819631,0.7199195327939825,59.735574561997446
2014-12-19,20.96063414,21.5528993,20.70151813,21.43259544,309435,19.31339666,20.425744665499995,21.78427809108633,19.06721123991366,27,19.59142796555,19.70013377618394,0.2811240628284808,0.7293096497372694,62.77578808474444
2014-12-22,21.38632472,21.57140758,20.61823084,21.24751257,238896,19.3581867128,20.528928360999995,21.805494050982677,19.25236267101732,28,19.60357510255,19.76081529751006,0.286533717673343,0.7453001561846072,60.58621918704179
2014-12-23,21.41408715,21.41408715,20.96063414,21.00690485,162529,19.446715547488,20.596020898499997,21.82404813090658,19.367993666093408,29,19.6146544531,19.80968155447045,0.221924867590036,0.7244539314571352,57.765480544143536
2014-12-24,21.12720871,21.28452915,20.84033028,21.145717,52295,19.53170322878848,20.626096863499995,21.876828113956982,19.375365613043005,30,19.624083493499995,19.86207510135396,0.1639401624013369,0.7044357127816256,58.95282007702526
2014-12-26,21.275275,21.28452915,20.86392834,21.05317557,80015,19.613291402836936,20.6529338785,21.916073566208283,19.38979419079171,-1,19.635078609299995,19.90878492365381,0.1675805830117092,0.6841617911543666,57.7864752051494
2014-12-29,21.03466728,21.09019214,20.72002642,21.03466728,165442,19.691616049923457,20.6834725505,21.95250511069328,19.41443999030672,-1,19.644808998149998,19.952937172922287,0.1937495898328148,0.6617335003576261,57.54127734786511
2014-12-30,20.92361757,21.18273357,20.84958442,20.98839657,72419,19.76680771112652,20.747326138,21.94052184945492,19.554130426545075,-1,19.651016897349997,19.99354342378808,0.2251094941618641,0.6382631896177957,56.89135526001187
2014-12-31,21.11795457,21.50662858,20.97914242,21.02541314,191113,19.838991705881455,20.7959103895,21.950693970568896,19.641126808431107,1,19.6520899607,20.034008902855213,0.1712091058161378,0.6303505446450962,57.306801833586526
2015-01-02,21.17347943,21.38632472,20.76629713,21.25676672,139807,19.9082883408462,20.832001548,21.996978717487757,19.66702437851225,2,19.65436487605,20.081960189802068,0.1654115697553393,0.6296131907418749,59.90743663347934
2015-01-05,21.09019214,21.20124186,20.17403197,20.5441977,165524,19.97481311041235,20.8125678475,21.983120017902813,19.64201567709719,3,19.6532572825,20.1000871509863,0.1129780874893057,0.6619790164031697,49.837778006773554
2015-01-06,20.61823084,20.63673913,19.61878339,20.23881098,330773,21.57140758,20.777402104000004,21.97227791301505,19.58252629498496,4,19.6517047727,20.105527301143702,0.182054090554353,0.6874059252315146,46.24978473203802
2015-01-07,20.44240212,20.72928056,20.1370154,20.45165627,129780,21.5323550962,20.732056803000003,21.90388275039741,19.560230855602597,5,19.653425608149995,20.11910098619689,0.1603940289466742,0.6806101562864064,49.00538276170554
2015-01-08,20.66450156,21.12720871,20.56270598,20.8033137,116911,21.494083662076,20.69087586600001,21.78962406310397,19.59212766889604,6,19.654425107599995,20.145932857326425,0.0876290113793306,0.6802488908373775,53.26812705685267
2015-01-09,20.75704299,21.09944628,20.64599327,20.77555128,160636,21.45657765663448,20.7010554235,21.798980239582537,19.603130607417462,7,19.65654814855,20.170623775862644,0.1152358063776388,0.6640491850632789,52.89222131662577
2015-01-12,20.72002642,20.88660099,20.30821705,20.76629713,130623,21.41982177130179,20.718638295500007,21.808889080316163,19.62838751068385,8,19.65844458255,20.19398351524058,0.1613937927589679,0.6579302389873306,52.758571472565215
2015-01-13,20.86809271,21.28452915,20.53494355,20.86809271,153320,21.38380100367576,20.790357905000004,21.708141251583783,19.872574558416225,9,19.6620221799,20.220419169937028,0.222305664949277,0.6644770504882356,54.13156239834319
2015-01-14,20.59046841,21.00690485,20.55345184,20.72928056,195146,21.34850065140224,20.848196299500007,21.57830713826669,20.11808546073332,10,19.66278676585,20.24037451856695,0.1808304302269192,0.6494039047390759,51.91577919968506
2015-01-15,20.96063414,21.080938,20.34986069,20.7385347,160210,21.3139063061742,20.894467015000007,21.45359725566718,20.335336774332838,11,19.65719568645,20.25991021195648,0.1629048671150412,0.6552377194005705,52.05667502346001
2015-01-16,20.72928056,21.33079986,20.44240212,21.28452915,192819,19.61878339,20.920378616000004,21.500968980811184,20.339788251188825,12,19.653297646,20.30009134678172,0.1694294486575754,0.6718920065862439,59.58173624558902
2015-01-20,21.31229158,21.61952913,20.98654574,21.32154572,184653,19.6530237194,20.935647952000004,21.541044346025178,20.33025155797483,13,19.6495846884,20.34014838102557,0.1096442687421678,0.6691128196872265,60.03967096556084
2015-01-21,21.210496,21.79350702,21.210496,21.79350702,150073,19.731683935824,20.95369353100001,21.634131108707592,20.27325595329242,14,19.65215385025,20.39714283745594,0.0924869653909125,0.6629626911381389,65.41932431387198
2015-01-22,21.80276116,22.33024732,21.64081366,22.32099317,291125,19.85539332087456,21.007367561,21.90631551622181,20.108419605778195,15,19.6581268718,20.472587948536106,0.1550997483891097,0.6648534746282719,70.24133373687721
2015-01-23,22.36726389,22.90400419,22.20068931,22.83922519,326007,20.0533816408046,21.09898357800001,22.301345370339565,19.896621785660447,16,19.66421143035,20.56539725212292,0.2642739116167816,0.6676007178691095,74.06729267041106
2015-01-26,22.71892133,22.86328596,22.26546832,22.45055118,276978,20.33844389572414,21.164225287000004,22.503463186446577,19.82498738755343,17,19.6688034594,20.63932485713771,0.2132238197618082,0.6626162123070302,67.09954583003993
2015-01-27,22.23770589,22.8854959,22.22660091,22.76519204,105384,20.59499992515173,21.249826110500003,22.757937727155724,19.74171449384428,18,19.680649283849995,20.72269219764211,0.2323244009082756,0.662350410713671,69.59327795213683
2015-01-28,22.8854959,22.90400419,22.2839766,22.36726389,108989,20.82590035163655,21.316455941000008,22.89668291355288,19.73622896844714,19,19.69104647625,20.78718520518556,0.1814065909843359,0.6593273520912658,63.08116618545614
2015-01-29,22.37651803,22.90400419,22.2191976,22.8854959,100928,21.033710735472894,21.411310907500003,23.12361348429907,19.69900833070093,20,19.7029077273,20.86947189909985,0.2097578069718766,0.6611472976561752,67.36421366967508
2015-01-30,22.6263799,22.86328596,22.0896396,22.11740203,272459,21.22074008092561,21.465910352,23.195067728995017,19.736752975004983,21,19.71137934955,20.91841033560574,0.179319380569051,0.6707693692521625,56.83909876299072
2015-02-02,22.14516446,22.66154564,21.53439101,22.16367274,164859,21.38906649183305,21.511255653000003,23.26350754909979,19.759003756900217,22,19.71570917185,20.967244155385902,0.1613885336362182,0.7033683164484366,57.27219531751518
2015-02-03,22.2839766,22.85773347,22.27472246,22.50607604,152438,21.53439101,21.60934957,23.3537091501217,19.8649899898783,23,19.718820547,21.027590503802145,0.1659466839227009,0.7027034888449768,60.43600819140208
2015-02-04,22.42278875,22.90400419,22.42278875,22.71892133,122160,21.53439101,21.7333550875,23.42209294876279,20.04461722623721,24,19.72231988775,21.093917202868727,0.1632691682007721,0.6868829139274785,62.304538143705045
2015-02-05,22.68190476,22.90400419,22.45980532,22.82997105,179701,21.671352328,21.852270826500003,23.4976384736295,20.206903179370507,25,19.72682531765,21.161997745893483,0.192472728886544,0.6695483393612298,63.278973165950426
2015-02-06,22.84847933,22.90400419,22.54309261,22.7559379,145238,21.7946175142,21.949902036500003,23.566184161271185,20.33361991172882,26,19.733056990449995,21.224505202917268,0.2030681510866466,0.6475028565497134,62.12597014989765
2015-02-09,22.5616009,22.79295447,22.33024732,22.58010918,193755,21.905556181780003,22.040129931500005,23.583961490833957,20.496298372166056,27,19.7375754646,21.27766614319502,0.2245879418206927,0.6343031632247339,59.35960020903696
2015-02-10,22.76519204,22.82997105,22.25621417,22.76519204,155183,22.005400982602,22.140074677000005,23.59749468714946,20.68265466685055,28,19.7422529241,21.336000492089333,0.2351463209064911,0.6299784287086816,61.31245227737322
2015-02-11,22.67265061,22.85773347,22.57085504,22.76519204,71809,22.0952613033418,22.234929643500003,23.5923720717214,20.87748721527861,29,19.74792223285,21.39204721945838,0.2525222849212774,0.6054712859437756,61.31245227737322
2015-02-12,22.84847933,24.41335493,22.84847933,23.71836878,317573,22.17613559200762,22.384384054500003,23.70348449187288,21.065283617127125,30,19.7579516688,21.483275515950208,0.2656984292508576,0.6799492576620775,69.93983918270857
2015-02-13,23.78314779,23.90807872,23.61657321,23.66284392,141075,22.444601912566704,22.530599515500008,23.730448683409016,21.330750347591,-1,19.766170622499995,21.56874878669726,0.2379570360480653,0.6522032756862147,68.9749045354819
2015-02-17,23.69060635,23.73687707,23.44999863,23.69060635,86640,22.6808522746587,22.650903375500008,23.808629962769423,21.493176788230592,1,19.776163466549995,21.65195888721893,0.2129287407331215,0.6261086445657708,69.20368906540372
2015-02-18,23.58881078,23.73687707,23.50552349,23.72762293,98867,22.888752593299657,22.77120723600001,23.848641883682745,21.69377258831727,2,19.78570552975,21.73335747713192,0.2413652256148295,0.5979118542396441,69.52636111173635
2015-02-19,23.61657321,23.78314779,23.45925278,23.58881078,82942,23.0717048737037,22.860972424000007,23.89593611064779,21.826008737352225,3,19.790420417849997,21.806120351754195,0.1970359867015751,0.578339222508241,66.70388890018978
2015-02-20,23.68135221,23.6998605,23.38521963,23.60731907,139674,23.232702880459254,22.925288719000005,23.977759447200505,21.872817990799504,4,19.797498789349994,21.876755595606973,0.1366055081714641,0.5595036259005094,66.89685142653721
2015-02-23,23.58881078,23.65358978,23.39447377,23.52403178,137099,23.374381126404145,22.95952904850001,24.042682914520714,21.876375182479297,5,19.806613341699997,21.9413546616616,0.0579654349400877,0.5380473676219015,65.06936912574821
2015-02-24,23.77389364,25.62472226,23.77389364,24.94916982,1206411,23.38521963,23.084459980500004,24.444869379244597,21.724050581755414,6,19.826032902999994,22.05930819728272,0.1526963299172404,0.6496647327917655,76.7655268388063
2015-02-25,24.81961181,25.01394882,24.06077208,24.20883837,287010,23.39447377,23.156642297,24.59272430507657,21.720560288923437,7,19.837708530349992,22.14360349817359,0.0824706660995036,0.671344161878068,64.65429971991247
2015-02-26,24.24585494,25.07872782,23.92195993,24.4957168,399002,23.706708558600003,23.2630649425,24.763407858985826,21.76272202601418,8,19.846549178999997,22.23584323550012,0.0942778218145662,0.706017285315349,66.83765082928176
2015-02-27,24.42168366,24.69005381,23.9589765,24.07928036,172592,25.62472226,23.322754165500005,24.852952681660938,21.79255564933907,9,19.8673420667,22.308134887441287,0.0461128039325344,0.7078072870785383,60.95180261867783
2015-03-02,24.12555108,24.65766431,23.86643507,24.33839637,284965,25.5914073448,23.433803882500005,24.91970778372638,21.94789998127363,10,19.88974846635,22.38775298479653,0.1138196904319645,0.7137659980014999,63.12760493565766
2015-03-03,24.32906773,25.01938637,24.14715944,24.5342976,485117,25.522408453808,23.552335125500004,24.991530192901557,22.113140058098452,11,19.915723245949994,22.47193120500059,0.0911515763067965,0.7250846360013927,64.72781996880127
2015-03-04,24.46899719,24.59026938,24.1331665,24.26376732,204132,25.45616951845568,23.640219689500004,25.02682821188513,22.25361116711488,12,19.938801133599995,22.542199287941745,0.0787829431650459,0.7059430820012931,60.80346121632645
2015-03-05,24.36638226,24.72087021,23.84397896,24.25443869,289904,25.39258014051745,23.7169955575,25.06042397814402,22.373567136855986,13,19.96242282305,22.60934593115972,0.0669864639277042,0.7181536654297721,60.66687213135033
2015-03-06,23.95592252,24.36638226,23.70404951,23.85330759,176531,25.299664069686404,23.7681623845,25.04905326326877,22.48727150573123,14,19.98794487715,22.658128741310318,0.0243196827732235,0.7141664571847884,54.95059539369147
2015-03-09,23.96525115,24.5949337,23.96525115,24.51564034,211386,25.17201490491149,23.8561475065,25.087626655299285,22.62466835770072,15,20.0158702182,22.730972333415792,0.049694913504768,0.7161278609573035,61.41533395251484
2015-03-10,24.32906773,24.38503952,23.93726526,24.24511006,210693,25.054577673318573,23.9393975505,25.03183621060376,22.84695889039624,16,20.040989504999995,22.79035028347792,0.0618431085814476,0.7062883766032105,57.7688052846771
2015-03-11,24.25443869,24.40602893,23.83465033,24.12383787,182935,24.94653542025309,24.007329842,24.95917802910186,23.05548165489814,17,20.06350400195,22.84264391432192,0.0387791504707898,0.6966519639886958,56.15907619858521
2015-03-12,24.33839637,25.03804364,24.32906773,24.95408596,261757,23.70404951,24.116774538,24.970466854307094,23.263082221692905,18,20.090714765399994,22.92544556317204,0.0698256185933128,0.712191521560932,63.63085269622705
2015-03-13,24.98207185,25.57910419,24.76005045,25.15931583,315076,23.7307293926,24.1888218905,25.13415798227665,23.24348579872335,19,20.1205413376,23.01304831873392,0.0617838273007387,0.7198245371637224,65.20928130603662
2015-03-16,25.27125939,25.93359214,24.87945692,25.60709008,339920,23.804664384496,24.2860341985,25.38276833286821,23.189300064131796,20,20.1512896347,23.11477544662671,0.1000697163195216,0.7437038716520279,68.42876765579214
2015-03-17,25.60709008,26.12016475,25.42051748,25.50447515,197535,23.93240004982624,24.3767276385,25.558225572123614,23.195229704876382,21,20.1833416107,23.208489160484486,0.0613763784412191,0.7405569715340258,66.9008809717205
2015-03-18,25.42051748,26.11083612,25.42051748,26.01754981,197254,24.107421225840135,24.491223982500003,25.83200428186926,23.150443683130742,22,20.2166872325,23.31864840164196,0.0694957750544838,0.7369685192815952,70.45324098883944
2015-03-19,25.98023529,26.05020002,25.84030584,25.92426351,183691,24.26844070777293,24.607996619,26.019024243287564,23.19696899471244,23,20.2495664228,23.42082938628345,0.0648802914940905,0.6993203521900526,69.003162469182
2015-03-20,25.84030584,26.10150749,25.58843282,25.92426351,339544,24.416578631151094,24.723843841,26.167297073833076,23.28039060816693,24,20.28153723635,23.51900327348802,0.070547238317085,0.6860170891764773,69.003162469182
2015-03-23,25.92426351,26.07352159,25.90560625,25.99889255,173687,24.552865520659005,24.8475868795,26.282699391740127,23.412474367259872,25,20.3125186299,23.61625383335124,0.0732792173933972,0.6490098213781572,69.58399649034503
2015-03-24,25.93359214,25.98023529,25.75634817,25.8589631,154696,24.678249459006285,24.8930765435,26.39433709309907,23.39181599390093,26,20.340347758899995,23.704203216357072,0.021664569678611,0.6199765755654318,67.04711201581924
2015-03-25,25.89627762,25.90560625,25.57910419,25.72836227,367549,24.793602682285783,24.9690527385,26.477892618116154,23.46021285888385,27,20.369522312649995,23.78358200277444,0.0536369625450707,0.5990141101679012,64.67703258339589
2015-03-26,25.66306186,25.93359214,25.56044693,25.79366269,355585,24.89972764770292,25.033950033,26.56722694186998,23.50067312413002,28,20.3986600178,23.862408696391128,0.0721336076988307,0.5828806172987652,65.3368228632377
2015-03-27,25.83097721,26.12016475,25.73769091,25.93359214,207453,24.997362615886686,25.126665622,26.64196945448,23.611361789519997,29,20.429905354199995,23.943631576532653,0.095158574411388,0.5685658474917105,66.76923157069811
2015-03-30,26.1668079,26.30673735,26.12016475,26.22277968,269561,25.087186786615757,25.2208847875,26.762525544303173,23.67924403069683,30,20.4659576224,24.03300993353137,0.0899729204180897,0.5546072305280169,69.56810179295789
2015-03-31,26.21345105,26.72652571,26.12016475,26.44666681,172404,25.20914184295418,25.316503248,26.91222019759116,23.720786298408843,-1,20.505809037749994,24.12766314437328,0.1099001886135319,0.5583039254903014,71.56488794974531
2015-04-01,26.28808009,26.40002365,25.89627762,26.31606598,164599,25.39122790699968,25.419118181,26.994671363070925,23.84356499892908,-1,20.545189124299995,24.213482863417465,0.1521408916919158,0.5577385872409942,68.73178955842602
2015-04-02,26.38136639,26.64256804,26.18546516,26.32539461,196578,25.55146364335972,25.522665977000003,27.04990236181694,23.995429592183065,-1,20.585705906149997,24.296302931910898,0.1428384390095348,0.5505503224380661,68.82671897047614
2015-04-06,26.25076557,26.53948668,25.65373323,26.0455357,261334,26.72652571,25.6322773825,26.96708800533888,24.297466759661123,-1,20.626776403549997,24.364900295365373,0.1543257028384332,0.5744934029782042,62.67884825545997
2015-04-07,26.11083612,26.40935228,25.6444046,26.01754981,180090,26.7050698604,25.707372856,26.94812802525151,24.46661768674849,-1,20.667616133799992,24.42971008025301,0.1209967359483937,0.5880972799083324,62.08165402101883
2015-04-08,26.02687844,26.67055393,25.95971231,26.32539461,197805,25.6444046,25.8113870835,26.88140822006892,24.741365946931086,-1,20.707860402649995,24.50405065004701,0.105794626158915,0.5968647327720229,65.9273734353367
2015-04-09,26.27875146,26.54928174,25.46716063,25.56977556,227428,26.67055393,25.883683968000003,26.636112456782342,25.131255479217664,-1,20.742691498,24.545843783770653,0.0656475912176882,0.6315259025740215,51.98942170266204
2015-04-10,25.75634817,25.83983941,25.14065857,25.18730172,230390,26.67055393,25.895344756000004,26.59517608610357,25.195513425896436,-1,20.773384701049995,24.57099899695612,-0.018320827940531,0.6363583981044486,46.61710060269069
2015-04-13,25.26193076,26.05486433,25.01005774,25.97090666,238446,26.6093581156,25.9359242975,26.549089281926577,25.322759313073423,-1,20.808995143249994,24.625897336683327,0.0260595958826799,0.6655332689541309,56.52843935571254
2015-04-14,26.01754981,26.10150749,25.57910419,25.98023529,136528,26.513400093064,25.954581558,26.54901004734181,25.3601530686582,-1,20.841427491049995,24.67900862897025,0.0146247391349606,0.6553096997431217,56.63166990730508
2015-04-15,26.11083612,26.46532407,25.81978285,26.40935228,180119,25.01005774,25.9998254145,26.58804419093444,25.411606638065567,-1,20.875778329599992,24.746865242736128,0.0821068745566909,0.6546119511900417,61.19642310748855
2015-04-16,26.42800954,26.46532407,25.91493488,26.03620707,160463,25.0391630666,26.000758277500005,26.58914568571729,25.41237086928272,-1,20.908354279749997,24.797427667334716,0.0296570276937311,0.647167468247896,55.70568228566916
2015-04-17,25.86829173,26.30673735,25.31790254,25.39253159,201921,25.067686286668,25.974171681500003,26.61929957935272,25.32904378364729,-1,20.936803475749997,24.820765076066685,-0.0009678108421634,0.6715722783730463,47.74725751462478
2015-04-20,25.54178967,26.07352159,25.34122412,26.01754981,212294,25.09563904233464,25.978835996500003,26.623802002224444,25.33386999077556,-1,20.96855943819999,24.867697810730736,0.0164650456517577,0.6759097920606859,54.538942675155305
2015-04-21,26.17613653,26.52129585,25.95971231,26.19479379,217125,25.123032742887947,25.988631058500005,26.640432006818106,25.336830110181907,-1,20.999975311899995,24.919740790309923,0.0036868846368668,0.6677436311992084,56.27460676825709
2015-04-22,26.25076557,26.32539461,25.77500543,26.12016475,86398,25.178963267172428,26.001691141,26.653043334300317,25.35033894769969,-1,21.03297105044999,24.966816239709534,0.0119205052320422,0.659361170399265,55.316959676475285
2015-04-23,26.03620707,26.35291407,25.87388891,26.15747927,96312,25.23265657048553,26.023146991000004,26.66527666606741,25.381017315932603,-1,21.06615336159999,25.013508907564063,0.025059522637326,0.6464800267993175,55.72268210690788
2015-04-24,26.12949338,26.71719708,25.9522494,26.49330996,278663,25.28420214166611,26.058129354500004,26.72229310778729,25.39396560121272,-1,21.09933432919999,25.07154032138508,0.0323565656089537,0.6549420020279376,59.30416948057817
2015-04-27,26.53995311,26.69853982,25.81231995,26.10150749,240878,25.370181837966143,26.066525122,26.728420857371127,25.40462938662888,-1,21.13028377139999,25.111931190742528,0.00961483116157,0.6714618497402279,53.833205783595744
2015-04-28,20.14051275,20.69090193,16.79153448,18.84383314,4372327,26.71719708,25.697577795000008,28.910394353736297,22.48476123626372,-1,21.12535361139999,24.86612342404674,0.0299472829884364,1.2884983611873544,18.953211498539886
2015-04-29,18.4613593,20.52298659,18.19082902,20.39238576,2445070,26.69853982,25.3948637425,29.328365068918306,21.46136241608169,-1,21.12739409424999,24.690682731339024,0.2323634657668467,1.363045447531115,29.45589047254289
2015-04-30,20.39238576,20.52298659,19.43153685,19.53415178,950449,26.5003997132,25.055768032500005,29.71541987698097,20.39611618801904,-1,21.12755060564999,24.48846583128651,0.1365931318161981,1.3436457541360347,27.34120241717244
2015-05-01,19.52482315,19.63676671,18.70390368,18.9557767,605941,26.306222408536,24.68728713700001,30.00601171648681,19.3685625575132,-1,21.125541943099996,24.27149763005959,0.1141603772248987,1.3143041309834609,25.98719183459237
2015-05-04,18.96510533,19.25429287,18.62125202,18.8624904,477024,26.11592864996528,24.328134872000003,30.175318239084845,18.48095150491516,-1,21.123634584499992,24.059379699469016,0.1049626210925127,1.2656424680560705,25.76555753486447
2015-05-05,18.75987547,19.2636215,18.75054684,19.24496424,850629,25.92944076656597,23.98950559350001,30.180448521967485,17.798562665032527,-1,21.12216348284999,23.87057909321533,0.1632218301384522,1.211887624623494,28.459558739201785
2015-05-06,19.21669053,19.94238213,19.05647291,19.90468387,535104,25.746682640834656,23.66847005650001,30.00577210725855,17.33116800574146,-1,21.12489935614999,23.71505379034414,0.1968701585449835,1.188603452864673,32.97764357529422
2015-05-07,19.91410844,20.12144889,19.59367318,19.64079601,323008,25.567579677617964,23.372021079000003,29.87827256652703,16.865769591472976,-1,21.123726916299987,23.555278975428685,0.1890931467461158,1.141401471231482,32.10425001867591
2015-05-08,19.78216451,19.83871191,19.43345556,19.56539948,295182,25.392058773665603,23.090925967,29.74331466651721,16.43853726748279,-1,21.12453927344999,23.39881311286285,0.1956360342469179,1.088819676857805,31.844745587413755
2015-05-11,19.50885209,19.78216451,19.46172926,19.48057839,221305,25.22004828779229,22.766409553500004,29.458277451619267,16.07454165538074,-1,21.12565422654999,23.24515684922117,0.1652140620364898,1.0339350749393903,31.535911794412183
2015-05-12,19.39575729,19.6238318,19.11302031,19.35805903,286607,25.051478011636444,22.435300740500004,29.11363880224747,15.75696267875254,-1,21.121841793149983,23.092721640624266,0.156809507575554,0.996569104586577,31.067233153059007
2015-05-13,19.46172926,19.87641017,19.24496423,19.49942752,715202,24.886279141003715,22.0898045025,28.62340855009471,15.556200454905294,-1,21.11900871524999,22.951808145697825,0.1294322745042212,0.9704888785446786,32.31714963018602
2015-05-14,19.63137145,20.29109108,19.49188787,20.01777866,610705,24.72438424778364,21.788883082000005,28.118938896834933,15.458827267165075,-1,21.11949409444999,22.83674816586654,0.1454412722123134,0.9582541879343446,36.83942962500436
2015-05-15,20.04605236,20.06443027,19.71619254,19.74446624,387787,24.56572725242797,21.506479814500004,27.67002357826737,15.34293605073264,-1,21.11902168109999,22.71548220798942,0.1327436630184071,0.9146815837961768,35.49282719031926
2015-05-18,19.73504168,20.45130871,19.58424862,20.14029802,315148,24.410243396979407,21.21261722500001,27.039039015439613,15.3861954345604,-1,21.126069524999995,22.61449459277415,0.1254463349041904,0.9112800485250212,38.97211830973546
2015-05-19,20.11202433,20.30994022,19.72561711,20.17799629,251788,24.25786921863982,20.91177735,26.281585893087083,15.541968806912918,-1,21.13417684374999,22.518945639724183,0.1372322298398701,0.8879259814875198,39.30786413889368
2015-05-20,20.30051565,20.40418588,19.9800804,19.98950496,202764,24.108542523867023,20.6052443605,25.422261207613914,15.78822751338609,-1,21.14074576979999,22.419751887578137,0.121211710765024,0.8547959456669828,38.17692833110108
2015-05-21,19.93295757,20.22511912,19.73504168,20.20626999,232175,23.96220236298968,20.3076838965,24.396186800748065,16.21918099225194,-1,21.150553059099995,22.332948675908405,0.1335507846767104,0.8287446238336269,40.30401958832847
2015-05-22,20.11202433,20.14029802,19.69734341,19.77273994,169752,23.81878900532989,19.971655395500004,22.9159778017484,17.02733298925161,-1,21.159109522899996,22.232548333323763,0.1188524333247534,0.8059004778455108,37.52333551697394
2015-05-26,19.69734341,19.77273994,19.23553967,19.49942752,189151,23.67824391482329,19.641551397000004,20.514902601169503,18.768200192830506,-1,21.169462469899997,22.125367124958125,0.1248441311484527,0.7867076058565458,35.844343011352564
2015-05-27,19.57482405,19.86651438,19.39104501,19.75389081,298448,23.540509726126825,19.687054280500004,20.480599125754285,18.89350943524572,-1,21.182371287999995,22.032368053783298,0.1668715059345286,0.7644763032953641,38.59903454757769
2015-05-28,19.65964515,19.80996698,19.35909573,19.67849428,177412,23.405530221204287,19.651359706500003,20.376020431601397,18.92669898139861,-1,21.192656902849997,21.94005927834081,-0.045450284523304,0.7420759423456952,38.077340917067794
2015-05-29,19.69734341,20.09317519,19.53712579,19.9800804,294739,23.2732503063802,19.673656137500004,20.40986844548136,18.93744382951865,-1,21.20298352875,21.863197361543136,0.0777743071087369,0.7287883321781454,41.48422033765959
2015-06-01,20.12144889,20.12144889,19.2826625,19.45230469,537820,23.1436159898526,19.698482537000004,20.36651867171083,19.03044640228918,-1,21.20773743695,21.768652550894387,0.0728577117359457,0.7366453363082778,37.58689754359776
2015-06-02,19.3109362,19.9800804,19.1695677,19.70676798,391128,23.016574359655547,19.740696416,20.287853971048477,19.19353886095153,-1,21.21293851935,21.68779433242794,0.1067670959655211,0.741921576571972,40.48981806742539
2015-06-03,19.74446624,20.30994022,19.44759241,20.11202433,374682,22.89207356206244,19.784049420500004,20.30394389433936,19.26415494666065,-1,21.21842391649999,21.625999430371944,0.02816796465211,0.75052345038826,44.88632834954446
2015-06-04,20.01777866,20.09317519,19.48057839,19.68791885,710044,22.77006278042119,19.773211169500005,20.291629992871087,19.254792346128923,-1,21.220505231649994,21.54999627035736,-0.075469203564105,0.7420179139319556,41.43627169962425
2015-06-05,19.70676798,19.70676798,18.80200962,18.91510442,623232,22.650492214412765,19.736926590000003,20.375091519623936,19.09876166037607,-1,21.2198226643,21.44666717818648,-0.1001001680956444,0.7536422315082445,36.00544060558855
2015-06-08,18.86798158,19.08474661,18.65121656,18.70776396,457710,22.53331305972451,19.694044814,20.472408433688777,18.915681194311222,-1,21.2219540585,21.339259208845835,-0.1295147257213806,0.7307770756862269,34.691714278959324
2015-06-09,18.74546222,19.10359574,18.34020588,18.82085875,390382,22.41847748813002,19.661058832,20.524120140400854,18.79799752359915,-1,21.225430227699995,21.240498406538155,-0.0877147035855217,0.7331065602800678,36.06208622431792
2015-06-10,18.91510442,19.1695677,18.65121656,18.74546222,371953,22.305938627967414,19.630428991500004,20.574051653754697,18.68680632924531,-1,21.224495385449995,21.142653850203324,-0.1159641386412611,0.7177668874029202,35.52688056818636
2015-06-11,18.81143419,19.1978414,18.67949026,19.03762378,325138,22.19565054500807,19.607338804500003,20.58465268879077,18.63002492020924,-1,21.22488382725,21.060103651371826,-0.0861936303540766,0.7035229054455687,39.2870513654297
2015-06-12,19.02819921,19.21669053,18.96222725,19.08474661,362270,22.08756822370791,19.560687202000004,20.544234499143226,18.577139904856782,-1,21.2234450276,20.98263866935724,-0.1184490270914842,0.6714472179137424,39.89592307218302
2015-06-15,18.98107638,19.3392099,18.67572043,19.2261151,202852,21.98164754883375,19.534769645,20.524876284711414,18.544663005288584,-1,21.219366660099997,20.913755392127545,-0.0549752353675007,0.6708788073484753,41.78220312637351
2015-06-16,19.16014314,19.53712579,19.10359574,19.48057839,174562,21.877845287457077,19.5017836635,20.45215899669023,18.55140833030977,-1,21.2165147678,20.857552372436267,-0.0501916547780561,0.6539253246807272,45.120823423723785
2015-06-17,19.55597492,19.77273994,19.52298894,19.69734341,262975,21.77611907130793,19.4777510195,20.381686316779696,18.573815722220303,-1,21.214609176899994,20.81205398175249,-0.0551282711150975,0.6280850550606752,47.863663698560046
2015-06-18,19.79158907,20.09317519,19.65022058,19.83871191,207489,21.676427379481773,19.470211367,20.359341149427788,18.581081584572207,-1,21.21157677904999,20.773883704428865,-0.0309778091969808,0.6148614518420557,49.63172823854848
2015-06-19,19.88583474,20.19967279,19.38633273,19.41460643,585912,21.578729521492136,19.430628189,20.25315258412953,18.608103793870463,-1,21.20729483729999,20.720578713274797,-0.1362916331958033,0.629038495281909,44.73088294580597
2015-06-22,19.46172926,19.91410844,19.21669053,19.81043821,336229,21.48298562066229,19.4325131025,20.25833100577114,18.60669519922886,-1,21.204075229699992,20.684886928832643,-0.0852996058719202,0.6339227391903439,49.72109357255617
2015-06-23,19.81986277,19.88583474,19.51827665,19.57482405,253242,21.38915659784905,19.436282929,20.263974499754084,18.60859135824592,-1,21.198623202899995,20.641355051231365,-0.1079939415819884,0.614896692819605,47.00079268082724
2015-06-24,19.57482405,19.70676798,19.39575729,19.55597492,437268,21.297204155492068,19.4263871345,20.24331547323601,18.609458795763985,-1,21.192893565499997,20.59879112451641,-0.1252226940546791,0.5931905497610617,46.78029004367099
2015-06-25,19.67849428,19.96123127,19.44288012,19.62194688,327550,21.207090761982226,19.4235597645,20.23736382863039,18.609755700369607,-1,21.1894191198,20.560483507084395,-0.1457267983533008,0.5878448783495571,47.705033475558885
2015-06-26,19.65964515,19.75389081,19.53712579,19.57482405,458163,21.11877963634258,19.403296947,20.18000014705072,18.62659374694928,-1,21.186580043449997,20.52183019504187,-0.2034671307759966,0.5613391741817316,47.07581243486101
2015-06-29,19.44288012,19.57482405,18.54754633,18.60409373,543274,21.032234733215727,19.360886399,20.211379225118858,18.510393572881146,-1,21.178703950549995,20.4466248434716,-0.224257065281938,0.5946204988830365,36.419158700758295
2015-06-30,18.73603766,18.87740615,18.13286542,18.56639546,547737,20.94742072815141,19.303867773,20.205338742722045,18.40239680327796,-1,21.16995174774999,20.372890357845264,-0.2245197946512134,0.6053290868199622,36.07759779810983
2015-07-01,18.70776396,18.72661309,18.32135674,18.53812177,508372,20.864303003188382,19.225172645,20.105245483272835,18.345099806727166,-1,21.164083698149994,20.300938648518,-0.2414882505314393,0.5910381770471079,35.80636374275298
2015-07-02,18.57582003,18.65592884,18.14228998,18.16113912,199915,20.782847632724614,19.148833658500003,20.11569677996153,18.181970537038477,-1,21.158989527,20.21702494151729,-0.2519200517620966,0.5855096544008861,32.31761667473923
2015-07-06,18.06689345,18.26480935,17.89725126,17.94437409,458809,20.703021369670125,19.100297142,20.19784888153276,18.002745402467237,-1,21.152949054399997,20.127901378712696,-0.24047386490322,0.5699416855151085,30.47871519750626
2015-07-07,18.00092149,18.04333204,17.37890012,17.89725126,300323,20.62479163187672,19.059771507,20.26670892527312,17.85283408872688,-1,21.145939507849995,20.040424903469063,-0.1758613494070058,0.576690987978315,30.078037235098407
2015-07-08,17.81243017,17.95379866,17.40717382,17.52969318,359119,20.548126488839188,18.9952132285,20.372470983096377,17.61795547390362,-1,21.141080358499995,19.94196483588204,-0.2180649079346532,0.5745434059798639,27.08689343045076
2015-07-09,17.79358103,17.87840213,17.40717382,17.41659839,310983,20.472994648662404,18.928770037000003,20.466661444162902,17.3908786298371,-1,21.134097133149996,19.84293085761216,-0.2285563651714998,0.5671637562670165,26.222785616427014
2015-07-10,17.57681601,17.73703364,17.16967475,17.42602295,1036545,20.39936544528916,18.848189995500004,20.51804548083309,17.178334510166916,-1,21.1273902368,19.748150155352857,-0.23635629990267,0.5671776943908011,26.43340220483303
2015-07-13,17.49199492,18.11401629,17.47314578,18.02919519,697027,20.327208825983373,18.795412424500004,20.498419807281717,17.092405041718294,-1,21.124616026349997,19.68074015671157,-0.1626436212362371,0.5758073833628866,38.52849283506028
2015-07-14,17.99149693,18.32135674,17.7747319,17.90667583,289089,20.256495339063704,18.729440461000003,20.462557460478436,16.996323461521573,-1,21.1237504871,19.61116900664445,-0.1950986341663908,0.5737229159798234,37.19093190951664
2015-07-15,17.90667583,18.03861976,17.52969318,17.56739144,270400,20.18719612188243,18.633781113500003,20.401356186471286,16.86620604052872,-1,21.120867637249997,19.53102086677604,-0.2357005263187971,0.5690946062669789,33.70171916133778
2015-07-16,17.62393884,17.90667583,17.57681601,17.66163711,202981,20.119282889044783,18.5319957985,20.277177874442756,16.786813722557252,-1,21.11932699925,19.45771169984365,-0.261741090928311,0.5526795908193376,35.51161710760337
2015-07-17,17.8312793,17.95379866,17.51555633,17.66163711,371477,20.052727920863887,18.423142058500005,20.098930643454093,16.747353473545918,-1,21.119665851949996,19.38727740220272,-0.2676273882371176,0.5445055007608136,35.51161710760337
2015-07-20,17.61451428,17.61451428,16.42701893,16.59666112,655490,19.98750405204661,18.282244793000004,20.070949751206104,16.493539834793904,1,21.1180720762,19.27784146956732,-0.256465498058505,0.5937992635636127,26.15443724752184
2015-07-21,17.18098423,17.58624058,16.17255564,16.80400158,3982030,19.845084647164747,18.131922961500003,19.886643563422968,16.377202359577037,2,21.115727194549997,19.18082814056468,-0.2340242286583042,0.6523625261662117,30.02054545706882
2015-07-22,16.68148222,17.68048624,16.68148222,17.66163711,1265155,19.624732906734863,18.036263614500005,19.670363548507755,16.402163680492254,3,21.117395443099998,19.12125202171901,-0.1107763870680206,0.6771226328686252,43.25437101009721
2015-07-23,17.64278797,17.96322323,17.1904088,17.46372122,877130,19.41760227073077,17.931650929500005,19.425024227493324,16.438277631506686,4,21.118028270999996,19.05625081380846,-0.1269711011479951,0.683957761235152,41.31276248132217
2015-07-24,17.40717382,17.52969318,16.79457701,16.92652094,611559,19.22289947288693,17.796879632500005,19.134096060862344,16.459663204137666,5,21.1169836047,18.972731995227736,-0.1452364848201095,0.6876119332897838,36.52081177009638
2015-07-27,16.82285071,16.92652094,15.52226057,15.77672386,1053839,19.039878842913712,17.606974623000006,18.958966015146608,16.254983230853405,6,21.1078520499,18.847398342865866,-0.1649455763718453,0.7388011073405135,28.816428015776765
2015-07-28,16.10658368,16.51184003,15.85212039,16.25737674,1012653,18.758469381080616,17.489638773500005,18.8818469133188,16.09743063368121,7,21.10277404405,18.745828868243677,-0.1121596913726271,0.7385378975304767,34.99046952216662
2015-07-29,16.15370651,16.3516224,15.88981866,16.295075,430556,18.49957267619417,17.376072750500004,18.768972627614332,15.983172873385673,8,21.1007725274,18.649720873410587,-0.0972647701337012,0.7187711719925856,35.46326271285548
2015-07-30,16.19140478,16.53068916,16.02176258,16.4647172,390828,18.26138770769863,17.272402522000004,18.611514991398018,15.93329005260199,9,21.097510524849994,18.564034454845466,-0.0808460491737198,0.7037822725645437,37.660391567511766
2015-07-31,16.54011373,16.73331733,16.4081698,16.61551026,355319,18.04225753668274,17.195121079000003,18.49806522999756,15.892176928002447,10,21.09252706085,18.48762174132212,-0.0610455380002227,0.6767369338099334,39.62790151050907
2015-08-03,16.60608569,16.60608569,15.86154496,16.01233802,493345,17.84065777934812,17.098519275500003,18.450501141093607,15.7465374099064,11,21.08246488,18.390551791466347,-0.0577203077251512,0.6822532456806526,34.88507535855612
2015-08-04,15.99348889,16.04061172,15.72017646,15.77672386,544111,17.65518600260027,16.992492905500004,18.40837519856927,15.576610612430738,12,21.0745710386,18.288048735330413,-0.0910062046538677,0.6564091038463203,33.21287861196778
2015-08-05,15.77672386,15.92751692,15.55995884,15.6824782,654869,17.48455196799225,16.900132156500003,18.40216794660101,15.398096366398995,13,21.06350133595,18.18586949865079,-0.0905702245398902,0.6357768878572975,32.54095082167514
2015-08-06,15.6824782,15.89453094,15.22067445,15.39031665,557142,17.32756865615287,16.7988180695,18.41672240428331,15.180913734716691,14,21.050191524549994,18.076239975174285,-0.087763172219686,0.638496859438919,30.482177836503283
2015-08-07,18.23653565,18.70776396,16.39874523,18.22711108,1843170,15.22067445,16.838872476000002,18.553668092665173,15.124076859334831,15,21.04900282965,18.08215648908902,-0.0124850547137582,0.8298504630504249,58.16105377088844
2015-08-10,18.28365848,18.67949026,18.12344085,18.48157437,742010,15.22067445,16.861491435,18.648891168559008,15.074091701440992,16,21.049223974899995,18.09781993539925,-0.0304430133592265,0.8102932449753945,59.71067046658241
2015-08-11,18.22711108,18.60409373,17.97264779,18.18941282,572548,15.2904162402,16.875628284500003,18.699961412661896,15.05129515633811,17,21.046746599,18.101411813226736,-0.0317042016178911,0.7975184374771519,57.095914354808656
2015-08-12,18.16113912,18.86798158,18.14228998,18.56639546,576979,15.358763194596,16.925578485500004,18.87346009070024,14.977696880299773,18,21.0466125487,18.11964646604137,-0.0120759297739116,0.7923879490859266,59.55688702402419
2015-08-13,18.6135183,18.65121656,18.17056368,18.22711108,529682,15.499131930012162,16.953852184000006,18.959216514723614,14.948487853276392,19,21.042948427,18.123860764627988,-0.0293428712852237,0.7701211584369319,56.42020840464596
2015-08-14,18.07466268,18.56059194,17.99462727,18.49389576,350933,15.633885916011677,16.995465116500007,19.090391009517308,14.900539223482706,20,21.0391971504,18.13837194091709,-0.0069737892374963,0.7555385521200081,58.28081909254314
2015-08-17,18.47483971,19.38000205,18.36526743,19.29424983,521193,15.763249742571208,17.130344552000004,19.44140879927468,14.819280304725332,21,21.0391725967,18.183700485587003,0.0448760228211329,0.7740525569685791,63.33783606975183
2015-08-18,19.13227341,19.67537081,18.54153589,18.8559607,541338,15.980254881016936,17.232942508000004,19.65640343479512,14.809481581204889,22,21.0403946901,18.210063631250257,0.0691539318596509,0.7997512971851093,59.11213737953465
2015-08-19,18.67492823,19.22374245,18.50342379,18.93218489,540613,16.275864155335583,17.296469897,19.825847106767405,14.767092687232598,23,21.040164255,18.23838211198554,-0.0114785864519094,0.7940775373861729,59.61674456757016
2015-08-20,18.75115243,19.22945926,18.62728811,18.83690465,616007,16.547824687708736,17.365129068500003,19.98197564149713,14.748282495502878,24,21.0362026909,18.26185358406454,-0.006332604382314,0.7803699382871605,58.64250393797363
2015-08-21,18.45578366,19.99932365,18.45578366,19.27519378,1041626,16.798028377492038,17.482562710500005,20.218237648766515,14.746887772233494,25,21.03658711055,18.301592415277696,0.0280046348345296,0.8348820848380776,61.73983322929191
2015-08-24,18.57964798,18.84166866,17.64590157,18.01749453,832091,17.118157904742834,17.594601244000007,20.22309130664656,14.966111181353456,26,21.032837572100004,18.290451321737397,0.0556296094497609,0.8916256652067862,50.13638769480855
2015-08-25,18.53200786,18.93218489,17.81740602,17.90315824,400636,17.40627447926855,17.676890319000005,20.234874222606685,15.118906415393324,27,21.02958057865,18.27526335774769,0.0128360602412887,0.9075651798348728,49.23055452193132
2015-08-26,18.20805502,18.37003144,17.76023787,18.35097539,432363,17.64590157,17.779685338500006,20.271674465362125,15.287696211637885,28,21.028886565950003,18.2782324570517,0.0192334973081957,0.886295779132382,52.82558835938413
2015-08-27,18.55106391,18.7416244,18.17947095,18.43672762,355328,17.76023787,17.878285859500004,20.309671108347928,15.44690061065208,29,21.02519728145,18.28444795363791,-0.0062784012159741,0.8631427556229261,53.50454254797484
2015-08-28,18.38908749,19.61820267,18.16994293,19.20849761,885104,17.76023787,18.007935227000004,20.432676576430453,15.583193877569554,30,21.0248115983,18.320685195063877,0.0159611997281903,0.904936825935574,59.19646433850798
2015-08-31,19.06557724,19.48481032,18.65587218,18.71304033,454238,17.984146448,18.142970342500004,20.403365370078884,15.882575314921125,-1,21.02273523095,18.33607167094372,0.0084603239303387,0.8995083483687475,54.57729958229272
2015-09-01,18.34144737,18.61776008,18.00796651,18.17947095,684650,19.99932365,18.263107697,20.24605896231122,16.280156431688784,-1,21.01812982885,18.329930466200828,0.0123703454312056,0.8856201677709797,50.04806950230568
2015-09-02,18.44625564,18.5081878,17.99843848,18.17947095,338056,19.9594965072,18.3879573345,19.981448876239934,16.794465792760064,-1,21.01421848745,18.32403009301648,0.0220668293303227,0.8587722500730527,50.04806950230568
2015-09-03,18.3128633,18.37479546,17.99843848,18.06513466,264170,19.881054186112,18.521698235,19.353167862160547,17.690228607839458,-1,21.009504111050006,18.313877330937405,0.0310543057380859,0.8243140164964061,49.036731290655545
2015-09-04,17.92221429,18.00796651,17.6959237,17.76023787,346754,19.80574955786752,18.4983545745,19.3859187096832,17.61079043931681,-1,21.003033897100003,18.292165979528097,-0.080783243678003,0.7918066553180912,46.34714482417719
2015-09-08,18.07466268,18.57011996,17.89363021,18.41767157,468505,19.679160006395467,18.495159434500003,19.383402021170607,17.6069168478294,-1,21.0000359345,18.29708776738974,-0.0787880723825651,0.7930977577953703,52.40859224948337
2015-09-09,18.58917601,18.58917601,18.28427922,18.40814354,319769,19.56016582801174,18.5060959705,19.384341161901727,17.627850779098278,-1,20.997499309650003,18.3014428957274,-0.0693040398900614,0.758226260095701,52.31634429800662
2015-09-10,18.37955947,18.53200786,18.16994293,18.24616712,151648,19.448311300331035,18.490084553500004,19.374999549474367,17.60516955752564,1,20.99281095195,18.29927521824789,-0.0906133915197999,0.7299290222317223,50.68310138590109
2015-09-11,18.15088688,18.3128633,17.6935417,17.81740602,403123,19.343168044311174,18.4695993005,19.395916870274025,17.543281730725976,2,20.98357271155,18.28037838694405,-0.0753633930755462,0.7220284920723135,46.54120456358963
2015-09-14,17.81740602,17.86504614,17.58873343,17.64590157,178635,19.21119793676628,18.427199591,19.420401899327327,17.433997282672674,3,20.9690812309,18.25549694314233,-0.1148406424544083,0.6901916504957196,44.95852551476322
2015-09-15,17.63637355,18.01749453,17.59826145,17.89363021,122260,19.048951486089653,18.35716861,19.29173669502397,17.42260052497603,4,20.9559672056,18.241306090862235,-0.1605808840415008,0.6708374668888827,47.72383935054883
2015-09-16,17.85551811,18.2366391,17.75070984,18.02702256,261251,18.90292968048069,18.315721703,19.231465495882503,17.3999779101175,5,20.9439828492,18.232902815142147,-0.1350795214757399,0.6576297378253912,49.203716598206704
2015-09-17,18.01749453,18.198527,17.74118182,17.97938243,353439,18.77151005543262,18.26808158,19.149062747819364,17.387100412180637,6,20.93532313725,18.22296083925422,-0.1478219538103047,0.6433236979807202,48.67375601702303
2015-09-18,17.76976589,18.14135885,17.76976589,17.85551811,428464,18.65323239288936,18.219012253,19.07681549909201,17.36120900690799,7,20.92433208725,18.208551320459936,-0.155995778110216,0.6239143595535259,47.24882245109296
2015-09-21,18.07466268,18.198527,17.91268626,18.05560663,191590,18.54678249660042,18.158032895500003,18.867390969234048,17.44867482176596,8,20.91193540265,18.202553489461508,-0.1810082374666229,0.6038496831568455,49.8051670769981
2015-09-22,17.78882194,18.22711107,17.78882194,18.198527,315481,18.45097758994038,18.167084519000003,18.873652914333505,17.4605161236665,9,20.8982636791,18.202395587914,-0.1136086165751883,0.592023929359928,51.609048747205456
2015-09-23,18.2366391,18.2366391,17.79834997,17.95079836,422508,18.36475317394634,18.169466525,18.87277351759987,17.46615953240013,10,20.88330704165,18.192529029956585,-0.0847506191422139,0.5810428722627903,48.36458260347914
2015-09-24,17.77929392,17.97938243,17.62684552,17.77452991,188191,18.287151199551708,18.140644251,18.858922556592397,17.42236594540761,11,20.86538687975,18.176136907605347,-0.1487546837381365,0.5647210178154481,46.14180983335843
2015-09-25,17.92221429,18.03655058,17.64590157,17.77929392,417379,18.2366391,18.107772566,18.829009887308917,17.38653524469109,12,20.84614868715,18.160574437503172,-0.1616794901366344,0.5522873029714875,46.2137583070116
2015-09-28,17.73165379,17.73165379,16.96941183,17.02657997,359785,18.171848533,17.998676684,18.679890298957137,17.317463069042862,13,20.82842178635,18.11610406622854,-0.2778840060629674,0.5706869306163814,37.6546193830708
2015-09-29,16.97893985,17.20761244,16.51206664,16.71215516,456527,18.03655058,17.8986324255,18.70670483386764,17.09056001713236,14,20.8099093637,18.06104724637644,-0.2481556742880995,0.5796054212866396,34.75865463613984
2015-09-30,16.86460356,17.64113756,16.86460356,17.56014935,404296,17.8231228284,17.8676663455,18.67778086075951,17.057551830240495,15,20.80054160785,18.04140419161658,-0.1621197230640513,0.6045609197661655,46.67104317663137
2015-10-01,17.64590157,17.91268626,17.38864491,17.73165379,375685,16.51206664,17.8452754875,18.644359704913622,17.04619127008638,16,20.79133731345,18.02925711704338,-0.1278769293675917,0.5988095219257252,48.71075775157933
2015-10-02,17.5410933,18.33191934,17.46486911,18.26522317,274183,16.5400790324,17.855279913,18.669981596110013,17.040578229889988,17,20.78359782735,18.03851068774756,-0.0651665879523764,0.6179695725024591,54.53671553038871
2015-10-05,18.46531169,18.99888107,18.1604149,18.97982502,254366,16.611752644704,17.9162592705,18.864931313856385,16.967587227143614,18,20.7746654668,18.07542497528687,0.0042511885236767,0.6337193294665692,60.93656046339367
2015-10-06,18.92265687,19.24660971,18.44625564,18.83690465,276518,16.75498035022176,17.937220924500004,18.94591106831655,16.928530780683456,19,20.76376919505,18.10528692331484,-0.0384963700317682,0.6456218109332428,59.1433581020051
2015-10-07,18.96076897,19.4371702,18.76068045,19.4371702,333979,16.95431069900402,17.9886722575,19.17715145017448,16.800193064825518,20,20.753792068850004,18.15751764004759,0.0254464129974799,0.6478266637237257,63.942669275940126
2015-10-08,19.360946,19.82781921,19.18944156,19.44669822,338749,17.20259664910362,18.0486988125,19.394052766974937,16.703344858025062,21,20.7447879971,18.208073741222197,0.0281692936239738,0.6471517341720311,64.01492671358665
2015-10-09,19.4752823,19.81829118,19.33712594,19.70395489,393102,17.517623356411185,18.143026256,19.66344128541781,16.62261122658219,22,20.738273247300004,18.266735747056615,0.0988295399908406,0.6352955560168859,65.99628932147662
2015-10-12,19.73253896,19.80876316,19.14180144,19.4752823,241158,17.794846858841844,18.234495292500004,19.84190008464018,16.627090500359827,23,20.7299210738,18.314129729524986,0.1142046885229165,0.637557424872823,62.69194377201048
2015-10-13,19.360946,19.40858613,19.06557724,19.11321736,271021,18.038803540980823,18.295474650000006,19.938663297453168,16.652286002546845,24,20.72022128275,18.34546649934753,0.0741383277351323,0.6212822559533356,57.760710876993
2015-10-14,19.15132946,19.8230552,19.15132946,19.33236193,260682,18.253485421263125,18.360741618500008,20.05887104930621,16.662612187693806,25,20.711709756,18.384168280941747,0.0503491098679566,0.6276076548138115,59.82074576344113
2015-10-15,19.3228339,19.3228339,18.57964798,19.23708168,281722,18.44240547591155,18.423626581000004,20.15346267273921,16.693790489260802,26,20.70295318155,18.41761586521854,0.082050152971954,0.6365438187556822,58.48519387484097
2015-10-16,19.28472181,19.68489884,19.26566576,19.34188995,285894,18.57964798,18.497945173000005,20.251322476326667,16.744567869673343,27,20.6945355656,18.453861907758988,0.0915848335205593,0.6230633431302763,59.55487053698303
2015-10-19,19.18944156,19.5133944,19.11321736,19.360946,212400,18.57964798,18.563212141500006,20.342850943973158,16.78357333902686,28,20.685056462,18.48943383294491,0.0992322886258624,0.6071428929066851,59.75789678635928
2015-10-20,19.360946,20.12318797,19.21326162,20.10413192,441705,18.7294285276,18.658492387500004,20.55034033816242,16.766644436837588,29,20.6828561331,18.55275532655492,0.1202416278533712,0.6287702826990647,66.76489877203254
2015-10-21,20.132716,20.74250957,19.93262748,20.73298155,798848,18.924554849536,18.797601547000006,20.86211556370036,16.733087530299652,30,20.68532698595,18.638254394141,0.2459866550763055,0.6417068403634171,71.31607966554533
2015-10-22,20.79967772,21.45711142,20.57100513,21.1807987,747664,19.21326162,18.96791498650001,21.22019873274108,16.715631240258933,-1,20.6889726981,18.737962013978606,0.2694557342625326,0.6591639439088873,74.0421349396301
2015-10-23,21.35230315,21.44758339,20.69486945,20.89495796,360695,19.617154584,19.123698188500008,21.4551877050704,16.792208671929615,-1,20.689430919400003,18.82255009029317,0.2665625782497319,0.665846086486824,69.50167831684718
2015-10-26,20.86637389,21.2189108,20.70916148,20.89495796,541637,19.94834681448,19.317117088000007,21.56079512958629,17.073439046413725,-1,20.6900279528,18.903820987144417,0.2812024904873172,0.6546963174520509,69.50167831684718
2015-10-27,20.72345352,20.89495796,20.36138859,20.66628537,464023,20.2199244434736,19.514823598500005,21.48576889923401,17.543878297766,-1,20.689527894,18.97293723745248,0.3153434754462422,0.6460443926340471,65.76020129706475
2015-10-28,20.78062167,21.24749487,20.60911723,21.05693438,524273,20.36138859,19.689662850000005,21.553481825104377,17.825843874895632,-1,20.690472102350004,19.0546626155916,0.29626060396729,0.645496767445901,68.84568526286625
2015-10-29,20.92354204,21.08551846,19.38000205,19.97073958,1514810,21.45711142,19.801617139500003,21.436464854130016,18.16676942486999,-1,20.686679397450003,19.090587202431145,0.1920303252313522,0.7212124561997652,54.21625850090218
2015-10-30,20.02790772,20.79014969,19.77065106,19.79923513,824192,21.4155692326,19.878317737500005,21.353815948948224,18.402819526051783,-1,20.6819828996,19.11837731723777,0.0729374590350965,0.7425186114712107,52.32558292317403
2015-11-02,19.88498736,20.59387239,19.57056254,19.67537081,581762,21.374857888948,19.913095027000004,21.334023171180107,18.4921668828199,-1,20.6739371079,19.140220199306874,-0.0022857183661299,0.7625751285089813,50.943817038022566
2015-11-03,19.58961859,19.95358913,19.20849761,19.65631477,340031,21.33496077216904,19.954065533000005,21.293420801792777,18.614710264207236,-1,20.665610953150004,19.160459202079156,0.0054441621240978,0.7613262993297686,50.72190184497995
2015-11-04,19.70395489,19.81829118,19.24660971,19.30377785,419048,21.24990224568228,19.947395915500003,21.298259808691927,18.59653202230808,-1,20.653162307300004,19.166079541213303,-0.062589185210798,0.7477802400919279,46.67144992637269
2015-11-05,19.38953008,19.48481032,19.06557724,19.25613773,469789,21.168246060254987,19.937867891000003,21.3053100522172,18.570425729782805,-1,20.637838030100003,19.169611234891214,-0.0594590879883385,0.7243125857996474,46.13529026830456
2015-11-06,19.18874124,19.39093069,18.79399042,19.03469214,910018,21.042085931039686,19.904404753500007,21.32483467680493,18.483974830195084,-1,20.61881536485,19.16432028999352,-0.0929798155671705,0.7152145632425297,43.62645777953352
2015-11-09,19.03469214,19.4486991,18.52440449,18.94803952,957437,20.86223829015651,19.878042614500004,21.348055877528584,18.408029351471423,-1,20.60130280655,19.15583869117024,-0.0941564159528192,0.7301488522966348,42.64911308948339
2015-11-10,18.85175883,19.68940082,18.85175883,19.67977275,502026,20.62845491014086,19.90637038400001,21.337663434786545,18.47507733321347,-1,20.585875710100005,19.17638512484984,-0.0322633781257728,0.7378269335611608,52.35566233829671
2015-11-11,19.68940082,20.3152253,19.68940082,20.17080427,404920,20.41804986812677,19.948292501000005,21.35884482424625,18.537740177753754,-1,20.574893412000005,19.21538195407141,-0.0026628302289512,0.7305144775925064,57.54801308836689
2015-11-12,19.97824289,20.79181471,19.56904996,19.95898675,685522,18.52440449,19.9843877545,21.35672338922118,18.612052119778824,-1,20.560260866250005,19.24454292646077,-0.0413668539216452,0.7656752113358988,54.77487610182237
2015-11-13,19.80493765,20.27661674,19.52572365,20.0360113,436795,18.5697526944,20.019093822,21.359414441170276,18.67877320282973,-1,20.549853912600007,19.275580901893683,-0.0129387204129392,0.7646193455261919,55.61250868758391
2015-11-16,20.0360113,21.01807433,19.91094269,20.97956205,603570,18.614193934712,20.1000246245,21.466819530577155,18.733229718422848,-1,20.543933359150007,19.3424036920155,0.0282519859470973,0.7890845094171784,64.32848644876172
2015-11-17,20.95067784,21.13361115,20.30559723,20.35373758,530182,18.71034915052352,20.112504907500004,21.483772920765745,18.741236894234262,-1,20.53317166685,19.38206384448548,-0.0426222066855744,0.7918651816016657,56.415731818396615
2015-11-18,20.41150599,20.54620267,20.06489551,20.47890247,348803,18.85574487049211,20.099800953500004,21.452421219650155,18.747180687349854,-1,20.521971572550004,19.425077123917426,-0.0876593111915764,0.7696824657729753,57.54062838975382
2015-11-19,19.89159027,20.3152253,19.6027482,20.10340778,930122,18.992416847262582,20.045931407500003,21.304607397859304,18.787255417140702,-1,20.508338756200004,19.45167832611674,-0.0786151958330978,0.7772875946463342,53.11188505403557
2015-11-20,20.24782882,20.45001826,20.07452358,20.17080427,386214,19.120888505426823,20.009723723000004,21.20887787990704,18.81056956609297,-1,20.495413088050004,19.47987934352393,-0.0800063879692271,0.7485881007430246,53.79922772957912
2015-11-23,20.14192006,20.44039019,19.91132781,20.39224985,542586,19.241651864101215,19.984588317500005,21.128258223672574,18.840918411327436,-1,20.484473791400006,19.515658579072007,-0.0322758519695085,0.7329076921185228,56.07753183792492
2015-11-24,20.33448144,20.39224985,19.67014469,20.17080427,390828,19.355169421255145,19.959814262500004,21.064132577568657,18.85549594743135,-1,20.47150185255001,19.541350566951536,-0.0255726723213392,0.7321360826814853,53.24963367342657
2015-11-25,20.09377972,20.53667088,20.09377972,20.40187792,414337,19.46187592497984,19.927061439500005,20.93382729924588,18.92029557975413,-1,20.45968528195,19.57509673765932,-0.0298336180990029,0.7114757310613792,55.75683470125126
2015-11-27,20.3152253,20.58481123,20.3152253,20.40187792,104832,19.56218003848105,19.94861835650001,20.97644483782198,18.920791875178036,-1,20.44310282765,19.60751952912366,0.0059578279182556,0.6799121738427091,55.75683470125126
2015-11-30,20.50778668,20.89290943,20.27671302,20.7484884,387518,19.656465905172183,19.996081020000005,21.07816780285372,18.91399423714629,-1,20.428531050050005,19.652263406412928,0.1013003551096153,0.6753610478539442,59.53232234229044
2015-12-01,20.81588488,21.1817515,20.45001826,21.1817515,356163,19.74509461986185,20.071400054500007,21.258333863717407,18.884466245282606,-1,20.415986775800004,19.712243331651635,0.1844572243205101,0.679387633007234,63.702015267199485
2015-12-02,21.11435502,21.22989184,20.73886033,21.14323922,395167,19.860027170272904,20.145746277000008,21.40352650618209,18.88796604781793,-1,20.403064857250005,19.76836081746922,0.2018340202999312,0.665933624221003,63.079831712528446
2015-12-03,21.23951991,21.3358006,20.9025375,21.01807433,597724,19.99701363724561,20.231461101000008,21.481673907167576,18.98124829483244,-1,20.390211175000005,19.81736919050964,0.2037884897378302,0.6493143010623598,60.99473743177059
2015-12-04,20.05526744,21.07584274,20.05526744,20.73886033,322882,21.3358006,20.305597231000007,21.489779251440403,19.12141521055961,-1,20.375868881300004,19.853506097940635,0.221648051735089,0.6758329438436196,56.50748500432087
2015-12-07,20.66183578,20.83514102,20.3152253,20.71960419,211677,21.3358006,20.38984283350001,21.43154248969939,19.348143177300628,-1,20.361846743350004,19.887470729001787,0.2688141458139163,0.6646959992833609,56.20041008429669
2015-12-08,20.56555509,20.89290943,20.44039019,20.83514102,305323,21.3101899368,20.48419790850001,21.304822907527324,19.6635729094727,-1,20.341276599350003,19.924634269825248,0.3232842458780395,0.6495405164774066,57.68619632380685
2015-12-09,20.77737261,21.26840412,20.67146385,20.96993398,322883,21.285091486864,20.548705970000007,21.30669552674905,19.79071641325097,-1,20.325082077400005,19.965626415322298,0.2734376597810675,0.6457833560147348,59.41590742853639
2015-12-10,20.92179364,21.20100764,20.84476909,21.19137957,417449,21.26840412,20.59973473500001,21.38597665767132,19.81349281232869,-1,20.308560391250005,20.01369516648613,0.29339311671853,0.6251015841565396,62.153105735288165
2015-12-11,20.84476909,21.11916905,20.66183578,21.0277024,444065,21.26840412,20.65317051750001,21.402353070661118,19.903987964338903,-1,20.293302501450004,20.05346015603569,0.3626997589529069,0.6182760274310724,58.98639750498671
2015-12-14,21.03733046,21.40319708,20.89290943,20.99881819,494198,20.05526744,20.701310862000007,21.408220962110867,19.994400761889143,-1,20.27660461055001,20.090533020112726,0.3078296816679245,0.6105625719002816,58.420719636046094
2015-12-15,21.15286729,21.28766025,20.81588488,20.95067784,259566,20.0822260328,20.69986665150001,21.404611697513964,19.99512160548605,-1,20.258686511750007,20.12426418952007,0.238374799150347,0.6006492003359758,57.432153232200754
2015-12-16,21.09509888,21.44170936,21.08547081,21.3358006,278007,20.108645453744,20.748969802500007,21.486494332717367,20.011445272282646,-1,20.244046678150006,20.1717754213036,0.3194522624503718,0.5928193660262632,62.8483199900885
2015-12-17,21.3358006,21.45133743,20.85439716,20.86402522,228440,20.16196800999424,20.768225940000008,21.496593645454595,20.03985823454542,-1,20.227094610800005,20.198922472232866,0.2637552183161268,0.5931137163101015,53.81523035916736
2015-12-18,20.86402522,20.9025375,19.98787096,20.63295157,611202,21.45133743,20.794703129500007,21.460269461247893,20.12913679775212,-1,20.210992830700008,20.21594322116491,0.2581274821278826,0.6160817751450944,50.0228579207966
2015-12-21,20.75811647,20.75811647,20.20065128,20.51741475,360443,21.45133743,20.81203365350001,21.427911048289182,20.19615625871083,-1,20.191001702750007,20.227765634060404,0.2908981807135292,0.6118948762061593,48.194107703379295
2015-12-22,20.5944393,20.79662874,20.15154813,20.7484884,429370,21.4220681006,20.829845581000008,21.41601946124295,20.243671700757066,-1,20.17351859445001,20.248186134685486,0.2846755234280928,0.6142652857628624,51.97559447800106
2015-12-23,20.84476909,21.22507781,19.80493765,21.19137957,173212,21.393384157788,20.88087434600001,21.402849779875385,20.358898912124623,-1,20.15885630295001,20.28517411254096,0.2953329137541776,0.6718277767798008,58.2638111417112
2015-12-24,21.22989184,21.40127147,20.97956205,21.25877605,105737,19.80493765,20.923719252500007,21.421504380712907,20.425934124287107,-1,20.14037975340001,20.323354580676607,0.2899387219502584,0.653962179866958,59.14057497502687
2015-12-28,21.15286729,21.27803219,20.72923226,21.23951991,142439,19.80493765,20.965601352000007,21.41975543227511,20.511447271724904,-1,20.120780773800007,20.359282632806934,0.3117089558857327,0.6464505905907468,58.76075838219782
2015-12-29,21.26840412,21.60538653,21.11435502,21.55724618,167073,19.8368643264,21.006039241000007,21.51623150953961,20.4958469724604,-1,20.10053155430001,20.40626159544196,0.3112800462633048,0.6353492276914077,62.984877486385614
2015-12-30,21.51873391,21.71129528,21.23951991,21.24914798,190391,19.907605214544,21.009409065000007,21.5250602457664,20.493757884233613,-1,20.079254918450008,20.439315963463844,0.2358328244812033,0.6236653807134501,56.89865017221536
2015-12-31,21.22026377,21.25877605,20.91216557,20.91216557,165661,20.01582661847136,20.99785538250001,21.51134476631833,20.484365998681685,-1,20.053727997250007,20.457859085288792,0.1768656667287662,0.6038757449482038,51.08428921900995
2016-01-04,20.61369543,20.7484884,19.65088855,20.14192006,795691,21.71129528,20.95404766900001,21.58842782185713,20.31966751614289,-1,20.024816280000007,20.445469319591197,0.2017916853182922,0.6508329788804748,40.8171522890968
2016-01-05,20.14192006,20.48853054,19.81456572,20.3152253,325918,21.6700871454,20.932865917500006,21.620616742731716,20.2451150922683,-1,19.99677108895001,20.440361710979776,0.2092631825525915,0.652485253246155,43.565513309613856
2016-01-06,20.04563937,20.41150599,19.97824289,20.21894461,154777,21.629703173492,20.90783293850001,21.658389539452365,20.157276337547657,-1,19.967871349250007,20.431678687411942,0.1953749268472015,0.6368265280142866,42.38782269411036
2016-01-07,19.84344993,19.92047448,19.13097283,19.32353421,497624,21.59012688102216,20.832252598000007,21.85275704628795,19.811748149712063,-1,19.935194204800005,20.38822204123893,0.1161841877801411,0.6690511888704089,33.35674354345538
2016-01-08,19.36204648,19.573864,18.89989918,18.97692373,337892,21.49176071898128,20.73260208550001,22.03120373323739,19.434000437762627,-1,19.901437012100008,20.332877009425637,0.0763001378098903,0.6694021625225227,30.63572822626972
2016-01-11,19.1406009,19.1406009,18.49552028,18.57254484,432469,21.3362490266424,20.601660349000007,22.18559765545715,19.017723042542865,-1,19.86533142285001,20.26384437533051,-0.0336792037171503,0.6676649094851995,27.787776598038533
2016-01-12,18.7073378,19.10208862,18.29333084,18.35109925,489339,21.108990726911006,20.46783019150001,22.31550928506103,18.62015109793899,-1,19.827418958400006,20.18883476257245,-0.1367521616580375,0.6777429716648281,26.3435291798573
2016-01-13,18.44737994,18.54847466,17.32089588,17.56159761,656943,20.827424738219907,20.295969162500008,22.516018957498133,18.07591936750188,-1,19.784113048050006,20.085805854628436,-0.1496896567880306,0.7170169579744833,21.96111961709846
2016-01-14,17.70601864,18.51477642,17.49420112,18.4281238,714226,20.40664127523352,20.16984146050001,22.51014675523992,17.8295361657601,1,19.74402033300001,20.02079871523124,-0.043274009830504,0.7386996966905917,34.78451604467578
2016-01-15,17.92746422,18.18742208,17.63862216,17.92746422,307690,20.036351827805497,19.99942464150001,22.46815311959173,17.530696163408294,2,19.70207732420001,19.938707166398643,-0.0563428830371567,0.742328406926978,31.55791101578656
2016-01-19,18.07188525,18.09114139,17.5327134,17.82155546,352716,19.71049711406884,19.84730115350001,22.45520645822504,17.23939584877498,3,19.65955812845001,19.85568160928497,-0.0239259729677939,0.7291926628607655,30.904840048903623
2016-01-20,17.5327134,18.19705015,17.34015202,18.01411684,485468,19.42374496598057,19.71635941700001,22.41473870002259,17.01798013397743,4,19.61940103415001,19.7834633830385,-0.0205949567565137,0.7383144819421392,33.5955763102735
2016-01-21,18.01411684,18.87101497,17.3786643,18.06225719,305022,19.171403075662905,19.59360153900001,22.35762861462149,16.82957446337854,5,19.57962457105001,19.71596510095856,-0.031093862913644,0.7921742096605578,34.28457055222788
2016-01-22,18.34147118,18.61105711,17.98523264,18.5821729,486047,18.94934221218336,19.48528576400001,22.229509022470303,16.74106250552972,6,19.540908462500013,19.671502661705283,-0.0204357620340818,0.7802920853990896,41.36099033552829
2016-01-25,18.54366063,18.72659394,18.14890981,18.35109925,315369,18.87101497,19.343271748000014,22.012581389855107,16.67396210614492,7,19.50481508095001,19.619722135756057,-0.0549915492837374,0.7658200885848689,39.33371218100636
2016-01-26,18.47626415,18.54366063,17.48457305,17.77341512,522932,18.72659394,19.16900370150001,21.76954117984488,16.568466223155138,8,19.46774564795001,19.54731793905974,-0.0867330900477481,0.7867677665430926,34.74827864447721
2016-01-27,17.71564671,17.95634843,17.48457305,17.66750636,388820,18.72659394,18.99040302400001,21.486138135672867,16.494667912327152,9,19.426228646450014,19.473599837920144,-0.1100107364067454,0.7642683103614428,33.96648488015629
2016-01-28,17.86006774,18.23556243,17.5327134,17.86969581,394633,18.5579101728,18.80602550550001,21.04793844866385,16.564112562336174,10,19.38567594905001,19.410701640746804,-0.1250952254514649,0.7598812189070543,36.88590474393788
2016-01-29,17.97560457,18.93831517,17.97560457,18.81324656,352218,17.32089588,18.68423043450001,20.626671792968654,16.741789076031367,11,19.34769542045001,19.38727202973713,-0.0704387617103871,0.7819339432708361,48.359813695343135
2016-02-01,18.61105711,18.61105711,18.01411684,18.21630629,332433,17.353244265799997,18.549437470500013,20.208188044250104,16.890686896749923,12,19.308595916550008,19.3413518046494,-0.0623247557196955,0.7831622130372049,43.03005838925872
2016-02-02,17.98523264,18.10076946,17.57122567,17.60010988,280343,17.384945683884,18.42234696150001,19.958540273310035,16.886153649689987,13,19.269633808000005,19.27306780760432,-0.0866853925838272,0.7732992421059759,38.33355424962638
2016-02-03,17.80229933,17.86006774,17.24387133,17.69639057,178651,18.93831517,18.291405225000013,19.58759648921172,16.995213960788305,14,19.228028011800006,19.211237327698267,-0.0976208435753095,0.7620776112412634,39.44567678796716
2016-02-04,17.67713443,18.08151332,17.61936602,17.88895195,339975,18.9044262932,18.17490559200001,19.13153260762781,17.218278576372207,15,19.186498802600006,19.15938299916108,-0.0905781820168902,0.740654017581173,41.709869715402654
2016-02-05,17.80229933,17.80229933,16.78172403,16.86837665,336845,18.871215193936,18.052147714000007,19.017751823055143,17.08654360494487,16,19.140239862100003,19.06953961291947,-0.0954879498013319,0.7668378677539464,34.37389858980423
2016-02-08,16.72395561,16.72395561,15.71300838,16.2329241,376256,18.78763554737856,17.914947732500007,19.075968288443317,16.7539271765567,17,19.090617086250003,18.95829978888341,-0.0613105745448489,0.79459003934295,30.747680676115863
2016-02-09,15.98259431,16.48325389,15.76114873,16.34846093,463373,18.60315791733585,17.80374353700001,19.10865450264405,16.49883257135597,18,19.03989284110001,18.85595316696641,0.0156104515397889,0.7894125479613107,32.14920946730335
2016-02-10,16.42548548,16.70469948,16.22329603,16.48325389,340193,18.429748945095696,17.71035126900001,19.109180455007174,16.31152208299285,19,18.991801573100005,18.762906136497143,0.0722269007046658,0.7674118981069312,33.83168675713881
2016-02-11,16.16552762,16.87800472,15.98259431,16.31957672,266871,18.266744511189955,17.64825022450001,19.172626218711983,16.12387423028804,20,18.97918029100001,18.66708929663451,0.1201695714075872,0.7765546489564361,32.76910001452299
2016-02-12,16.55065037,16.55065037,16.05961886,16.42548548,307753,18.11352034331856,17.548118308500012,19.11687792509133,15.97935869190869,21,18.959345789600007,18.57918326460963,0.0650449649622221,0.7561601390309763,34.20901090634662
2016-02-16,16.65655913,16.75283982,16.42548548,16.52176617,518527,17.969489625519444,17.47783340600001,19.0974463050895,15.858220506910522,22,18.944283861550005,18.498500241291605,0.0319016567449857,0.7255311533859066,35.56019006181636
2016-02-17,16.64693106,17.5327134,16.52176617,17.23424326,500441,17.834100750788277,17.44846779600001,19.06337796330302,15.833557628697005,23,18.93567619435,18.448921536142915,0.0570034912264107,0.7459180160011989,44.62352844305458
2016-02-18,17.28238361,17.52789936,17.0994503,17.18610292,289761,17.70683520854098,17.407067100000013,19.00420644125259,15.809927758747436,24,18.92729425695001,18.399399237470643,-0.0032432127116064,0.7232416620011132,44.171465729991965
2016-02-19,19.28502193,20.01675517,17.83118353,19.07320442,956119,15.71300838,17.457614461500008,19.19254438382308,15.722684539176932,25,18.926435457850005,18.42582297011885,0.0166705034955637,0.8737709897153193,60.89526420387459
2016-02-22,19.29465,20.6233235,19.21762545,20.07452358,758863,15.7990833158,17.53223199550001,19.55817055834642,15.5062934326536,26,18.927284656400005,18.49047789599655,-0.0173185690867069,0.9220815675927966,66.61068441706192
2016-02-23,19.97824289,20.17080427,19.63163241,19.79530958,411256,15.992052923168,17.604442512000013,19.83463643635941,15.374248587640617,27,18.928057224250004,18.541647765957467,-0.0251698754039617,0.894730874193311,63.81004492743772
2016-02-24,19.573864,19.61237627,18.95766759,19.45832717,404390,16.17730374624128,17.688688114500007,20.060827016560975,15.316549212439035,28,18.927521862700004,18.577595977880705,0.0295772303533273,0.8906530967509317,60.50368691512835
2016-02-25,19.56423593,19.7279131,19.1406009,19.71828503,201764,16.355144536391627,17.791227048000007,20.32277776518393,15.259676330816085,29,18.9287103959,18.622328881885384,0.0655252456499263,0.8689858898401509,62.133710838252014
2016-02-26,19.79530958,20.98919012,19.65088855,20.53667088,633931,16.52587169493596,17.924575801500005,20.725268996236977,15.123882606763033,30,18.93460345515,18.697401117105564,0.0904668354097509,0.9025084384229972,66.78160198096128
2016-02-29,20.56555509,20.92179364,20.45001826,20.52704281,489811,16.793670800439806,18.01026561400001,21.012120233704955,15.008410994295064,-1,18.939741531600003,18.769151771728875,0.018571883384762,0.8717417913927832,66.67790861285772
2016-03-01,20.72923226,20.94104978,20.09859375,20.60406737,415840,17.045401959613418,18.12965366800001,21.337641835986982,14.921665500013033,-1,18.94267297515,18.84110924617088,0.0408663290549943,0.8696499512932988,67.11778423435358
2016-03-02,20.52627947,20.66240828,20.05955213,20.60406736,219708,17.28202924923661,18.27985154200001,21.651707378135008,14.907995705865012,-1,18.94697098075,18.910244858477903,0.0919252084461001,0.8505932512009204,67.11778411047656
2016-03-03,20.59434387,21.11941213,20.55544993,21.09996516,259071,17.504458901482415,18.450030271500008,22.02439614565125,14.875664397348766,-1,18.95176931645,18.99611624285132,0.1095995940681665,0.8301196046865689,70.06807360205012
2016-03-04,21.09996516,21.6347569,20.88604846,21.45973415,439192,17.793655159763823,18.628569381500007,22.42294525346882,14.834193509531191,-1,18.958178005750003,19.09272870979833,0.1289615859771647,0.8243045214946709,72.02885859152205
2016-03-07,21.69309782,22.15010167,21.60558644,22.1306547,434139,18.17776533378744,18.89168328400001,22.88588372717123,14.897482840828788,-1,18.968883754450005,19.211863062355256,0.2061121339698987,0.8147375928164803,75.28092609463596
2016-03-08,22.07231378,22.11606947,21.64448039,21.65420387,413052,18.65444569413295,19.16274727250001,23.13417502013647,15.191319524863548,-1,18.97612342385,19.307641133243287,0.1586166501086934,0.7912687869010177,69.13380849020004
2016-03-09,21.77088571,22.05772855,20.86708766,21.54724552,171764,19.073924411236995,19.42268650200001,23.302775366641484,15.542597637358533,-1,18.98499595175,19.395468756253354,0.1325685997523311,0.8197953656938022,67.79546224373522
2016-03-10,21.6347569,21.78060919,21.27498791,21.4208402,234744,19.443065682288555,19.669565817500008,23.39538959700117,15.943742037998843,-1,18.99460301515,19.474895087380677,0.119052204723217,0.7973543595728163,66.16525310904834
2016-03-11,21.58613947,21.93618497,21.43056369,21.50835158,171272,19.767910000813927,19.929004560500008,23.399490148399646,16.45851897260037,-1,19.003375319,19.554638479248094,0.1140480371944873,0.7772108174604722,66.76115192706314
2016-03-14,21.45001066,21.57641598,21.21664699,21.3527758,286347,20.05377300111625,20.175369076500008,23.298185759535315,17.0525523934647,-1,19.0117467266,19.62515366829719,0.0874865039334816,0.7473935440704383,64.58347650675307
2016-03-15,21.23609396,21.4208402,20.856878,21.37222277,275334,20.305332441382305,20.417891906500007,23.088742642990308,17.747041170009705,-1,19.018707438449997,19.69366618208946,0.1455587408641913,0.7342913052082644,64.73831077348495
2016-03-16,21.2847114,22.27650699,21.2847114,22.21816608,189514,20.526704748816428,20.66708804750001,23.01360087911531,18.32057521588471,-1,19.032536745399995,19.792666178085952,0.1465428065885189,0.7526844684076742,70.73238923360792
2016-03-17,22.16954864,22.50987066,22.16954864,22.28623048,335381,20.77167706258213,20.922094425500006,22.75154308819099,19.092645762809024,-1,19.0454340579,19.89045301345513,0.1543936971538405,0.7232300078071262,71.1572237691908
2016-03-18,22.43208277,22.89881011,22.31540094,22.86963965,492583,21.049788038168987,21.111916187,22.92234730545597,19.30148506854404,-1,19.0592221345,20.007283861947084,0.2074916180694675,0.7153264093923315,74.56521541301753
2016-03-21,22.78212828,22.976598,22.17927213,22.27650699,185649,21.38261201109857,21.222015357500005,23.03452499575548,19.40950571924453,-1,19.0721650752,20.09627300422367,0.1793198152201665,0.7211835137214505,66.02388004341489
2016-03-22,22.07231378,22.47097672,21.8486736,22.16954864,323318,21.701409208878854,21.340727310500004,23.073149622411115,19.60830499858889,-1,19.0884372963,20.177577931116858,0.2078196103765111,0.7141206284556325,64.58712415909596
2016-03-23,22.11120773,22.39318883,21.87784406,22.16954864,236278,22.976598,21.476288384000004,23.011372339251096,19.94120442874891,-1,19.1057462197,20.25569442950443,0.1847345046217458,0.6999223528516587,64.58712415909596
2016-03-24,21.98480241,22.38346534,21.79033268,22.03341984,140698,22.9546229212,21.592045124500004,22.913728971379648,20.27036127762036,-1,19.12180902515,20.32540915148465,0.1517710695820571,0.692294517647969,62.57709647911902
2016-03-28,22.15982516,22.31540094,21.96535543,22.08203727,190444,22.908051311552,21.669313444000004,22.913589185003055,20.42503770299695,-1,19.1384919004,20.39429652868133,0.1176590187110782,0.6678481599588285,63.01973859411856
2016-03-29,22.05286681,23.09327984,21.44028718,23.09327984,296603,21.44028718,21.7976252955,23.073143234940986,20.522107356059017,-1,19.1587701807,20.50013901147814,0.2313372231556331,0.7382156242474839,70.76542720597342
2016-03-30,23.15162076,23.18565296,22.87936314,23.1224503,208067,21.44028718,21.923544442,23.2001178406808,20.6469710433192,-1,19.17895869915,20.60297474828292,0.2471637191389616,0.7073637810869494,70.9544189112928
2016-03-31,23.05438589,23.1905147,22.82102222,22.94742754,236435,21.44028718,22.040712451,23.239123748750877,20.842301153249128,-1,19.19756526135,20.69491407344829,0.2007892269608271,0.683230116723596,68.10937596274027
2016-04-01,22.74323433,23.05438589,22.3445714,22.94742754,318232,21.5453008312,22.13308557,23.31184925434961,20.954321885650387,-1,19.2148995071,20.783247934881697,0.195276373263523,0.6851290005290533,68.10937596274027
2016-04-04,22.89881011,22.94742754,22.23275131,22.44180626,363099,21.644013663328,22.182189175500003,23.32596381815115,21.038414532848854,-1,19.22862182135,20.848289437827518,0.1280997038658794,0.6872395169198351,60.0431066780493
2016-04-05,22.31540094,22.35429488,21.82922663,22.07231378,408475,21.73680372552832,22.179272129500003,23.323854916639803,21.034689342360203,-1,19.2397898307,20.896290392422515,0.0495756500238491,0.6819066678541326,54.92401361452232
2016-04-06,22.07231378,22.4807002,21.77574745,22.22788956,209099,23.1905147,22.207956414000005,23.326934518964567,21.088978309035443,-1,19.25385624635,20.948509967621632,0.137803403170194,0.6835528165788374,56.601747881989226
2016-04-07,22.10148424,22.18899562,21.48890461,21.67365085,250973,23.162219355,22.214276680500003,23.3196005816122,21.10895277938781,-1,19.26317230955,20.976946864969804,0.1090492510189062,0.6875122546803493,49.529158611748734
2016-04-08,21.88756754,21.96535543,21.27498791,21.34305231,255931,23.0952867652,22.210387286000007,23.32733782556928,21.093436746430736,-1,19.27201345085,20.991303941245494,0.0888656263036407,0.6877162022031814,45.848994620533205
2016-04-11,21.4208402,21.89729103,20.94925112,21.37222277,325969,22.986068833888,22.203580845500007,23.339065905723903,21.06809578527611,-1,19.2810946901,21.00624193452999,0.1014770429350579,0.7063107527600971,46.22864534140719
2016-04-12,21.38194626,21.78060919,21.23609396,21.60558644,331561,22.82312341677696,22.216221377500005,23.31868806929034,21.113754685709672,-1,19.291012887900003,21.029745640626853,0.1343959850206761,0.6947539297058043,49.29154477025938
2016-04-13,21.72226828,21.8486736,21.23609396,21.39166974,497863,22.67321363303481,22.217193726000005,23.316711518193028,21.117675933806986,-1,19.300097116350003,21.043938742563054,0.0476577317770307,0.6888843375839612,46.66737882542506
2016-04-14,21.8486736,22.36401837,21.51807507,21.79033268,750417,22.535296631992026,22.195802056000005,23.310948164181024,21.080655947818983,-1,19.3160283111,21.073209093050774,-0.0249133130770044,0.7091317870422496,51.81574976329952
2016-04-15,21.69309782,22.45152975,21.59955788,22.20844259,534124,20.94925112,22.191912661500005,23.306312423560165,21.07751289943985,-1,19.334238546750004,21.117728053715453,0.0269009811846162,0.7193346501106603,56.552799836871976
2016-04-18,22.12093121,22.35429488,21.916738,22.24733653,419975,20.9792966926,22.160797505500007,23.231669021975765,21.08992598902425,-1,19.352784620550004,21.162026425334457,-0.0080689773887462,0.6992076665313276,56.97652525285704
2016-04-19,22.23761305,22.45152975,21.78060919,21.80977965,230875,21.008741353748,22.137461138500008,23.217531705970234,21.05739057102978,-1,19.37102782320001,21.187428512576243,-0.0188012917981772,0.697187158921947,50.95574054405538
2016-04-20,21.85839708,22.0625903,21.03190075,21.79033268,256051,22.45152975,22.11850034050001,23.20891681830217,21.02808386269784,-1,19.39025761615001,21.21107181325953,-0.0018677640443038,0.7210087582846653,50.69931496790699
2016-04-21,21.8486736,22.1646869,21.76116222,22.03341984,359695,22.45152975,22.111693900500008,23.202450214759445,21.02093758624057,-1,19.41093845905,21.24332075548465,0.0125143954701702,0.6983313241214749,53.82718928294014
2016-04-22,22.11120773,22.37374186,22.00424938,22.22788956,505499,22.42313717,22.121417386500006,23.21267632594796,21.03015844705205,-1,19.43442944095,21.281931296838188,0.0308221011990461,0.6748428352556551,56.220200638047366
2016-04-25,22.1306547,22.35429488,21.97507892,22.33484791,469817,22.3953124416,22.134057918500005,23.229049836134784,21.039066000865223,-1,19.459020688550005,21.32322214441316,0.0967395079979624,0.6537266298802511,57.52411267952411
2016-04-26,22.36401837,22.57793507,22.21816608,22.55848809,421372,21.03190075,22.107318331000005,23.13111232037743,21.08352434162258,-1,19.48468301425,21.37166394620088,0.1058705199066885,0.6327296556030902,60.19371170437852
2016-04-27,22.49042369,22.74323433,22.10148424,22.65572296,476042,21.0628214364,22.083981964000003,23.032679351532728,21.13528457646728,-1,19.507815653100003,21.42201920164398,0.1315404714990013,0.6333739723457266,61.33164335878463
2016-04-28,22.59738204,23.23913213,22.3445714,22.37374186,796011,21.130037952144,22.05529768,22.92960888743153,21.18098647256847,-1,19.530150983250007,21.45934165883441,0.0407162232835572,0.652030169321032,56.30482966653263
2016-04-29,22.28623048,22.50014718,17.08416534,19.68033617,9128519,23.23913213,21.891943111500005,23.16732169239892,20.61656453060109,-1,19.54071570690001,21.38957673770365,-0.015664685396267,0.9923124315123868,30.54912554617005
2016-05-02,20.2248514,20.25402185,18.64964662,19.93314681,1960717,23.23913213,21.766510139000005,23.27334904744174,20.25967123055827,-1,19.552073255400003,21.332461838578016,0.0570735590195275,1.0360312028329308,33.61852177933892
2016-05-03,19.66088919,19.73867708,18.86356332,19.19416185,1005779,23.1160327942,21.622602542500005,23.491403730772017,19.753801354227992,-1,19.559735879100003,21.24860693706515,0.0440595808692039,1.0384277947734355,29.5126251263012
2016-05-04,18.72743451,19.42752552,15.9076235,17.16195323,3835767,22.995395445116003,21.369305726000004,24.0417549313922,18.69685652060781,-1,19.562562339650004,21.088346007376323,-0.0138418265176228,1.2156759537181905,21.673390946400477
2016-05-05,17.30780552,17.51199873,16.65633194,17.01610093,914250,22.71188456731136,21.136428230000003,24.40699549748002,17.86586096251999,-1,19.563622836400004,20.928650121989016,-0.0145980327412802,1.1899610134526049,21.23738096572133
2016-05-06,17.00637745,17.15222974,16.51047965,16.58826754,649528,22.439714124618902,20.8986889915,24.71957172973555,17.077806253264455,-1,19.558255988550005,20.758439040342388,-0.0263641482726289,1.150803090348847,19.968389552202964
2016-05-09,16.64660846,17.26998116,16.38407433,16.98693047,592146,22.17843049963415,20.6794243765,24.85343457198485,16.505414181015155,-1,19.555872034800004,20.610536743466216,-0.0157624792323676,1.131881928895358,24.495749146804258
2016-05-10,16.93831304,17.06471836,16.73411983,16.77301378,538503,21.927598219648782,20.437795743500004,24.91767041172296,15.95792107527705,-1,19.555104499,20.460045646859697,-0.0374093676104076,1.0746474004028326,23.720345318871665
2016-05-11,16.72439635,17.23001763,16.36462735,16.51047965,358687,21.68679923086283,20.193736239000007,24.96173415169368,15.425738326306336,-1,19.558773277950007,20.305160705806376,-0.0373270474822772,1.0597004632312017,22.76780332747998
2016-05-12,16.60771451,16.65633194,15.91734699,16.05347579,470372,21.45563220162832,19.906893394500003,24.939111206133035,14.87467558286697,1,19.557753773200005,20.13842796401005,-0.0390048938486235,1.036792212286116,21.173829058485
2016-05-13,16.05347579,16.52020313,15.87845304,16.31600992,742729,21.233711853563182,19.61227176100001,24.7596469718854,14.46489655011461,2,19.557858447800005,19.988529217186127,-0.036978914869687,1.0085749178371075,24.446232829139348
2016-05-16,16.29656295,16.4032296,15.98541139,16.01458185,598540,20.912396324749395,19.300634027000005,24.52624026210845,14.075027791891555,3,19.55560777105001,19.832688143963143,-0.0667192887551729,0.9663780101344568,23.252652741170703
2016-05-17,16.04375231,16.10209323,15.61591891,15.82983561,497294,20.61035972766443,19.00163682500001,24.302531956578697,13.700741693421312,4,19.551679397800008,19.67571353478812,-0.0598471427789811,0.9320777465534243,22.52669118075941
2016-05-18,15.80066515,16.00651136,15.58674846,15.76177121,352183,20.210804462251275,18.700208751500004,24.018106323692628,13.382311179307376,5,19.55042656375001,19.5222256004827,-0.066879753345784,0.8954838289424655,22.2510646550264
2016-05-19,15.61591891,15.99513488,15.49437534,15.89790001,480768,19.748398862026143,18.393432760000003,23.613788703508703,13.173076816491305,6,19.55103244450001,19.38009518516965,-0.0597619425521668,0.8672892368751466,24.247410444239502
2016-05-20,15.93730001,16.28205001,15.76000001,16.21310001,481667,19.23791603938301,18.092693282500004,23.082733125382,13.10265343961801,7,19.553685553550007,19.255899295947312,-0.0498070675255495,0.8426292913840646,28.80575433588388
2016-05-23,16.15400001,16.37070001,15.96685001,16.02595001,490219,18.788691155457048,17.777248387500002,22.441751156347376,13.112745618652628,8,19.55686372035001,19.129234618067027,-0.080759908178632,0.8112879134280601,27.73846934740213
2016-05-24,16.12445001,16.90260001,16.03580001,16.75485001,518208,18.393373257602203,17.487066483500005,21.6171721723243,13.356960794675713,9,19.54950241500001,19.036121496182044,-0.0818227368397469,0.8159566338974845,37.45781447941429
2016-05-25,16.80410001,16.98140001,16.45935001,16.48890001,385240,18.04549350748994,17.178725336000003,20.574861560482656,13.78258911151735,10,19.53953904320001,18.93623045750824,-0.1098610642266965,0.7949633029048071,35.577534903334296
2016-05-26,16.56770001,16.93215001,16.50860001,16.56770001,274132,17.73935932739115,16.888423243500004,19.311989023189053,14.464857463810953,11,19.531430479150007,18.84334691054713,-0.0897116096148839,0.7698409241258926,36.59314523791818
2016-05-27,16.54800001,17.12915001,16.47905001,16.98140001,588719,17.469961248904212,16.7534764355,18.81347689727492,14.693475973725086,12,19.523505501900008,18.77032938503548,-0.0940368194559833,0.7612880009740429,41.78221420881099
2016-05-31,17.10945001,17.67090001,16.74500001,17.67090001,1195964,15.49437534,16.6403640955,18.169643913449217,15.111084277550784,13,19.520724446550005,18.727214507583103,-0.0975357321286879,0.7730460009044685,49.23847854124723
2016-06-01,17.53300001,17.59210001,17.16855001,17.55270001,478148,15.5379058334,16.558291003500003,17.641733462453985,15.47484854454602,14,19.51601846780001,18.681155115521022,-0.0571298702462043,0.7537105722684351,48.10114226594551
2016-06-02,17.54285001,18.02550001,17.54285001,17.99595001,568312,15.580565716932,16.599990842500002,17.827746161212595,15.37223552378741,15,19.509526968700005,18.654284327069217,0.0693994128203807,0.7343491028206897,52.52932584222427
2016-06-03,17.97625001,17.97625001,16.92230001,17.48867501,405987,15.67836308865472,16.623619546500002,17.899735626230065,15.347503466769938,16,19.50269054025001,18.608574157772384,0.0891865452795838,0.7585848811906405,47.53100413338643
2016-06-06,17.54285001,17.81865001,17.48375001,17.68075001,183749,15.772248565508532,16.678243670000004,18.034633024120662,15.321854315879346,17,19.49643336585001,18.572188897075428,0.1446715683201312,0.7283216753913088,49.490774354866886
2016-06-07,17.60195001,18.12400001,17.60195001,18.12400001,386102,15.86237862328819,16.735097147,18.22702461823155,15.243169675768454,18,19.492868842650008,18.55461286228816,0.1648956851648331,0.7135879842919295,53.78104879038596
2016-06-08,18.12400001,18.17325001,17.78910001,18.17325001,261938,15.998075906490898,16.805108958500004,18.423629938183776,15.186587978816233,19,19.48735912380001,18.53965745631607,0.2389096658493296,0.6900566996996489,54.24608290960358
2016-06-09,18.11415001,18.19295001,17.97132501,18.12400001,242976,16.172089834771626,16.885784976500002,18.59578764240878,15.175782310591224,20,19.48789165120001,18.523357164303675,0.2761071548532325,0.6565972925782454,53.66459952754
2016-06-10,17.91715001,18.18310001,17.48375001,17.62165001,289895,16.374175852294464,16.964193687500003,18.658085409745414,15.270301965254587,21,19.48648411005001,18.487996099429026,0.2942905383726819,0.659651057394085,48.01135533201755
2016-06-13,17.57240001,17.65120001,17.20795001,17.33600001,367828,16.556053268065018,17.015193192,18.68925559162996,15.34113079237004,22,19.48140923315001,18.442819782196512,0.2594692326919178,0.6441938390087932,45.10186537655561
2016-06-14,17.25720001,17.41480001,17.02080001,17.39510001,293996,16.719742942258517,17.084219100000002,18.700402208585924,15.46803599141408,23,19.476201095100013,18.401732732306453,0.3576676500885185,0.6263228505081653,45.83324631988581
2016-06-15,17.42465001,17.89745001,17.35570001,17.82850001,224815,16.867063649032666,17.184152320000003,18.723046882093566,15.64525775790644,24,19.46930110710001,18.3792530177062,0.3960016687805625,0.620281932614725,50.989790261676575
2016-06-16,17.66105001,18.25205001,17.47390001,18.21265001,362382,16.9996522851294,17.306696260000002,18.76101957328648,15.852372946713528,25,19.466799155500013,18.372719566423605,0.4408239148860652,0.6315582231422446,55.07238173945247
2016-06-17,18.19295001,18.21265001,17.86790001,17.89745001,483893,17.149940012113873,17.40667376,18.72876714602416,16.08458037397584,26,19.46538905080001,18.354081544603076,0.3587440585769613,0.6110719214892272,51.29659095472848
2016-06-20,18.13385001,18.19295001,17.85805001,17.97625001,498300,17.282193211860207,17.494831260000005,18.718270553025253,16.271391966974758,27,19.46437294610001,18.33926462167746,0.2991073370810161,0.5913453556685682,52.179294227228766
2016-06-21,17.98610001,18.03535001,17.58225001,17.81865001,289684,17.39857602763698,17.584466260000006,18.61116741518981,16.5577651048102,28,19.46314052285001,18.318848362395997,0.3496257919858419,0.5814706874065275,50.21892678199737
2016-06-22,17.78910001,18.50815001,17.73985001,18.38995001,390076,17.500992905520544,17.666221260000004,18.675918210484788,16.65652430951522,29,19.46628908355001,18.321636662302037,0.3463591656772689,0.5948156383060612,56.58628043660739
2016-06-23,18.61650001,18.97110001,17.87775001,18.93170001,409688,17.58225001,17.788361260000006,18.789802941586217,16.786919578413794,30,19.46885922575001,18.34556071515293,0.4333857944024507,0.6304252355699139,61.60189227535361
2016-06-24,18.00580001,18.25205001,17.43450001,17.59210001,1463320,18.97110001,17.839581260000006,18.677490805367704,17.00167171463231,-1,19.46477900810001,18.316013236519485,0.3037325731972926,0.6923377187434915,47.10883039894519
2016-06-27,17.38525001,17.38525001,16.34115001,16.42980001,588242,18.97110001,17.812001260000002,18.786296596958216,16.83770592304179,-1,19.455697172550007,18.242044090381462,0.217499117225515,0.7322385959760992,38.6190659407112
2016-06-28,16.51845001,16.92230001,16.42980001,16.86320001,426905,18.86590201,17.771616260000005,18.82934517639037,16.713887343609642,-1,19.45092614250001,18.18797177350376,0.1357642916699402,0.715114410549235,42.76133378186824
2016-06-29,17.16855001,17.78910001,16.98140001,17.74970001,377990,18.76491193,17.78146626000001,18.83451591223283,16.728416607767187,-1,19.451445134700005,18.170784645523224,0.1317155469539114,0.7301705240814325,50.16896136007233
2016-06-30,17.83835001,18.01565001,17.56255001,18.01565001,449435,18.6679614532,17.782451260000006,18.83633808462505,16.72856443537496,-1,19.45205523370001,18.164700934326238,0.127710661702865,0.7103797723613303,52.16885257241126
2016-07-01,18.03535001,18.28160001,17.54285001,17.73985001,334386,18.574888995472,17.795010010000006,18.840547492159057,16.749472527840954,-1,19.450619370950005,18.14804011376442,0.1064200931990083,0.7124062171926638,49.930880770143546
2016-07-05,17.70045001,17.72015001,16.91245001,17.07990001,358039,18.48553943605312,17.764967510000005,18.855473728356703,16.674461291643308,-1,19.446121958850007,18.106152266557974,0.0757658074330333,0.7206200588217593,44.96064167560696
2016-07-06,16.99125001,17.29660001,16.80410001,17.04050001,327917,18.399763859011,17.710792510000008,18.831798243381503,16.58978677661851,-1,19.442046868350005,18.064361981987076,0.0289967902150058,0.7043257689059192,44.67472478521236
2016-07-07,17.13900001,17.47390001,16.74500001,16.91245001,321122,18.31741930505056,17.647752510000007,18.799036336636327,16.496468683363688,-1,19.436331085250007,18.019188963477777,-0.0224370781123589,0.7060810711269252,43.70202917044008
2016-07-08,17.04050001,17.48375001,17.04050001,17.44435001,307130,18.238368533248533,17.613770010000003,18.74679577643248,16.48074424356753,-1,19.432560200300003,17.996646259419826,-0.0035022512717931,0.6964538517607163,48.69867686794696
2016-07-11,17.59210001,17.92670451,17.56255001,17.77925001,327029,18.162479792318592,17.621650010000003,18.75697521319061,16.486324806809392,-1,19.431702458550006,17.988120916305324,0.0241519338131553,0.6811610409206651,51.610765443643714
2016-07-12,17.89745001,18.06490001,17.83835001,17.98610001,674733,18.08962660102585,17.654155010000004,18.792128029407632,16.516181990592376,-1,19.432760309050007,17.988041665077663,0.0638020715094719,0.6529102522834748,53.37133839511221
2016-07-13,18.04520001,18.12400001,17.80880001,17.95655001,203533,16.34115001,17.682227510000008,18.8209535439846,16.543501476015415,-1,19.433646589500007,17.986806698211872,0.0330097801421914,0.6287880914060837,53.07425673829194
2016-07-14,18.08460001,18.08460001,17.69552501,17.92700001,248675,16.37680701,17.687152510000004,18.829213604896,16.54509141510401,-1,19.438148689700007,17.984461337889837,0.0193077170851396,0.6116657277342205,52.757999302968166
2016-07-15,18.07475001,18.07475001,17.77925001,17.91715001,272798,16.41175087,17.672377510000004,18.794331425040543,16.55042359495946,-1,19.444173663950004,17.981821677972587,-0.0197812882569294,0.5890824614674904,52.64538836230711
2016-07-18,17.96640001,17.96640001,17.07005001,17.84820001,212181,16.4459958528,17.669915010000004,18.79009692205698,16.54973309794303,-1,19.445613917250007,17.976581612561898,0.0452787719628561,0.6110301427912412,51.81170170989866
2016-07-19,17.83835001,17.84820001,17.59210001,17.73000001,154167,16.479555935944,17.657602510000004,18.769427559400555,16.545777460599453,-1,19.445605648350007,17.966911745794764,0.0666624113851657,0.5856779897347241,50.33998742040296
2016-07-20,17.85805001,18.05505001,17.61180001,18.03535001,169783,16.51244481742512,17.668437510000004,18.790505568040462,16.546369451959546,-1,19.444456282550004,17.969595599293008,0.0853834194447054,0.5755045618965295,53.97692939496436
2016-07-21,17.93685001,18.19295001,17.64135001,17.74970001,166723,16.544675921276617,17.636425010000004,18.709803874846884,16.563046145153123,-1,19.43830565750001,17.960972242850143,0.0401927766471767,0.5737970931896346,50.26805110101711
2016-07-22,17.70045001,17.92700001,17.57240001,17.87775001,104790,16.610606884825554,17.583727510000003,18.48768224751452,16.67977277248549,-1,19.43350988430001,17.95770862587563,0.0011717386979218,0.5581401579618036,51.86476655042089
2016-07-25,17.87775001,17.98610001,17.74970001,17.95655001,194943,16.673900609832533,17.601950010000003,18.520422237669337,16.68347778233067,-1,19.426106783350008,17.957663189958936,0.1694601971967193,0.535158718107389,52.86763190340883
2016-07-26,17.93685001,18.34070001,17.92700001,18.02550001,245487,16.73466258583923,17.681735010000004,18.442800344974287,16.92066967502572,-1,19.419000792300007,17.960323457411526,0.2405495788385426,0.5264830953854326,53.77513462574795
2016-07-27,18.35941501,18.35941501,17.88760001,17.89745001,344323,16.83102483128888,17.73344751,18.399653481509603,17.0672415384904,-1,19.40996826790001,17.95785783202284,0.1310571120824703,0.5225782314293302,51.78111216708122
2016-07-28,17.90730001,18.16340001,17.68075001,17.91715001,579643,16.95329604558577,17.741820010000005,18.41282410417483,17.07081591582518,-1,19.40217760645001,17.956261446845474,0.0677953566551293,0.5197262148986638,52.07553880838192
2016-07-29,14.47950001,14.47950001,12.19430001,12.56860001,5567369,18.35941501,17.46946751,19.812753113010263,15.12618190698974,-1,19.369454519700007,17.744980606184868,-0.3406685575149384,0.8913779138344735,18.696474606158745
2016-08-01,12.59815001,13.75060001,12.36175001,13.38615001,2127738,18.23611271,17.25178251,20.188024223870816,14.315540796129188,-1,19.339723460100007,17.574046073001146,-0.2029228723005067,0.9269116342748684,26.45624920577366
2016-08-02,13.36645001,13.60275151,13.01185001,13.21870001,724481,18.115276456,17.05872251,20.48212270855629,13.635322311443712,-1,19.309631551750005,17.40324818817757,-0.1978994681496058,0.902910910398092,25.910773246120925
2016-08-03,13.16945001,13.46495001,12.84440001,13.42555001,631909,17.99685692708,16.87797501,20.650098066781204,13.105851953218796,-1,19.28004985205001,17.24726002432747,-0.1518752019169478,0.8827422739410855,27.8886801371319
2016-08-04,13.46495001,14.14460001,13.30735001,13.62255001,788706,17.8808057887384,16.71348001,20.74336817425469,12.68359184574531,-1,19.25135787210001,17.10511453356953,-0.1483342224121854,0.8794928258024365,29.81052427836461
2016-08-05,13.72105001,14.05595001,13.60383501,13.79000001,582243,17.76707567316363,16.530762510000002,20.73896506547127,12.322559954528735,-1,19.21978721255001,16.975110042449156,-0.1702924394011802,0.8489658382451196,31.482086164730703
2016-08-08,13.57,14.0,13.53,13.64,771065,17.65562015990036,16.3238000095,20.670890095032536,11.976709923967466,-1,19.184322304800013,16.844321413333503,-0.1971602432065924,0.8218968497990397,30.775052514563185
2016-08-09,13.6,13.6,13.17,13.18,580046,17.54639375690235,16.083495009,20.56571027383147,11.60127974416853,-1,19.14431831130001,16.70062253437925,-0.2501293781471751,0.7967613605276798,28.65007849852277
2016-08-10,13.15,13.24,12.77,12.78,464682,17.439351881964303,15.824667508500005,20.440210361488266,11.209124655511744,-1,19.10374352150001,16.546872631070258,-0.2746989295567208,0.7734212633471312,26.91005072386844
2016-08-11,12.8,13.29,12.75,13.22,550903,17.334450844525016,15.589317508000002,20.232008054808404,10.9466269611916,-1,19.065368731700016,16.416407037694952,-0.2455613547255559,0.7567483159651933,31.81565388381928
2016-08-12,13.21,13.97,13.13,13.74,551177,17.231647827834514,15.380460007500004,19.9608883618102,10.800031653189812,-1,19.03073730485001,16.31144989896182,-0.2239084498455857,0.7626948648248223,37.18172141807128
2016-08-15,13.77,13.97,13.73,13.78,384536,17.130900871477824,15.177050007000002,19.66137467175045,10.692725342249553,-1,18.99435263295001,16.212177353904494,-0.245709427639488,0.725359517337335,37.588611058759696
2016-08-16,13.77,13.92,13.23,13.24,434068,17.03216885424827,14.952550006500005,19.351923655140364,10.553176357859645,-1,18.96069893505002,16.09562137924157,-0.2685456190750386,0.7228338375275253,34.35356229407341
2016-08-17,13.2,13.455,12.86,13.1,451403,16.935411477363303,14.705782506000002,18.936216152346447,10.475348859653556,-1,18.92720275940001,15.97814603103602,-0.2787824104619081,0.7137028491327021,33.5474364380068
2016-08-18,13.05,13.24,12.97,13.13,348492,16.840589248016038,14.474797505500003,18.51542665222057,10.434168358779436,-1,18.894475905350017,15.86645402981892,-0.2656076976913101,0.6820097884803662,33.90534764577028
2016-08-19,13.12,13.24,12.91,13.18,355598,16.747663463255716,14.239910005000004,17.998271126052142,10.481548883947866,-1,18.862094331500018,15.761102891394648,-0.2525837182172606,0.65686623216034,34.538174793680284
2016-08-22,13.09,13.18,12.86,13.01,286070,16.656596194190602,13.992582504500003,17.371997821525813,10.613167187474192,-1,18.830625442250017,15.653216503496818,-0.2609957600565311,0.6328043584346015,33.36835965451871
2016-08-23,13.08,13.3731,12.81,13.03,446063,16.56735027050679,13.742807504000004,16.589441652570883,10.896173355429122,-1,18.79949475360002,15.55034526806557,-0.2560799681626505,0.6278254756892728,33.65307078054677
2016-08-24,13.03,13.03,12.78,12.8,236549,16.479889265296652,13.487935003500004,15.625469175660228,11.35040083133978,-1,18.76832129290002,15.442488590886528,-0.2499334980071634,0.6008379417114675,31.961709228600117
2016-08-25,12.74,12.9,12.53,12.56,508006,16.39417748019072,13.220077503000004,13.94855902935414,12.491595976645868,-1,18.73638109530002,15.329449822616468,-0.2756436410487283,0.5843495173035056,30.25307400970169
2016-08-26,12.59,12.7,12.2,12.29,466551,16.310179930786905,13.206147502500002,13.992298507157548,12.419996497842456,-1,18.69943223155002,15.210255711925626,-0.1012274615771865,0.5783245517818266,28.41284733609417
2016-08-29,12.29,12.8,12.12,12.43,486607,16.227862332371167,13.158340002000005,14.008570548554198,12.308109455445807,-1,18.66072821020002,15.101226076163837,-0.2226422716304671,0.5855870837974104,30.764533632127325
2016-08-30,12.38,12.71,12.38,12.48,444851,16.06354783907632,13.121405001500005,14.020702266477176,12.222107736522831,-1,18.623333276450023,14.998432896706433,-0.2247142279049199,0.5673308635261668,31.628400252054305
2016-08-31,12.49,12.66,12.25,12.34,305790,15.905805925513269,13.067127501000003,14.016110799371548,12.118144202628462,-1,18.58485321995002,14.894180626247357,-0.3090578321404074,0.5560929447028692,30.4815726022796
2016-09-01,12.39,12.559,12.08,12.24,357137,15.754373688492738,12.998000000500005,13.97605112552774,12.01994887547227,-1,18.54115540970002,14.790095111492557,-0.3153907929567283,0.5505863057955213,29.65445451782658
2016-09-02,12.36,12.6,12.19,12.49,587353,15.533911267183171,12.933000000000003,13.863507388471556,12.00249261152845,-1,18.50183672180002,14.699895303198732,-0.273630717482441,0.5405444268101268,34.443722352316016
2016-09-06,12.5,12.57,12.15,12.21,498446,15.326676591152182,12.861500000000005,13.783438718137129,11.93956128186288,-1,18.46049220945002,14.602252350132115,-0.2759738171769397,0.5319341106094034,31.82993094465293
2016-09-07,12.24,12.54,12.24,12.45,401493,15.131875995683052,12.825000000000005,13.751401640758704,11.8985983592413,-1,18.42222517055002,14.517850297185758,-0.1984106821073545,0.5175102455658745,36.292541803511554
2016-09-08,12.39,12.57,12.35,12.48,475099,14.948763435942068,12.810000000000002,13.748466834789838,11.871533165210169,-1,18.383771149200022,14.437934599256904,-0.1362202859138585,0.4962595137397407,36.849047844827744
2016-09-09,12.39,12.62,12.14,12.14,687932,14.776637629785544,12.756000000000002,13.717881489582032,11.794118510417972,-1,18.34250989995002,14.347819516933104,-0.2598648218137064,0.4950981199011877,33.298860119146426
2016-09-12,12.02,12.25,11.905,12.23,271806,14.61483937199841,12.680500000000002,13.554627565061622,11.806372434938382,-1,18.302805878600022,14.26476777117102,-0.269545858405041,0.4843768256225315,35.081812360972194
2016-09-13,12.13,12.31,11.84,12.02,457335,14.39805222223854,12.592500000000005,13.353154323592792,11.831845676407212,-1,18.26089648900002,14.176737662497649,-0.2534526253882716,0.4833499095066364,32.8737221932234
2016-09-14,12.06,12.4,11.8,11.85,585385,14.142247000014684,12.523000000000003,13.288299941199764,11.757700058800244,-1,18.218137099400025,14.085493048282054,-0.2566846574356231,0.4916820588275909,31.16371358436716
2016-09-15,11.82,12.16,11.81,11.92,597751,13.861177360012922,12.464000000000004,13.22419471189976,11.703805288100249,-1,18.173994657400023,14.000571752270991,-0.2677258987828104,0.4815619117684772,32.71573158066796
2016-09-16,11.94,12.09,11.52,11.66,618002,13.613836076811372,12.390500000000005,13.163066501992194,11.617933498007812,-1,18.126385899900026,13.908784624730954,-0.3015377534925819,0.4878789180707289,30.00931072466516
2016-09-19,11.69,11.79,11.635,11.75,438549,13.32069902605778,12.319000000000004,13.049613440884029,11.588386559115978,-1,18.07941970380002,13.824126404153269,-0.3003447187332272,0.4641018524942482,32.103144501302054
2016-09-20,11.8,11.83,11.33,11.43,434443,13.06860116240969,12.240000000000004,12.995910047558828,11.48408995244118,-1,18.03147933215002,13.730239094186476,-0.3216472684667076,0.4666660058875162,28.803689541022862
2016-09-21,11.49,11.59,11.1,11.26,891394,12.79042497642414,12.151500000000004,12.930814442314777,11.372185557685231,-1,17.984085030500022,13.63336697284583,-0.3286731026923948,0.4683327197526936,27.204085862917356
2016-09-22,11.36,11.78,11.15,11.64,714222,12.486148480667794,12.093500000000004,12.843227283750805,11.343772716249203,-1,17.938687009550023,13.555195719008738,-0.2551026838149295,0.4798803826275011,35.78825216959214
2016-09-23,11.65,11.8,11.495,11.5,424859,12.236641754147591,12.040500000000003,12.800617754035647,11.28038224596436,-1,17.89201130445002,13.474599808459375,-0.255744730903504,0.4673889267255369,34.18868445019031
2016-09-26,11.36,11.5,10.92,10.98,285759,12.032046238401024,11.975000000000003,12.854261053385304,11.095738946614706,-1,17.84206163455002,13.37677236499038,-0.2531635345426241,0.47543257481657,29.003415595096044
2016-09-27,10.94,11.21,10.615,10.8,1272048,11.80963699072082,11.893500000000008,12.884081142562312,10.9029188574377,-1,17.790104736700023,13.27572246832409,-0.2754196576813268,0.483973105186815,27.451362280410024
2016-09-28,10.84,10.93,10.66,10.87,858931,11.570709592576655,11.813000000000006,12.8599212004732,10.766078799526811,-1,17.739316224700023,13.181380410742754,-0.2067621642230535,0.4686893119591853,29.041633923412878
2016-09-29,10.83,10.84,10.44,10.47,1987589,11.379567674061326,11.719500000000007,12.888370822631886,10.550629177368128,-1,17.686672133750022,13.075051767184217,-0.2978582298564923,0.4659257896763863,25.589760172899787
2016-09-30,10.56,10.825,10.42,10.72,734805,11.19165413924906,11.643500000000008,12.8636520397066,10.423347960293414,-1,17.635518744550026,12.98269679592209,-0.2536302755609248,0.4615739475566444,31.101730504480912
2016-10-03,10.65,10.83,10.32,10.63,474285,11.037323311399248,11.550500000000005,12.781880932124723,10.319119067875285,-1,17.581989741550025,12.890434176474164,-0.2687764742227536,0.4650329513025983,30.23347135957418
2016-10-04,10.67,10.825,10.56,10.625,332041,10.893858649119398,11.471250000000008,12.726438730829033,10.216061269170982,-1,17.530794615450024,12.801593620534002,-0.2577940010368471,0.4507448833524127,30.183058627086524
2016-10-05,10.63,11.1,10.62,11.04,568733,10.32,11.400750000000006,12.584482550029874,10.217017449970138,-1,17.482829857600024,12.732511517767962,-0.2342209117932915,0.452834534541526,39.23911449412625
2016-10-06,10.97,11.08,10.85,11.0,344772,10.3356,11.326750000000008,12.412329453563942,10.241170546436074,-1,17.435242783850025,12.6645698896202,-0.2351435423813549,0.4369177820742742,38.71781690791609
2016-10-07,10.87,10.8901,10.395,10.56,1024005,10.350888,11.247750000000009,12.314907322047793,10.180592677952223,-1,17.384300341850025,12.582037737086074,-0.2031923785699949,0.4489236547832546,33.45304522344739
2016-10-10,10.59,10.89,10.52,10.87,428708,10.36587024,11.179750000000006,12.15745381506885,10.20204618493116,-1,17.332693444000025,12.514899002298383,-0.1902819454017935,0.443286250870165,39.67672569678059
2016-10-11,10.87,10.87,10.65,10.75,420560,10.3805528352,11.116250000000004,12.030311677350234,10.202188322649777,-1,17.280149563750026,12.445687276718056,-0.1856822403633136,0.4273372329508674,38.18788265383629
2016-10-12,10.79,10.82,10.54,10.75,351440,10.394941778496,11.061250000000005,11.922968486514216,10.199531513485796,-1,17.227701964200026,12.379189736454602,-0.1387151657448708,0.4168131448829484,38.18788265383629
2016-10-13,10.62,10.73,10.51,10.71,410205,10.40904294292608,11.000750000000004,11.778633506702803,10.222866493297207,-1,17.173465733300027,12.313731315417169,-0.0978688882146862,0.4041836345341664,37.6418332102109
2016-10-14,10.7,10.995,10.627,10.95,471022,10.42286208406756,10.965250000000005,11.681947111756706,10.248552888243305,-1,17.12196999340003,12.260251655989045,-0.0469017724758975,0.4015990892102973,42.91603180631878
2016-10-17,10.83,11.08,10.69,10.7,390816,10.436404842386208,10.912750000000004,11.540073481148571,10.285426518851438,-1,17.070909165550027,12.199065316538492,-0.0925480258706398,0.4007705828381332,39.19700370582849
2016-10-18,11.03,11.03,10.51,10.53,267349,10.449676745538484,10.867750000000004,11.468769758410955,10.266730241589052,-1,17.022849565250027,12.133611774713453,-0.0926730590050371,0.4092869697782665,36.85797795344222
2016-10-19,10.52,10.79,10.35,10.41,536210,11.1,10.825250000000006,11.42951380828262,10.22098619171739,-1,16.97332343875003,12.06601915609724,-0.1019123204401123,0.4114807576512475,35.25855384884771
2016-10-20,10.4,10.63,9.96,10.22,826698,11.085,10.754250000000004,11.288546500082544,10.219953499917464,-1,16.92332871570003,11.993626248014994,-0.1478728824520338,0.4299464178190155,32.82941513790213
2016-10-21,10.06,10.125,9.7,9.74,670690,11.04,10.666250000000003,11.257019625150448,10.075480374849564,-1,16.87541104465003,11.905248748092838,-0.1555495909391549,0.4363788165462288,27.647241653265425
2016-10-24,9.81,9.9,9.705,9.75,467430,10.9596,10.604750000000005,11.299080432863484,9.910419567136524,-1,16.82927642600003,11.8207291893441,-0.1553001644683985,0.4191374725072125,27.90257761543627
2016-10-25,9.75,9.755,9.4213,9.6,674420,10.884024,10.544750000000004,11.358368307316407,9.7311316926836,-1,16.78441370180003,11.733641770154136,-0.1196720483600916,0.4130347958995545,26.397707399729494
2016-10-26,9.61,9.63,9.19,9.26,379240,10.76700608,10.464250000000003,11.436367662631694,9.492132337368313,-1,16.738958205550027,11.636636210540248,-0.1871119775151624,0.4149608819067292,23.326703096989405
2016-10-27,9.19,9.19,8.26,8.46,1563294,10.609305472,10.363750000000003,11.670658087816555,9.056841912183453,-1,16.69345021750003,11.512062241499454,-0.123676495354292,0.4567493903419629,18.0158458803638
2016-10-28,8.44,8.72,8.29,8.43,1013688,10.32738881536,10.249250000000004,11.791346867904396,8.70715313209561,-1,16.643459598500026,11.3911970555583,-0.1816085413421955,0.4548387196032513,17.851708685841814
2016-10-31,8.35,8.7,8.2,8.45,473959,10.0793021575168,10.140250000000004,11.85751665081473,8.422983349185277,-1,16.596072277400026,11.275855994556013,-0.1904207240093685,0.4580645253458762,18.385550793501707
2016-11-01,8.5,8.8,8.0,8.15,1154041,9.816199855464449,10.016500000000004,11.922535414151692,8.110464585848316,-1,16.547714500100028,11.153273406534208,-0.2222280667402668,0.4824884878211709,16.638868113845078
2016-11-02,8.4,8.5,8.15,8.35,642808,9.525607878590137,9.882000000000003,11.858497912976516,7.905502087023491,-1,16.49939391590003,11.043341116081884,-0.2476656385836444,0.473025024405373,21.96165230792037
2016-11-03,8.4,8.525,8.1,8.4,638684,9.281510618015714,9.752000000000004,11.759043596935676,7.744956403064332,-1,16.451082629950026,10.939680680157103,-0.2296379923125038,0.469594665519275,23.280533042682563
2016-11-04,3.9,3.95,2.75,3.4,22869853,9.0764689191332,9.394000000000004,12.778460961512264,6.009539038487745,1,16.375171765450027,10.64400692799408,-0.0200074899839885,0.8396236179821839,8.255376234909292
2016-11-07,3.4,3.4,3.1,3.15,6794547,8.525,9.008000000000006,13.276534174631884,4.739465825368128,2,16.29916626920003,10.350124303366862,-0.136659124553367,0.8010790738405993,7.978119985226229
2016-11-08,3.05,3.55,3.05,3.55,5412462,7.4855,8.648000000000005,13.449356474997504,3.846643525002508,3,16.22804919360003,10.083452762058355,-0.0033612289384678,0.7795734257091279,13.012061641084628
2016-11-09,3.65,4.15,3.3,3.95,5851243,6.63311,8.308000000000005,13.41888876811073,3.19711123188928,4,16.159461661800027,9.84292520276195,0.0537259295401175,0.7846038953013331,17.851567714179808
2016-11-10,4.1,4.65,3.9,4.4,2605100,5.9341502,7.992500000000004,13.24831535063785,2.736684649362158,5,16.092113182750026,9.629477155594817,0.061450215717182,0.782132188494095,23.03897167061673
2016-11-11,4.5,4.7,4.15,4.65,1812811,5.361003164,7.677500000000005,12.941699369324878,2.4133006306751312,6,16.021296949950028,9.43420354164992,0.0804332816293908,0.7655513178873739,25.840715961902816
2016-11-14,4.8,5.1,4.65,5.05,1869722,2.75,7.395000000000005,12.585974860274362,2.204025139725648,7,15.955465418500026,9.26227399099698,0.1106158872092895,0.7430119380382757,30.21800932968516
2016-11-15,5.2,5.5,5.05,5.5,1692573,2.797,7.143500000000006,12.187880140314608,2.099119859685403,8,15.894964869100027,9.114733834487296,0.1413617108179998,0.7220825138926846,34.87519715250261
2016-11-16,5.55,5.75,5.3,5.75,1117054,2.90512,6.910500000000004,11.756423957306849,2.0645760426931625,9,15.835232916250026,8.982783488036812,0.1657066294954869,0.7026480486146358,37.3757448913911
2016-11-17,5.85,6.6,5.8,6.4,2089836,3.0758128,6.719500000000005,11.32369580382942,2.115304196170592,10,15.777788156500028,8.881497861054976,0.18277688076669,0.7131731879993046,43.454881193182
2016-11-18,6.6,6.85,6.4,6.55,1915458,3.357747776,6.560000000000004,10.950662820121869,2.1693371798781405,11,15.72619627325003,8.790066572386154,0.1775087335971703,0.6943751031422114,44.7868810387098
2016-11-21,6.5,6.575,5.95,6.05,1430103,3.7069729984,6.375000000000004,10.51719989860466,2.23280010139535,12,15.67528165275003,8.682612981312188,0.1631273312997727,0.6894197386320534,41.29492206199316
2016-11-22,6.1,6.1,5.7,5.8,1552483,4.02127569856,6.185000000000004,10.057908467805625,2.3120915321943847,13,15.622539348100029,8.56956933498622,0.1477425958833969,0.6687469001583352,39.6310917287685
2016-11-23,5.8,6.075,5.75,5.95,855379,4.304148128704,6.019500000000003,9.626407123839002,2.4125928761610043,14,15.56987307865003,8.466841125771074,0.1538292705383324,0.6441935501470254,41.162883393559625
2016-11-25,6.0,6.05,5.85,6.0,164644,4.5587333158336,5.896500000000004,9.325513123334543,2.4674868766654634,15,15.51827519505003,8.370102258093777,0.1730102409049583,0.6124654394222377,41.69396749315324
2016-11-28,5.95,6.0,5.85,5.95,719293,4.7878599842502405,5.772500000000003,8.999491633085004,2.5455083669150014,16,15.46589776765003,8.27519628718814,0.1834592893047547,0.5794321937492207,41.29257562128192
2016-11-29,5.9,6.2,5.9,6.0,600415,4.994073985825216,5.650000000000003,8.63831055949689,2.661689440503115,17,15.41328893680003,8.18597290337684,0.1798447359705473,0.5594727513385621,41.89498764516963
2016-11-30,5.95,6.3,5.95,6.2,1067377,5.179666587242695,5.552500000000004,8.327833313315823,2.777166686684185,18,15.35811772050003,8.108091613048336,0.1992008666488509,0.5445104119572363,44.35464274861053
2016-12-01,6.15,6.45,6.05,6.45,1633806,5.346699928518425,5.457500000000004,7.959953795777375,2.9550462042226333,19,15.304437205900031,8.043068412536636,0.2206477904271681,0.5341882396745766,47.35460441837349
2016-12-02,6.5,6.7,6.15,6.2,600842,5.497029935666582,5.347500000000005,7.490506066253789,3.20449393374622,20,15.24007118380003,7.970791219888141,0.208737555588509,0.5353176511263926,44.75609869870515
2016-12-05,6.2,6.475,6.2,6.4,551315,5.632326942099923,5.497500000000004,7.488850044567898,3.50614995543211,21,15.171698565900028,7.909191564206253,0.2831985639909725,0.5167235331887932,47.249886700961696
2016-12-06,6.45,6.5,6.15,6.15,588384,5.754094247889931,5.647500000000004,7.338202516707342,3.956797483292667,22,15.10347201800003,7.840203659727576,0.4501730836844388,0.5048147093895936,44.5431217891192
2016-12-07,6.15,6.35,5.975,6.15,1195789,5.863684823100938,5.777500000000005,7.178026686643469,4.376973313356541,23,15.036930382150029,7.773921163267671,0.3300288905590866,0.4955422301474798,44.5431217891192
2016-12-08,6.15,6.25,6.125,6.2,807456,5.962316340790844,5.890000000000005,7.020751962191769,4.759248037808241,24,14.96933895700003,7.712198764708154,0.2788974697487157,0.4690749279940883,45.270351787959896
2016-12-09,6.1,6.85,6.1,6.7,386377,5.975,6.005000000000005,6.960458005356871,5.04954199464314,25,14.90015560260003,7.672504695503913,0.278114098407983,0.4891410045659392,52.04292539161824
2016-12-12,6.7,7.15,6.15,6.3,785419,6.0625,6.087500000000005,6.819534835237042,5.355465164762967,26,14.82902038855003,7.61868098195474,0.1973107169272978,0.5256309328112293,47.029066515387214
2016-12-13,6.25,6.6,6.25,6.4,426288,6.1,6.155000000000006,6.722362318100627,5.587637681899384,27,14.758000051700028,7.570889570897691,0.13634422687226,0.5130858661818557,48.36828563982412
2016-12-14,6.3,6.7,6.125,6.2,781367,7.15,6.190000000000006,6.671248376621132,5.70875162337888,28,14.685979714900029,7.51712919556837,0.0249810016416162,0.5175083043117231,45.87046179295171
2016-12-15,6.25,6.35,6.15,6.3,884068,7.1295,6.217500000000006,6.6559917331039244,5.779008266896087,29,14.611979889100027,7.469398638879414,-0.0101732479949046,0.4948291397180285,47.33492513992309
2016-12-16,6.25,6.65,6.2,6.55,698184,7.1094100000000005,6.225000000000006,6.680521678957732,5.76947832104228,30,14.537431218350028,7.433343790295908,-0.0482132965676148,0.4916270583095979,50.910589097759086
2016-12-19,6.6,6.85,6.25,6.3,481432,7.0897218,6.212500000000006,6.64479041164528,5.780209588354731,-1,14.458277944850028,7.3888989357745,-0.037840120828194,0.4993679827160552,47.441785581465616
2016-12-20,6.35,6.35,6.1,6.2,756724,7.070427364,6.220000000000006,6.645910788781473,5.794089211218539,-1,14.381006925500028,7.342275448097069,0.0133694013753783,0.4815559839506226,46.08904668375069
2016-12-21,6.2,6.25,6.1,6.15,408561,7.031610269440001,6.237500000000006,6.619435858489979,5.855564141510033,1,14.304020697900029,7.295519548171693,0.0589014369840672,0.4578734136684353,45.392118398687565
2016-12-22,6.1,6.45,6.1,6.35,1090971,6.994345858662401,6.257500000000006,6.6184362824661305,5.896563717533881,2,14.22866649690003,7.258440350204176,0.0764208972627228,0.4501681698349756,48.73164150602124
2016-12-23,6.4,6.45,6.15,6.25,372225,6.958572024315905,6.270000000000006,6.611174442185352,5.92882555781466,3,14.15237473900003,7.218893669804013,0.0614400306625084,0.4394418719896202,47.17809516191767
2016-12-27,6.25,6.5,6.15,6.4,569255,6.924229143343269,6.292500000000006,6.604389403475743,5.980610596524269,4,14.077610860000028,7.186780192556797,0.0623538398370484,0.4330531668475044,49.765085362745495
2016-12-28,6.45,6.5,6.35,6.4,349009,6.891259977609538,6.312500000000005,6.596885302012038,6.028114697987973,5,14.002749746150029,7.155926067358491,0.0692453653014352,0.4128350835012541,49.765085362745495
2016-12-29,6.4,6.475,6.35,6.45,194486,6.8596095785051565,6.3250000000000055,6.610482048473216,6.039517951526795,6,13.923908915750028,7.128242692167962,0.0485763712261732,0.3922754346797359,50.6985302971748
2016-12-30,6.45,6.675,6.35,6.55,418173,6.82922519536495,6.330000000000006,6.627321374947106,6.032678625052907,7,13.845227763350028,7.105566508161376,-0.0711558971677619,0.3874700464883262,52.595738941638665
2017-01-03,6.65,6.85,6.45,6.7,383228,6.1,6.355000000000006,6.68651168908568,6.023488310914332,8,13.764379565100027,7.089661939213871,-0.0240016298599057,0.3883650431677314,55.37006454566152
2017-01-04,6.75,7.1,6.75,7.05,443271,6.114999999999999,6.387500000000006,6.836805018890768,5.938194981109245,9,13.688247030150029,7.0881065690486205,-0.0187247859470156,0.3891961115128934,61.09197094263854
2017-01-05,7.0,7.05,6.85,6.95,514630,6.154399999999999,6.427500000000006,6.924968591973818,5.930031408026195,10,13.612149286950029,7.082690625164361,0.0304094943593084,0.3756821035476867,58.7734433709001
2017-01-06,7.0,7.1,6.85,7.0,298893,6.192223999999999,6.470000000000006,7.00888774341268,5.931112256587332,11,13.536301543750028,7.079447855550072,0.0455019616848836,0.3667048104371377,59.59905227653391
2017-01-09,6.95,7.05,6.8,6.95,312296,6.228535039999999,6.507500000000006,7.0698833212324335,5.945116678767578,12,13.460884444550029,7.074371469057912,0.0382539953076873,0.3583687525487707,58.3408378754177
2017-01-10,7.0,7.0,6.8,6.85,187605,6.263393638399998,6.515000000000006,7.09128118136928,5.938718818630732,13,13.384724258200029,7.0655725879183855,0.0075450085772094,0.3470566987952871,55.803426717066415
2017-01-11,6.85,7.0,6.8,6.95,177352,6.296857892863999,6.547500000000005,7.144555273823496,5.950444726176514,14,13.304007859000029,7.061040329568645,0.0735130002992722,0.3365526488813381,57.78090527670429
2017-01-12,6.9,6.95,6.7,6.85,206177,6.328983577149439,6.570000000000006,7.176959636220081,5.96304036377993,15,13.222645607500027,7.052764238213012,0.0859307018703682,0.3303703168183854,55.12474392296361
2017-01-13,6.9,7.1,6.85,7.0,212573,6.359824234063461,6.610000000000005,7.219590026165529,6.000409973834481,16,13.142908469800028,7.050695052400737,0.1605947448481091,0.3246295799027864,58.22676113689565
2017-01-17,6.95,7.0,6.65,6.75,246891,6.389431264700923,6.632500000000006,7.227710046958579,6.037289953041432,17,13.061921332100027,7.038903089561493,0.1070594676201485,0.3264417527668731,51.79989076322022
2017-01-18,6.8,7.1,6.6955,7.05,587628,6.417854014112885,6.657500000000004,7.278205244057535,6.0367947559424735,18,12.984962300800028,7.039338262519865,0.1151350145048814,0.3320173418549536,57.81690789488012
2017-01-19,7.0,7.05,6.55,6.6,402569,6.44513985354837,6.672500000000005,7.27206234037879,6.07293765962122,19,12.907600731900027,7.022109311048498,0.1259825818671423,0.3440161031510284,48.11439558353106
2017-01-20,6.6,6.75,6.2,6.25,348352,7.1,6.675000000000004,7.267030404625073,6.082969595374935,20,12.827711284100028,6.991830514536792,0.1153376866968642,0.3587292386402406,42.18479431103645
2017-01-23,6.25,6.4,6.125,6.2,409324,7.082,6.677500000000005,7.261002356465263,6.093997643534746,21,12.750343029850027,6.960778337496134,0.1088706366955806,0.3527485787373663,41.39985528396704
2017-01-24,6.2,6.775,6.175,6.65,414880,7.04372,6.692500000000005,7.256658665625627,6.128341334374383,22,12.676877768300027,6.948590951711972,0.087315358833705,0.3704093945418402,50.35342941884912
2017-01-25,6.75,7.05,6.75,6.9,449669,6.125,6.725000000000004,7.25744718047948,6.192552819520528,23,12.604516654450029,6.946685424193856,0.1037774206850018,0.372523009217423,54.51167266819352
2017-01-26,6.9,7.0,6.7,6.75,217643,6.1435,6.742500000000005,7.253650662721347,6.231349337278664,24,12.530238722250028,6.938972270303901,0.051734521419982,0.3673427942733213,51.71297434134401
2017-01-27,6.7,6.8,6.6,6.6,143442,6.161630000000001,6.752500000000005,7.243901058200423,6.261098941799586,25,12.456280373550028,6.925679240095905,0.049227206653333,0.3553897375395127,49.00353948838766
2017-01-30,6.6,6.6,6.375,6.45,291314,6.179397400000001,6.752500000000005,7.243901058200423,6.261098941799586,26,12.379578710150026,6.907025152249006,0.0164390594037457,0.3460761848581189,46.38624211457884
2017-01-31,6.45,6.525,6.3,6.4,215521,6.196809452000001,6.7450000000000045,7.252838557024299,6.23716144297571,27,12.300536497200026,6.887141812945123,-0.0016813422651882,0.3374278859396819,45.51361169535585
2017-02-01,6.45,6.65,6.15,6.25,256225,7.05,6.7225000000000055,7.274292533476514,6.170707466523497,28,12.220549814550028,6.862155859496295,-0.0410982431809037,0.3490401798011332,42.90587431757499
2017-02-02,6.2,6.8,6.2,6.75,455378,7.032,6.707500000000005,7.238795586279885,6.176204413720125,29,12.145250916300029,6.8577575904964405,-0.0311181726934748,0.3669658812439094,52.64559244297115
2017-02-03,6.85,6.95,6.7,6.95,203962,7.01436,6.707500000000005,7.238795586279885,6.176204413720125,30,12.071049252900028,6.861374939888737,0.0010620900899091,0.358611175440773,55.88722659586158
2017-02-06,6.85,6.95,6.55,6.7,217491,6.9970728,6.692500000000005,7.20657684250556,6.178423157494451,1,11.994382153700023,6.855046510873493,-0.0180882292266222,0.3615675200521463,51.17172053406368
2017-02-07,6.75,6.95,6.6,6.9,620984,6.980131344,6.690000000000005,7.199509568114765,6.180490431885245,2,11.917742705900023,6.856809392800022,0.0436333435961972,0.3607412686198502,54.48064262522069
2017-02-08,6.9,6.9,6.65,6.7,222693,6.96352871712,6.682500000000006,7.186756878981802,6.178243121018211,3,11.839568466350029,6.85066000484708,0.0370708260551003,0.3528311780041466,50.77510972028542
2017-02-09,6.7,6.975,6.7,6.8,226248,6.15,6.675000000000006,7.16744289009028,6.182557109909732,4,11.760776025900029,6.848673337990332,0.0130995741924671,0.3472718081467075,52.514218432131095
2017-02-10,6.85,6.95,6.75,6.95,237410,6.1665,6.680000000000005,7.181398045469372,6.178601954530638,5,11.682247411100027,6.852646932578946,0.0437828682975312,0.3367523932790855,55.07797754390592
2017-02-13,6.95,6.975,6.75,6.8,260900,6.18267,6.670000000000006,7.153114893167741,6.186885106832271,6,11.604378701800028,6.850582346987615,0.0142932157551031,0.3287700794734366,52.05153883407166
2017-02-14,6.75,6.85,6.75,6.75,222011,6.1985166,6.670000000000006,7.153114893167741,6.186885106832271,7,11.539727020950028,6.846637941223395,-0.0037972583906463,0.3124293595110483,51.04468175542329
2017-02-15,8.25,9.3,7.6,8.65,3017836,6.214046268,6.750000000000005,7.73132563402803,5.768674365971981,8,11.483311286900026,6.917358021959732,0.0275539425199418,0.4722558338316877,72.67499432103736
2017-02-16,9.4,9.95,8.75,8.85,1734782,6.33748441728,6.862500000000006,8.200362100517275,5.524637899482737,9,11.431590477650026,6.993147903451507,-0.0865810927265361,0.5313804171294242,73.97833821881026
2017-02-17,9.3,9.3,8.56,9.0,924779,6.5542353522432,7.000000000000005,8.597811002590888,5.402188997409123,10,11.390780711500026,7.071847985669095,-0.0391171391621732,0.5462818159058939,74.9436391041972
2017-02-21,9.0,9.05,8.75,8.85,431058,6.757981231108608,7.132500000000005,8.875851657010308,5.389148342989701,11,11.349950206850028,7.141579437211483,-0.0351019377404535,0.5286902576269015,72.06468429072495
2017-02-22,8.8,8.85,8.5,8.75,399763,6.949502357242091,7.237500000000004,9.10079680942156,5.374203190578448,12,11.310758869150026,7.204654753399268,-0.0417273212328114,0.5159266677964085,70.13048882373522
2017-02-23,8.7,9.15,8.55,8.8,335135,7.129532215807565,7.332500000000005,9.307664550107289,5.357335449892721,13,11.269824216800025,7.267217312089492,-0.0474290093908631,0.5219319058109507,70.55601776949176
2017-02-24,8.65,9.05,8.55,8.95,329132,7.298760282859111,7.442500000000005,9.518138455993853,5.3668615440061584,14,11.230709147900027,7.333208790046767,-0.0150578690215791,0.5203653411101685,71.85158762639819
2017-02-27,9.55,9.65,8.45,8.85,745478,7.457834665887564,7.555000000000005,9.679123348584197,5.430876651415816,15,11.192406749650026,7.392690798280228,-0.0235161384616079,0.5689106738880138,69.65126325103034
2017-02-28,8.75,8.95,8.45,8.75,489045,7.607364585934309,7.670000000000006,9.791414622368864,5.548585377631147,16,11.155889370700027,7.445918610112375,-0.0062316713460907,0.5639884828960128,67.42758162269381
2017-03-01,8.95,8.95,8.35,8.85,773090,7.747922710778251,7.792500000000006,9.889229596300025,5.695770403699989,17,11.118559321100026,7.500980625402086,0.0386164455360976,0.5665607341177261,68.51025495162895
2017-03-02,8.85,9.125,8.8,8.95,654864,7.880047348131556,7.927500000000005,9.956163353048137,5.898836646951874,18,11.083236411850027,7.557804914602004,0.0456526437851815,0.5493063959664599,69.59850103915281
2017-03-03,8.85,9.0,8.55,9.0,593949,8.004244507243662,8.040000000000004,10.044395170618944,6.0356048293810645,19,11.049087233800028,7.614361584617612,0.0621187162952405,0.5422130819688556,70.1538939543692
2017-03-06,8.9,9.0,8.65,8.75,416929,8.120989836809043,8.130000000000006,10.091733926912717,6.168266073087295,20,11.014028377750028,7.658896424436529,0.0313198893386582,0.5284835761139374,63.87094715507777
2017-03-07,8.8,8.9,8.7,8.8,353751,8.2307304466005,8.235000000000005,10.101842253646652,6.368157746353356,21,10.978538877700023,7.7036455842625475,0.0351771434272751,0.5050204635343705,64.554678050886
2017-03-08,8.9,8.95,8.7,8.75,1120403,8.33388661980447,8.327500000000006,10.10161245415853,6.553387545841481,22,10.941223377650026,7.744679090762055,-0.0488430526304837,0.4868047161390582,63.26530404213317
2017-03-09,8.8,8.85,8.65,8.75,288525,8.430853422616202,8.430000000000005,10.045982673174583,6.814017326825426,23,10.904843627600023,7.784103440143935,-0.0387485968924782,0.4663186649862683,63.26530404213317
2017-03-10,8.8,8.85,8.45,8.65,291796,9.95,8.522500000000004,9.956192784386015,7.088807215613993,24,10.864319377550023,7.818060167981428,-0.0340319380647179,0.4615816174872492,60.46407902371061
2017-03-13,8.65,8.75,8.45,8.6,170677,9.92,8.605000000000006,9.84391081196364,7.366089188036372,25,10.824874877500026,7.848724475119411,-0.0517154830423434,0.4500400733810171,59.056082067242656
2017-03-14,8.5,8.75,8.35,8.7,492429,9.8906,8.700000000000006,9.62141195998334,7.778588040016672,26,10.785536377450024,7.882107829036297,-0.013541864071407,0.4464657824252302,61.01156811270468
2017-03-15,8.7,8.85,8.65,8.8,366263,9.828976,8.802500000000006,9.02267038856407,8.582329611435942,27,10.744629377400026,7.9181036004466385,0.0156832024107925,0.4288610836805708,62.91880120030464
2017-03-16,8.85,9.1,8.65,8.85,560646,9.769816959999998,8.812500000000005,9.021963600657523,8.603036399342487,28,10.700524877350029,7.954648557291868,-0.0482816556829885,0.4303710062748158,63.87046823356024
2017-03-17,8.8,8.95,8.7371,8.9,475415,9.713024281599996,8.815000000000005,9.027367605817007,8.602632394183003,29,10.657261377300026,7.991721162888266,0.1119981464330675,0.4148373629694717,64.84218091270793
2017-03-20,8.95,9.0,8.7999,8.8,350385,9.658503310335998,8.805000000000005,8.999679223340438,8.610320776659572,30,10.611281627250028,8.023418372186764,0.0642053591474508,0.3994989799002238,61.29166367725063
2017-03-21,8.85,9.15,8.85,8.9,748808,9.60616317792256,8.807500000000006,9.005679211826868,8.609320788173145,-1,10.568338252200029,8.057794122297087,0.0264489961624057,0.3959633384787793,63.447125009165305
2017-03-22,8.85,9.05,8.7,8.95,369064,9.555916650805656,8.817500000000006,9.023108851950262,8.61189114804975,-1,10.524684502150029,8.092782588089358,0.0252052902191243,0.3926802428731523,64.51122259088754
2017-03-23,8.9,9.4,8.8689,9.2,494650,9.50767998477343,8.837500000000004,9.101838797758743,8.573161202241264,-1,10.480064502100028,8.13620287875252,0.0424519448426911,0.4025673683822129,69.32033775113031
2017-03-24,9.25,9.65,9.1282,9.4,654114,8.35,8.860000000000005,9.21860842154139,8.50139157845862,-1,10.436198252050026,8.18576355017399,0.0247821583219474,0.4110839849263406,72.52767233297499
2017-03-27,9.35,9.45,9.075,9.25,656765,8.376,8.880000000000006,9.276736688497904,8.483263311502107,-1,10.391828252000028,8.227498312912264,0.0448282242825215,0.4085065574316019,66.88040276033544
2017-03-28,9.2,9.425,9.1,9.25,596943,8.40148,8.905000000000005,9.327965719651605,8.482034280348405,-1,10.349970001950023,8.267596418288253,0.0305835287198408,0.4025418033293447,66.88040276033544
2017-03-29,9.25,9.55,9.21,9.35,413205,8.4264504,8.930000000000005,9.394112055435311,8.465887944564697,-1,10.310040001900028,8.310043617571067,-0.0267480831428336,0.3980745316629629,68.76105806454538
2017-03-30,9.35,9.575,9.35,9.5,495547,8.450921392,8.957500000000005,9.484069083787093,8.430930916212917,-1,10.270564501850028,8.35670857374475,-0.005427252253018,0.3857120651156084,71.38577285862377
2017-03-31,9.5,9.625,9.4,9.4,743964,8.47490296416,8.977500000000004,9.53828070580251,8.416719294197499,-1,10.228422001800029,8.397621963009662,-0.1383359748394655,0.3742326318930649,67.32458646874849
2017-04-03,9.5,9.6,9.2,9.3,388520,8.4984049048768,9.005000000000004,9.5723623181005,8.437637681899508,-1,10.183858751750028,8.433009337009283,-0.1402803909419822,0.3760731581864175,63.437940230062416
2017-04-04,9.25,9.35,9.0,9.3,502740,8.521436806779263,9.030000000000005,9.603061951276118,8.456938048723892,-1,10.14087150170003,8.467008970852056,-0.1029554230619581,0.3742107897445305,63.437940230062416
2017-04-05,9.35,9.55,8.875,9.0,361610,8.544008070643677,9.042500000000006,9.601315712019936,8.483684287980076,-1,10.09599025165003,8.48791057983825,-0.0640637855699079,0.3956957333342069,52.827121667827775
2017-04-06,8.95,9.2,8.9,9.1,292196,8.566127909230804,9.060000000000006,9.602770669804746,8.517229330195265,-1,10.05239700160003,8.51191408651126,-0.0537055669156538,0.3888603238103349,55.49909481170798
2017-04-07,9.05,9.2,8.9,9.05,238024,8.587805351046189,9.080000000000004,9.58931326313024,8.570686736869767,-1,10.00569725155003,8.533015494883367,-0.0540137046161454,0.3825131578238823,53.85649236690967
2017-04-10,9.0,9.1,8.775,8.85,221513,8.609049244025265,9.092500000000005,9.565019840853576,8.619980159146433,-1,9.95528875150003,8.545446259789902,-0.066380557113759,0.3784050751221764,47.7665259713391
2017-04-11,8.8,8.9,8.55,8.75,312382,9.65,9.095000000000004,9.559650406219966,8.630349593780043,-1,9.911078251450029,8.553467975092259,-0.1028033992846812,0.376376141184878,45.02504238817101
2017-04-12,8.8,8.95,8.55,8.6,341364,9.628,9.085000000000004,9.5820915408658,8.58790845913421,-1,9.871929251400028,8.555292760382759,-0.1507228124061497,0.3780635596716723,41.20484164342942
2017-04-13,8.6,8.65,8.375,8.4,320647,9.60644,9.062500000000004,9.635103702398446,8.489896297601561,-1,9.829613251350027,8.549202848210886,-0.1770349820053511,0.3707018768379814,36.73001164750432
2017-04-17,8.45,9.05,8.45,9.0,301737,9.5571824,9.067500000000004,9.636072774585951,8.498927225414056,-1,9.785864751300029,8.56688116788889,-0.1806026306099938,0.3906517427781256,53.16318912161304
2017-04-18,8.85,8.85,8.05,8.25,500203,9.509895104,9.040000000000004,9.70302337817028,8.376976621829728,-1,9.737036501250026,8.55445445542266,-0.1664200449780961,0.4306051897225452,39.39070592137084
2017-04-19,8.35,8.55,8.15,8.35,309603,9.42230139776,9.012500000000005,9.73905006709816,8.285949932901849,-1,9.690087251200028,8.54643663364138,-0.1163762074395441,0.4284191047423634,41.56441800597069
2017-04-20,8.4,8.55,8.35,8.35,201289,9.3399633138944,8.982500000000003,9.764340776629384,8.200659223370623,-1,9.646437751150028,8.538733236243678,-0.1617797748841798,0.4121034544036233,41.56441800597069
2017-04-21,8.35,8.5,8.35,8.4,283965,9.262565515060736,8.942500000000004,9.756916969371554,8.128083030628455,-1,9.603235251100026,8.533292717175298,-0.1926096451335398,0.3933817790890788,42.75494740354759
2017-04-24,8.65,8.7,8.3,8.6,403432,9.189811584157091,8.902500000000003,9.701546306543264,8.103453693456743,-1,9.561673001050028,8.535908689050776,-0.1766180185862864,0.3938545091541445,47.37355884178207
2017-04-25,8.7,8.7,8.4,8.55,310146,9.121422889107668,8.867500000000003,9.663913837147753,8.071086162852255,-1,9.517201251000024,8.536461289480158,-0.1789306274565293,0.3871506156431341,46.36639190170698
2017-04-26,8.55,8.95,8.525,8.75,361922,9.057137515761209,8.842500000000005,9.62049421591703,8.064505784082979,-1,9.472055000950023,8.544835356559368,-0.1754865234413239,0.3898541430971958,50.86616664320255
2017-04-27,8.8,8.8,8.45,8.5,334002,8.996709264815534,8.800000000000004,9.554983443527338,8.045016556472671,-1,9.424624500900022,8.54307710728253,-0.2003388705973875,0.3870074185902534,45.70431348767099
2017-04-28,7.4,9.4,6.8,8.95,1188938,6.8,8.772500000000004,9.460595196902506,8.084404803097502,-1,9.379591750850022,8.559034867781254,-0.1054797284276999,0.5450783172623782,54.62932980564664
2017-05-01,8.95,8.95,8.6,8.625,189825,6.8,8.733750000000004,9.360701951907322,8.106798048092687,-1,9.333081750800025,8.5616217357114,-0.0344853899920628,0.5311441517436368,48.436717081630334
2017-05-02,8.6,8.85,8.45,8.7,457936,6.8,8.703750000000003,9.27433632125255,8.133163678747456,-1,9.286996000750024,8.567048334310952,0.0073709261572484,0.5217767123333771,49.849533113793896
2017-05-03,8.65,8.75,8.3,8.7,420858,6.851999999999999,8.673750000000004,9.17461799658233,8.172882003417678,-1,9.241255000700026,8.572262125122288,0.0031320546550763,0.5166498043095643,49.849533113793896
2017-05-04,8.7,8.75,8.55,8.7,220731,6.902959999999999,8.658750000000003,9.137100028745138,8.180399971254868,-1,9.196105000650023,8.577271453548866,0.0500743072586844,0.4940319611445954,49.849533113793896
2017-05-05,8.7,8.75,8.25,8.4,589431,6.952900799999999,8.623750000000005,9.069136068484784,8.178363931515227,-1,9.147928250600025,8.570319631841066,0.0037161141299226,0.4944582496342672,43.84743258819614
2017-05-08,8.4,8.6,8.35,8.4,252722,7.001842783999999,8.591250000000004,9.000906868611258,8.18159313138875,-1,9.101179750550022,8.563640430592397,-0.0164480434611006,0.4769969460889624,43.847432588196135
2017-05-09,8.4,8.7,8.2,8.6,396040,7.049805928319999,8.578750000000003,8.970947335534586,8.18655266446542,-1,9.054791000500025,8.565066296059362,0.0302926051446104,0.4786400213683222,48.62968511500761
2017-05-10,8.6,8.8,8.525,8.75,415744,7.096809809753599,8.578750000000003,8.970947335534586,8.18655266446542,-1,9.008758250450022,8.57231859817468,0.058086501253455,0.4640943055562992,51.93588982805584
2017-05-11,8.7,8.8,8.5,8.65,275211,7.142873613558527,8.581250000000002,8.974593043666067,8.187906956333938,-1,8.96188075040002,8.575364927658027,0.0916852550152192,0.4523732837308493,49.64206234024216
2017-05-12,8.55,8.625,8.05,8.35,533243,7.188016141287356,8.578750000000003,8.977270702097746,8.18022929790226,-1,8.914143500350022,8.566527087357713,0.1251621446253574,0.4629180491786457,43.44308845851376
2017-05-15,8.4,8.7,8.3,8.5,297975,7.232255818461609,8.553750000000003,8.90313338540992,8.204366614590086,-1,8.86705775030002,8.563918181971136,0.0935657937251781,0.4584239028087423,47.00635623636336
2017-05-16,8.5,8.55,8.3,8.55,244768,7.275610702092377,8.568750000000003,8.88924765989849,8.248252340101516,-1,8.84696475025002,8.563372370913445,0.1610455357365844,0.4435364811795464,48.178382036584765
2017-05-17,8.3,8.7,8.2,8.55,438514,7.318098488050529,8.578750000000003,8.883411697626059,8.274088302373947,1,8.822784000200018,8.562847964210958,0.1808294876874436,0.4475695896667217,48.17838203658476
2017-05-18,8.45,8.7,8.3,8.5,375319,7.359736518289519,8.586250000000003,8.874986471545306,8.2975135284547,2,8.79919050015002,8.560383338163469,0.202081540287666,0.4441717618333843,46.97352394421627
2017-05-19,8.45,8.75,8.225,8.7,407029,7.400541787923728,8.601250000000004,8.880747316624563,8.321752683375445,3,8.77556275010002,8.565858501372745,0.251292316119405,0.449945207416714,52.13041573247736
2017-05-22,8.7,8.8,8.35,8.55,352928,7.440530952165254,8.598750000000003,8.879140352901763,8.318359647098243,4,8.750200000050022,8.565236599358128,0.2229863539703784,0.4499491211726631,48.33383650437393
2017-05-23,8.55,8.55,7.9,8.0,427944,7.479720333121949,8.571250000000003,8.954419348983478,8.188080651016527,5,8.72125000000002,8.543070458206829,0.1835616973722363,0.4642384696603301,37.53853623607026
2017-05-24,7.95,8.2,7.55,7.95,808493,7.51812592645951,8.531250000000004,8.990835410996043,8.071664589003964,6,8.692800000000021,8.51981279317911,0.1932181435501506,0.4775071503988779,36.73527148450483
2017-05-25,8.0,8.35,7.81,8.25,525627,7.55,8.518750000000002,8.99437458935646,8.043125410643546,7,8.668150000000022,8.509231899328949,0.2535969959319554,0.4819709253703866,44.4201138358019
2017-05-26,8.2,8.35,7.972,8.2,213352,7.55,8.481250000000003,8.932602135256348,8.029897864743658,8,8.645250000000022,8.497105158178794,0.1916425021012138,0.4745444307010732,43.472307857690026
2017-05-30,8.15,8.4,8.075,8.2,278141,7.587,8.460000000000003,8.922168800332132,7.997831199667873,9,8.620150000000022,8.485453975505116,0.2019293903141307,0.4638626856509967,43.472307857690026
2017-05-31,8.2,8.35,8.0,8.3,369304,7.62326,8.440000000000003,8.89343136195063,7.986568638049374,10,8.592950000000023,8.478181270583347,0.2232469989288539,0.4557296366759255,46.138067975894586
2017-06-01,8.3,8.55,8.25,8.45,465624,7.6587948,8.427500000000004,8.865078564374867,7.98992143562514,11,8.566300000000023,8.477076122717333,0.200159189235561,0.4446060911990737,49.95077235908471
2017-06-02,8.45,8.75,8.3,8.7,671820,7.693618904,8.427500000000004,8.865078564374867,7.98992143562514,12,8.543600000000021,8.485818235551948,0.2387564694102134,0.4449913703991398,55.592832508621655
2017-06-05,8.75,8.75,8.35,8.4,372166,7.72774652592,8.427500000000004,8.865078564374867,7.98992143562514,13,8.52010000000002,8.48245281454991,0.2398056398234793,0.4417777010849156,48.52378456286926
2017-06-06,8.35,8.5,8.15,8.25,323252,7.7611915954016,8.420000000000005,8.86429719783074,7.97570280216927,14,8.495700000000022,8.473337017900894,0.2393397422341343,0.4352221510074216,45.41429308400026
2017-06-07,8.25,8.3,7.9,7.9,448965,7.793967763493568,8.385000000000003,8.875000000000393,7.894999999999614,15,8.469300000000022,8.45085321327733,0.1545343423074911,0.4327062830783201,39.1156534253342
2017-06-08,7.9,8.375,7.75,8.2,311402,9.4,8.357500000000005,8.823627664916234,7.891372335083776,16,8.445250000000023,8.441015832364494,0.1408478163980427,0.4464415485727258,46.025673802984905
2017-06-09,8.25,8.55,8.075,8.35,280329,9.367,8.342500000000005,8.788902284940775,7.896097715059234,17,8.421850000000022,8.437446584036474,0.1461928412298673,0.4484814379603884,49.13419807061885
2017-06-12,8.4,8.65,8.375,8.55,285332,9.33466,8.352500000000003,8.807994237066119,7.897005762933887,18,8.400600000000022,8.441860443486023,0.1576986510213471,0.4378756209632178,53.0193621236068
2017-06-13,8.5,8.55,7.95,8.2,648916,9.302966800000002,8.337500000000002,8.792335134967036,7.882664865032968,19,8.378800000000023,8.432375720212061,0.1378791420426551,0.4494559337515595,46.34769541679485
2017-06-14,8.3,8.5,8.2,8.4,284934,9.271907464000002,8.330000000000004,8.77542114902678,7.884578850973227,20,8.359350000000022,8.431106084125313,0.1191409677160629,0.4387805099121625,50.20374954202078
2017-06-15,8.35,8.7,8.25,8.65,501041,9.241469314720002,8.335000000000004,8.792274534607238,7.87772546539277,21,8.340450000000022,8.439690159257653,0.1439069470117377,0.4395819020612937,54.59652062056156
2017-06-16,8.55,8.75,8.45,8.75,682974,9.2116399284256,8.347500000000004,8.834814067106997,7.860185932893011,22,8.321800000000023,8.451859172620098,0.2176635061650705,0.4296117661997728,56.2587014726312
2017-06-19,8.8,9.0,8.75,8.95,383828,9.18240712985709,8.360000000000003,8.893479146734405,7.8265208532656,23,8.304850000000023,8.471394107027153,0.2067616071199469,0.4167823543283604,59.45563988265816
2017-06-20,8.95,8.95,8.425,8.5,273350,9.153758987259948,8.357500000000005,8.887853655592458,7.827146344407552,24,8.286150000000022,8.472515906751578,0.1904491771834089,0.4245121861620489,50.51042422176679
2017-06-21,8.45,8.6,8.3,8.35,226357,9.125683807514749,8.375000000000004,8.879479930225527,7.87052006977448,25,8.265450000000023,8.467711361388771,0.2124422091563005,0.4156184585790453,47.922222409183625
2017-06-22,8.4,8.7,8.3,8.5,183503,9.098170131364451,8.402500000000005,8.869913093526748,7.935086906473263,26,8.246900000000023,8.46897758251078,0.2054823720143789,0.4145028543948277,50.64571779834433
2017-06-23,8.5,8.8,8.35,8.6,529952,9.071206728737163,8.420000000000005,8.889467783772512,7.9505322162275,27,8.227650000000024,8.474115716529965,0.1701919192588385,0.4170383647951973,52.4317322256771
2017-06-26,8.6,8.9,8.4,8.9,243289,9.044782594162422,8.455000000000004,8.956896403653563,7.953103596346445,28,8.209750000000025,8.49081706097977,0.1951992569875043,0.4229641958812546,57.41097968950533
2017-06-27,8.95,9.0,8.6,8.95,249582,9.018886942279174,8.492500000000003,9.023795586279777,7.96120441372023,29,8.193800000000024,8.508824235058995,0.2284141273837455,0.4213238961754507,58.19638466828595
2017-06-28,9.0,10.2,8.85,10.0,1023485,7.75,8.577500000000004,9.414443845189382,7.740556154810626,30,8.182650000000024,8.567301716037074,0.2650069445012733,0.4876579035914899,70.49978507699974
2017-06-29,10.1,10.1,9.7675,9.95,448079,7.799,8.652500000000005,9.677914550316247,7.627085449683761,-1,8.172300000000025,8.621525178153266,0.2522556105394579,0.4765751961920977,69.45155009921552
2017-06-30,9.95,10.0,9.31,9.9,285994,7.84702,8.712500000000004,9.873480189322944,7.551519810677064,1,8.162550000000023,8.671661445676667,0.2244466442830713,0.4918198250355193,68.35699283751359
2017-07-03,10.0,10.05,9.7,9.95,177536,7.8940796,8.790000000000004,10.059094165143105,7.520905834856904,2,8.152700000000022,8.721792369375622,0.2756389297413777,0.4816898375329823,68.88508514768968
2017-07-05,9.8,9.95,9.55,9.85,316788,7.940198008,8.870000000000005,10.193404700006877,7.546595299993134,3,8.143650000000022,8.766035805870695,0.3140060331444164,0.4758548491377692,66.49488105051331
2017-07-06,9.85,9.9,9.5,9.55,272670,7.98539404784,8.952500000000004,10.22861715763102,7.676382842368987,4,8.132650000000023,8.796779499758118,0.3534076309454869,0.4704366456279286,59.79203756702599
2017-07-07,9.6,9.8,9.25,9.65,227972,8.0296861668832,9.025000000000004,10.286546669767032,7.763453330232975,5,8.123750000000024,8.830239127218585,0.3528882991348155,0.4761197423687909,61.196172545984304
2017-07-10,9.7,10.0,9.5,9.85,455788,8.073092443545537,9.100000000000003,10.370432997052664,7.829567002947345,6,8.116700000000023,8.8702297496806,0.3627742412773037,0.4778254750567344,63.91067495684708
2017-07-11,9.75,10.0,9.725,9.85,307259,8.115630594674627,9.165000000000004,10.449172885557145,7.880827114442867,7,8.107750000000022,8.908652112438224,0.3480519011505492,0.4633379411241106,63.91067495684708
2017-07-12,9.9,10.05,9.85,9.95,188284,8.157317982781136,9.252500000000005,10.49968683443993,8.005313165560077,8,8.100000000000021,8.949489284499471,0.3850185669677727,0.4445280881866741,65.3175788941767
2017-07-13,9.9,10.0,9.75,10.0,316154,8.198171623125512,9.332500000000003,10.555723201218877,8.109276798781135,9,8.09510000000002,8.990685783146551,0.4136940561397661,0.4306332247447688,66.03064159082433
2017-07-14,9.95,10.475,9.38,10.3,502239,8.238208190663002,9.415000000000004,10.665239976964546,8.16476002303546,10,8.09260000000002,9.042031438709431,0.4070473634656125,0.4780879944058567,70.01418942997307
2017-07-17,10.4,10.45,10.05,10.35,503161,8.327679863036481,9.495000000000005,10.769323349860734,8.220676650139271,11,8.090000000000021,9.093324323465923,0.3567047773890254,0.472510280519724,70.63232772626063
2017-07-18,10.4,10.4,10.1,10.2,279479,8.413572668515021,9.557500000000005,10.841351626941488,8.273648373058519,12,8.08865000000002,9.136723369604514,0.3158778047486408,0.460188117625458,66.22193119871488
2017-07-19,10.2,10.5,10.2,10.35,406896,8.496029761774421,9.650000000000002,10.881259517729836,8.418740482270168,13,8.086800000000022,9.184302845306298,0.3373021856978478,0.4487461092236396,68.35021512220096
2017-07-20,10.3,10.5,10.0,10.4,524213,8.616267976067956,9.752500000000005,10.869851779879674,8.635148220120332,14,8.08565000000002,9.23197724352958,0.3863413078702463,0.4524071014219511,69.0502431341205
2017-07-21,10.35,10.55,10.2,10.45,872034,8.72929189750388,9.850000000000003,10.84699548644921,8.8530045135508,15,8.08477500000002,9.27974284182254,0.3995897181963502,0.4450923084632404,69.77029413960726
2017-07-24,10.5,10.55,10.1,10.25,349506,8.87494854570357,9.932500000000005,10.760917165442782,9.104082834557223,16,8.08082500000002,9.317792142143224,0.3865990403259949,0.4454428578587233,63.41490642434011
2017-07-25,10.25,10.35,10.1,10.1,227354,9.008952662047284,9.992500000000003,10.673877281687773,9.311122718312234,17,8.07632500000002,9.348466960098392,0.3280592300207099,0.4314826537259574,59.06903084571682
2017-07-26,10.15,10.3,9.85,10.2,335820,9.132236449083502,10.055000000000003,10.544795875850609,9.565204124149398,18,8.07452500000002,9.381860412643553,0.3244546860829144,0.4328053213169605,60.988461534992574
2017-07-27,10.25,10.5,9.95,10.2,361093,9.24565753315682,10.065000000000005,10.558051721425104,9.571948278574904,19,8.071175000000022,9.41394431803008,0.2513210487501229,0.4411763697943205,60.98846153499258
2017-07-28,10.15,10.15,9.45,9.95,518780,9.350004930504277,10.065000000000005,10.558051721425104,9.571948278574904,20,8.067175000000022,9.43496610947988,0.27296164747753,0.4632352005232976,53.68864085719183
2017-07-31,9.9,10.05,9.65,9.9,345959,9.446004536063937,10.065,10.558051721425215,9.571948278574787,21,8.062925000000021,9.453202732637532,0.2552054917906394,0.4587184004859193,52.33934412480338
2017-08-01,9.95,10.15,9.7,9.85,221575,9.45,10.060000000000002,10.559599839872146,9.56040016012786,22,8.05862500000002,9.468763409789002,0.2338084824184195,0.4580956575940679,50.9601034907973
2017-08-02,9.9,9.9,9.5,9.6,218054,10.55,10.047500000000005,10.578983772094938,9.516016227905068,23,8.051875000000022,9.473909942738452,0.2009423777471059,0.4539459677659203,44.627669604275546
2017-08-03,9.55,9.95,9.3,9.75,208702,10.529,10.057500000000005,10.55777492441684,9.557225075583164,24,8.047125000000024,9.484737003807531,0.2413241116821668,0.4679498272112116,48.74321730293616
2017-08-04,9.75,9.85,9.45,9.65,234310,10.47984,10.057500000000005,10.55777492441684,9.557225075583164,25,8.042725000000024,9.491217905619004,0.2270692661852242,0.4630962681246965,46.27396765303707
2017-08-07,9.55,9.65,9.2,9.35,366989,10.4326464,10.032500000000002,10.6149731753482,9.450026824651804,26,8.037425000000024,9.485679948535903,0.1880343088913509,0.4621608204015039,39.76570033156181
2017-08-08,10.6,11.0,10.2,10.85,1104141,9.2,10.082500000000003,10.757981309882249,9.40701869011776,27,8.040575000000024,9.539182695652144,0.2583123134272625,0.5470064760871108,65.72390559470135
2017-08-09,10.8,11.425,10.6,11.3,717479,9.2,10.150000000000002,11.00498537999216,9.295014620007844,28,8.048375000000023,9.60823435464618,0.3004955212130606,0.566863156366603,69.9129616741362
2017-08-10,11.15,11.25,10.6,10.7,513540,9.289,10.185000000000002,11.069364178379129,9.300635821620878,29,8.053125000000023,9.651048693679662,0.217534628927423,0.5763729309118457,59.47567435549308
2017-08-11,10.75,10.85,10.6,10.7,530531,9.37444,10.205000000000004,11.116537163257847,9.29346283674216,30,8.058625000000022,9.692184039025555,0.1661787016990245,0.5530605787038567,59.47567435549308
2017-08-14,10.8,10.85,10.5,10.65,306991,9.4564624,10.220000000000002,11.150268778364754,9.28973122163525,-1,8.065575000000022,9.729745449259848,0.1357698715599158,0.5385562516535812,58.62974122012401
2017-08-15,10.7,10.75,10.35,10.4,234288,9.535203904,10.230000000000002,11.163488082409348,9.296511917590657,-1,8.075275000000024,9.756029941445735,0.1268819335925413,0.5286593765354682,54.45893070973181
2017-08-16,10.5,10.7,10.325,10.35,216509,9.61079574784,10.230000000000002,11.163488082409348,9.296511917590657,-1,8.084875000000023,9.779322884918454,0.1074377103194773,0.5176837067829348,53.63709984325786
2017-08-17,10.35,10.45,10.2,10.2,258081,9.6833639179264,10.220000000000002,11.150268778364754,9.28973122163525,-1,8.093625000000024,9.795820026686355,0.0406195050525345,0.4985634420127252,51.14359328623565
2017-08-18,10.05,10.35,10.05,10.15,349231,9.753029361209345,10.205000000000002,11.129608025057316,9.280391974942688,-1,8.103625000000024,9.80970943740454,-0.0209249646752088,0.4843803390118162,50.30410986409341
2017-08-21,10.05,10.2,9.95,10.1,148172,9.81990818676097,10.197500000000002,11.122959345406557,9.272040654593448,-1,8.112375000000023,9.821093381035734,-0.0017916180003505,0.4676388862252579,49.43033583736865
2017-08-22,10.2,10.375,10.0,10.25,305363,9.884111859290533,10.205000000000002,11.129608025057316,9.280391974942688,-1,8.121625000000021,9.837913248446098,0.0421382978910962,0.4610218229234538,52.11740754630584
2017-08-23,10.25,10.35,10.15,10.25,327460,9.94574738491891,10.2075,11.132310791459748,9.282689208540257,-1,8.155875000000023,9.854073513212915,0.017267425376082,0.4423774070003499,52.11740754630584
2017-08-24,10.25,10.35,9.75,9.85,567378,11.425,10.19,11.127869927015672,9.25213007298433,1,8.189375000000023,9.853913767596724,-0.0280937077314342,0.453636163643182,44.7615631975914
2017-08-25,9.95,10.2,9.8,10.1,309680,11.3915,10.197500000000002,11.129956433298826,9.265043566701175,2,8.222125000000023,9.863564208083128,-0.037896545167607,0.4498050090972403,49.55384649948113
2017-08-28,10.2,10.2,9.875,10.0,191774,11.35867,10.202500000000002,11.129578745307173,9.275421254692832,3,8.252375000000024,9.868914631295556,-0.0565300712472438,0.4408903655902945,47.76863922219594
2017-08-29,9.95,9.95,9.65,9.75,247306,11.3264966,10.197500000000002,11.133168210425254,9.26183178957475,4,8.279125000000024,9.86425131242122,-0.0574983209848704,0.4343981966195592,43.54511125903765
2017-08-30,9.8,10.1,9.65,9.85,197005,11.259436736,10.210000000000004,11.119725233243702,9.300274766756305,5,8.305125000000023,9.863692437424309,-0.0457835161541297,0.4355126111467334,45.61642061632572
2017-08-31,9.8,10.233,9.7,10.2,265882,11.19505926656,10.232500000000003,11.117528248136914,9.347471751863091,6,8.330875000000024,9.876880969290022,-0.0247737602411329,0.442475996064824,52.223512633724326
2017-09-01,10.15,10.2,9.7,9.75,179156,11.1332568958976,10.237500000000002,11.110354512504989,9.364645487495016,7,8.352125000000024,9.87190524500414,-0.0444946324901065,0.4465848534887651,44.70357890459549
2017-09-05,9.8,9.85,9.25,9.3,376937,11.073926620061696,10.235000000000005,11.118232698670228,9.351767301329778,8,8.369875000000023,9.84947758833731,-0.0705385099378025,0.4575430782395676,38.70199395565542
2017-09-06,9.4,9.75,9.3,9.35,286000,10.964491022857992,10.160000000000004,11.075751057875598,9.24424894212441,9,8.384625000000023,9.829890231931923,-0.2191490532372711,0.4570042869367413,39.671143798148506
2017-09-07,9.4,9.575,9.35,9.45,224725,10.861621561486514,10.067500000000004,10.870790109487425,9.264209890512582,10,8.399125000000023,9.814992575777731,-0.3240225115497827,0.4404325521555455,41.65788558150691
2017-09-08,9.45,9.5,9.0,9.45,300717,10.764924267797324,10.005000000000004,10.79613842025296,9.213861579747046,11,8.416125000000022,9.800679141433507,-0.2334978658777859,0.4446873698587208,41.65788558150691
2017-09-11,9.45,9.8,9.45,9.65,281799,10.623730326373536,9.952500000000004,10.689707569141946,9.215292430858062,12,8.435375000000022,9.794770155494938,-0.2176604746598319,0.4379239862973837,45.79816530673092
2017-09-12,9.65,9.65,9.15,9.4,600468,10.493831900263654,9.890000000000002,10.591141925718611,9.188858074281391,13,8.45262500000002,9.779288972926508,-0.1993006472752564,0.442357987276142,41.80455385896012
2017-09-13,9.35,9.55,9.25,9.5,276964,10.37432534824256,9.845000000000002,10.524632253502151,9.165367746497852,14,8.47012500000002,9.768336464184292,-0.1368935169940883,0.4321895596135605,43.911419552413705
2017-09-14,9.5,9.5,9.15,9.4,265479,10.264379320383156,9.797500000000005,10.461935850929471,9.133064149070536,15,8.487375000000021,9.75389189696138,-0.0851916054077042,0.4263188767840204,42.26363882420505
2017-09-15,9.3,9.75,9.15,9.75,373898,10.163228974752505,9.775000000000004,10.41335726674039,9.13664273325962,16,8.50612500000002,9.75373927355113,0.0204551454307605,0.4387246712994475,49.41799720231992
2017-09-18,9.75,9.9,9.45,9.85,276329,10.070170656772303,9.760000000000003,10.376116872030194,9.143883127969811,17,8.52437500000002,9.757514204000104,0.0759028011545968,0.4395300519209156,51.27573005658878
2017-09-19,9.9,10.075,9.6,10.0,351708,9.0,9.755000000000004,10.361547607364992,9.148452392635017,18,8.542125000000022,9.76702345090206,0.1074139324697749,0.4420636196408502,54.00456883017491
2017-09-20,9.9,10.125,9.7,10.05,366901,9.0215,9.745000000000005,10.324568805234014,9.165431194765992,19,8.561375000000021,9.77812057047453,0.1279974930048813,0.4408447896665038,54.91106493709413
2017-09-21,10.1,10.2,9.95,10.15,253857,9.06564,9.740000000000004,10.303560112144496,9.176439887855512,20,8.580125000000024,9.792704077514744,0.1541092407627611,0.4272130189760393,56.74710076407715
2017-09-22,10.15,10.4,9.95,10.4,197115,9.1337016,9.767500000000002,10.39938210925804,9.135617890741964,21,8.601375000000024,9.816519603886714,0.262704798537465,0.4288406604777509,61.02048813027287
2017-09-25,10.3,10.725,10.3,10.6,447537,9.235005472,9.792500000000002,10.50893213216635,9.076067867833654,22,8.623625000000022,9.847244325302922,0.2615682239420179,0.4285663275864829,64.07815613918496
2017-09-26,10.6,10.9,10.3,10.6,815129,9.3840049248,9.822500000000002,10.61715401276309,9.027845987236914,23,8.645625000000022,9.8767641556832,0.2435278428748387,0.4408115899017341,64.07815613918496
2017-09-27,10.7,10.9,10.55,10.8,485616,9.565924333824,9.875000000000004,10.77527773492425,8.974722265075757,24,8.666125000000022,9.91296948291131,0.2776057837589217,0.4343250477658959,67.07364024102503
2017-09-28,10.75,11.0,10.625,10.95,215818,9.72601341376512,9.930000000000003,10.944593514665012,8.915406485334994,25,8.689375000000023,9.953637346326552,0.3031732326491891,0.4300875443540462,69.15137522798825
2017-09-29,10.9,11.0,10.75,11.0,203689,9.904371535838004,9.970000000000002,11.082384825498949,8.857615174501056,26,8.712375000000023,9.994671175882374,0.3016371684650712,0.4172241483287572,69.83468514722065
2017-10-02,10.95,11.15,10.7,10.85,330796,10.057759520820682,10.025000000000002,11.195683561002031,8.854316438997973,27,8.735625000000022,10.028213482710516,0.2998077193574522,0.4195652805909889,65.1708695457673
2017-10-03,10.95,11.1,10.8,11.0,363854,10.232517997489373,10.11,11.304403616873486,8.915596383126516,28,8.759125000000022,10.06632275789834,0.3633081358158967,0.4110249034059182,67.50774078753716
2017-10-04,11.05,11.15,10.95,11.1,299740,10.379315117891071,10.197500000000002,11.412602876303236,8.982397123696767,29,8.781875000000023,10.1068591203337,0.4162964833747575,0.3959516960197812,69.0009936287817
2017-10-05,11.15,11.2,11.0,11.2,276933,10.502624699028502,10.285,11.523991525394976,9.046008474605024,30,8.806375000000024,10.149727390124534,0.4564102459985813,0.3819551463040825,70.46285643879972
2017-10-06,11.15,11.2,10.85,10.95,192127,10.628152253203371,10.36,11.568966500776773,9.15103349922323,-1,8.830125000000024,10.181110629727494,0.4166543101439319,0.3796726358537909,62.52444860629048
2017-10-09,11.05,11.05,10.7,10.8,216730,11.2,10.4175,11.59490180057639,9.240098199423612,-1,8.853375000000023,10.20538080111073,0.4010861316563063,0.3775531618642345,58.281754569747925
2017-10-10,10.9,11.425,10.85,11.4,441109,10.7,10.517500000000002,11.671742175628834,9.36325782437117,-1,8.878625000000023,10.252228612831878,0.4712478061888382,0.3952279360167892,67.71796171584216
2017-10-11,11.4,11.45,11.0,11.25,260618,10.7,10.605,11.701311999387254,9.508688000612748,-1,8.903625000000023,10.291356902524743,0.4489444944137897,0.3991402263013042,63.830852289512016
2017-10-12,11.25,11.275,11.0,11.2,172932,10.73,10.695,11.66962813421352,9.72037186578648,-1,8.927625000000024,10.326989965170831,0.4499192393534806,0.3902730672797825,62.54213103025012
2017-10-13,11.25,11.45,10.95,11.15,378980,10.7588,10.765000000000002,11.6555616205521,9.874438379447904,-1,8.951375000000024,10.359264868497467,0.3808884265211382,0.3981107053312266,61.211234864423375
2017-10-16,11.35,11.35,11.15,11.3,417060,10.786447999999998,10.837500000000002,11.651057004763866,10.02394299523614,-1,8.975625000000024,10.39615644228188,0.3719181617017068,0.3839599406647104,63.706444037824674
2017-10-17,11.4,11.75,11.4,11.75,501811,10.81299008,10.925000000000002,11.735863737011538,10.114136262988469,-1,9.001625000000024,10.44924834650612,0.4019462521516594,0.3886770877600882,69.9514214893798
2017-10-18,11.65,11.95,11.5,11.75,430649,10.869210675199998,11.010000000000002,11.792048591840947,10.227951408159054,-1,9.026875000000024,10.500258215270586,0.3707702462686614,0.3930572957772247,69.9514214893798
2017-10-19,11.6,11.75,11.21,11.7,230308,10.955673821183998,11.087500000000002,11.818851488684029,10.356148511315975,-1,9.050125000000024,10.547306912710956,0.3771779095831804,0.4035532032217085,68.43402083125056
2017-10-20,11.85,12.1,11.725,12.1,314177,11.03521991548928,11.172500000000005,11.957659219521918,10.387340780478088,-1,9.075875000000025,10.608196837702682,0.3875999840387533,0.4032994029915865,73.40438713920085
2017-10-23,12.1,12.2567,11.85,11.9,498960,11.14169792394035,11.237500000000002,12.03742187118512,10.437578128814884,-1,9.100375000000025,10.658855785243754,0.3052268459792717,0.4035423027779018,67.6671633588216
2017-10-24,11.8,11.85,11.4,11.5,433615,11.27549817306751,11.282500000000002,12.033682401285075,10.53131759871493,-1,9.123125000000025,10.691841832881254,0.2865563041514472,0.4104321382937659,57.9172187147557
2017-10-25,11.55,11.6114,11.2,11.5,353206,12.2567,11.317500000000004,12.040185962227287,10.594814037772718,-1,9.146375000000024,10.723534310023163,0.2852925317680361,0.4105012712727827,57.9172187147557
2017-10-26,11.6,11.65,11.35,11.5,305869,12.235566,11.345000000000002,12.05132853545661,10.638671464543394,-1,9.169125000000026,10.753983944924215,0.2575176738773914,0.4026083233247269,57.91721871475569
2017-10-27,11.45,11.45,10.75,10.8,758276,12.21485468,11.335000000000004,12.065821455623952,10.604178544376053,-1,9.188875000000026,10.75578849610366,0.1186920235906725,0.4274220145158178,44.0458024557946
2017-10-30,10.75,11.3,10.7,11.15,778800,12.1562604928,11.35,12.05213958726204,10.647860412737964,-1,9.209625000000024,10.771247770766262,0.1772424085095432,0.4397490134789738,50.4375623490824
2017-10-31,11.55,11.9,11.25,11.5,697071,12.068884863232,11.375000000000002,12.060930025586046,10.689069974413956,-1,9.233375000000024,10.799826289559745,0.1343716166993293,0.4619097982304757,55.8667892025429
2017-11-01,11.7,11.85,11.2,11.4,745074,11.98675177143808,11.390000000000002,12.064240313241694,10.715759686758313,-1,9.255125000000026,10.823362513498576,0.0753212642159177,0.4753448126425846,54.04516488444091
2017-11-02,11.3,11.35,11.05,11.15,412747,11.909546665151796,11.387500000000005,12.064903129606192,10.710096870393812,-1,9.277875000000025,10.836171826694711,0.025586006954098,0.4663916117395428,49.683595251948056
2017-11-03,11.05,11.2,10.55,11.0,495039,11.85,11.390000000000004,12.061267457873717,10.718732542126292,-1,9.301625000000026,10.842596460941976,0.0555519145375136,0.4795064966152896,47.22119379081263
2017-11-06,11.15,11.15,10.75,10.8,556949,11.746,11.390000000000004,12.061267457873717,10.718732542126292,-1,9.324625000000026,10.840926011493272,0.0181221068879612,0.4738274611427689,44.083939899413714
2017-11-07,10.8,10.9,10.5,10.55,540442,11.65032,11.347500000000004,12.11200964676728,10.582990353232727,-1,9.344125000000025,10.829517148297455,-0.0691255179267776,0.4685540710611425,40.4649573587264
2017-11-08,10.45,10.5,10.075,10.35,522456,11.535288,11.302500000000004,12.181974274780254,10.423025725219754,-1,9.361375000000026,10.810712554246576,-0.0541633047952403,0.4690144945567753,37.79206551674496
2017-11-09,10.25,10.5,10.1,10.25,373276,11.360053440000002,11.255000000000004,12.246917335265543,10.263082664734462,-1,9.378875000000027,10.788723826629065,-0.0706925039508439,0.4640848878027199,36.49405241078718
2017-11-10,10.3,10.6,10.05,10.1,345800,11.2058470272,11.202500000000004,12.314918536343312,10.090081463656697,-1,9.396375000000026,10.761715049114198,-0.092262294052909,0.470221681531097,34.575712637429405
2017-11-13,9.9,10.1,9.51,9.9,503885,11.044028443392,11.132500000000004,12.379606651413676,9.885393348586332,-1,9.413625000000026,10.727922302090112,-0.0961661188031901,0.4787772757074472,32.14912481123905
2017-11-14,9.9,10.35,9.825,10.3,464892,10.79858389244928,11.060000000000006,12.32356638131922,9.79643361868079,-1,9.433125000000024,10.71114103534148,-0.1093833838790838,0.482078898871201,41.05874039259556
2017-11-15,10.25,10.31,10.0,10.2,404459,10.592410469657397,10.982500000000003,12.257362737709505,9.707637262290506,-1,9.452875000000027,10.6910962888575,-0.1025311108027325,0.4697875489518295,39.65674910746745
2017-11-16,10.25,10.45,10.175,10.45,290501,9.51,10.920000000000003,12.170359948175,9.669640051825011,-1,9.471375000000023,10.681641532431716,-0.0914020871126379,0.4558741525981273,44.73714656131269
2017-11-17,10.4,10.75,10.35,10.75,446760,9.5288,10.852500000000004,11.980540336158366,9.724459663841644,-1,9.490375000000023,10.68432225665008,-0.0768271233089068,0.4518831416982611,50.15983200988024
2017-11-20,10.8,11.1,10.75,11.05,464996,9.577648,10.810000000000004,11.836450193628655,9.78354980637135,-1,9.512125000000026,10.69866256031086,-0.0054912069143415,0.4446057744340996,54.92324697205029
2017-11-21,11.05,11.3,10.95,11.0,394942,9.66898912,10.785000000000004,11.766376584192022,9.803623415807984,-1,9.532625000000026,10.710479714808477,-0.0096936136860537,0.4378482191173783,53.99696816506627
2017-11-22,11.05,11.3,10.95,11.15,335036,9.7994699904,10.767500000000004,11.708921797070984,9.826078202929024,-1,9.554875000000026,10.727715804423829,-0.0213061549040449,0.43157334632328,56.37400964650401
2017-11-24,11.2,11.35,10.9,11.3,170911,9.919512391168,10.757500000000004,11.671433805042998,9.84356619495701,-1,9.577375000000025,10.750158321897404,-0.0079015827026729,0.4328895358716171,58.6736606223643
2017-11-27,11.35,11.35,11.2,11.25,298671,10.0625611520512,10.780000000000005,11.718829057922806,9.841170942077204,-1,9.598875000000024,10.7697599563328,0.0512544903206086,0.4126831404522159,57.58402307503307
2017-11-28,11.3,11.475,11.1,11.4,860666,10.191305036846078,10.792500000000004,11.757007646418746,9.827992353581262,-1,9.621875000000024,10.794475252162886,0.0644243802335748,0.409991487562772,59.98489385924035
2017-11-29,11.45,11.8,11.4,11.8,543611,10.345348432424547,10.807500000000005,11.823509350350804,9.791490649649203,-1,9.647125000000024,10.833907595215322,0.1423167913130351,0.4092778098797169,65.57994752411417
2017-11-30,11.8,11.9,11.45,11.6,434669,10.548999651885111,10.817500000000004,11.86022479590744,9.774775204092569,-1,9.661875000000023,10.863950434618642,0.1632917630667344,0.4121865377454515,60.9881726038985
2017-12-01,11.6,11.65,11.1,11.65,201509,10.765159707583493,10.842500000000005,11.93852691572798,9.74647308427203,-1,9.675875000000024,10.894775907770851,0.2064833989450049,0.4220303564779192,61.70997752742101
2017-12-04,11.75,11.9,11.65,11.8,448222,10.946734154370134,10.882500000000004,12.05436816664686,9.710631833353148,-1,9.689875000000024,10.93027489177984,0.1958950046326682,0.4097424738723536,63.869714567861145
2017-12-05,11.8,11.8,11.4,11.65,318824,11.099256689670913,10.925000000000004,12.142579566188672,9.707420433811336,-1,9.703875000000023,10.95849940582769,0.2609393499894118,0.4090465828814711,60.21221294338718
2017-12-06,11.55,11.6,10.91,11.4,190386,11.9,10.967500000000005,12.189087082446491,9.745912917553518,-1,9.717125000000024,10.97581315461876,0.3328957046248411,0.4326861126756518,54.60021693343731
2017-12-07,11.45,11.5,11.1,11.15,429571,11.8802,11.007500000000004,12.197573527140303,9.817426472859704,-1,9.728875000000023,10.982644011300378,0.276730095146881,0.4303513903416767,49.61972958497218
2017-12-08,11.25,11.25,10.85,10.9,265954,11.860796,11.040000000000004,12.1800000000001,9.899999999999904,-1,9.738625000000024,10.979403069680757,0.2669470544221749,0.4281834338886998,45.18137868060198
2017-12-11,11.0,11.35,10.925,11.1,418967,11.82036416,11.090000000000003,12.145272476661956,10.034727523338052,-1,9.749875000000022,10.984132361065823,0.290967572717,0.4297417600395069,49.10357385180482
2017-12-12,10.95,11.15,10.9,11.05,243148,11.7815495936,11.147500000000004,12.051643240864005,10.243356759136004,-1,9.761375000000022,10.986715405729909,0.2860149111984857,0.4169030628938279,48.17556398993649
2017-12-13,10.95,11.5,10.95,11.45,375820,11.744287609856,11.205000000000004,12.028953882204652,10.381046117795355,-1,9.774375000000022,11.004883429034615,0.2802602944210502,0.4264099869728402,55.43220024003394
2017-12-14,11.4,11.55,10.7,10.7,317889,11.70851610546176,11.230000000000004,11.95484481097684,10.505155189023167,-1,9.78312500000002,10.9929272161313,0.2250935351781448,0.4566664164747803,43.21391327634537
2017-12-15,10.65,10.975,10.65,10.9,374602,11.648005139134057,11.252500000000005,11.903249567806323,10.601750432193686,-1,9.79262500000002,10.98928301157713,0.2107975005952754,0.4472616724408674,46.594467227632045
2017-12-18,10.85,10.95,10.5,10.7,247000,11.56816472800333,11.250000000000004,11.90878676368005,10.59121323631996,-1,9.80237500000002,10.977938579750576,0.1518919345513066,0.4474572672665197,43.7872362492958
2017-12-19,10.7,10.7,10.2,10.25,413833,11.461348255202996,11.210000000000006,11.99714674616614,10.422853253833871,-1,9.80962500000002,10.949391968779963,0.0619119280204109,0.4512103196046254,38.209226769191865
2017-12-20,10.35,10.45,10.2,10.25,215514,11.309986464578635,11.172500000000008,12.06102405707436,10.283975942925654,-1,9.81712500000002,10.921964832749378,0.0849810774383856,0.4368381539185808,38.209226769191865
2017-12-21,10.25,10.45,10.2,10.3,188712,11.1767880888292,11.130000000000006,12.096643677887592,10.16335632211242,-1,9.82487500000002,10.8975740549945,0.0744658607453137,0.423492571495825,39.2071815191236
2017-12-22,10.25,10.3,10.1,10.15,200853,11.059573518169696,11.072500000000009,12.124866381066935,10.020133618933077,-1,9.83237500000002,10.868257425386872,0.0407548215019405,0.4075288163889804,37.26285463957437
2017-12-26,10.2,10.2,9.875,9.95,208643,10.925233225625938,11.007500000000006,12.163473615615889,9.851526384384124,-1,9.83912500000002,10.83224733027366,0.0394327518983303,0.4016339009326246,34.78583468360824
2017-12-27,10.0,10.05,9.7,9.7,159258,10.757195909525787,10.922500000000008,12.194692988504498,9.650307011495515,-1,9.844125000000018,10.7878454741845,-0.0651340902606387,0.3979457651517229,31.928708438456734
2017-12-28,9.7,9.9,9.6234,9.8,141101,10.566900645811144,10.822500000000009,12.117287627373672,9.527712372626342,-1,9.849125000000017,10.749106435981185,-0.1567303832766192,0.3892782104980284,34.25484615215704
2017-12-29,9.7,9.85,9.6,9.75,260110,10.378200516648915,10.730000000000008,12.053404700006729,9.406595299993288,-1,9.853625000000015,10.709925791432903,-0.1265603651318135,0.3793297668910264,33.63593315890336
2018-01-02,9.75,10.25,9.75,10.15,501428,9.6,10.655000000000006,11.930499901999232,9.37950009800078,-1,9.859875000000018,10.687967917259064,-0.1033661953365457,0.387949069255953,42.57484092570797
2018-01-03,10.15,10.25,9.85,9.95,381514,9.6,10.562500000000009,11.758273808042306,9.366726191957708,-1,9.865625000000016,10.659027998935178,-0.1524505142242979,0.3888098500233849,39.69578224705634
2018-01-04,10.05,10.1,9.8,9.85,181765,9.613,10.472500000000007,11.596099127803155,9.34890087219686,-1,9.87037500000002,10.627301410741644,-0.1912494546315387,0.3824662893074287,38.30113673477738
2018-01-05,9.95,9.95,9.525,9.6,286367,10.25,10.382500000000006,11.482624992898575,9.282375007101434,-1,9.873625000000018,10.587015080908635,-0.2337400262974837,0.3855044114997552,34.99131624281152
2018-01-08,9.55,9.9,9.55,9.85,273566,10.2355,10.317500000000006,11.381584113216675,9.253415886783335,-1,9.87687500000002,10.558112528716142,-0.148677406043514,0.3829683821069155,40.52613755269684
2018-01-09,9.9,9.975,9.6,9.65,156303,10.22129,10.255000000000006,11.321723956794855,9.188276043205155,-1,9.878125000000018,10.522500272688058,-0.1363197037043681,0.3823992119564215,37.75664442507004
2018-01-10,9.6,9.8,9.3,9.45,226446,10.2073642,10.172500000000005,11.220104410071029,9.12489558992898,-1,9.87912500000002,10.480441438464997,-0.1443302524690178,0.3907992682452486,35.16841618623548
2018-01-11,9.45,9.7,9.4,9.45,292172,10.171069632,10.092500000000005,11.103576159347194,9.081423840652816,-1,9.88012500000002,10.4400319702899,-0.1880725875123528,0.3843136062277307,35.16841618623549
2018-01-12,9.45,9.55,9.3,9.4,295614,10.13622684672,9.990000000000006,10.831189633792638,9.148810366207371,-1,9.88037500000002,10.39924640282755,-0.2597837788203393,0.3747197772114642,34.48304759437315
2018-01-16,9.45,9.621,8.875,8.9,326036,10.1027777728512,9.900000000000006,10.80111042608561,8.9988895739144,-1,9.877375000000018,10.340452426246078,-0.2568158138897993,0.4012397931249311,28.50138359051931
2018-01-17,8.9,9.4,8.7,9.25,421230,10.029111106480128,9.817500000000006,10.635592293081991,8.99940770691802,-1,9.876625000000018,10.297689586001134,-0.2473375754108617,0.4225798079017218,36.769822085599294
2018-01-18,9.1,9.25,9.025,9.1,233680,9.922782217961718,9.737500000000008,10.506183940251123,8.96881605974889,-1,9.87562500000002,10.250721366942264,-0.2573565859695551,0.4084669644801702,34.90669494949999
2018-01-19,9.05,9.2,9.0,9.15,172759,9.82495964052478,9.682500000000008,10.45404066645902,8.910959333540998,-1,9.87487500000002,10.207555823140607,-0.1879833685392334,0.3935764670173008,36.06954097849702
2018-01-22,9.15,9.225,9.075,9.2,215451,9.734962869282798,9.630000000000006,10.382595508889182,8.87740449111083,-1,9.875875000000018,10.16804383007627,-0.1347079184427705,0.3761781479446365,37.276250082073375
2018-01-23,9.1,9.2,9.0,9.15,285105,9.652165839740174,9.572500000000009,10.286275174687471,8.85872482531254,-1,9.87612500000002,10.128120542622298,-0.0976768874140271,0.3635939945200196,36.53362063753504
2018-01-24,9.2,9.35,9.15,9.2,191187,9.57599257256096,9.525000000000007,10.204337912971202,8.845662087028813,-1,9.87687500000002,10.091723658597894,-0.0969304281015566,0.351908709197161,37.86667910434509
2018-01-25,9.2,9.2,8.95,9.05,169428,9.505913166756082,9.480000000000008,10.160000000000007,8.800000000000006,-1,9.87787500000002,10.050871750417585,-0.0824909705554625,0.344629515683078,35.4603530801222
2018-01-26,9.1,9.2,9.0,9.1,200634,9.441440113415595,9.450000000000006,10.14137544069784,8.758624559302174,-1,9.87962500000002,10.013582662165916,-0.0512794601190104,0.3342988359914295,36.89978625478553
2018-01-29,9.05,9.2,9.0,9.05,139862,9.382124904342348,9.412500000000009,10.1052301061742,8.719769893825815,-1,9.88187500000002,9.975795106786858,-0.0722116051341442,0.3247060619920416,36.03428925591481
2018-01-30,9.05,9.15,8.95,9.0,362195,9.32755491199496,9.375000000000009,10.071778300465883,8.67822169953413,-1,9.88487500000002,9.937528632010904,-0.1147033689521274,0.3157984861354673,35.14650279654771
2018-01-31,9.05,9.2,8.9,9.0,214068,9.277350519035364,9.317500000000006,9.934164414410478,8.700835585589534,-1,9.88487500000002,9.900762803304591,-0.195328873660443,0.3146700228400768,35.14650279654771
2018-02-01,8.95,9.15,8.9,9.0,327130,9.231162477512536,9.270000000000008,9.8280322571323,8.711967742867714,-1,9.88862500000002,9.865438771802452,-0.1722533796580615,0.310050735494357,35.14650279654771
2018-02-02,8.95,9.05,8.8,8.85,394257,9.2,9.220000000000008,9.73903757089452,8.700962429105497,-1,9.89112500000002,9.825617643496471,-0.1874506826687811,0.3057613972447601,32.176188166842564
2018-02-05,8.75,9.0,8.375,8.4,454512,9.16,9.160000000000007,9.76049979184018,8.559500208159834,-1,9.89137500000002,9.76971106924171,-0.2250720546130578,0.32856415458442,25.27508026112794
2018-02-06,8.4,8.65,8.25,8.6,576213,9.0815,9.097500000000007,9.656494633248004,8.538505366752009,-1,9.89237500000002,9.723840046918506,-0.1711531226605674,0.3336667149712472,32.231913795181214
2018-02-07,8.55,8.85,8.55,8.75,262092,9.0,9.052500000000007,9.569679852662494,8.535320147337524,-1,9.89312500000002,9.685650241156996,-0.1329431218301717,0.331261949616158,36.97138475641797
2018-02-08,8.8,9.0,8.6,8.65,260760,8.25,9.012500000000008,9.524237237261508,8.500762762738509,-1,9.89362500000002,9.645036506209662,-0.1502753822370168,0.3361718103578611,35.20377144846758
2018-02-09,8.7,9.15,8.525,9.0,401784,8.265,8.990000000000007,9.460744091837686,8.519255908162329,-1,9.89487500000002,9.619740956946538,-0.0791064777590676,0.3568023953322995,45.09762359461944
2018-02-12,8.95,9.0,8.75,9.0,234857,8.3004,8.970000000000008,9.401740662898588,8.538259337101428,-1,9.897375000000018,9.595437390007458,-0.0296179187180573,0.3491736528085639,45.09762359461944
2018-02-13,8.9,9.05,8.775,8.925,225783,8.334384,8.971250000000008,9.402316990153524,8.540183009846494,-1,9.897250000000016,9.569145727654224,0.0264052210256179,0.3438755347508094,43.44886632874471
2018-02-14,8.85,9.7,8.4,9.6,517428,8.36700864,8.988750000000008,9.486865197519622,8.490634802480395,-1,9.902125000000018,9.570355699118764,0.0597284854388217,0.4121701394114658,58.24476101599359
2018-02-15,9.65,9.65,9.275,9.6,595550,8.4,9.013750000000009,9.577548501239594,8.449951498760424,-1,9.906625000000016,9.57151822072195,0.13923367495484,0.4095151294535039,58.24476101599358
2018-02-16,9.55,9.725,9.4,9.7,282206,8.4,9.041250000000009,9.677896487463851,8.404603512536166,-1,9.911625000000017,9.576556721870109,0.1609706911676401,0.4034783344925393,60.04106334321423
2018-02-20,9.6,9.6,9.2,9.4,231657,8.506,9.051250000000008,9.70364462750702,8.398855372492998,-1,9.915125000000016,9.569632928855595,0.137855559092466,0.4103727391716436,52.714438091162286
2018-02-21,9.4,9.5,9.3,9.35,385261,8.60352,9.061250000000008,9.725417712253504,8.397082287746512,-1,9.919875000000015,9.561019872822042,0.0835537936627835,0.3953461149450976,51.58461809726436
2018-02-22,9.45,9.85,8.9,9.7,735823,8.6932384,9.086250000000009,9.804838025227236,8.36766197477278,-1,9.926375000000016,9.566470073887844,0.162954917974616,0.4349642495918763,58.31903719753584
2018-02-23,9.65,9.7,7.35,8.75,873567,9.85,9.071250000000008,9.804611268407362,8.337888731592654,-1,9.927125000000016,9.534451639617732,0.1742141075021996,0.5717525174781708,41.4612818292043
2018-02-26,8.9,8.95,8.525,8.6,869408,9.85,9.04625000000001,9.807544128441812,8.284955871558207,-1,9.926375000000016,9.49780647727978,0.0928341490584197,0.5612701948011585,39.51884892951672
2018-02-27,8.6,8.7,8.4,8.45,578849,9.8,9.01625000000001,9.820655836627209,8.211844163372811,-1,9.925375000000017,9.456716027190378,0.0522210245364753,0.5426080380296471,37.62076419200281
2018-02-28,8.5,8.59,7.7,7.85,638583,9.751,8.958750000000009,9.910495107683774,8.007004892316244,-1,9.922875000000015,9.393707555535851,0.0238907735526359,0.567421749598958,31.17145670407494
2018-03-01,7.8,8.0,7.6,7.9,372452,9.70298,8.90375000000001,9.960901242727356,7.846598757272662,-1,9.919875000000015,9.335130788652094,0.051423139375452,0.5554630531990324,32.21431877573718
2018-03-02,7.8,8.2,7.6,8.2,407710,9.6559204,8.863750000000008,9.963008272654845,7.764491727345174,-1,9.918125000000018,9.290615855763775,0.1018591896571594,0.5586442636848158,38.25893008589838
2018-03-05,8.1,8.175,7.75,7.8,460586,9.609801992,8.81125000000001,10.0044049564076,7.618095043592418,-1,9.914375000000016,9.232160332008334,0.0887877766367938,0.5508839591359004,33.9162160924691
2018-03-06,7.8,7.8,7.45,7.55,405843,9.56460595216,8.76875000000001,10.072866079956093,7.4646339200439265,-1,9.909625000000018,9.16619326016487,0.1154653793464443,0.5365351049119075,31.50893485791576
2018-03-07,7.55,7.6,7.15,7.45,380337,9.520313833116798,8.71125000000001,10.13589688607387,7.286603113926152,1,9.903375000000018,9.098891563687816,0.0844623929698615,0.5303540259896283,30.5741357255542
2018-03-08,7.4,7.55,7.325,7.35,203710,9.425501279792126,8.64125000000001,10.184078166063864,7.098421833936155,2,9.897375000000018,9.030307580798098,0.0578821751006059,0.5085430241332263,29.62753933307457
2018-03-09,7.45,7.55,7.2,7.45,390508,9.33448122860044,8.58125000000001,10.209045672067004,6.9534543279330165,3,9.894625000000016,8.96833473449229,0.0965488705215991,0.4972185224094244,31.898208566488464
2018-03-12,7.5,8.0,7.5,7.85,437525,9.247101979456422,8.52375000000001,10.169462231831575,6.878037768168444,4,9.894125000000017,8.924478470394552,0.0924992520891009,0.5009886279516084,40.2088193368625
2018-03-13,7.95,7.95,7.6,7.65,348589,9.163217900278166,8.45625000000001,10.1288135264468,6.78368647355322,5,9.891125000000018,8.874498922535942,0.0395767146900842,0.4902037259550649,37.72961958214583
2018-03-14,7.75,7.8,7.5,7.7,257951,9.08268918426704,8.395000000000008,10.084052989103728,6.70594701089629,6,9.888625000000015,8.828440141260023,0.0464241613424108,0.4766177455297032,38.74644453151929
2018-03-15,7.7,7.7,7.35,7.6,334151,9.005381616896358,8.295000000000009,9.922544162227302,6.667455837772716,7,9.885625000000015,8.780266018073355,0.015292566254655,0.4675736208490101,37.43000990846556
2018-03-16,7.45,7.575,7.35,7.4,423526,8.931166352220503,8.18500000000001,9.740667059495744,6.629332940504275,8,9.881125000000017,8.726137938933224,-0.0589345614351423,0.4520326479312237,34.877718895032615
2018-03-19,7.35,7.45,7.0,7.1,563064,8.859919698131682,8.05500000000001,9.514075049474863,6.595924950525157,9,9.874375000000017,8.66236782368094,-0.1164724718335114,0.4518874587932792,31.4171106850453
2018-03-20,7.15,7.4,7.0,7.1,369503,8.74832451624378,7.94000000000001,9.31717101334588,6.562828986654139,10,9.866375000000016,8.601098497262079,-0.134348619015835,0.4481812117366164,31.4171106850453
2018-03-21,7.05,7.295,6.9,7.0,328910,8.643425045269154,7.82250000000001,9.095478790082558,6.5495212099174624,11,9.859375000000018,8.53831032089886,-0.1319301658334301,0.4443825537554295,30.256539642679968
2018-03-22,6.95,6.95,6.6,6.65,420726,8.503951041647621,7.6700000000000115,8.717568613504659,6.6224313864953634,12,9.851375000000017,8.464258935765573,-0.2252010719653877,0.4412123713443275,26.558573276016677
2018-03-23,6.7,6.8,6.525,6.65,415984,8.313555937482858,7.56500000000001,8.578952661616952,6.551047338383069,13,9.845125000000015,8.393111526519863,-0.2609987879767456,0.4293400591054469,26.558573276016677
2018-03-26,6.8,6.85,6.55,6.7,225681,8.098929224984916,7.47000000000001,8.433016095400337,6.506983904599684,14,9.837625000000015,8.326714996068104,-0.2114587531534647,0.4201014834550579,28.016211426229034
2018-03-27,6.75,7.05,6.6,6.95,442860,7.910057717986726,7.39500000000001,8.270728268357344,6.519271731642676,15,9.830625000000015,8.272726172692884,-0.1344069814389127,0.4222370917796966,34.966465298054814
2018-03-28,6.95,7.25,6.85,7.1,466728,7.743850791828319,7.357500000000011,8.21614719180822,6.498852808191801,16,9.823375000000016,8.226736911018653,-0.0668925396145116,0.4206487280811469,38.78552155193845
2018-03-29,7.1,7.3,7.05,7.2,373963,7.597588696808921,7.32250000000001,8.14619593904558,6.498804060954441,17,9.818375000000016,8.186472718429686,-0.0814308568551282,0.4084595332182078,41.2619820667924
2018-04-02,7.3,7.45,6.9,6.95,379446,7.46887805319185,7.26000000000001,7.9925298628726,6.527470137127421,18,9.811125000000017,8.137983592216758,-0.1758615255397237,0.4185695665597643,37.20920817669868
2018-04-03,6.95,7.0,6.75,6.85,287630,7.45,7.21250000000001,7.921636799214471,6.503363200785549,19,9.802125000000016,8.08747443173767,-0.1404205367400624,0.4065288832340669,35.69877913587256
2018-04-04,6.8,7.2,6.61,7.05,262277,7.45,7.18750000000001,7.882392077951815,6.4926079220482045,20,9.793625000000016,8.04678915990482,-0.1017652316872299,0.419633963003062,40.86867930615603
2018-04-05,7.05,7.54,7.0,7.15,275668,6.525,7.172500000000009,7.856952335813278,6.48804766418674,21,9.784625000000016,8.011620957555612,-0.1378272948561137,0.4282315370742719,43.32242140301511
2018-04-06,7.15,7.35,6.9,7.05,315136,6.5453,7.15750000000001,7.838877281687738,6.476122718312283,22,9.777375000000015,7.973910331769118,-0.1284345412668322,0.4297864272832524,41.46922300401734
2018-04-09,7.05,7.2,6.95,6.95,302237,6.565194,7.13250000000001,7.805757008875662,6.459242991124358,23,9.770375000000016,7.933756985425231,-0.1949395483947233,0.416944539620163,39.64297354667372
2018-04-10,7.0,7.2,6.85,6.9,247792,6.58469012,7.085000000000011,7.678380147965984,6.491619852034037,24,9.762375000000016,7.893217495800712,-0.2501796199344272,0.4121627867901514,38.72468992502952
2018-04-11,6.85,7.05,6.7,6.85,372486,6.6037963176000005,7.045000000000011,7.586202365109563,6.503797634890458,25,9.753625000000016,7.852307005769312,-0.2216250737487625,0.407722587733712,37.782187665736814
2018-04-12,7.4,8.35,7.35,7.65,584761,6.622520391248001,7.042500000000011,7.571910049016963,6.513089950983059,26,9.747375000000018,7.844373397699927,-0.2550992442680576,0.4857424028955898,56.16524377221605
2018-04-13,7.7,7.85,7.45,7.55,289687,6.6916195755980805,7.040000000000011,7.559230199430059,6.520769800569963,27,9.740375000000018,7.832829342888165,-0.2958438218168008,0.4796179455459047,54.01678794852211
2018-04-16,7.65,8.25,7.575,8.175,355369,6.757954792574157,7.078750000000011,7.782538853279272,6.37496114672075,28,9.731250000000015,7.846247800029806,-0.228325591370789,0.4953595208640544,63.43190661379858
2018-04-17,8.15,8.5,7.9,8.2,1353549,6.821636600871191,7.133750000000011,7.990819862963431,6.276680137036591,29,9.722500000000018,7.860120435322755,-0.1672007752152352,0.5028338408023362,63.75161923369296
2018-04-18,8.3,8.65,8.1,8.2,538511,6.92233840481892,7.18875000000001,8.163233837731635,6.214266162268386,30,9.714000000000018,7.873449045702254,-0.1829396680745877,0.506202852173598,63.75161923369296
2018-04-19,8.3,8.4046,7.875,7.95,407846,7.060551332433406,7.236250000000011,8.260637011827146,6.211862988172875,-1,9.704000000000018,7.876451043910009,-0.1968266852343504,0.507874077018341,57.88248556205614
2018-04-20,7.95,8.15,7.85,7.95,269569,7.187707225838734,7.30125000000001,8.333538113852034,6.268961886147986,-1,9.694500000000016,7.879335316697852,-0.1746757706181342,0.4930259286598881,57.88248556205614
2018-04-23,8.0,8.0753,7.75,7.8,162306,7.304690647771635,7.35875000000001,8.367372203800898,6.350127796199123,-1,9.685750000000018,7.87622412780774,-0.1897015356215361,0.4810455051841818,54.39764060043424
2018-04-24,7.8,7.95,7.65,7.75,272145,7.412315395949904,7.41125000000001,8.385990350042126,6.436509649957893,-1,9.676250000000016,7.871274162011358,-0.1999906132192145,0.4681136833853117,53.2468569183113
2018-04-25,7.8,7.8,7.4,7.6,333643,8.65,7.443750000000011,8.397934861544194,6.489565138455828,-1,9.66500000000002,7.86063595957954,-0.2341116516242505,0.4632484202863608,49.84041330219866
2018-04-26,7.55,7.775,7.255,7.6,239980,8.625,7.4687500000000115,8.411733960627185,6.525766039372837,-1,9.653750000000018,7.850414941556813,-0.246088479641783,0.4673021045516208,49.84041330219867
2018-04-27,7.6,7.7768,7.4,7.45,124903,8.5702,7.48125000000001,8.416246657748129,6.546253342251891,-1,9.64125000000002,7.834712394829094,-0.276982020644325,0.4608376685122192,46.39790522508234
2018-04-30,7.4,7.65,7.4,7.55,187706,8.517592,7.511250000000011,8.414089271409987,6.608410728590036,-1,9.629000000000016,7.823547202875012,-0.2359295030350481,0.4457778350470607,48.93040364157961
2018-05-01,7.55,7.55,7.2,7.3,392589,8.46708832,7.53375000000001,8.390819862963431,6.676680137036589,-1,9.61400000000002,7.803015940017168,-0.2477244559260896,0.4389365611151278,43.40874739165028
2018-05-02,7.3,7.45,7.05,7.15,472543,8.3910630208,7.53875000000001,8.385578642642763,6.6919213573572565,-1,9.59800000000002,7.777407471781201,-0.2894797900601553,0.436155378178333,40.45864027934701
2018-05-03,7.1,7.15,6.8,7.05,268990,8.283777979136001,7.53375000000001,8.390819862963431,6.676680137036589,-1,9.582250000000018,7.748881688574095,-0.2579961638564286,0.4300014225941663,38.57639756899786
2018-05-04,7.0,7.375,7.0,7.25,234327,8.135400181222401,7.54375000000001,8.382480439414357,6.705019560585663,-1,9.566750000000017,7.729317700786876,-0.2360953060395905,0.4260727495517259,44.17064452207823
2018-05-07,7.3,7.45,7.26,7.35,261848,8.001860163100162,7.563750000000009,8.363042656040495,6.7644573439595215,-1,9.551500000000017,7.714442496834449,-0.1982528284768367,0.4099246960123169,46.78058804388595
2018-05-08,7.3,7.35,7.0,7.05,249235,7.881674146790146,7.571250000000009,8.347985958997805,6.794514041002212,-1,9.534500000000016,7.6883859283311375,-0.1983538371802121,0.4056443605828656,40.64223312050063
2018-05-09,7.05,7.15,6.6,6.85,666590,7.773506732111131,7.571250000000009,8.347985958997805,6.794514041002212,-1,9.517500000000018,7.65550804878874,-0.1917077105090724,0.4159554776840895,37.14311895224135
2018-05-10,4.55,5.1,3.8,4.85,5241455,7.632685924257795,7.43125000000001,8.847130909540134,6.015369090459887,-1,9.491250000000017,7.545488125306829,0.1614703409982608,0.6041015149923687,19.27327517831573
2018-05-11,4.75,4.795,4.225,4.35,2231792,7.15,7.271250000000009,9.22017758972729,5.322322410272728,1,9.462000000000018,7.420174865490875,0.0618071737201011,0.6055942639214853,17.063107580878594
2018-05-14,4.3,4.5,4.1,4.1,958973,6.681,7.06750000000001,9.408498718496071,4.726501281503948,2,9.431500000000018,7.289971929589272,-0.0237884255937005,0.590908959355665,16.07076651391914
2018-05-15,4.2,4.4,4.15,4.15,986633,6.27766,6.865000000000009,9.465403814794978,4.26459618520504,3,9.402500000000018,7.166835775487732,-0.0924265380899032,0.5701297479731176,17.109070506988616
2018-05-16,4.2,4.4,4.2,4.3,756334,5.9307876,6.670000000000011,9.421254259424275,3.9187457405757433,4,9.374500000000015,7.054410843115663,-0.0677773491661801,0.5472633374036092,20.29476448739166
2018-05-17,4.35,4.6,4.3,4.6,1200652,5.632477336,6.502500000000009,9.328535208556383,3.6764647914436352,5,9.348250000000018,6.9581594375032845,0.0319322792743981,0.5296016704462085,26.38816038102296
2018-05-18,4.55,4.65,4.45,4.5,945553,5.37593050896,6.33000000000001,9.202350953487455,3.457649046512564,6,9.32275000000002,6.86176102818943,0.0069445751749426,0.5060586939857651,25.68332574906823
2018-05-21,4.5,4.6,4.5,4.5,574795,5.1553002377056,6.16500000000001,9.05966751113152,3.270332488868502,7,9.296500000000018,6.76914294865259,-0.0210812432960246,0.4770545015582104,25.68332574906823
2018-05-22,4.55,4.55,4.45,4.45,370440,4.965558204426816,6.000000000000009,8.890674661735627,3.10932533826439,8,9.270500000000018,6.678196166352488,-0.0377081751543348,0.4501220371611953,25.291589628995467
2018-05-23,4.5,4.5,4.4,4.45,862927,4.8023800558070615,5.84250000000001,8.71047402359232,2.9745259764076994,9,9.246000000000018,6.590815924534743,-0.0365497106323189,0.42511332022111,25.291589628995453
2018-05-24,4.4,4.45,4.3,4.35,731059,4.662046847994073,5.6800000000000095,8.499113335784921,2.8608866642150983,10,9.213500000000018,6.502940790239263,-0.0537169679521005,0.405462368776745,24.427380946606263
2018-05-25,4.4,4.4,4.3,4.4,441672,4.541360289274903,5.5275000000000105,8.2762224305121,2.778777569487921,11,9.17900000000002,6.420472523955371,-0.0231980576050394,0.3836436281498346,25.792729837978698
2018-05-29,4.3,4.4,4.1,4.2,810677,4.45,5.36000000000001,8.001514716975915,2.7184852830241053,12,9.14650000000002,6.333395170074768,-0.0389177547521445,0.3776690832819894,23.930331568840472
2018-05-30,4.25,4.3,4.1,4.25,496187,4.4,5.20750000000001,7.733024697958895,2.681975302041126,13,9.11425000000002,6.251693398699286,-0.0165127632840675,0.364978434476133,25.380938422894943
2018-05-31,4.25,4.29,4.1,4.15,445067,4.4,5.057500000000011,7.456932224506533,2.658067775493488,14,9.08175000000002,6.169274049730687,-0.0151785593906225,0.352479974870695,24.379603154438527
2018-06-01,4.15,4.3,4.1,4.25,453815,4.316,4.91750000000001,7.156980966652851,2.678019033347169,15,9.05100000000002,6.09400840072164,-0.009130395480746,0.3415885480942168,27.46154760395564
2018-06-04,4.25,4.59,4.2,4.45,858625,3.8,4.7775000000000105,6.750435629968804,2.8045643700312173,16,9.02150000000002,6.029537483046282,-0.0004441228699482,0.3450465089446298,33.31520566222761
2018-06-05,4.45,4.8,4.45,4.75,470734,3.8158,4.647500000000011,6.229105197260181,3.06589480273984,17,8.99425000000002,5.979359542534663,0.0172802230738687,0.3454003297342991,41.0055559045723
2018-06-06,4.7,4.8,4.6,4.75,610912,3.855168,4.532500000000011,5.671040732692682,3.3939592673073404,18,8.96725000000002,5.931149364396049,0.0410054879551972,0.3350145918961349,41.00555590457229
2018-06-07,4.8,4.8,4.55,4.65,320595,3.89296128,4.422500000000012,4.842589276226313,4.002410723773711,19,8.940000000000019,5.880908212851105,0.0415451126350238,0.328942121046411,39.25543825131535
2018-06-08,4.6,4.9,4.6,4.65,468419,3.9292428288,4.412500000000012,4.7996369266814325,4.025363073318592,20,8.912000000000019,5.832637302543219,-0.1811492551197236,0.3268748266859531,39.25543825131535
2018-06-11,4.65,4.95,4.65,4.8,391160,3.987488259072,4.435000000000012,4.855832508250412,4.014167491749612,21,8.88475000000002,5.792141722051328,-0.1112525817969259,0.3249551962083851,43.45387861359705
2018-06-12,4.75,4.85,4.65,4.7,272077,4.06448919834624,4.465000000000012,4.871324993078592,4.058675006921432,22,8.85900000000002,5.7493126349120605,-0.0513796584017921,0.3160298250506432,41.39955128444772
2018-06-13,4.65,4.775,4.55,4.65,219194,4.13533006247854,4.490000000000013,4.876781592116645,4.10321840788338,23,8.83175000000002,5.706202335503744,0.027490157652169,0.309527694689883,40.37183260906601
2018-06-14,4.7,4.85,4.65,4.75,227953,4.200503657480257,4.512500000000013,4.904769040328565,4.12023095967146,24,8.80550000000002,5.668704204699676,0.0287902480606934,0.30170428792632,43.39821248333664
2018-06-15,4.75,4.9,4.655,4.9,481001,4.260463364881836,4.527500000000012,4.953498826289816,4.101501173710209,25,8.781250000000021,5.638558941770277,-0.0380748908068123,0.2976539816458686,47.6872100799601
2018-06-18,4.85,4.85,4.75,4.8,250335,4.315626295691289,4.542500000000013,4.984399309798403,4.100600690201623,26,8.756000000000022,5.605674277387129,0.007664239516355,0.2871072686711637,45.226760005938935
2018-06-19,4.8,4.825,4.7,4.75,184798,4.366376192035986,4.555000000000013,5.005444225182536,4.10455577481749,27,8.728750000000021,5.572118423371947,0.0653974600805649,0.2755281780517948,44.00422389658046
2018-06-20,4.8,4.95,4.65,4.9,463088,4.413066096673108,4.577500000000013,5.049172555911725,4.105827444088301,28,8.704500000000019,5.545760838141675,0.1365481366135683,0.2772761653338095,48.50166367051026
2018-06-21,4.9,4.95,4.75,4.9,343605,4.456020808939259,4.600000000000014,5.08785243670628,4.112147563293748,29,8.682500000000019,5.520436883704746,0.1636945055157485,0.2717564392385374,48.50166367051026
2018-06-22,4.9,5.3,4.85,5.2,1906089,4.495539144224119,4.642500000000013,5.181271751301281,4.103728248698745,30,8.66175000000002,5.507870731402599,0.2734491894408622,0.2844881221500704,56.58905864596201
2018-06-25,5.2,5.2,5.05,5.05,311211,4.575985229801707,4.675000000000013,5.2295268253206935,4.120473174679333,-1,8.639750000000019,5.489915016445635,0.2016244907618765,0.2748818277107797,52.17692533609967
2018-06-26,5.05,5.15,4.8,5.1,247310,4.648386706821536,4.720000000000014,5.258887743412503,4.181112256587525,-1,8.61800000000002,5.474624231486983,0.2611080230836293,0.280247411445724,53.47897882120563
2018-06-27,5.05,5.1,4.85,4.85,266691,4.7135480361393824,4.750000000000013,5.245983870705727,4.2540161292943,-1,8.594000000000019,5.450129163585532,0.2116272076288092,0.2780868820567437,46.64119060334858
2018-06-28,4.9,4.9,4.55,4.65,455786,5.3,4.775000000000014,5.191533311993428,4.358466688006599,1,8.57025000000002,5.418751549327276,0.2130631904413403,0.2832235333384049,42.0131951707098
2018-06-29,4.75,4.75,4.6,4.6,276054,5.285,4.792500000000014,5.143605397281502,4.441394602718526,2,8.54575000000002,5.386643645432089,0.1615336225887934,0.273707566671376,40.92003455291538
2018-07-02,4.55,4.725,4.45,4.7,225719,5.2703,4.805000000000013,5.122647603485736,4.48735239651429,3,8.52225000000002,5.359716443650439,0.1668642472335107,0.2737998833377063,44.05528344252068
2018-07-03,4.75,5.3,4.6,5.2,683972,4.45,4.827500000000013,5.18732634700677,4.467673652993256,4,8.499500000000019,5.353453053703363,0.1804282118249795,0.3042427488135844,56.4886566411706
2018-07-05,5.2,5.425,5.1,5.3,638561,4.45,4.855000000000014,5.267189276910735,4.442810723089293,5,8.476750000000019,5.351356855518917,0.1615387463819266,0.3057254096126141,58.47630940575513
2018-07-06,5.35,5.55,5.16,5.45,413235,4.489,4.895000000000014,5.370289385532864,4.419710614467164,6,8.454000000000018,5.355225214126018,0.1902421913086974,0.3117450232117131,61.32988530204288
2018-07-09,5.5,5.575,5.35,5.5,207108,4.55266,4.937500000000013,5.46653213513001,4.408467864870016,7,8.43125000000002,5.360902656709311,0.2411613182195214,0.3055489501251622,62.2608830788576
2018-07-10,5.5,6.0,5.45,5.5,716934,4.634447199999999,4.9725000000000135,5.550838136387539,4.394161863612488,8,8.408000000000019,5.366357454485416,0.16549671108229,0.3230097394019363,62.2608830788576
2018-07-11,5.5,5.65,5.3,5.55,372952,4.77100248,5.015000000000013,5.630710971154667,4.399289028845359,9,8.383750000000019,5.373559122936968,0.1968949651975405,0.3249376151589409,63.28600195582669
2018-07-12,5.5,5.7,5.35,5.65,439444,4.893902232,5.065000000000014,5.715461374718125,4.414538625281902,10,8.35900000000002,5.384399941645323,0.2292569414900176,0.3267277855047309,65.3152526871888
2018-07-13,5.65,5.65,5.3,5.45,279019,5.0045120088,5.100000000000014,5.754217089351987,4.445782910648041,11,8.33325000000002,5.386972492953349,0.2236291353824192,0.3283900865401073,58.36685020461309
2018-07-16,5.35,5.5,5.25,5.4,555203,5.10406080792,5.125000000000013,5.784924238076013,4.465075761924013,12,8.30625000000002,5.3874833755826295,0.1817812022397034,0.3227907946443853,56.741685871006126
2018-07-17,5.4,5.4,5.15,5.35,407122,6.0,5.152500000000013,5.801711059671817,4.5032889403282095,13,8.27825000000002,5.386013439285271,0.2047506023477566,0.3175914521697864,55.089774644286045
2018-07-18,5.3,5.55,5.2,5.5,526232,5.983,5.190000000000014,5.828435587980633,4.5515644120193945,14,8.25075000000002,5.39048350048977,0.2399759729013119,0.319906348443373,58.95073866266537
2018-07-19,5.5,5.6233,5.35,5.45,631399,5.96634,5.217500000000014,5.850962706084716,4.584037293915311,15,8.223750000000019,5.39281748086272,0.1876256250829708,0.3165773235545607,57.18590827923598
2018-07-20,5.4,5.5247,5.1,5.1,255565,5.9500132,5.227500000000013,5.846753582953039,4.608246417046988,16,8.194250000000018,5.381334442397516,0.1457689185314145,0.3243003718720921,46.65640831997689
2018-07-23,5.1,5.2,4.91,5.05,249708,5.916012672,5.220000000000013,5.844019230473065,4.595980769526961,17,8.16400000000002,5.368340934852515,0.0445215467556625,0.3218503453097998,45.37116516472336
2018-07-24,5.05,5.35,4.95,5.1,296028,5.85565191168,5.2225000000000135,5.844171134926008,4.600828865074019,18,8.13350000000002,5.35781776093673,0.0737306263066264,0.3274324635019569,46.94509096374779
2018-07-25,5.15,5.3,4.95,4.95,308866,5.7989127969792,5.215000000000013,5.845951662174042,4.584048337825984,19,8.103500000000018,5.341824907566663,0.0140086459667499,0.3290444303946742,42.947434415159314
2018-07-26,4.95,5.275,4.9,5.25,241095,5.745578029160448,5.235000000000014,5.84335844697033,4.626641553029697,20,8.075750000000019,5.338223930799343,0.0721991653947603,0.3323269710807689,51.78980757578749
2018-07-27,5.3,5.3,5.15,5.25,189230,5.677931786827612,5.265000000000014,5.810985347788897,4.719014652211131,21,8.045000000000018,5.334764168807212,0.1072861103919826,0.3193036160035711,51.78980757578749
2018-07-30,5.2,5.425,4.9198,5.2,301372,5.615697243881403,5.295000000000014,5.749862616621926,4.840137383378102,22,8.014750000000019,5.329479299442223,0.1458647527830383,0.3325819291461731,50.28342047318606
2018-07-31,5.15,5.225,5.05,5.1,233422,5.55844146437089,5.315000000000014,5.691961536499616,4.938038463500411,23,7.984250000000019,5.320480111228803,0.1098939524249835,0.3213260770643035,47.318982500178
2018-08-01,5.1,5.15,4.8,4.95,724330,5.50576614722122,5.3025000000000135,5.7092861846230205,4.895713815377007,24,7.9532500000000175,5.305951479415909,0.0352131821578109,0.3233742144168533,43.20443718463855
2018-08-02,4.9,4.9,4.55,4.55,655467,5.4351895324990975,5.265000000000013,5.787589705218332,4.742410294781694,25,7.919500000000017,5.276306323360383,-0.0651678207553043,0.3288474848156495,34.57150778786101
2018-08-03,4.4,5.45,4.26,5.4,845514,4.26,5.2625000000000135,5.781994947040061,4.743005052959966,26,7.887750000000016,5.281157055777623,0.0061115480890914,0.3903583787573889,55.102035322163616
2018-08-06,5.3,5.35,4.95,5.25,541867,4.26,5.250000000000013,5.7579370039681885,4.742062996031838,27,7.855250000000018,5.279935210453011,0.0288976463517687,0.3946184945604325,52.00103237453983
2018-08-07,5.15,5.45,5.15,5.3,447054,4.26,5.2400000000000135,5.735580467734708,4.74441953226532,28,7.823250000000018,5.280722064945049,0.098817540663267,0.3878600306632588,52.95151377233718
2018-08-08,5.35,5.375,5.2,5.3,266484,4.283799999999999,5.227500000000013,5.703393895737445,4.7516061042625815,29,7.789250000000018,5.281478062398184,0.0855651051883139,0.3726557427587403,52.95151377233718
2018-08-09,5.25,5.45,5.25,5.3,393153,4.307123999999999,5.210000000000013,5.646577599059041,4.773422400940985,30,7.756250000000017,5.282204412892373,0.0248923345026273,0.3603231897045446,52.95151377233718
2018-08-10,5.2,5.31,5.1,5.15,300486,4.329981519999999,5.195000000000013,5.617965719651378,4.772034280348647,-1,7.724500000000018,5.277019926112279,0.0107850919229263,0.3495858190113628,49.29403825559423
2018-08-13,5.2,5.35,4.95,5.0,240448,4.352381889599998,5.175000000000013,5.595119030752205,4.7548809692478216,-1,7.692000000000018,5.2661563995980725,-0.0249675570293189,0.3531868319391226,45.88115031617367
2018-08-14,5.0,5.0,4.85,4.9,131705,4.374334251807999,5.152500000000013,5.580839818368761,4.724160181631265,-1,7.659000000000017,5.251797325104031,-0.0628946989865981,0.3386734868006139,43.70851370360017
2018-08-15,4.95,5.05,4.65,4.7,723846,4.395847566771839,5.112500000000013,5.552812389105964,4.672187610894063,-1,7.628500000000016,5.2301582143156375,-0.1765127503656202,0.3430539520291414,39.66317447951461
2018-08-16,4.7,4.975,4.7,4.9,158805,4.416930615436402,5.085000000000013,5.505832508250244,4.664167491749782,-1,7.597250000000018,5.217210833362083,-0.155444089375474,0.3381929554556313,45.13198456898081
2018-08-17,4.9,4.9,4.8,4.8,161315,4.437592003127674,5.070000000000014,5.508634243989425,4.631365756010602,-1,7.563750000000017,5.200849624210629,-0.1447022135440874,0.3211791729230863,43.0318132674881
2018-08-20,4.8,4.9,4.55,4.6,428656,4.4578401630651205,5.047500000000014,5.531726186817868,4.56327381318216,-1,7.529750000000018,5.177286893849428,-0.1805004670153838,0.3232378034285801,39.11175705854737
2018-08-21,4.55,4.75,4.55,4.675,299262,4.477683359803818,5.026250000000013,5.536023233899343,4.516476766100684,-1,7.497375000000017,5.157589368600431,-0.1608220134151045,0.3144351031836816,41.27229370854687
2018-08-22,4.65,4.75,4.45,4.65,426756,5.45,5.011250000000013,5.54615069171783,4.476349308282196,-1,7.465625000000017,5.13768390316512,-0.0998543054016845,0.3134040243848472,40.75319105934335
2018-08-23,4.6,4.85,4.6,4.7,223442,5.430000000000001,4.983750000000013,5.523257877607169,4.444242122392857,-1,7.435125000000017,5.120519828531194,-0.1330549999969488,0.3088751655002152,42.315855658673264
2018-08-24,4.65,4.9,4.6,4.8,340159,5.410400000000001,4.961250000000013,5.491927632843336,4.430572367156691,-1,7.4063750000000175,5.107950423490755,-0.1240805448608955,0.3082412251073428,45.41666832571501
2018-08-27,4.8,4.95,4.8,4.8,214312,5.391192000000001,4.941250000000013,5.464526934328511,4.417973065671514,-1,7.378625000000017,5.095873936295039,-0.1573486457980703,0.2969382804568183,45.41666832571501
2018-08-28,4.8,4.95,4.8,4.95,271948,5.3723681600000015,4.933750000000013,5.451986191326116,4.415513808673911,-1,7.352125000000018,5.090153389773665,-0.1088499187372013,0.286442688995617,50.08449940547475
2018-08-29,4.95,4.95,4.85,4.9,127034,5.3539207968000015,4.931250000000014,5.449630892780771,4.412869107219256,-1,7.326125000000019,5.082696394096266,-0.1035065418585095,0.2731253540673587,48.59276958369189
2018-08-30,4.85,4.9,4.75,4.75,130468,5.335842380864001,4.9412500000000135,5.437051119401933,4.445448880598094,-1,7.300375000000018,5.069649476680726,-0.0329717985695233,0.2643306859196903,44.327325066085855
2018-08-31,4.75,4.85,4.65,4.85,117068,5.318125533246721,4.913750000000014,5.363604143028844,4.463895856971183,-1,7.273125000000018,5.061035771712854,-0.147605354482904,0.2597356369254266,47.62787469308156
2018-09-04,4.8,4.8,4.65,4.75,228640,5.300763022581786,4.888750000000014,5.316089151026676,4.461410848973353,-1,7.245875000000018,5.048838290469213,-0.1903956927232549,0.2554688057164675,44.76954981514432
2018-09-05,4.8,4.8,4.625,4.75,139110,5.28374776213015,4.861250000000014,5.248055829842587,4.474444170157442,-1,7.217375000000019,5.037119141823362,-0.1902102066747003,0.2497210338795769,44.76954981514432
2018-09-06,4.75,4.75,4.55,4.55,82384,5.267072806887547,4.823750000000014,5.177117726313861,4.470382273686167,-1,7.186375000000019,5.0180164303793084,-0.2204633556658272,0.2461695314596072,39.2989969954282
2018-09-07,4.55,4.6,4.45,4.475,185850,5.250731350749796,4.782500000000014,5.09398836254381,4.471011637456218,-1,7.153500000000019,4.996721668403649,-0.2149938790558821,0.2393002792124923,37.450892143548224
2018-09-10,4.5,4.55,4.4,4.4,114223,5.2347167237348,4.745000000000013,5.051022874962413,4.4389771250376135,-1,7.120500000000018,4.973320818662329,-0.2143345029788007,0.2329216878401714,35.645646442530946
2018-09-11,4.4,4.45,4.025,4.075,375386,5.201328054785408,4.698750000000013,5.101079156289073,4.296420843710953,-1,7.085125000000017,4.938092551263806,-0.230276333030993,0.2466415672801591,29.09973695539513
2018-09-12,4.0,4.55,4.0,4.3,317746,5.130748371498283,4.6687500000000135,5.095327953017088,4.242172046982939,-1,7.050125000000019,4.913069313959343,-0.2074537612414844,0.2683100267601478,37.63796274877531
2018-09-13,4.35,4.45,4.15,4.175,269157,5.040288501778421,4.642500000000013,5.119757791974367,4.16524220802566,-1,7.014750000000017,4.884125419294271,-0.1588254819603071,0.2705735962772801,35.108413321612844
2018-09-14,4.2,4.3581,4.15,4.35,239331,4.957065421636147,4.6150000000000135,5.093121323515543,4.136878676484484,-1,6.9795000000000185,4.863179324419986,-0.1244485098409321,0.2661111965431886,41.07878632499146
2018-09-17,4.3,4.4,4.2,4.3,173705,4.880500187905255,4.590000000000013,5.078978527136174,4.101021472863852,-1,6.942000000000019,4.841093860717241,-0.0898322542112356,0.2613889682186752,39.94788806757493
2018-09-18,4.3,4.4,4.25,4.25,172327,4.810060172872835,4.572500000000014,5.083357122882962,4.061642877117066,-1,6.905250000000019,4.817913709316565,-0.0649173325706599,0.2534326133459127,38.79762865359513
2018-09-19,4.25,4.45,4.25,4.3,314510,4.745255359043008,4.553750000000013,5.075591690554009,4.031908309446018,-1,6.868500000000019,4.797603367774739,-0.1166878582486088,0.2496159981069189,40.63836878944207
2018-09-20,4.35,4.85,4.25,4.6,1096903,4.0,4.551250000000013,5.071700525987138,4.030799474012888,-1,6.832500000000018,4.789854216097298,-0.0935538388461627,0.2746434268135676,50.29750622628241
2018-09-21,4.75,4.75,4.55,4.65,867600,4.017,4.548750000000013,5.066793193180128,4.030706806819899,-1,6.797500000000018,4.784369737034659,-0.0753893565708935,0.2693117534697414,51.70790524185873
2018-09-24,4.6,4.65,4.45,4.5,445070,4.03366,4.533750000000014,5.039040757881312,4.028459242118716,-1,6.7630000000000186,4.773217982641143,-0.1311474516570407,0.2643609139361885,47.36548598098369
2018-09-25,4.45,4.6,4.35,4.5,207281,4.0499868,4.518750000000013,5.009126131148619,4.028373868851407,-1,6.729750000000019,4.762503551949333,-0.0877748621798327,0.2633351343693179,47.36548598098369
2018-09-26,4.5,4.525,4.4,4.4,233319,4.065987064,4.491250000000013,4.941881501340377,4.04061849865965,-1,6.697250000000018,4.748287726382692,-0.1749168692461944,0.253454053342938,44.47751121892758
2018-09-27,4.45,4.5,4.25,4.25,285934,4.08166732272,4.4587500000000135,4.879545377826648,4.03795462217338,-1,6.663000000000019,4.72874703123043,-0.2179687693219082,0.2532073352470139,40.48955533211255
2018-09-28,4.25,4.25,4.1,4.15,311070,4.0970339762656,4.428750000000013,4.847759248108294,4.009740751891733,-1,6.628500000000019,4.7060510692213935,-0.2072600548584372,0.24583538272937,38.0407600620452
2018-10-01,4.17,4.33,4.01,4.06,642781,4.85,4.389250000000013,4.790538861046875,3.987961138953151,-1,6.591550000000019,4.680715733173495,-0.2744039934159273,0.2511328553915579,35.93433379870106
2018-10-02,4.07,4.1419,4.0,4.03,375259,4.8332,4.353250000000013,4.74775316855545,3.958746831444576,-1,6.55820000000002,4.655197469127476,-0.3112808519304954,0.2433305085778752,35.233972538465466
2018-10-03,4.05,4.05,3.83,3.86,618470,4.799872,4.308750000000013,4.71481495785808,3.9026850421419472,-1,6.523000000000019,4.624013254651889,-0.3604326403361015,0.2416640436794555,31.48872949547761
2018-10-04,3.85,3.94,3.7377,3.92,610792,4.74167968,4.277250000000014,4.700930008969356,3.853569991030671,-1,6.489100000000019,4.596404891724363,-0.2633358209225774,0.2388523262737801,34.14924718627422
2018-10-05,3.9,3.97,3.78,3.83,408606,4.6613613056,4.245000000000013,4.700554607045414,3.7894453929546126,-1,6.4570000000000185,4.566349797931252,-0.2646961300023665,0.2353628743970815,32.13349108326666
2018-10-08,3.86,3.95,3.67,3.72,351575,4.587468401152,4.211000000000013,4.7142156595340845,3.707784340465941,-1,6.424350000000019,4.533159609777085,-0.2705833960941114,0.2385512405115757,29.816876159272084
2018-10-09,3.7,3.78,3.59,3.6,217403,4.4957215610368,4.187250000000013,4.754642941443867,3.6198570585561582,-1,6.390850000000018,4.496565115276023,-0.2644803424606722,0.2350832947607489,27.48866270195361
2018-10-10,3.58,3.62,3.3,3.33,455772,4.387034973712384,4.138750000000013,4.814737241004095,3.462762758995931,-1,6.3567500000000186,4.450817463696571,-0.3081951174089837,0.2411487737064097,23.11519929322506
2018-10-11,3.29,3.39,3.12,3.18,460075,4.234850077392649,4.089000000000013,4.883125934597493,3.294874065402532,-1,6.3229000000000175,4.400981484728078,-0.3049504216853457,0.2432095755845233,21.106139478217884
2018-10-12,3.23,3.235,2.755,2.84,1143560,4.056474065009826,4.013500000000013,4.965451154209264,3.0615488457907616,-1,6.288600000000018,4.339766524542664,-0.377725446489565,0.2601231773284859,17.411979398577728
2018-10-15,2.82,3.01,2.7939,2.85,474720,3.822208733308057,3.941000000000013,5.008481147374673,2.873518852625353,-1,6.253850000000018,4.281344307893932,-0.3895424379799914,0.2569786646621655,17.867311961728774
2018-10-16,2.84,2.99,2.84,2.99,514053,3.630111161312607,3.878000000000013,5.011765407833724,2.7442345921663023,-1,6.220050000000017,4.230703354643189,-0.3078765734429021,0.2493373314720108,24.170530829095824
2018-10-17,3.0,3.05,2.95,2.98,390520,3.4725911522763377,3.8120000000000127,4.992535471724754,2.631464528275272,-1,6.184200000000017,4.181656164265024,-0.3054584870583834,0.23867037922401,24.0286796643378
2018-10-18,2.96,2.97,2.6827,2.71,515287,3.343424744866597,3.717500000000013,4.932668712566444,2.5023312874335826,-1,6.1480000000000175,4.123944157823258,-0.3870855061317348,0.2428582092794379,20.526006414777
2018-10-19,2.7,2.7864,2.58,2.59,514097,3.2112797958932777,3.614500000000013,4.84516607981223,2.3838339201877963,-1,6.111700000000018,4.063789484967444,-0.4525977782838472,0.2402540514737638,19.1872988339518
2018-10-22,2.62,2.74,2.5,2.51,1136316,3.085023836714622,3.515000000000013,4.764839989758848,2.2651600102411797,-1,6.076250000000019,4.0028565639883285,-0.5039038733302504,0.2402359049399235,18.329047318149577
2018-10-23,2.47,2.525,2.39,2.5,528029,2.9680190693716977,3.4150000000000134,4.653587905641103,2.176412094358924,-1,6.039500000000017,3.9439210124593744,-0.4594742750988807,0.2327190545870718,18.21934188879429
2018-10-24,2.5,2.54,2.42,2.43,509624,2.852415255497358,3.3165000000000133,4.5393209190230674,2.09367908097696,1,6.003400000000017,3.88455156099038,-0.4656299495980125,0.2246676935451382,17.432771851433188
2018-10-25,2.45,2.47,2.36,2.38,369481,2.7599322043978867,3.223000000000013,4.4319019811384335,2.014098018861593,2,5.968050000000018,3.825549538990757,-0.4571244461396738,0.2164771440061997,16.87244756313997
2018-10-26,2.35,2.38,2.28,2.34,561051,2.679945763518309,3.1325000000000136,4.321093706865569,1.9439062931344584,3,5.932500000000018,3.767292694324453,-0.4265457461672045,0.2081573480057569,16.417812462811526
2018-10-29,2.5,2.6,2.38,2.41,2385156,2.28,3.050000000000014,4.197989546990927,1.902010453009101,4,5.897550000000019,3.714065529841141,-0.4703695959268283,0.2118603945767742,20.45713769413892
2018-10-30,2.48,2.515,2.38,2.5,1035970,2.28,2.973500000000014,4.051874239306764,1.8951257606932628,5,5.8655500000000185,3.666455116906194,-0.3693799233749741,0.206370366392719,25.445931885384283
2018-10-31,2.5,2.6,2.46,2.47,1137474,2.2864,2.9040000000000137,3.922379104263466,1.8856208957365608,6,5.8316500000000175,3.619535308400069,-0.3936862180806168,0.2016296259360962,24.88564973622032
2018-11-01,2.5,2.75,2.475,2.72,931931,2.292672,2.844000000000014,3.7512022927663087,1.9367977072337197,7,5.799750000000018,3.5842594139530077,-0.3676899252632213,0.2072275097978036,37.27938394774305
2018-11-02,2.74,3.18,2.74,3.04,671770,2.31096512,2.804500000000014,3.598237362103931,2.010762637896097,8,5.769200000000019,3.562915907523477,-0.3303159008724494,0.225282687669389,48.90143154521176
2018-11-05,3.1,3.21,2.94,3.09,888224,2.3631072128,2.773000000000014,3.4620021770645666,2.083997822935461,9,5.7386500000000185,3.544370185659812,-0.2964917498176406,0.2284767814072898,50.44651260112721
2018-11-06,3.1,3.36,3.03,3.25,649028,2.430858635776,2.755500000000014,3.373738627068638,2.13726137293139,10,5.709150000000019,3.532826256810407,-0.2612095652364172,0.2357284398781977,55.12281710297408
2018-11-07,3.24,3.33,3.08,3.12,1167986,2.5237727721984,2.745000000000013,3.3300982823421448,2.159901717657882,11,5.678750000000019,3.51663699183745,-0.2760915335955168,0.236747837029755,50.91835022259265
2018-11-08,3.08,3.238,2.83,2.84,840826,2.60739549497856,2.728000000000013,3.280398406948945,2.175601593051081,12,5.647700000000019,3.4901022078438246,-0.3029101664807139,0.2489801343847725,43.264041417713685
2018-11-09,2.84,2.9,2.715,2.74,408845,2.682655945480704,2.7230000000000136,3.273058178740877,2.17294182125915,13,5.6159000000000185,3.460686434987204,-0.288985357170194,0.2444101247858602,40.8993487732074
2018-11-12,2.74,2.83,2.67,2.77,695982,3.36,2.719000000000013,3.266463240774883,2.1715367592251438,14,5.584500000000019,3.433600692438686,-0.2595764047299924,0.2383808301582988,41.92486788719829
2018-11-13,2.78,3.1069,2.65,2.65,403895,3.3462,2.7020000000000133,3.235689048041773,2.168310951958253,15,5.552750000000019,3.402871253519522,-0.3197068178822048,0.2539893422898489,39.00904284258631
2018-11-14,2.67,2.7399,2.58,2.66,473873,3.318352,2.6860000000000133,3.2043589489916497,2.167641051008377,16,5.521050000000018,3.3737390474991487,-0.3081330629267318,0.2472686749834311,39.387360310674495
2018-11-15,2.63,2.73,2.54,2.66,695258,3.27405088,2.6835000000000133,3.201854126056438,2.1651458739435885,17,5.489350000000019,3.3457492809305545,-0.2671593459597208,0.2431780553417574,39.3873603106745
2018-11-16,2.62,2.71,2.5,2.63,624225,3.2153268096,2.6855000000000127,3.2027030549017934,2.168296945098232,18,5.458250000000018,3.317680681678376,-0.2273001864319769,0.2408081942459176,38.55527965700726
2018-11-19,2.64,2.85,2.52,2.53,483396,3.14379412864,2.6865000000000125,3.2024176290840947,2.1705823709159304,19,5.428900000000019,3.2867912431811845,-0.1989006127702388,0.2471790375140664,35.83752652647894
2018-11-20,2.47,2.52,2.31,2.34,756896,3.079414715776,2.678500000000013,3.210450185637481,2.1465498143625448,20,5.397600000000019,3.2496621748211383,-0.2516433739786889,0.245237677691633,31.32013205598338
2018-11-21,2.38,2.42,2.34,2.36,951607,2.98708494988288,2.6750000000000127,3.214314379559597,2.1356856204404284,21,5.365650000000019,3.2147734620830546,-0.2479177352593952,0.2334349864279449,32.28769376384058
2018-11-23,2.35,2.49,2.25,2.27,547120,2.9058347558969344,2.6695000000000126,3.222798292062934,2.1162017079370914,22,5.333750000000018,3.177723522393523,-0.2587554815664743,0.233903915968806,30.224208575956325
2018-11-26,2.29,2.41,2.29,2.38,440984,2.8140178900713635,2.671500000000013,3.2202904882555377,2.122709511744488,23,5.300650000000019,3.146440247005541,-0.253986384680894,0.2271964933996056,35.6383127751151
2018-11-27,2.34,2.4299,2.28,2.29,932668,2.7350553854613726,2.6655000000000126,3.228046886934556,2.1029531130654693,24,5.26710000000002,3.1128543549661085,-0.2161577095252065,0.2216753152996338,33.35769561439349
2018-11-28,2.28,2.41,2.2,2.38,739866,2.6671476314967806,2.6595000000000124,3.231460662982829,2.087539337017196,25,5.23437500000002,3.0841149684968494,-0.2397892939865909,0.2208413642068028,37.65430994270597
2018-11-29,2.38,2.55,2.38,2.5,522480,2.592404010457296,2.661000000000013,3.231119285763733,2.0908807142362926,26,5.19887500000002,3.061208499144032,-0.1643818941323121,0.2172098381920311,42.93699171702908
2018-11-30,2.5,2.68,2.39,2.64,2027748,2.2,2.657000000000013,3.226529630484447,2.0874703695155787,27,5.16407500000002,3.0446905187854423,-0.1027373838704002,0.2224091354640289,48.42732998593282
2018-12-03,2.67,2.69,2.48,2.65,390564,2.2096,2.6375000000000126,3.17927024650654,2.0957297534934853,28,5.128825000000019,3.0292124592252287,-0.1048814754362644,0.2215227686451697,48.80622443901812
2018-12-04,2.65,2.805,2.46,2.5,498717,2.228816,2.6080000000000125,3.110855844153928,2.105144155846097,29,5.094325000000019,3.00845902945169,-0.1415512356650425,0.2303425708848005,43.6284368879536
2018-12-06,2.67,3.29,2.57,3.28,2942118,2.26338704,2.6095000000000126,3.1201260862899174,2.098873913710108,30,5.063975000000019,3.0191076949633886,0.037876377948336,0.2703181015358862,64.63729716721619
2018-12-07,3.26,3.32,3.14,3.21,828850,2.3455160768,2.6140000000000123,3.143769761311237,2.084230238688788,-1,5.031525000000019,3.0265936677099226,0.0763121416257159,0.2638668085690371,62.390074832511374
2018-12-10,3.24,3.33,2.88,2.99,879752,2.44296446912,2.6215000000000126,3.1678432986682976,2.075156701331728,-1,5.0027250000000185,3.0251586219173765,0.0976719952856552,0.2771620365283916,55.82146577364714
2018-12-11,3.08,3.1,2.87,2.92,357197,2.5494087328256,2.630500000000013,3.190123980901245,2.070876019098781,-1,4.974325000000019,3.021034754391205,0.1039398721175124,0.2737933196335065,53.877773142209215
2018-12-12,3.01,3.03,2.905,2.92,341409,2.643079684886528,2.638000000000013,3.2088099508590835,2.067190049140943,-1,4.946675000000019,3.017072607160177,0.0788990546345989,0.2631652253739703,53.877773142209215
2018-12-13,2.98,3.07,2.9,2.95,436887,2.7255101227001446,2.6530000000000133,3.239825357325108,2.066174642674919,-1,4.92217500000002,3.01444230884017,0.0928483165925454,0.2565105664186867,54.66242537875633
2018-12-14,2.93,3.03,2.87,2.9,389061,2.7980489079761277,2.665000000000013,3.2616405953333643,2.0683594046666616,-1,4.897175000000019,3.0099543751601634,0.0779254199540963,0.2496169545316376,53.04275566735661
2018-12-17,2.89,3.15,2.89,2.99,410525,2.861883039018992,2.681500000000013,3.2946973581154317,2.068302641884595,-1,4.871125000000019,3.0091718506440785,0.061443025574462,0.2503586006365206,55.59335762549763
2018-12-18,3.05,3.06,2.79,2.82,666885,3.33,2.6910000000000127,3.3065940220630408,2.0754059779369847,-1,4.846225000000019,3.001753346697252,0.0183458156001273,0.251761557733912,50.06191238585126
2018-12-19,2.81,2.97,2.75,2.8,330515,3.3192,2.704500000000013,3.317214452253046,2.09178554774698,-1,4.822475000000019,2.99384145074834,0.036317866279102,0.2494928750386325,49.43868237515007
2018-12-20,2.81,2.9,2.74,2.83,458980,3.296432,2.729000000000013,3.320266437403429,2.1377335625965967,-1,4.799375000000019,2.9874162958170327,0.0766540843774868,0.2431005268215873,50.43543674485952
2018-12-21,2.86,2.86,2.6,2.62,608470,3.26304608,2.742000000000013,3.311266194323661,2.1727338056763643,-1,4.775725000000019,2.9730078136281293,0.0757895291210658,0.2443076320486168,43.90991704408828
2018-12-24,2.63,2.7099,2.55,2.57,114382,3.2100023935999995,2.757000000000013,3.2904079114521503,2.223592088547876,1,4.751325000000019,2.9572035856427124,0.1039331311340433,0.2382785154737156,42.49996832111187
2018-12-26,2.59,2.71,2.5,2.64,317363,3.1440021542399994,2.770000000000013,3.2780944794029385,2.2619055205970877,2,4.725275000000019,2.944764229342998,0.0967573610961468,0.2362586215113074,45.15512102508423
2018-12-27,2.59,2.65,2.5,2.58,189493,3.0667218957312,2.784500000000013,3.251895977731671,2.3171040222683548,3,4.699925000000019,2.93045974976092,0.1631280723377873,0.2300972914033568,43.30909254368522
2018-12-28,2.58,2.76,2.55,2.64,275232,2.998715268243456,2.797500000000013,3.2325114941007085,2.362488505899318,4,4.674625000000019,2.919069171338923,0.1252429706265523,0.2286617705888313,45.69975287937544
2018-12-31,2.66,2.76,2.56,2.61,403153,2.938869436054241,2.8030000000000133,3.225426324936936,2.3805736750630904,5,4.649675000000019,2.906948811678573,0.094018826917358,0.2266145012610576,44.68508995529374
2019-01-02,2.55,3.17,2.54,2.75,841572,2.5,2.8085000000000138,3.225118530552485,2.3918814694475423,6,4.626425000000019,2.900793956318629,-0.0461534908467088,0.2554277511709821,50.237730766671966
2019-01-03,2.74,2.82,2.65,2.7,254139,2.5134,2.8110000000000133,3.224371503613545,2.3976284963864813,7,4.604425000000019,2.89291968352182,-0.076706010605794,0.2493257689444833,48.37022426148632
2019-01-04,2.75,2.9,2.75,2.78,204807,2.526532,2.825000000000013,3.213509974131585,2.436490025868442,8,4.582825000000018,2.8884914606386114,-0.055583617006436,0.2458024997341631,51.47817349209988
2019-01-07,2.79,2.88,2.76,2.83,175318,2.53940136,2.802500000000013,3.1303948002023216,2.474605199797705,9,4.561975000000019,2.88619767786847,-0.4074182590636211,0.2368166068960086,53.36758386696542
2019-01-08,2.88,2.93,2.79,2.93,205274,2.5520133328,2.788500000000014,3.065575801902127,2.511424198097901,10,4.543375000000019,2.887915415991275,-0.3901918584471865,0.2299011349748651,56.9759846927516
2019-01-09,2.96,3.01,2.94,2.98,244414,2.564373066144,2.7880000000000136,3.063651954463816,2.5123480455362115,11,4.525025000000018,2.8915265761484803,-0.3574359963670659,0.219193911048089,58.69691785875045
2019-01-10,2.96,2.96,2.85,2.88,144102,2.57648560482112,2.786000000000014,3.058352712488256,2.513647287511772,12,4.505925000000018,2.8910745535544224,-0.3488470934899774,0.212822917401797,54.04114004589889
2019-01-11,2.87,2.91,2.82,2.87,147318,2.588355892724697,2.7835000000000134,3.0517741135475376,2.515225886452489,13,4.485525000000018,2.890248100473857,-0.3183198445252532,0.2040498518730972,53.58342822530224
2019-01-14,2.85,2.9,2.81,2.86,106797,2.5999887748702037,2.7790000000000137,3.038838411324641,2.519161588675386,14,4.464325000000017,2.8890619004552742,-0.3049583378646264,0.1959034338821617,53.09910034221378
2019-01-15,2.85,2.9,2.8438,2.89,236312,2.6113889993727994,2.778500000000013,3.0374420784648923,2.5195579215351347,15,4.442775000000018,2.8890986886727146,-0.2499001786333126,0.185924617176293,54.42984705097198
2019-01-16,2.89,3.0,2.88,2.91,223232,2.622561219385344,2.774500000000013,3.0224899191493884,2.5265100808506387,16,4.422575000000018,2.8899183479404518,-0.2602590795033908,0.1812157159494149,55.33961393566927
2019-01-17,2.88,2.97,2.86,2.97,273612,2.6335099949976364,2.7820000000000134,3.043732688061159,2.520267311938868,17,4.403175000000018,2.893058804883963,-0.140361736064352,0.1761288790958853,58.045644106098976
2019-01-18,2.97,3.0299,2.86,2.92,201238,2.6442397950976835,2.7880000000000136,3.0565218799273515,2.519478120072676,18,4.382525000000019,2.894115322339494,-0.1220457331554216,0.1756839591604649,55.052088052917206
2019-01-22,2.9,2.93,2.71,2.77,222414,2.6547549991957298,2.785000000000013,3.0529178978711946,2.5170821021288323,19,4.360625000000019,2.8892480547967687,-0.1568117546571132,0.1788493906490031,47.18944488468371
2019-01-23,2.78,2.86,2.73,2.86,294162,2.665059899211815,2.797000000000014,3.0556194114905413,2.5383805885094866,20,4.339675000000019,2.888101072255719,-0.0070908175279328,0.1753601484597886,51.65130039315978
2019-01-24,2.88,2.88,2.83,2.86,116480,2.675158701227579,2.811500000000014,3.0492624865274256,2.573737513472602,21,4.31922500000002,2.886999069422161,0.0143966156082877,0.1664058521412323,51.65130039315978
2019-01-25,2.87,2.93,2.85,2.92,134162,2.685055527203027,2.8255000000000137,3.054014769762728,2.5969852302373,22,4.299325000000021,2.8882932235624685,0.0138798420714132,0.1602340055597157,54.61596765312901
2019-01-28,2.85,2.93,2.81,2.91,194327,2.6947544166589665,2.842000000000014,3.04325605580876,2.640743944191268,23,4.279625000000021,2.889144469697274,0.0377364816852389,0.157360148019736,54.021414692985786
2019-01-29,2.89,2.94,2.87,2.93,172923,2.7042593283257874,2.856500000000014,3.03829933993195,2.6747006600680776,24,4.25602500000002,2.890746647356204,0.0724955618842775,0.1511201374468977,55.07477240225178
2019-01-30,2.93,3.01,2.88,3.0,424837,2.713574141759272,2.8760000000000137,3.0292840500499,2.7227159499501274,25,4.233275000000019,2.8950310925579217,0.1886323415379037,0.1496115562006907,58.64579559884019
2019-01-31,2.99,3.03,2.915,2.97,182430,2.7227026589240864,2.8870000000000138,3.033982992212348,2.74001700778768,26,4.20725000000002,2.897971049712513,0.2840867220886826,0.1471393021863556,56.57040626206131
2019-02-01,2.98,2.99,2.89,2.97,195705,2.7316486057456046,2.900500000000014,3.0240273249110947,2.776972675088933,27,4.18110000000002,2.900795714429669,0.3423005540857353,0.1437722091730446,56.57040626206131
2019-02-04,2.97,2.98,2.91,2.95,169976,2.7404156336306924,2.909000000000014,3.021053558621255,2.796946441378773,28,4.154850000000019,2.9027252942559567,0.381436560192856,0.1385027656606842,55.06377562928676
2019-02-05,2.96,3.05,2.94,2.99,139541,2.7490073209580785,2.917000000000014,3.0281935249899403,2.805806475010088,29,4.130050000000019,2.906147831736116,0.3744232167102895,0.1364668538277782,57.50161242326297
2019-02-06,2.98,3.03,2.89,2.98,191443,2.757427174538917,2.9195000000000144,3.0339508628175134,2.8050491371825155,30,4.10520000000002,2.909043995197444,0.3382135122606534,0.1367192214115083,56.67383168553286
2019-02-07,2.93,2.9656,2.795,2.81,305641,2.7656786310481385,2.9110000000000142,3.0313162499402244,2.790683750059804,-1,4.080250000000018,2.905159916954407,0.2627795207168278,0.1401678484535434,44.85273373409861
2019-02-08,2.78,2.84,2.73,2.75,137427,3.17,2.9045000000000143,3.043420840767974,2.7655791592320544,-1,4.055250000000019,2.899075214328744,0.2578166958500408,0.1380130021354332,41.55802412048688
2019-02-11,2.76,2.83,2.73,2.81,121819,3.1612,2.901500000000014,3.0457601816152997,2.757239818384729,-1,4.031300000000019,2.895582068668793,0.2734668740092034,0.1352977876971879,45.84226061626406
2019-02-12,2.84,2.84,2.7,2.74,148287,3.152576,2.895500000000014,3.0553092613076185,2.7356907386924094,-1,4.007000000000019,2.8894808110739385,0.2522322374764292,0.1356336600045316,41.9760819677858
2019-02-13,2.74,2.89,2.74,2.88,202439,3.13447296,2.8950000000000142,3.054937487787184,2.735062512212844,-1,3.984150000000019,2.889109014561235,0.2600740558608439,0.1366598271470651,50.895766722641184
2019-02-14,2.85,2.97,2.82,2.95,212177,3.1170940416,2.897000000000014,3.058629205280731,2.735370794719297,-1,3.96115000000002,2.8914968963431478,0.3269102132248412,0.1376126966365604,54.64962621791573
2019-02-15,2.95,3.01,2.91,2.94,244655,3.100410279936,2.8955000000000144,3.0549333716625133,2.7360666283375155,-1,3.93935000000002,2.8933989788394947,0.2366808583097886,0.1349260754482347,54.01436116265648
2019-02-19,2.92,3.13,2.92,3.11,301688,2.7,2.9050000000000145,3.0897701274548246,2.7202298725452043,-1,3.91915000000002,2.901893136532064,0.3046567421937066,0.1402884986305036,62.08353720775581
2019-02-20,3.1,3.28,3.05,3.26,589192,2.7086,2.929500000000014,3.160365761861049,2.69863423813898,-1,3.90020000000002,2.915936542942571,0.4109408801394545,0.1466964630140391,67.50215533963802
2019-02-21,3.25,3.32,3.24,3.3,298717,2.731456,2.9515000000000144,3.230517920570842,2.672482079429187,-1,3.88045000000002,2.930997854984039,0.3782290783797596,0.1419324299416077,68.78330840462881
2019-02-22,3.36,3.51,3.18,3.35,391003,2.76676864,2.976000000000014,3.300863048067453,2.651136951932576,-1,3.86045000000002,2.947429311651332,0.3540023904132083,0.1553658278029214,70.3564622297238
2019-02-25,3.35,3.45,3.2,3.42,244435,2.8262271488,3.0010000000000145,3.377611205355968,2.6243887946440614,-1,3.842300000000019,2.9659614955081426,0.3634736156496212,0.1621254115312842,72.4497215270022
2019-02-26,3.41,3.53,3.37,3.5,208044,2.880928976896,3.030500000000014,3.462355299839745,2.5986447001602837,-1,3.8255500000000193,2.986904181958804,0.3625499673791369,0.1619735964219067,74.65265836238508
2019-02-27,3.47,3.53,3.36,3.36,209523,2.9458360792064,3.0520000000000147,3.504044245621669,2.59995575437836,-1,3.8181000000000194,3.001535390509438,0.2921473985986021,0.1625469109631991,64.87614849165072
2019-02-28,3.33,3.41,3.245,3.32,175507,3.00425247128576,3.0680000000000143,3.533987124285285,2.602012875714744,-1,3.812950000000019,3.014024198724755,0.227347767520537,0.1627221316086849,62.36319994700902
2019-03-01,3.33,3.45,3.32,3.39,161253,3.056827224157184,3.089000000000014,3.572938012559119,2.6050619874409096,-1,3.8094000000000183,3.0287683477943723,0.2327582249195046,0.1603848364937788,64.92375635176393
2019-03-04,3.38,3.45,3.34,3.37,236947,3.104144501741465,3.109000000000014,3.604536073358607,2.6134639266414217,-1,3.805500000000019,3.0421499812142008,0.1827070711539847,0.1567859196013661,63.592552542415845
2019-03-05,3.36,3.36,3.16,3.17,90045,3.1467300515673187,3.1200000000000143,3.610673007205071,2.6293269927949576,-1,3.799850000000019,3.047163707441095,0.1630274405054536,0.1605869253441256,52.090309636927095
2019-03-06,3.16,3.18,2.84,2.85,277683,3.53,3.113000000000014,3.614760899233557,2.6112391007664715,-1,3.79110000000002,3.0394317973453657,0.1059111008172504,0.1734021449624024,39.71327412679921
2019-03-07,2.84,2.86,2.61,2.64,272100,3.5162,3.096000000000014,3.636199962976376,2.5558000370236518,-1,3.78180000000002,3.0237678052926062,0.0499865101903093,0.1788734203222308,34.00329296988737
2019-03-08,2.98,2.98,2.415,2.47,530046,3.479952,3.079000000000014,3.6728653045932873,2.4851346954067406,-1,3.77165000000002,3.002051420771328,0.0131420895944461,0.2064538902992143,30.215834459998547
2019-03-11,2.45,2.52,2.4,2.46,366416,3.41605488,3.064500000000014,3.702323643336999,2.4266763566630294,-1,3.7617000000000194,2.9807945023097067,0.0291293170071422,0.200278612420699,30.00412336851589
2019-03-12,2.4,2.43,2.06,2.08,867782,3.3347704896,3.0280000000000142,3.791140878212989,2.2648591217870395,-1,3.749850000000019,2.945469227709326,-0.1149976428762156,0.2145444258192205,23.318069263890703
2019-03-13,2.11,2.13,2.05,2.09,2640058,3.20729344064,2.9955000000000145,3.8543009082434,2.1366990917566286,-1,3.73855000000002,2.91192141485798,-0.0739047696427509,0.2049341096892762,23.7992951924912
2019-03-14,2.09,2.18,2.01,2.03,747773,3.0684182277632,2.9530000000000145,3.909077402724115,1.996922597275914,-1,3.72670000000002,2.8773362613341376,-0.1518934436579768,0.2024388161400422,22.87183983381041
2019-03-15,2.45,2.54,2.0744,2.29,4711347,2.920239675876352,2.9200000000000146,3.918819302977116,1.921180697022913,-1,3.71715000000002,2.854303466772014,-0.1386447034880127,0.2244074721300392,34.739985451259486
2019-03-18,2.3,2.3389,2.01,2.09,1496832,2.792806121253663,2.8775000000000146,3.939627581790294,1.815372418209735,-1,3.70635000000002,2.824330781800563,-0.1722020219141444,0.2318712241207507,30.81231088272216
2019-03-19,2.11,2.1395,1.99,1.99,847697,2.68321326427815,2.8215000000000146,3.945017245083365,1.6979827549166642,-1,3.695550000000019,2.7916119276123057,-0.2371591096910737,0.2259875652549829,29.044159806021952
2019-03-20,1.98,1.98,1.845,1.86,1346112,2.572299141993646,2.7515000000000143,3.9301140165464377,1.5728859834535909,-1,3.6836000000000193,2.75507812652947,-0.3211694372222342,0.2202027391653412,26.884317009826432
2019-03-21,1.85,1.96,1.67,1.68,1464114,2.441385296434789,2.6705000000000143,3.908376811318371,1.4326231886816578,1,3.66975000000002,2.7129181999989025,-0.3870200509209817,0.2251882577963883,24.200785922562574
2019-03-22,1.71,1.9,1.7,1.85,956572,2.2871082371478315,2.5955000000000146,3.841348706705489,1.3496512932945406,2,3.65525000000002,2.6790782705871807,-0.3486271664920289,0.2248176679537891,31.18696093499005
2019-03-25,1.81,1.9205,1.72,1.76,1035827,2.163686589718265,2.5125000000000144,3.7487180228421497,1.276281977157879,3,3.6403000000000194,2.6430359854661147,-0.3771867893621276,0.2230806916713756,29.629976275709826
2019-03-26,1.74,1.78,1.65,1.68,1160309,2.064949271774612,2.421500000000014,3.620954459327144,1.222045540672885,4,3.6254500000000194,2.605269868389012,-0.3973781051814521,0.2164320708377059,28.27852559790836
2019-03-27,1.66,2.03,1.66,2.01,1593036,1.65,2.354,3.484564460789392,1.223435539210608,5,3.61225000000002,2.5819259519816,-0.2934514581025214,0.2274012086350126,40.36220306762896
2019-03-28,2.03,2.24,1.98,2.22,2031094,1.65,2.2990000000000004,3.3396901556178995,1.2583098443821013,6,3.59935000000002,2.567732777394086,-0.1936356826667082,0.2297296937325117,46.535350868342434
2019-03-29,2.22,2.27,2.13,2.25,1209250,1.66,2.242,3.154394651452984,1.329605348547016,7,3.5871000000000204,2.555272668476671,-0.1494887134557951,0.2233204298944752,47.37341435808344
2019-04-01,2.26,2.28,2.18,2.23,440411,1.6966,2.185,2.9366781226030314,1.4333218773969678,8,3.57500000000002,2.542516877556017,-0.1437539574727468,0.2145118277591555,46.84621108814767
2019-04-02,2.23,2.23,2.12,2.15,272908,1.743272,2.134,2.734679615102775,1.5333203848972252,9,3.56200000000002,2.5271240588283304,-0.1444430026000469,0.2070466972049301,44.70318927629169
2019-04-03,2.18,2.25,2.13,2.15,303807,1.78621024,2.099,2.6024242743452266,1.595575725654773,10,3.54825000000002,2.512334880050749,-0.1418668337455057,0.2008290759760065,44.70318927629168
2019-04-04,2.14,2.22,2.03,2.22,325707,1.8257134208,2.0780000000000003,2.520791147156317,1.6352088528436837,11,3.53535000000002,2.5008707671075823,-0.1196831609580304,0.2000555705491489,47.15633026893013
2019-04-05,2.23,2.26,2.19,2.26,354624,1.862056347136,2.0675,2.481643694869321,1.6533563051306783,12,3.52290000000002,2.491424854671991,-0.0882215385170278,0.1907658869384954,48.56064538814227
2019-04-08,2.25,2.2963,2.15,2.2,401293,1.89549183936512,2.0545,2.433365411459023,1.6756345885409771,13,3.5094000000000194,2.47999642899858,-0.0933408753042372,0.1875897521571743,46.5618083715625
2019-04-09,2.2,2.2464,2.12,2.12,369685,1.935572655428608,2.0565,2.436303896767812,1.6766961032321883,14,3.49550000000002,2.465878921979028,-0.0782496386685274,0.183219055574519,43.96339876368168
2019-04-10,2.12,2.14,2.02,2.13,303204,1.9716453898857471,2.0585,2.439408125405613,1.6775918745943863,15,3.48015000000002,2.452707199548477,-0.0749830600152802,0.1787034087477677,44.38122326501418
2019-04-11,2.13,2.13,2.05,2.1,372260,2.004110850897173,2.0620000000000003,2.4430826681968227,1.6809173318031778,16,3.46540000000002,2.438875544664223,-0.0446567312428507,0.1716531652657842,43.3372499351671
2019-04-12,2.12,2.17,2.06,2.12,221386,2.02,2.0535,2.4212104839408526,1.6857895160591476,17,3.4505000000000194,2.426370621344057,-0.034496369607928,0.1672493677467997,44.27828974786021
2019-04-15,2.11,2.12,2.06,2.07,282631,2.04763,2.0525,2.4199166572163198,1.685083342783681,18,3.4366000000000194,2.4123953028599767,0.0007092566320871,0.1595886986220283,42.38320416723921
2019-04-16,2.07,2.13,2.0,2.02,300059,2.2963,2.0540000000000003,2.4206278767360887,1.687372123263912,19,3.423450000000019,2.397007251767429,0.0441397850242889,0.1574752201490262,40.515763961029805
2019-04-17,2.04,2.2,2.03,2.16,356168,2.290374,2.069,2.4271005445402385,1.7108994554597614,20,3.4112500000000194,2.387712849737333,0.1371454094111897,0.1590841329955243,47.49199920050475
2019-04-18,2.16,2.2,2.07,2.09,156567,2.28456652,2.0895,2.3999496738603807,1.7790503261396196,21,3.398200000000019,2.376037836022144,0.2523615598514467,0.1570066949244155,44.67102060423509
2019-04-22,2.07,2.1,2.015,2.03,219313,2.2788751896,2.0985000000000005,2.3905462292172404,1.8064537707827608,22,3.3823500000000197,2.362467724805589,0.2152859260019681,0.1518633595726715,42.34902877239569
2019-04-23,2.08,2.14,1.98,1.99,476372,2.273297685808,2.1100000000000003,2.3633771891864197,1.8566228108135816,23,3.36580000000002,2.3478611473622326,0.2445365335867814,0.1524445481746235,40.825469262298505
2019-04-24,1.96,2.02,1.8002,1.97,1044406,2.26156577837568,2.1245000000000003,2.298566079406683,1.9504339205933172,24,3.34840000000002,2.333043063151949,0.3553166922283668,0.1572556518764361,40.04963453937423
2019-04-25,1.99,2.02,1.94,1.96,315327,2.2338838316731398,2.1220000000000003,2.30383509012291,1.9401649098770908,25,3.33070000000002,2.3184139234205,0.2400610899592805,0.1517373910281192,39.64396740379816
2019-04-26,1.97,2.05,1.92,2.04,239241,2.207862801772751,2.1130000000000004,2.292343246318363,1.9336567536816385,26,3.31340000000002,2.3074957303451864,0.1037043949980401,0.1501847202403964,44.488264227862444
2019-04-29,2.06,2.15,2.04,2.08,244978,2.183403033666386,2.1045000000000007,2.2728419139727323,1.936158086027269,27,3.29605000000002,2.298574329155179,-0.0149415717582693,0.1473143830803681,46.78798167988381
2019-04-30,2.09,2.11,2.0,2.1,228594,2.160410851646403,2.0980000000000003,2.2561897594663103,1.9398102405336903,28,3.278300000000021,2.290787100560858,0.0121433163751459,0.144649070003199,47.94908987169863
2019-05-01,2.1,2.13,1.99,2.05,157022,2.15,2.0930000000000004,2.2506197957111,1.9353802042889008,29,3.261300000000021,2.281344469166315,0.0275831655540961,0.1443169935743991,45.288513584010445
2019-05-02,2.05,2.11,1.96,2.05,230116,2.13,2.088,2.2444097183681886,1.931590281631812,30,3.2445500000000216,2.2722721370421457,0.0655579520168647,0.1447229226047991,45.288513584010445
2019-05-03,2.07,2.17,2.06,2.1,297151,1.8002,2.082,2.2264437606822023,1.9375562393177976,1,3.2283000000000213,2.265516366962061,0.003936697024147,0.1429569995615992,48.59645482756796
2019-05-06,2.14,2.255,2.08,2.17,518889,1.807596,2.0775,2.20397134062708,1.95102865937292,2,3.211650000000021,2.261770627081196,-0.0466145053282014,0.1452457853071992,52.890806994073664
2019-05-07,2.39,2.48,2.15,2.35,1008041,1.82549216,2.085,2.251192659284377,1.9188073407156228,3,3.196150000000021,2.2652306024897766,0.003663102996364,0.1584425149281136,61.74173824047871
2019-05-08,2.39,2.78,2.38,2.76,1446311,1.8647626304,2.1170000000000004,2.455236603578034,1.778763396421967,4,3.1844500000000213,2.2846333239607657,0.2017403157896375,0.1778394781475341,73.81133380172191
2019-05-09,2.73,2.92,2.71,2.92,1087523,1.937981619968,2.1565000000000003,2.643419911279045,1.669580088720956,5,3.173800000000022,2.3095496641975983,0.275267607147142,0.1801366582798531,76.87704740854375
2019-05-10,2.93,3.08,2.86,2.99,990720,2.0361834579712,2.2010000000000005,2.8071979874595314,1.5948020125404696,6,3.163250000000022,2.33623399109181,0.2667982392560543,0.1829840398312921,78.08571861383342
2019-05-13,2.9,3.18,2.85,3.08,850149,2.161441443014656,2.249000000000001,2.9641755029361594,1.5338244970638415,7,3.153900000000022,2.365401285558798,0.2808685031948302,0.1934851798433427,79.56473921794135
2019-05-14,3.19,3.19,2.98,3.03,614425,2.3040396409926043,2.2970000000000006,3.083030533758065,1.5109694662419364,8,3.1428000000000225,2.3914639802427664,0.25984970483141,0.1946648098545325,76.47666240264438
2019-05-15,3.0,3.2,2.95,3.13,780626,2.445793298433788,2.3525000000000005,3.2062886155249397,1.4987113844750617,9,3.1322000000000223,2.420426177095991,0.2977058325146123,0.1986173234363516,78.29140042290736
2019-05-16,3.16,3.28,3.135,3.28,634230,2.5815505047157057,2.4085000000000005,3.3471431696869614,1.4698568303130397,10,3.122600000000022,2.454134954464776,0.3291520855424549,0.1951446574766122,80.69696262256898
2019-05-17,3.24,3.44,3.17,3.25,584321,2.7212404037725646,2.4665000000000004,3.460950099301112,1.472049900698889,11,3.113350000000022,2.485345348407334,0.3065530027202137,0.2004914676568541,78.81585749718604
2019-05-20,3.21,3.32,3.12,3.25,399902,2.864992323018052,2.5275000000000007,3.556438773688689,1.4985612263113124,12,3.104850000000022,2.5153318053325364,0.3235527610046734,0.2004563628242217,78.81585749718604
2019-05-21,3.3,3.415,3.2581,3.3,625994,2.9799938584144416,2.5930000000000004,3.643297100824333,1.5427028991756682,13,3.0986000000000224,2.546103107084201,0.3297946978551529,0.1979237654796344,79.7292225693424
2019-05-22,3.26,3.28,3.12,3.2,314919,3.0719950867315533,2.6545000000000005,3.695681540366516,1.6133184596334853,14,3.0876000000000228,2.571746122492664,0.3013844729826674,0.1966434965168033,72.95437496299074
2019-05-23,3.2,3.2,3.04,3.08,341312,3.44,2.710500000000001,3.716113742945068,1.704886257054933,15,3.0767500000000227,2.591677647100795,0.2995884455397037,0.1940261039084602,65.73582377630473
2019-05-24,3.1,3.16,3.04,3.12,222931,3.432,2.764500000000001,3.735694625191051,1.7933053748089502,16,3.065850000000024,2.612396170743901,0.2889444282440617,0.188738525057856,66.91111177994567
2019-05-28,3.11,3.15,3.02,3.03,292287,3.42416,2.8120000000000003,3.7364371260394056,1.887562873960595,17,3.054500000000023,2.6287727914990424,0.272241673319945,0.1845429161251519,61.77664303390283
2019-05-29,3.02,3.05,2.94,2.99,264859,3.4079936,2.8565000000000005,3.7234550161340456,1.9895449838659556,18,3.042950000000023,2.6429385643814327,0.2532923040894593,0.1792184221162125,59.58808113505566
2019-05-30,3.0,3.05,2.77,2.83,357796,3.3799139840000003,2.8955,3.680088427138712,2.110911572861289,19,3.031350000000023,2.6502743069547097,0.2336608931174402,0.1864171062507687,51.698449567359646
2019-05-31,2.81,2.89,2.76,2.8,221921,3.3311208652800004,2.9330000000000003,3.6176926317699,2.2483073682301,20,3.020350000000023,2.6561459027604077,0.2227397502998859,0.1823873129471424,50.35227199918607
2019-06-03,2.82,2.9,2.76,2.83,264296,3.2740087787520005,2.9695000000000005,3.5411808550231383,2.3978191449768627,21,3.010000000000022,2.662963710495293,0.2302142378936506,0.1793596477366323,51.70651943102103
2019-06-04,2.86,2.91,2.83,2.91,215243,3.2226079008768003,3.0065000000000004,3.447193771228944,2.565806228771057,22,3.001050000000023,2.672651408122929,0.2536840925239036,0.1722625300411585,55.214741997918985
2019-06-05,2.95,2.98,2.83,2.87,161079,3.1763471107891204,3.0325000000000006,3.362704482101609,2.702295517898392,23,2.990900000000023,2.680390568588696,0.246736535946781,0.1706723493239329,53.13626905090648
2019-06-06,2.87,2.88,2.79,2.85,494816,3.1347123997102084,3.0370000000000004,3.3544334575938684,2.7195665424061324,24,2.981150000000022,2.68704191884012,0.1539347800819953,0.1649100386579377,52.08061856854172
2019-06-07,2.86,2.96,2.84,2.87,371564,3.097241159739188,3.0345000000000004,3.356336915222585,2.712663084777416,25,2.9725000000000223,2.694216745552272,0.0247507717487704,0.1617021787537993,53.0843816569536
2019-06-10,2.87,3.0,2.82,2.97,351435,3.063517043765269,3.0335000000000005,3.3560073642569934,2.710992635743008,26,2.963975000000022,2.7050317751384574,0.0331177025831516,0.1630091659856708,57.83968821424892
2019-06-11,3.0,3.04,2.94,2.94,223468,2.76,3.0265000000000004,3.350739109300518,2.702260890699483,27,2.955425000000022,2.7142462153291063,-0.0363654932253847,0.1585085112724086,56.00568895028104
2019-06-12,2.98,3.01,2.85,2.89,166278,2.7656,3.0195000000000003,3.3491346462373093,2.6898653537626918,28,2.946375000000022,2.721138520610318,-0.0058541571938152,0.1586150461815223,52.98990787697876
2019-06-13,2.93,2.95,2.86,2.92,177666,2.771088,3.009000000000001,3.3372620904094488,2.680737909590553,29,2.936975000000022,2.7289370099981483,-0.0488947821928365,0.1537139714542707,54.57057647966098
2019-06-14,2.91,2.94,2.81,2.85,281695,2.77646624,2.9875000000000007,3.297782129681991,2.6772178703180103,30,2.9272250000000217,2.733684578233515,-0.1688564974538894,0.1520201163503942,50.31906139021008
2019-06-17,2.85,3.01,2.8,2.85,239920,2.7817369152,2.9675,3.2584896905390366,2.676510309460964,-1,2.9167250000000218,2.738245967322397,-0.1598021433943119,0.1561615366110804,50.31906139021008
2019-06-18,2.85,2.94,2.75,2.79,277843,3.04,2.944500000000001,3.214498148141784,2.674501851858217,-1,2.906175000000021,2.7402755372313226,-0.210989442046879,0.1585785697102889,46.702097705486274
2019-06-19,2.78,2.835,2.76,2.78,264143,3.0342,2.9185000000000008,3.1428457153590994,2.694154284640902,-1,2.896325000000021,2.7418333593006823,-0.1942718373761476,0.1526086718738397,46.10723853395507
2019-06-20,2.78,2.81,2.687,2.7,234975,3.028516,2.8935000000000004,3.0972915601785296,2.6897084398214712,-1,2.885575000000021,2.7401928354065377,-0.2312887678184947,0.150493766739994,41.54790301022955
2019-06-21,2.79,2.79,2.55,2.58,384767,3.0148553600000003,2.8685000000000005,3.095944498724408,2.6410555012755936,-1,2.874725000000021,2.7339107634298108,-0.2510124744597758,0.1568870691157087,35.825247729476416
2019-06-24,2.57,2.61,2.48,2.5,278145,2.9869640384000005,2.8375000000000004,3.087289911725839,2.5877100882741617,-1,2.863475000000022,2.724737792314916,-0.2968133210708363,0.1549665641788724,32.6013754747174
2019-06-25,2.48,2.59,2.42,2.55,328179,2.9464069153280006,2.8135000000000003,3.0765798357913487,2.550420164208652,-1,2.8534750000000213,2.717885329871194,-0.2191680002629541,0.1560403810232386,36.45052924591543
2019-06-26,2.54,2.62,2.42,2.51,399700,2.8937662237952004,2.7895000000000008,3.0707454444075366,2.508254555592465,-1,2.843650000000021,2.709732963993892,-0.2167692129852645,0.159180353807293,34.741170026201274
2019-06-27,2.49,2.57,2.45,2.5,236187,2.84638960141568,2.773000000000001,3.080317425474041,2.4656825745259603,-1,2.834150000000022,2.7015081418764844,-0.1918775380193678,0.156381757106772,34.308008671283886
2019-06-28,2.51,2.61,2.48,2.52,959064,2.803750641274112,2.759000000000001,3.085061343921645,2.432938656078356,-1,2.8263750000000214,2.6943901755283868,-0.2143917900565521,0.1544973458848597,36.02600955537761
2019-07-01,2.55,2.63,2.535,2.57,306530,2.765375577146701,2.746000000000001,3.0803291791034533,2.4116708208965485,-1,2.8177250000000216,2.6895121294292346,-0.2256643513974185,0.1513189640359412,40.23413662883929
2019-07-02,2.56,2.63,2.535,2.575,157849,2.7308380194320305,2.729250000000001,3.0626007912094853,2.3958992087905164,-1,2.8097250000000207,2.685021457686912,-0.2658718372165908,0.1472961808905168,40.654531732387774
2019-07-03,2.58,2.63,2.57,2.6,62756,2.6997542174888274,2.7157500000000008,3.047069709646117,2.384430290353884,-1,2.80097500000002,2.6816872828756604,-0.2579600990232525,0.141060739398337,42.82024726864054
2019-07-05,2.56,2.63,2.56,2.6,368935,2.671778795739945,2.7032500000000006,3.03222226326849,2.374277736731511,-1,2.7924750000000205,2.678483860017791,-0.281795312695738,0.1359849722984558,42.82024726864054
2019-07-08,2.58,2.61,2.545,2.57,115116,2.6466009161659505,2.688250000000001,3.0127692598290423,2.3637307401709595,-1,2.784075000000021,2.6742295909974856,-0.26684154764938,0.1309146171342803,40.75059030951687
2019-07-09,2.57,2.63,2.54,2.59,149725,2.42,2.669250000000001,2.969121222360509,2.369378777639493,-1,2.7755250000000204,2.670926469781898,-0.3152080808919789,0.1279921444818317,42.73765387095278
2019-07-10,2.59,2.7244,2.54,2.59,523179,2.4242,2.6517500000000007,2.926145244127868,2.3773547558721333,-1,2.7654750000000208,2.6677528827316275,-0.3019348558875888,0.1320212770188437,42.73765387095278
2019-07-11,2.6,2.69,2.55,2.64,193212,2.436208,2.6392500000000005,2.890929856166513,2.3875701438334875,-1,2.755425000000021,2.6666645343892106,-0.277274089635546,0.132591185803212,47.81229468900073
2019-07-12,2.63,2.8,2.61,2.65,272260,2.44773568,2.625750000000001,2.8422511547312963,2.409248845268705,-1,2.746175000000021,2.6660110232366927,-0.3088637580397584,0.1366918153886969,48.78977392951071
2019-07-15,2.64,2.69,2.57,2.67,419808,2.4688715392,2.616750000000001,2.808798821917744,2.424701178082257,-1,2.7370250000000205,2.666167453697999,-0.2390559360547399,0.1354995428609328,50.77557030444275
2019-07-16,2.66,2.79,2.62,2.63,170577,2.488739246848,2.6057500000000005,2.7656022755546266,2.4458977244453743,-1,2.72817500000002,2.6647491221804303,-0.2458417679013916,0.1379638612280091,46.8616641619974
2019-07-17,2.61,2.7,2.57,2.6,113274,2.5074148920371195,2.5962500000000004,2.731928848756892,2.460571151243109,-1,2.7199250000000204,2.6622099409184528,-0.2358382252734001,0.137395013997437,44.115105580694944
2019-07-18,2.59,2.59,2.495,2.51,147903,2.8,2.5827500000000008,2.69417149702812,2.4713285029718817,-1,2.711725000000021,2.656240923627533,-0.2367560820285237,0.1350810844261915,37.09161722623901
2019-07-19,2.48,2.52,2.46,2.46,153374,2.7939,2.570750000000001,2.680762499289776,2.4607375007102266,-1,2.70372500000002,2.648545201132336,-0.234559084053548,0.1297181498243207,33.86580471701026
2019-07-22,2.48,2.51,2.33,2.4,178915,2.780544,2.561750000000001,2.694387664334035,2.4291123356659665,-1,2.6955750000000207,2.638798330499695,-0.1983272486654431,0.1333097105511549,30.4441715837644
2019-07-23,2.38,2.39,2.3,2.37,147972,2.75351136,2.555250000000001,2.7102169319564187,2.400283068043583,-1,2.688125000000021,2.628257219499707,-0.1522635895206238,0.1309304455117867,28.873360133022217
2019-07-24,2.37,2.475,2.35,2.38,208207,2.7172304512,2.546750000000001,2.71955841993369,2.373941580066312,-1,2.6804250000000205,2.618521642264424,-0.2090853110756155,0.1305068422609448,30.16679715403039
2019-07-25,2.4,2.41,2.36,2.39,127719,2.683852015104,2.540750000000001,2.7261219234403797,2.3553780765596226,-1,2.673225000000021,2.609560009234446,-0.2073603313131019,0.1247563535280202,31.5081304312298
2019-07-26,2.39,2.45,2.36,2.44,134989,2.6531438538956795,2.5377500000000013,2.7275518703806023,2.3479481296194,-1,2.666825000000021,2.6029105971076056,-0.1822407324325831,0.1222737568474473,37.92798606686874
2019-07-29,2.45,2.45,2.39,2.44,119205,2.624892345584025,2.533750000000001,2.728194722221988,2.339305277778014,-1,2.6610250000000217,2.5965219462406406,-0.1097161377358627,0.1178256313583439,37.92798606686874
2019-07-30,2.42,2.52,2.38,2.5,248033,2.598900957937303,2.530250000000001,2.724478602425024,2.3360213975749784,-1,2.656875000000021,2.5927367718782626,-0.0470663366051449,0.1194095148327479,45.09077520496408
2019-07-31,2.51,2.64,2.4501,2.5,330953,2.3,2.5265000000000013,2.7200226084982653,2.3329773915017373,-1,2.653475000000021,2.5891000357261738,-0.076676901993785,0.1244445494875517,45.09077520496408
2019-08-01,2.49,2.49,2.3,2.32,253549,2.64,2.512500000000001,2.7225357112492468,2.302464288750756,-1,2.650875000000021,2.5785470931486767,-0.1190677802504058,0.129841367381298,32.17340773798111
2019-08-02,2.3,2.4,2.3,2.33,133088,2.64,2.499000000000001,2.719263478588663,2.278736521411339,-1,2.648275000000021,2.568800148319317,-0.1514319680422016,0.1277098411397767,33.316333343847404
2019-08-05,2.25,2.34,2.23,2.25,297163,2.6332,2.483000000000001,2.725660256325521,2.2403397436744816,1,2.64457500000002,2.5562981817185597,-0.1826527598150864,0.1264448524869355,29.09278106746156
2019-08-06,2.27,2.29,2.22,2.28,177951,2.617072,2.467500000000001,2.720235039121953,2.2147649608780493,2,2.6410750000000203,2.5454629589060667,-0.1560799013425212,0.1224130773092972,32.54615295927731
2019-08-07,2.39,2.545,2.34,2.43,484857,2.59324768,2.459500000000001,2.706277227474447,2.2127227725255554,3,2.639675000000021,2.54093499973328,-0.1156558789615599,0.1325978575014903,46.56042595404415
2019-08-08,2.45,2.62,2.3,2.51,322721,2.22,2.453000000000001,2.686931613938716,2.2190683860612865,4,2.63927500000002,2.5397218624888374,-0.1020092575731934,0.1459837248228124,52.25750648898449
2019-08-09,2.5,2.52,2.41,2.41,145738,2.228,2.441000000000001,2.6572313575778823,2.22476864242212,5,2.6387750000000194,2.53463473062653,-0.1022456351695489,0.1434134587640401,45.699187373516935
2019-08-12,2.36,2.44,2.21,2.24,316482,2.62,2.419500000000001,2.625652855910305,2.213347144089697,6,2.6374750000000198,2.523080427464705,-0.2267173148312356,0.1495982117094658,37.1610131508848
2019-08-13,2.23,2.34,2.13,2.21,196682,2.6118,2.398500000000001,2.600120931453002,2.1968790685470005,7,2.63637500000002,2.51080276364256,-0.2008611357390023,0.1539126251587896,35.88678242460827
2019-08-14,2.14,2.18,2.05,2.09,313911,2.592528,2.373000000000001,2.5942781055594457,2.1517218944405565,8,2.63492500000002,2.4943006944801067,-0.2052403490224376,0.1543474376474475,31.2682057027873
2019-08-15,2.1,2.16,2.06,2.14,155725,2.55997632,2.354500000000001,2.588378173415082,2.1206218265849204,9,2.6339250000000205,2.480406549598534,-0.1611146791153137,0.150465477815487,35.02071690903735
2019-08-16,2.15,2.28,2.12,2.27,119026,2.5293777408,2.345000000000001,2.5763871215084664,2.113612878491536,10,2.6332250000000204,2.472155312359376,-0.1040119615282862,0.1511465151143807,43.63693958158113
2019-08-19,2.3,2.3,2.22,2.29,169031,2.500615076352,2.339500000000001,2.570625507030222,2.10837449296978,11,2.63217500000002,2.4650119667766552,-0.0664230427267175,0.1460646211776392,44.8485698224364
2019-08-20,2.26,2.31,2.21,2.3,82810,2.47357817177088,2.336000000000001,2.567292023208694,2.104707976791308,12,2.63132500000002,2.458540909256002,-0.071099776994654,0.1427742910935222,45.47965620791577
2019-08-21,2.32,2.4,2.26,2.32,155726,2.448163481464628,2.333000000000001,2.563486442117476,2.1025135578825265,13,2.62932500000002,2.4531079324224336,-0.0518972594984599,0.1425761274439849,46.79104492129581
2019-08-22,2.34,2.39,2.3,2.36,155327,2.4242736725767497,2.331500000000001,2.5608708787095367,2.1021291212904645,14,2.62592500000002,2.449456640954887,-0.0454829636768366,0.1388206897694145,49.411859241793
2019-08-23,2.35,2.39,2.25,2.29,157370,2.401817252222145,2.3240000000000007,2.548445984593129,2.0995540154068726,15,2.62192500000002,2.443203439348813,-0.0850225291162612,0.1389049262144564,45.21471360372632
2019-08-26,2.32,2.33,2.26,2.3,135324,2.39,2.317000000000001,2.5351834090850525,2.0988165909149497,16,2.61717500000002,2.437587618197879,-0.0985277497356924,0.1339831457705667,45.92141316418871
2019-08-27,2.31,2.38,2.21,2.27,169751,2.05,2.3055000000000008,2.507537125301213,2.1034628746987885,17,2.6129250000000206,2.4310155547391386,-0.1534764923204671,0.1365557782155262,44.08419903188348
2019-08-28,2.27,2.39,2.26,2.37,87495,2.0566,2.299000000000001,2.483162971305246,2.1148370286947555,18,2.61057500000002,2.428622787886624,-0.1087507770998673,0.1360875083429886,51.10621227830134
2019-08-29,2.37,2.53,2.33,2.36,121086,2.069936,2.301000000000001,2.486892442019502,2.1151075579805,19,2.6086750000000207,2.4259316981655794,-0.0828339777834969,0.1406526863184894,50.424264142455584
2019-08-30,2.37,2.42,2.34,2.35,65207,2.09753984,2.3020000000000005,2.4887190402717003,2.1152809597283007,20,2.6065750000000207,2.422953984512027,-0.0831716048231328,0.1363203515814544,49.7099233862884
2019-09-03,2.31,2.4,2.26,2.37,92735,2.1234874496,2.3080000000000007,2.495360614858031,2.1206393851419705,21,2.6051750000000204,2.4208773576684184,-0.021076337154052,0.1365831836113506,51.19897410619048
2019-09-04,2.37,2.41,2.28,2.33,119893,2.147878202624,2.3105000000000007,2.497633642084957,2.123366357915044,22,2.6035250000000203,2.417313539720637,-0.0648115844880684,0.1361129562105398,48.12957143151208
2019-09-05,2.36,2.42,2.34,2.39,219294,2.17080551046656,2.308500000000001,2.491286761008485,2.125713238991517,23,2.6021750000000208,2.416242420515906,-0.0355080230708899,0.1328191736240727,52.709343785473656
2019-09-06,2.38,2.5,2.375,2.49,111845,2.192357179838566,2.307500000000001,2.486035710713501,2.128964289286501,24,2.6014750000000206,2.419134874613321,-0.0401637415349804,0.1322606612223532,59.17848467810685
2019-09-09,2.49,2.55,2.44,2.52,500860,2.2126157490482523,2.313000000000001,2.509682485239473,2.1163175147605293,25,2.6014250000000216,2.4230903697265247,0.0723469720705731,0.1306706139921851,60.906249184200526
2019-09-10,2.51,2.66,2.46,2.5,450198,2.2396064891243923,2.326000000000001,2.535609160105129,2.1163908398948728,26,2.602225000000021,2.426106433658818,0.0595312481247133,0.1356227129927433,59.1100673313458
2019-09-11,2.52,2.6,2.46,2.55,452886,2.281645840211953,2.343000000000001,2.566883898483066,2.119116101516936,27,2.603175000000021,2.430965004887884,0.1015004578038951,0.1359353763504045,62.11785839408257
2019-09-12,2.6,2.65,2.45,2.48,584548,2.3194812561907576,2.362500000000001,2.561384388527536,2.163615611472466,28,2.6042250000000204,2.4328879458726727,0.0245623577359546,0.1405114208968042,55.91653680446563
2019-09-13,2.5,2.65,2.42,2.62,1161931,2.353533130571682,2.3865000000000007,2.5880217109891253,2.184978289010876,29,2.6054250000000208,2.440225673485509,0.1694408945417459,0.1469034622613181,63.71796471454175
2019-09-16,2.59,2.73,2.54,2.68,570045,2.384179817514514,2.407000000000001,2.6381795838736237,2.1758204161263786,30,2.6073750000000206,2.449628588250784,0.1855197517101542,0.1499817863855097,66.45764476026564
2019-09-17,2.66,2.89,2.6,2.88,380128,2.42,2.436500000000001,2.7397672089098544,2.1332327910901485,-1,2.6098750000000206,2.4665058985154587,0.2180728208089753,0.1599830873579732,73.61080269725515
2019-09-18,2.91,2.95,2.85,2.88,484334,2.4858,2.4655000000000014,2.817947159160026,2.113052840839977,-1,2.611775000000021,2.482721353475637,0.1617995002213855,0.155698581118118,73.61080269725515
2019-09-19,2.9,3.08,2.86,2.9,648958,2.560072,2.4945000000000013,2.8874109313826417,2.101589068617361,-1,2.6130750000000207,2.4990852219667885,0.0912467601474943,0.160291539609681,74.2477289664681
2019-09-20,2.79,2.99,2.79,2.89,1592697,2.65365904,2.521000000000001,2.9443627286381924,2.09763727136181,-1,2.614275000000021,2.5144152132622084,0.0686810284244728,0.1631278582089896,73.2951674975577
2019-09-23,2.87,2.93,2.83,2.9,341235,2.7304004128,2.551500000000001,2.991467044220331,2.111532955779672,1,2.6162750000000203,2.5295361852911413,0.0917570072221278,0.158618725479776,73.65910354206014
2019-09-24,2.89,3.01,2.89,2.995,361390,2.79,2.586250000000001,3.0503930275248856,2.1221069724751174,2,2.6148500000000205,2.5477896682209007,0.1188769422290396,0.1558602450883634,76.88230877591022
2019-09-25,2.98,3.09,2.95,3.06,233125,2.83,2.6257500000000014,3.109560655112072,2.141939344887931,3,2.6141000000000205,2.5678763478985123,0.1393442609339817,0.1547273704391945,78.79429419137263
2019-09-26,3.06,3.07,2.96,2.97,154238,2.882,2.655750000000001,3.146761965230967,2.1647380347690355,4,2.6140000000000203,2.583645902882884,0.1166685624489523,0.1515325582649664,70.1437587978551
2019-09-27,2.97,3.03,2.947,2.96,199796,2.9236,2.6857500000000014,3.1741276714797344,2.1973723285202684,5,2.6142000000000207,2.5984048870835554,0.1096049909933458,0.1466373755317545,69.23424074117615
2019-09-30,2.97,3.02,2.81,2.82,245696,3.09,2.7092500000000013,3.1754717819878957,2.2430282180121077,6,2.613700000000021,2.607094891511651,0.0879143026700336,0.1511632772794862,57.91262827658438
2019-10-01,2.84,3.05,2.82,2.85,308261,3.0844,2.7332500000000013,3.1759719782210585,2.290528021778944,7,2.6132000000000204,2.616620582040606,0.0550481073595095,0.1567944717595229,59.4431159452162
2019-10-02,2.82,2.89,2.74,2.815,173644,3.078912,2.757500000000001,3.160569472919959,2.3544305270800434,8,2.612775000000021,2.6244001670586217,0.0577411243651858,0.1563091523481284,56.84589663552357
2019-10-03,2.8,2.86,2.697,2.7,106865,3.06535552,2.773000000000001,3.140632969141741,2.405367030858261,9,2.6113250000000208,2.627364866389656,0.0410503615723748,0.1567870700375478,49.234094496427645
2019-10-04,2.71,2.715,2.61,2.7,138139,3.0432541888,2.783500000000001,3.1295650227919207,2.437434977208081,10,2.6107250000000217,2.630213303001826,0.0414510158242772,0.1530879936062944,49.234094496427645
2019-10-07,2.7,2.77,2.6875,2.73,193001,3.008593853696,2.7940000000000014,3.1195856262183,2.4684143737817026,11,2.610375000000021,2.6341265068056763,0.0176437825820891,0.1480459940629876,51.21063761626315
2019-10-08,2.7,2.705,2.65,2.67,140148,2.97670634540032,2.802500000000001,3.1049979338771925,2.5000020661228097,12,2.6095750000000213,2.635533310460356,0.0456647071023701,0.1431855659156314,47.24843851100108
2019-10-09,2.69,2.71,2.64,2.68,163734,2.9473698377682944,2.809000000000001,3.0946326311890453,2.523367368810957,13,2.609875000000022,2.6372771022070083,0.0343224467797094,0.1379580254930863,47.97096753133026
2019-10-10,2.7,2.72,2.62,2.66,274801,2.920380250746831,2.818000000000001,3.0710889171812434,2.5649110828187585,14,2.6103250000000218,2.638168196238106,0.0806698783408167,0.1352467379578658,46.59633562707944
2019-10-11,2.67,2.74,2.66,2.69,186566,2.8955498306870844,2.821500000000001,3.0653052501484908,2.577694749851512,15,2.6105750000000216,2.6402008159934742,-0.0392085246070867,0.1313005423894468,48.95900533426191
2019-10-14,2.67,2.84,2.625,2.82,125540,2.872705844232118,2.828500000000001,3.063534040087759,2.5934659599122427,16,2.6117750000000224,2.647251764385887,-0.0679217113687782,0.1372790750759149,57.69363419715072
2019-10-15,2.82,2.86,2.78,2.85,89512,2.61,2.827000000000001,3.061081182498672,2.59291881750133,17,2.6128250000000226,2.65520267558644,-0.1176674644642354,0.1331877125704924,59.419493456186096
2019-10-16,2.85,2.92,2.8,2.86,82866,2.615,2.826000000000001,3.05933666664281,2.592663333357192,18,2.6140750000000224,2.663233943210501,-0.0922354355082743,0.1322457331011715,60.00518210749484
2019-10-17,2.87,2.9,2.83,2.87,140400,2.6272,2.824500000000001,3.0562951681980874,2.5927048318019144,19,2.6146750000000223,2.671342416025776,-0.0187112949283353,0.1277996093082307,60.61730616414885
2019-10-18,2.83,2.89,2.83,2.87,100318,2.638912,2.823500000000001,3.0543267748767047,2.5926732251232965,20,2.615525000000022,2.679132909514961,-0.0172442594708391,0.1229567800719285,60.61730616414885
2019-10-21,2.89,2.96,2.885,2.93,182530,2.65015552,2.8250000000000006,3.0581737549553654,2.591826245044636,21,2.6162750000000226,2.6889708346320216,-0.0457743950325187,0.120602724352505,64.40792131443828
2019-10-22,2.92,3.02,2.92,2.99,330711,2.6687461888,2.8247500000000008,3.057203758842446,2.5922962411575554,22,2.6170750000000225,2.7007758999405698,-0.0850367738180902,0.1191311011844689,67.7507113413877
2019-10-23,2.99,3.07,2.91,2.93,91649,2.696846493696,2.8182500000000013,3.030412084265701,2.6060879157343013,23,2.617075000000022,2.7097650803350573,-0.1474509501435859,0.1220503082427211,61.52756314719858
2019-10-24,2.92,2.94,2.83,2.84,120408,2.7341618443264,2.811750000000001,3.0125801521185824,2.6109198478814197,24,2.6163750000000228,2.714872332086624,-0.1407665320878494,0.1211895719396696,53.57775356263844
2019-10-25,2.83,2.94,2.83,2.92,95146,2.76774565989376,2.809750000000001,3.0053637776333133,2.614136222366689,25,2.6165750000000223,2.7229165543577367,-0.0851345703113157,0.1203903168011218,58.68751361048468
2019-10-28,2.91,3.05,2.91,3.0,307881,2.797971093904384,2.818750000000001,3.0312558822714664,2.606244117728536,26,2.6172250000000226,2.733782571833904,0.0090018192592219,0.1217910084581845,63.06565189768793
2019-10-29,2.98,3.15,2.87,3.1,337322,2.8251739845139454,2.831250000000001,3.07652280729825,2.5859771927017525,27,2.6184250000000224,2.7481440396051235,0.1404450464126592,0.1330916507111713,67.67687541257189
2019-10-30,3.1,3.18,3.0,3.11,109260,2.864153106372272,2.846000000000001,3.1194520067579776,2.5725479932420243,28,2.6195250000000225,2.7623344694245304,0.1504916105732735,0.1364422470889448,68.10570371757716
2019-10-31,3.09,3.16,3.06,3.13,145936,2.87,2.867500000000001,3.1586958104093616,2.5763041895906404,29,2.620625000000022,2.776752725525529,0.1968062633849144,0.1338392294397344,68.99176117791521
2019-11-01,3.15,3.29,3.12,3.25,297674,2.9134,2.8950000000000014,3.21968446220902,2.5703155377909828,30,2.6220250000000225,2.795311442171587,0.2046357828261367,0.1364221416226105,73.71087937634535
2019-11-04,3.28,3.37,3.26,3.29,201560,2.973656,2.9230000000000014,3.280832362985744,2.565167637014259,-1,2.6238750000000226,2.814710993458976,0.1764804920951626,0.1352491315067098,75.07270748386146
2019-11-05,3.3,3.43,3.125,3.15,454233,3.04499792,2.947000000000002,3.298061248217379,2.595938751782625,-1,2.6257750000000226,2.82785958195078,0.0730486510280732,0.1473741935419448,62.80902225457447
2019-11-06,2.75,2.9073,2.62,2.86,1200080,3.43,2.9560000000000013,3.287927702971526,2.6240722970284764,-1,2.6257750000000226,2.82911999050173,0.2178528070674593,0.1747046082889488,46.03374039668392
2019-11-07,2.91,2.91,2.79,2.87,251759,3.43,2.966500000000001,3.2725898560879645,2.660410143912038,-1,2.6258250000000225,2.830723128129113,0.247514571604207,0.1707971362683096,46.563733943989206
2019-11-08,2.84,2.8975,2.775,2.85,149796,3.4138,2.9745000000000017,3.258857169770604,2.6901428302294,-1,2.625475000000023,2.831479083888756,0.2660769936025648,0.1673473408205732,45.5991942357494
2019-11-11,2.86,2.96,2.85,2.85,174871,3.397924,2.9760000000000013,3.2573823022152517,2.694617697784752,-1,2.6251750000000227,2.832205394324491,0.2064170809434459,0.1632511021905322,45.5991942357494
2019-11-12,2.86,2.97,2.83,2.89,144805,3.38236552,2.978000000000001,3.2563235527222774,2.6996764472777257,-1,2.6249750000000227,2.8344718494490206,0.1862443399765549,0.1615903091769228,48.09319165887816
2019-11-13,2.87,2.9,2.73,2.74,221455,3.3671182096,2.9720000000000013,3.265025596151529,2.678974403848473,-1,2.623675000000022,2.830767071039255,0.1425073100735487,0.1621910013785712,40.580084748129984
2019-11-14,2.75,2.77,2.66,2.68,213646,3.352175845408,2.962500000000001,3.2794779172118367,2.645522082788166,-1,2.6222250000000225,2.824854636880853,0.1100671461408302,0.1584630727086732,38.02144433861017
2019-11-15,2.7,2.76,2.62,2.63,141781,3.33753232849984,2.9505000000000017,3.2973414623426014,2.603658537657402,-1,2.620525000000023,2.8172132785718,0.079225285083941,0.1571442818009108,35.9852276316992
2019-11-18,2.6,2.61,2.44,2.46,273100,3.323181681929843,2.9270000000000014,3.3345831203570078,2.5194168796429954,-1,2.618075000000023,2.8032049147062392,0.0312452151626912,0.1594911188151315,30.08567879262021
2019-11-19,2.47,2.57,2.44,2.55,200913,3.2878544146526494,2.9050000000000016,3.3429726018827566,2.4670273981172466,1,2.6158750000000226,2.7932753102079557,0.0333617551536913,0.1573846103283363,36.061973998999264
2019-11-20,2.54,2.58,2.45,2.46,278627,3.2539402380665434,2.8815000000000013,3.3601345160975704,2.402865483902432,2,2.6132750000000224,2.7802056901998,0.000795170078238,0.1554285667334551,33.02210201748555
2019-11-21,2.49,2.5,2.37,2.4,285609,3.2213826285438816,2.859500000000001,3.382165284862092,2.3368347151379103,3,2.6112250000000228,2.7652956631331413,-0.0093052132386069,0.1536122405382083,31.13765011536789
2019-11-22,2.41,2.41,2.33,2.33,209962,3.1702996708312488,2.830000000000001,3.4001227937909224,2.2598772062090795,4,2.6091250000000223,2.7482252449710574,-0.0574173698278875,0.1483542233569077,29.054479168061093
2019-11-25,2.33,2.38,2.275,2.29,288740,3.103075697164749,2.794500000000001,3.404859729995328,2.184140270004675,5,2.606525000000022,2.730255627521212,-0.1103292238665117,0.1452574931171286,27.905593087709025
2019-11-26,2.27,2.4,2.21,2.3,763748,3.0202681274482743,2.754500000000001,3.384086372152359,2.124913627847643,6,2.6043250000000224,2.713382857814498,-0.1452851869303957,0.1484533864659051,28.66502886816312
2019-11-27,2.28,2.37,2.26,2.31,301074,2.923035952154481,2.714500000000001,3.350282195409694,2.078717804590308,7,2.6014750000000224,2.6975639222139294,-0.1491214855586103,0.1457067160040548,29.46519039003552
2019-11-29,2.28,2.35,2.28,2.33,45541,2.837471637895944,2.674500000000001,3.301284652013728,2.0477153479862737,8,2.598375000000022,2.68314965075456,-0.1579472126586249,0.1402990934323366,31.129084590284563
2019-12-02,2.33,2.35,2.14,2.2,390077,2.7621750413484305,2.622000000000001,3.222519774861717,2.0214802251382853,9,2.594675000000022,2.66420260562693,-0.2080448207510768,0.1452777296157411,26.717312928631717
2019-12-03,2.15,2.3,2.11,2.28,1017574,2.6750705355596502,2.571500000000001,3.104951965972541,2.0380480340274616,10,2.5905250000000217,2.649135836778815,-0.0561004575900383,0.148472177500331,33.00936210704256
2019-12-04,2.3,2.34,2.26,2.31,184711,2.584659249870106,2.5295000000000014,3.0030599222906917,2.0559400777093115,11,2.585775000000022,2.6358363921992534,0.0048722351470734,0.1435813076788788,35.254366318025134
2019-12-05,2.3,2.39,2.3,2.36,95183,2.508713769890889,2.504500000000001,2.957996416744358,2.0510035832556435,12,2.581075000000021,2.625019278779675,-0.1314351401837893,0.1397540714161017,38.92786255837947
2019-12-06,2.35,2.55,2.35,2.52,318559,2.11,2.487000000000001,2.9086206826046124,2.0653793173953896,13,2.576925000000021,2.620900875690276,-0.105495242816384,0.1440573520292373,48.916080065846245
2019-12-09,2.52,2.65,2.51,2.58,202838,2.1188,2.473500000000001,2.8638985143414053,2.0831014856585965,14,2.572725000000022,2.619296919780853,-0.1103679876678463,0.1437675411700061,52.08103992865431
2019-12-10,2.58,2.67,2.56,2.59,203137,2.140048,2.460500000000001,2.815604210056671,2.105395789943331,15,2.5681750000000214,2.618148020965918,-0.0955514375527435,0.1413555739435771,52.60805370612272
2019-12-11,2.59,2.7,2.59,2.7,221710,2.1718451199999995,2.4510000000000014,2.7677270117940127,2.13427298820599,16,2.5648750000000216,2.6213579024966664,-0.0529182092538622,0.1391158900904644,58.07077215773412
2019-12-12,2.73,2.78,2.62,2.68,184099,2.2140975104,2.4480000000000013,2.754698549067275,2.1413014509327275,17,2.561675000000022,2.6236575925948364,-0.027594501461569,0.1406076122268598,56.78905872147271
2019-12-13,2.69,2.73,2.57,2.6,154720,2.2706877593599994,2.4440000000000013,2.7404051281607167,2.147594871839286,18,2.5577250000000213,2.6227298438656272,-0.0210633574818426,0.1419927827820841,51.85848106740589
2019-12-16,2.6,2.65,2.56,2.59,190267,2.3216189834239995,2.442000000000001,2.7338629815512303,2.150137018448772,19,2.553825000000021,2.621446320576779,-0.010887179728227,0.1382790125833638,51.25937852089907
2019-12-17,2.59,2.59,2.48,2.49,272778,2.3674570850815995,2.443500000000001,2.7360252125885456,2.1509747874114566,20,2.550425000000021,2.6162915629071013,-0.0133561397235733,0.1362590831131235,45.587675237594425
2019-12-18,2.5,2.53,2.44,2.45,148606,2.40871137657344,2.438500000000001,2.726963169226116,2.150036830773887,21,2.5484250000000217,2.6097703251460387,-0.057710810700442,0.1329548628907575,43.513666782597376
2019-12-19,2.43,2.51,2.42,2.44,289171,2.78,2.437500000000001,2.725796722145741,2.149203277854261,22,2.5474250000000214,2.6031126653363903,-0.0445835760103638,0.1298866583985606,42.98713298921724
2019-12-20,2.41,2.47,2.4,2.44,339582,2.7728,2.439500000000001,2.7272829042872013,2.151717095712801,23,2.5472750000000213,2.596716090225159,-0.0094230164416424,0.1256090399415205,42.98713298921724
2019-12-23,2.45,2.6,2.44,2.53,1017901,2.757888,2.4495000000000013,2.7352603891374216,2.163739610862581,24,2.547625000000021,2.5940997729614272,0.0425848290116477,0.1280655370885548,49.38050862055768
2019-12-24,2.53,2.61,2.53,2.57,97561,2.74357248,2.463500000000001,2.744019161555817,2.1829808384441853,25,2.5500750000000205,2.593154683825685,0.0758803111256497,0.1246322844393723,51.95903302441724
2019-12-26,2.59,2.65,2.55,2.59,180796,2.7298295808,2.478000000000001,2.753143598871524,2.2028564011284786,26,2.5525750000000205,2.593030970734482,0.0841237520896057,0.1228728355508457,53.24156477588053
2019-12-27,2.62,2.72,2.6,2.695,235943,2.4,2.497250000000001,2.776525401709449,2.217974598290553,27,2.5559000000000207,2.597029756195875,0.1135642782111395,0.1233819187257853,59.37364994739003
2019-12-30,2.7,2.84,2.68,2.79,241177,2.4064,2.520250000000001,2.8159267660807537,2.2245732339192488,28,2.558400000000021,2.604597216737213,0.1217004909268687,0.1259974959596577,63.97674695706724
2019-12-31,2.75,2.82,2.71,2.78,115104,2.423744,2.549250000000001,2.8268157579745186,2.271684242025484,29,2.561850000000021,2.6114757572573226,0.1623265223013054,0.124854817676825,63.16544419583403
2020-01-02,2.78,2.85,2.7,2.84,124129,2.4403942400000003,2.577250000000001,2.853501244341029,2.300998755658973,30,2.5661000000000205,2.620437492266839,0.0480170974327743,0.1266509021284804,65.95508916519375
2020-01-03,2.79,2.85,2.78,2.8,103078,2.4649705856,2.601750000000001,2.8654785536303797,2.3380214463696225,-1,2.570800000000021,2.627479159236767,0.0297679273460138,0.1226044091193032,62.55382180646743
2020-01-06,2.74,2.8,2.73,2.77,94173,2.4880723504640003,2.622250000000001,2.8709360470552525,2.3735639529447496,-1,2.5762500000000204,2.633068211815717,0.025915118946479,0.1188469513250673,60.05250039351984
2020-01-07,2.75,2.82,2.62,2.63,140021,2.50978800943616,2.627750000000001,2.871972746688268,2.3835272533117347,-1,2.58015000000002,2.632947889783728,-0.0496607339933494,0.124643597658991,50.00379559952572
2020-01-08,2.7,2.7,2.61,2.62,108853,2.530200728869991,2.629750000000001,2.873029160636428,2.386470839363574,-1,2.5844500000000203,2.632440129400053,-0.0696774697709767,0.1221690549690631,49.36834151062465
2020-01-09,2.62,2.71,2.58,2.59,103101,2.549388685137792,2.629750000000001,2.873029160636442,2.386470839363559,-1,2.5890000000000204,2.6307758106000505,-0.0701071424464367,0.1227284081855586,47.421362914947245
2020-01-10,2.61,2.63,2.55,2.57,105002,2.85,2.623250000000001,2.865619036801257,2.380880963198745,-1,2.59180000000002,2.62839244547848,-0.1366141940110721,0.1196763790294473,46.11563041577826
2020-01-13,2.59,2.61,2.54,2.55,77494,2.8440000000000003,2.616750000000001,2.859654816749215,2.373845183250787,-1,2.59345000000002,2.625318231930304,-0.1423859325012674,0.1161280662416296,44.78755653728685
2020-01-14,2.57,2.69,2.53,2.58,92419,2.83184,2.615750000000001,2.859086700889869,2.372413299110133,-1,2.5951000000000204,2.623541046364409,-0.1293444670731016,0.1192617757957989,47.241920713894906
2020-01-15,2.6,2.71,2.58,2.59,86630,2.8137296000000003,2.615750000000001,2.859086700889869,2.372413299110133,-1,2.5969000000000206,2.622225711212864,-0.1352044735039326,0.1200287918103847,48.070585512256095
2020-01-16,2.6,2.66,2.57,2.64,93439,2.7967058240000005,2.6232500000000014,2.8597721976896917,2.386727802310312,-1,2.59935000000002,2.622922742145693,-0.0690913422128941,0.1178838781096429,52.12005597856142
2020-01-17,2.65,2.66,2.54,2.58,129407,2.780703474560001,2.629750000000001,2.8536802346713506,2.4058197653286517,-1,2.60150000000002,2.6212394973556656,-0.0502514346481589,0.1180350296732399,47.34853052861762
2020-01-21,2.6,2.63,2.52,2.57,116724,2.7656612660864006,2.6362500000000013,2.844789564591373,2.4277104354086294,-1,2.6032500000000205,2.619230105302502,-0.0110086200966484,0.1174610989822942,46.58308541571553
2020-01-22,2.58,2.62,2.52,2.56,62013,2.7460083647994886,2.642250000000001,2.834095641076256,2.4504043589237465,-1,2.6047500000000205,2.616907356074953,-0.0302479101214516,0.116213877626416,45.78596378692907
2020-01-23,2.54,2.62,2.46,2.46,264992,2.7279276956155294,2.638750000000001,2.8409349400919104,2.4365650599080912,-1,2.6060500000000206,2.610754126424955,-0.1915988094648676,0.1193414577959578,38.66139551740845
2020-01-24,2.46,2.51,2.44,2.44,162975,2.7011349260539763,2.632250000000001,2.8505725824324357,2.4139274175675665,-1,2.6076500000000205,2.604057886172996,-0.2486389864062793,0.1158170679533893,37.40767261456478
2020-01-27,2.44,2.5,2.41,2.46,78141,2.669798734927499,2.625750000000001,2.8561252373845045,2.3953747626154973,-1,2.6093000000000206,2.5984085573034665,-0.2410181153826359,0.1139729916710044,39.51980858926976
2020-01-28,2.46,2.48,2.39,2.43,76960,2.633426912037649,2.612500000000001,2.855553492054653,2.369446507945349,-1,2.6109500000000208,2.591804300154311,-0.3186760940678519,0.1122606351230755,37.47693817840592
2020-01-29,2.43,2.47,2.36,2.37,87676,2.5944786061116254,2.591500000000001,2.8420414137422383,2.340958586257764,-1,2.6122000000000214,2.583106092305122,-0.4136634668788409,0.112099161185713,33.72237965517077
2020-01-30,2.36,2.4,2.3,2.39,128427,2.552272457011533,2.5720000000000014,2.821527553588691,2.322472446411312,-1,2.6138000000000208,2.575533304371588,-0.3792838900886813,0.1112349353867335,36.02318981954791
2020-01-31,2.36,2.3883,2.26,2.27,133354,2.5018179656092263,2.543500000000001,2.794280780762718,2.2927192192372843,-1,2.6150500000000214,2.5635516061609374,-0.4757905311071664,0.112575297144824,29.42324403661964
2020-02-03,2.29,2.3399,2.15,2.235,199896,2.453454372487381,2.5152500000000013,2.771325672409461,2.259174327590541,-1,2.615425000000022,2.550667229448744,-0.4461992250734952,0.118098490205908,27.82213769139129
2020-02-04,2.2,2.31,2.2,2.24,122759,2.392763497989905,2.488750000000002,2.743580826235663,2.2339191737643405,-1,2.616175000000021,2.5384842008429107,-0.4606185842551044,0.1175200266197717,28.421376060317016
2020-02-05,2.25,2.35,2.2,2.33,94402,2.15,2.4737500000000017,2.728874969377653,2.21862503062235,-1,2.617675000000021,2.5303083498294634,-0.3856683660135865,0.1198400247183594,38.34403148973615
2020-02-06,2.34,2.36,2.29,2.32,105974,2.154,2.458750000000001,2.712991519032517,2.204508480967485,-1,2.6193250000000217,2.5220609635616413,-0.3562022602537734,0.1162800229527623,37.7183696721547
2020-02-07,2.31,2.31,2.25,2.29,78251,2.16224,2.443750000000001,2.7006327553573106,2.1868672446426918,-1,2.620925000000021,2.512960533618048,-0.3107193239966882,0.112974307027565,35.82955547887481
2020-02-10,2.3,2.35,2.23,2.31,105062,2.1701504,2.430750000000001,2.6870754766892304,2.174424523310772,-1,2.6226750000000214,2.5050012970055757,-0.272608527139879,0.1134761422398818,38.05657965379886
2020-02-11,2.32,2.32,2.26,2.29,50072,2.177744384,2.417750000000001,2.674936216582377,2.160563783417625,-1,2.6239250000000216,2.496569873593592,-0.2515131994673925,0.1096564177941759,36.68548075557452
2020-02-12,2.3,2.39,2.26,2.38,114899,2.18503460864,2.407750000000001,2.654255070941686,2.161244929058316,-1,2.625425000000021,2.491998506001686,-0.191508752583635,0.1111095308088777,46.09680494926644
2020-02-13,2.36,2.43,2.336,2.42,71798,2.1973325321216,2.399250000000001,2.6313334979053056,2.167166502094697,-1,2.627025000000021,2.4891750351780906,-0.1357461895029233,0.1098874214653864,49.67707250903189
2020-02-14,2.41,2.41,2.31,2.35,145263,2.215945929551872,2.3847500000000013,2.589480920966916,2.1800190790330864,-1,2.628525000000021,2.4837171906613027,-0.1674880601111581,0.1098954627892874,44.15046085514948
2020-02-18,2.37,2.37,2.31,2.35,37217,2.233070255187722,2.373250000000001,2.557648345979469,2.188851654020533,-1,2.630025000000021,2.4784733792628204,-0.1495608323419528,0.1063315011614811,44.15046085514948
2020-02-19,2.34,2.38,2.25,2.36,51909,2.248824634772705,2.362750000000001,2.523544123026813,2.201955876973189,-1,2.631325000000021,2.4738273643897686,-0.1325931487914523,0.1080221082213753,45.16125287505237
2020-02-20,2.34,2.4,2.27,2.385,109098,2.25,2.354000000000001,2.4876637572416533,2.220336242758349,-1,2.632400000000021,2.470343938335268,-0.0863734509950758,0.1095919576341342,47.709209945057445
2020-02-21,2.42,2.45,2.33,2.37,63508,2.25,2.3495000000000013,2.4743559169601355,2.224644083039867,-1,2.632500000000021,2.466408881929963,0.0258466110805732,0.1103353892316961,46.31862919239209
2020-02-24,2.31,2.31,2.18,2.21,77654,2.45,2.3380000000000014,2.4695826736312694,2.206417326368733,-1,2.6297500000000213,2.4563536316582,0.0896903669783091,0.1160257185722892,34.7003611669666
2020-02-25,2.22,2.22,2.09,2.15,152273,2.45,2.322500000000001,2.465486013301873,2.179513986698129,-1,2.625900000000021,2.4443397637500355,0.0762115659352355,0.1170238815314114,31.50859756614514
2020-02-26,2.15,2.15,2.05,2.09,179303,2.4356,2.305500000000001,2.472200329933566,2.138799670066436,-1,2.6214000000000213,2.43044408674023,0.0595626222582072,0.1158078899934535,28.668778948627164
2020-02-27,2.07,2.12,1.93,2.015,185541,2.412464,2.2877500000000013,2.4940864970138947,2.081413502986108,-1,2.6160750000000217,2.414152161770025,0.0805786290216698,0.1211073264224925,25.56683979139794
2020-02-28,2.05,2.53,2.03,2.51,642429,1.93,2.293750000000001,2.517845403790359,2.0696545962096438,-1,2.613475000000022,2.417910900524141,0.2448311173960445,0.1492425173923144,57.9247052555672
2020-03-02,2.51,2.53,2.43,2.51,303419,1.93,2.305750000000001,2.548407680694355,2.063092319305647,-1,2.6103750000000217,2.421522237758489,0.332345557542893,0.1457251947214348,57.9247052555672
2020-03-03,2.5,2.61,2.23,2.26,132516,1.942,2.3070000000000013,2.548441504302722,2.06555849569728,-1,2.605275000000022,2.415188032356195,0.3081715978434647,0.1624591093841894,46.16858224687334
2020-03-04,2.27,2.53,2.27,2.525,120327,1.96872,2.3212500000000014,2.5783273229982835,2.0641726770017192,-1,2.601650000000022,2.4194943840285013,0.3613203949749702,0.170140601571033,56.29435869061727
2020-03-05,2.4,2.41,2.24,2.28,71868,1.9943712,2.3187500000000014,2.576410144376191,2.061089855623812,-1,2.5968000000000218,2.414024016027384,0.3258949456673706,0.1783448443159592,47.414456410117886
2020-03-06,2.23,2.24,2.03,2.11,188758,2.018996352,2.308250000000001,2.581494853565369,2.035005146434634,-1,2.590850000000022,2.402101505594937,0.3061869021233995,0.1834630697219621,42.41492259898203
2020-03-09,1.95,2.01,1.9,1.96,152809,2.61,2.2917500000000013,2.6044203535674058,1.979079646432597,-1,2.584650000000022,2.3847641916500377,0.2943384906036274,0.185358564741822,38.5521886753894
2020-03-10,1.97,2.12,1.97,2.04,169938,2.5958,2.278250000000001,2.609373466398811,1.947126533601192,-1,2.5794500000000222,2.371244027271605,0.2726721354922513,0.1835472386888347,41.60657171613387
2020-03-11,2.0,2.07,1.97,2.05,162889,2.581884,2.2662500000000017,2.611878051523534,1.9206219484764693,-1,2.5741000000000223,2.3586462222805618,0.2940454059709144,0.1775795787824894,41.99470369550298
2020-03-12,1.95,1.9603,1.75,1.775,228478,2.56824632,2.236000000000001,2.6378407644825983,1.8341592355174048,-1,2.5678250000000222,2.335758135132304,0.2001814816751098,0.1863238945837401,35.087725997744386
2020-03-13,1.91,2.04,1.7909,2.04,124254,2.5355164671999995,2.2170000000000014,2.6181782646155685,1.8158217353844344,-1,2.563075000000022,2.324159776891822,0.217527231137677,0.1919436163991872,44.55181341500265
2020-03-16,1.69,1.98,1.5,1.51,209778,2.5040958085119995,2.1750000000000016,2.675319897665437,1.6746801023345657,-1,2.556475000000022,2.292231942503907,0.1622298769679716,0.2168047866563882,33.9048002953446
2020-03-17,1.54,1.88,1.5,1.78,293540,2.44385006000128,2.1465000000000014,2.6681809369719733,1.6248190630280293,-1,2.551375000000022,2.272144415346891,0.185724229970499,0.2284615876095033,41.56605948385922
2020-03-18,1.69,1.7,1.25,1.34,412634,2.387219056401203,2.0955000000000017,2.714142869513549,1.4768571304864548,-1,2.5439250000000224,2.235589732392111,0.0976781259236134,0.250000045637396,34.539807181804804
2020-03-19,1.37,1.5179,1.35,1.47,199150,2.2962415318891067,2.0497500000000017,2.7099278169553696,1.389572183044634,-1,2.5367250000000223,2.205566605631636,0.0959099887923698,0.2448500423775819,37.88087706973604
2020-03-20,1.56,1.56,1.02,1.02,545953,2.212542209337978,1.9822500000000016,2.762746476609574,1.2017535233904293,-1,2.5274750000000226,2.1590737975676504,-0.0294998238136832,0.2659321822077546,31.82554488456344
2020-03-23,1.1,1.24,1.04,1.19,283538,2.0932879884041804,1.9312500000000012,2.776193045417833,1.0863069545821695,-1,2.5191750000000224,2.1210709035453896,0.0103489876494856,0.2626513120500579,35.988457823350146
2020-03-24,1.21,1.31,1.14,1.21,334097,1.9859591895637625,1.884250000000001,2.778432727410881,0.9900672725891222,-1,2.510875000000022,2.0853426328181195,0.0004067687849262,0.2560333611893394,36.47987771965303
2020-03-25,1.24,1.72,1.23,1.5,243393,1.889363270607386,1.8547500000000012,2.7587105909551486,0.950789409044854,-1,2.5035250000000224,2.0623880197664284,0.0125280085718679,0.2741738353901009,43.27953346181854
2020-03-26,1.52,1.75,1.51,1.67,211065,1.8024269435466476,1.8375000000000012,2.7417372476291737,0.9332627523708292,-1,2.4971750000000226,2.047000254285392,0.030331395543401,0.2724471328622366,46.870001077723934
2020-03-27,1.63,1.63,1.33,1.36,97941,1.75,1.7800000000000011,2.6515331319003232,0.9084668680996792,-1,2.489525000000022,2.020059067842828,-0.1151929453406292,0.2772723376577911,41.68776400271175
2020-03-30,1.33,1.4,1.27,1.38,145339,1.75,1.723500000000001,2.543390846393585,0.9036091536064168,-1,2.4818250000000224,1.994958712241148,-0.1382141312216089,0.2667528849679489,42.13230465773483
2020-03-31,1.38,1.49,1.29,1.45,129181,1.677,1.6830000000000012,2.472337697060003,0.8936623029399993,-1,2.4748250000000227,1.9735877823493384,-0.094597222525975,0.2619848217559525,43.74866198077335
2020-04-01,1.41,1.41,1.21,1.27,209289,1.6113,1.620250000000001,2.327091389563452,0.9134086104365504,-1,2.466925000000023,1.9459961046101488,-0.1378694820989738,0.260414477344813,40.60765938795735
2020-04-02,1.27,1.34,1.09,1.12,429205,1.55217,1.5622500000000012,2.232447545504302,0.8920524544957008,-1,2.4585750000000224,1.91360410050779,-0.187936701293298,0.2596705861058978,38.14957567599983
2020-04-03,1.16,1.16,1.01,1.08,184508,1.498953,1.5107500000000014,2.162718365796985,0.8587816342030176,-1,2.450075000000022,1.8809137436251315,-0.1812567648726527,0.2518369728126194,37.497726583660686
2020-04-06,1.1,1.14,1.02,1.1,424161,1.44027864,1.4677500000000017,2.1088777173855378,0.8266222826144656,1,2.442075000000022,1.8502896752476756,-0.1461896645989713,0.2424200461831465,38.06753701151175
2020-04-07,1.21,1.3,1.1,1.17,185748,1.3886452032,1.4242500000000016,2.0206665909831747,0.8278334090168283,2,2.4350250000000218,1.8236116487673744,-0.1545162905088322,0.2393900428843503,40.12500366917028
2020-04-08,1.19,1.19,1.1,1.13,268844,1.343207778816,1.3782500000000015,1.9132759339508625,0.8432240660491405,3,2.428175000000022,1.7964111919529675,-0.1876506145806721,0.2287193255354682,39.32113131464866
2020-04-09,1.14,1.225,1.12,1.18,206641,1.30322284535808,1.3485000000000016,1.8575098230879168,0.8394901769120863,4,2.4213250000000217,1.7722382040332434,-0.1488089572563918,0.2198822308543633,40.91461197379101
2020-04-13,1.15,1.17,1.12,1.14,132598,1.2680361039151102,1.3035000000000014,1.708532097493513,0.8984679025064899,5,2.414475000000022,1.7474445489731163,-0.1778634497168853,0.208462071507623,40.00940868187935
2020-04-14,1.18,1.22,1.15,1.16,138021,1.237071771445297,1.2860000000000014,1.6840150750913807,0.887984924908622,6,2.4077750000000218,1.7244075078369157,-0.1601904259705023,0.1992862092570785,40.71566497152922
2020-04-15,1.11,1.1373,1.05,1.06,240586,1.22,1.2500000000000016,1.588585292060945,0.9114147079390582,7,2.400475000000022,1.6983523114511545,-0.2264994822767092,0.1929086228815729,38.28848459941543
2020-04-16,1.07,1.08,1.02,1.05,136444,1.22,1.2355000000000016,1.5821684294826892,0.888831570517314,8,2.392875000000022,1.6729267306099325,-0.1875118871875115,0.1834151498186034,38.04424606533035
2020-04-17,1.06,1.21,1.06,1.16,226674,1.01,1.220000000000002,1.5506962352371012,0.8893037647629028,9,2.385800000000022,1.6528119568605233,-0.1885175736804451,0.1817426391172746,42.3970406360643
2020-04-20,1.13,1.23,1.1,1.19,151588,1.014,1.2285000000000017,1.5466996228784589,0.9103003771215444,10,2.3787500000000223,1.634662468356189,-0.0675017789387102,0.1780467363231836,43.56163373305858
2020-04-21,1.13,1.185,1.05,1.18,105764,1.02264,1.2280000000000018,1.5464713487898003,0.9095286512102032,11,2.371650000000022,1.6168325676363384,-0.08079344169633,0.175329112300099,43.24775893104604
2020-04-22,1.21,1.21,1.15,1.16,66923,1.0309344,1.2255000000000018,1.5452796116077354,0.9057203883922682,12,2.3646000000000216,1.598917564983933,-0.0826345973618115,0.1670913185643777,42.58684869771333
2020-04-23,1.16,1.19,1.11,1.12,78205,1.038897024,1.206500000000002,1.5030990559661186,0.9099009440338852,13,2.357250000000022,1.5801364840041707,-0.1084098965086493,0.1608705100954936,41.22977173453884
2020-04-24,1.11,1.16,1.06,1.11,113566,1.04654114304,1.178500000000002,1.3876195830141025,0.9693804169859012,14,2.3498500000000218,1.561699759141262,-0.1304529024417344,0.156522616517244,40.87905658183896
2020-04-27,1.12,1.19,1.11,1.125,108255,1.0538794973184,1.1667500000000015,1.3595264249071806,0.9739735750928228,15,2.3422750000000216,1.5445742783906242,-0.1271828262682353,0.1510567153374409,41.68042803901165
2020-04-28,1.16,1.16,1.06,1.06,120272,1.23,1.1507500000000015,1.3219888682513254,0.979511131748678,16,2.334325000000021,1.5255713655125605,-0.1884657619273728,0.1474098070990523,39.20075872311274
2020-04-29,1.25,1.51,1.245,1.5,544731,1.06,1.153250000000002,1.3424132892502745,0.9640867107497292,17,2.3284750000000214,1.524568566865009,-0.0645893560760272,0.1690233923062628,57.59266017687588
2020-04-30,1.45,1.48,1.2711,1.43,220701,1.06,1.161250000000002,1.3806098641501698,0.9418901358498344,18,2.322475000000021,1.520859995615401,-0.015732308192877,0.1733002928558155,54.75486385216385
2020-05-01,1.42,1.43,1.23,1.29,133485,1.069,1.1697500000000018,1.3951490905038977,0.9443509094961062,19,2.315925000000021,1.5118066624540127,0.0550622056026969,0.1752074147946858,49.501394580042586
2020-05-04,1.3,1.3,1.19,1.25,123730,1.07782,1.1782500000000018,1.4022873852730493,0.9542126147269544,20,2.309625000000021,1.5015397345146395,0.0622786640197926,0.1705497423093511,48.08193805170061
2020-05-05,1.24,1.25,1.17,1.2,167194,1.0864636,1.183250000000002,1.404525281041472,0.9619747189585316,21,2.303325000000021,1.4897146468866147,0.0140990144715755,0.1640819035729689,46.2949051152991
2020-05-06,1.2,1.25,1.2,1.2,110910,1.094934328,1.184750000000002,1.406052394925998,0.963447605074006,22,2.2973250000000207,1.4783532881851789,-0.0018445358690226,0.1559331961748997,46.2949051152991
2020-05-07,1.2,1.24,1.17,1.23,126636,1.1032356414400002,1.189750000000002,1.4103962100285925,0.9691037899714112,23,2.291625000000021,1.468613943550466,0.0534308547100659,0.1497951107338355,47.648839211684965
2020-05-08,1.24,1.35,1.24,1.285,117962,1.1113709286112,1.195000000000002,1.419432617950198,0.970567382049806,24,2.286150000000021,1.4614133967445653,0.0388208657692776,0.1476668885385615,50.13104847854933
2020-05-11,1.24,1.25,1.15,1.21,108666,1.119343510038976,1.198500000000002,1.4215717373402104,0.975428262659794,25,2.280250000000021,1.4515540478526214,0.0544823176562681,0.1467621107858071,46.86766120203505
2020-05-12,1.21,1.21,1.185,1.205,75192,1.1271566398381967,1.2007500000000022,1.4231297427824288,0.9783702572175756,26,2.274075000000021,1.4418852616623226,0.1022891293594174,0.1380648171582494,46.64963759191876
2020-05-13,1.18,1.18,1.08,1.14,439410,1.51,1.2047500000000022,1.419609838033958,0.9898901619660464,27,2.2675750000000208,1.4300466239500746,0.1795142860178255,0.1371316159326601,43.79727106291649
2020-05-14,1.1,1.16,1.06,1.16,133407,1.5014,1.2102500000000025,1.4143449533917414,1.0061550466082632,28,2.260875000000021,1.419456560265758,0.2204373213811168,0.1344793576517558,44.9133747604237
2020-05-15,1.17,1.24,1.125,1.22,204571,1.4837440000000002,1.2132500000000022,1.4160621051613485,1.010437894838656,29,2.2544750000000207,1.4116347343729831,0.2397319858462273,0.1330879749623447,48.234559226315234
2020-05-18,1.25,1.46,1.24,1.46,306968,1.4667942400000002,1.2267500000000022,1.45581931265444,0.9976806873455644,30,2.250175000000021,1.4135314114563955,0.3017934530899404,0.1407245481793201,58.90691417211447
2020-05-19,1.47,1.5,1.37,1.45,189534,1.06,1.240250000000002,1.4877873709159464,0.992712629084058,1,2.245775000000021,1.4149615521835956,0.2790241089183323,0.1399585090236543,58.36695512304761
2020-05-20,1.46,1.53,1.46,1.53,125417,1.0688,1.2587500000000025,1.5333565367029285,0.9841434632970764,2,2.242175000000021,1.4194728638626704,0.3223375042478861,0.1356757583791076,61.41413090414105
2020-05-21,1.52,1.5398,1.47,1.53,94869,1.087248,1.2792500000000022,1.570098328171191,0.9884016718288132,3,2.2384250000000208,1.423807261358252,0.3564176341280077,0.1309703470663142,61.41413090414105
2020-05-22,1.52,1.52,1.44,1.5,299969,1.11440112,1.2987500000000023,1.5938580310665489,1.003641968933456,4,2.233775000000021,1.4267952118932226,0.3786857253286133,0.1280438937044346,59.51952272534854
2020-05-26,1.55,1.55,1.35,1.43,258193,1.1399250528,1.3140000000000025,1.6030778441872982,1.0249221558127064,5,2.2283750000000206,1.4269208898581942,0.3682396676882058,0.1331836155826893,55.23752184354632
2020-05-27,1.41,1.5,1.41,1.43,128638,1.172731048576,1.3325000000000022,1.6008002049942849,1.0641997950057198,6,2.2234750000000205,1.42704163927552,0.379933685943762,0.1300990716124972,55.23752184354632
2020-05-28,1.46,1.46,1.36,1.36,178924,1.20291256468992,1.325500000000002,1.5830441709687424,1.0679558290312618,7,2.219075000000021,1.424412555382362,0.22657500600657,0.1279491379258903,50.983621057294265
2020-05-29,1.35,1.35,1.29,1.315,121993,1.2306795595147266,1.3197500000000022,1.5728008842110115,1.066699115788993,8,2.2146000000000203,1.420121866935995,0.1937746066166803,0.1238099137883267,48.40299790906846
2020-06-01,1.31,1.36,1.29,1.3,259357,1.2562251947535483,1.3202500000000024,1.5731032182907176,1.067396781709287,9,2.2106500000000207,1.4154112054875243,0.1500254683502588,0.1199663485177319,47.53920574259274
2020-06-02,1.3,1.38,1.3,1.34,221644,1.2797271791732647,1.3247500000000023,1.5756379231847844,1.0738620768152205,10,2.206650000000021,1.412453903311543,0.1429569029652646,0.1171116093378939,50.096728087732885
2020-06-03,1.36,1.51,1.36,1.49,354445,1.29,1.3392500000000025,1.593125461594807,1.0853745384051976,11,2.2027500000000204,1.4154949267110903,0.2142498875975309,0.1208893515280443,58.30551749733658
2020-06-04,1.45,1.55,1.41,1.46,405581,1.3,1.3522500000000022,1.6028787094488126,1.1016212905511915,12,2.1986000000000208,1.4172402237028123,0.1978448415736251,0.1222543978474697,56.310466961842174
2020-06-05,1.55,1.65,1.48,1.635,495892,1.32,1.3725000000000025,1.644850876627882,1.1001491233721226,13,2.1952750000000205,1.4257798227732903,0.252012481524063,0.1270933694297933,64.0401779777236
2020-06-08,1.64,1.72,1.5,1.62,451039,1.353,1.3892500000000023,1.6786852259141505,1.0998147740858544,14,2.1917750000000207,1.4333963003115926,0.2475852734878153,0.1337295573276652,63.01111742679242
2020-06-09,1.62,1.855,1.6,1.77,651593,1.39704,1.4172500000000023,1.7385049610511478,1.0959950389488569,15,2.188825000000021,1.4465964453974125,0.2588967158173976,0.1423917318042606,68.46778569875937
2020-06-10,1.8,1.8,1.55,1.6,204680,1.4611544,1.4370000000000025,1.7521412381773835,1.121858761822621,16,2.185375000000021,1.4526122710681022,0.2224430969811638,0.1500780366753848,58.02097532686341
2020-06-11,1.56,1.56,1.39,1.44,316049,1.855,1.4520000000000022,1.7362076705509129,1.1677923294490915,17,2.1810750000000207,1.4521176722026865,0.1871687344665175,0.1543581769128574,50.249787542976094
2020-06-12,1.49,1.51,1.355,1.41,179462,1.8457,1.4645000000000024,1.7163908493772115,1.2126091506227932,18,2.176775000000021,1.450465998782973,0.1515410208901791,0.1544040214190818,48.92656449864613
2020-06-15,1.36,1.4499,1.32,1.38,311880,1.826072,1.4725000000000024,1.7019885618064083,1.2430114381935964,19,2.171825000000021,1.4477026262816803,0.1203238204063784,0.1526537341748617,47.577341666931936
2020-06-16,1.45,1.485,1.32,1.43,285060,1.79570768,1.4710000000000023,1.701186880599163,1.2408131194008416,20,2.1671750000000203,1.4470084056431831,0.0825024140358431,0.1535356103052287,50.04969499962949
2020-06-17,1.43,1.48,1.33,1.36,504024,1.7671652192,1.4665000000000024,1.7016191187461656,1.2313808812538392,21,2.1622250000000207,1.4435963113042347,0.0188816731894876,0.1532830667119981,46.72713115832188
2020-06-18,1.33,1.36,1.27,1.29,263925,1.740335306048,1.4545000000000023,1.6997121530429775,1.2092878469570272,22,2.156825000000021,1.437572926547206,-0.0269922717151533,0.1487628476611411,43.609413193789
2020-06-19,1.37,1.3727,1.23,1.27,587142,1.70270848156416,1.4415000000000024,1.696688165869764,1.186311834130241,23,2.151525000000021,1.4310014392316293,-0.0752865669457465,0.1483297871139167,42.7321318255705
2020-06-22,1.24,1.26,1.19,1.23,486677,1.655437633407744,1.4280000000000024,1.697544059478173,1.1584559405218318,24,2.1457250000000214,1.4231190298499967,-0.0852476587021581,0.1434490880343513,40.957505811190565
2020-06-23,1.23,1.33,1.2,1.23,517485,1.5995851173988147,1.4180000000000024,1.7010088337843396,1.134991166215665,25,2.139425000000021,1.4155457345617617,-0.1148344653123141,0.1424884388890405,40.957505811190565
2020-06-24,1.21,1.255,1.1,1.17,649602,1.550434903310957,1.4050000000000025,1.7078035666896494,1.1021964333103556,26,2.132675000000021,1.4059164900691434,-0.1056454649820763,0.1433821218255375,38.19786831591936
2020-06-25,1.16,1.16,1.1102,1.15,1055009,1.487374016847423,1.3945000000000023,1.716756109329172,1.0722438906708327,27,2.1259250000000214,1.3958805492821182,0.0028297267370039,0.1374119702665706,37.29579500605468
2020-06-26,2.77,2.88,1.96,2.05,37254616,1.1,1.43125,1.859173766575308,1.0033262334246924,28,2.123425000000021,1.421532292447525,-0.6582703789177923,0.2511682581046727,70.75988356620275
2020-06-29,1.89,2.2,1.86,2.175,3194523,1.1102,1.475,2.006648380040792,0.943351619959208,29,2.121900000000021,1.4510800456848774,-0.5582064148775203,0.2575133825257675,72.9214100807275
2020-06-30,2.06,2.28,2.01,2.08,1186921,1.145596,1.5120000000000002,2.100841234969152,0.9231587650308484,30,2.119200000000021,1.4757435733050783,-0.5588680756544017,0.2584052837739269,68.76112836571865
2020-07-01,2.04,2.2,2.01,2.05,583466,1.18028408,1.5400000000000005,2.1735534705137334,0.9064465294862672,-1,2.116050000000021,1.4982634331754674,-0.5683413731446771,0.2535191920757894,67.45240618989581
2020-07-02,2.1365,2.14,2.01,2.03,436916,1.2142783984,1.5685000000000002,2.2354940029715378,0.9015059970284628,-1,2.111800000000021,1.5191158475607431,-0.5717433236793152,0.2446963926418044,66.54311905911699
2020-07-06,2.14,2.18,2.02,2.11,471197,1.247592830432,1.5922500000000002,2.29962878820332,0.8848712117966807,-1,2.107950000000021,1.542287775107381,-0.5790752845822106,0.2386466503102469,68.37931709164836
2020-07-07,2.06,2.1,2.03,2.09,186487,1.28024097382336,1.6157499999999998,2.3557315876087728,0.8757684123912266,-1,2.103900000000021,1.5637666858874837,-0.5803118167814028,0.2273147467166579,67.3836519485063
2020-07-08,2.05,2.12,2.04,2.1,158525,1.3122361543468928,1.6322500000000002,2.399468841009522,0.8650311589904783,-1,2.099950000000021,1.5847954433036606,-0.5889957547684095,0.2167922648083252,67.63739067883606
2020-07-09,2.07,2.18,2.04,2.17,316363,1.3435914312599548,1.6607499999999995,2.4626245226031305,0.8588754773968689,-1,2.096300000000021,1.607744641605478,-0.579602476431388,0.2113071030363019,69.43017133491807
2020-07-10,2.21,2.2399,2.11,2.13,339843,1.3743196026347555,1.69525,2.515332160518076,0.8751678394819242,-1,2.091975000000021,1.6282252438954592,-0.5814662333152645,0.2054923099622804,67.14130699556833
2020-07-13,2.17,2.17,2.06,2.1,211409,1.4044332105820605,1.72975,2.556952967838002,0.9025470321619978,-1,2.087175000000021,1.6467262147230883,-0.5812005049806901,0.1986714306792603,65.39992123872051
2020-07-14,2.07,2.15,2.05,2.12,174770,1.4339445463704192,1.76675,2.5942660119296765,0.9392339880703237,-1,2.082925000000021,1.665285971008457,-0.5809142255989406,0.1916234713450275,66.03242507390542
2020-07-15,2.07,2.16,2.04,2.12,137218,1.4628656554430108,1.80125,2.6272637710716435,0.9752362289283564,-1,2.0787250000000213,1.683117893714008,-0.583688752658089,0.1865075091060969,66.03242507390542
2020-07-16,2.11,2.12,2.07,2.12,50007,1.491208342334151,1.83925,2.650362045281045,1.0281379547189549,-1,2.0752250000000214,1.7002505253330666,-0.5818774601164642,0.1767569727413757,66.03242507390542
2020-07-17,2.1,2.13,2.0499,2.1,124061,1.5189841754874676,1.87975,2.65731334147129,1.10218665852871,-1,2.0714750000000217,1.7159269753200053,-0.5798747954667871,0.1698529032598489,64.55843977543084
2020-07-20,2.09,2.11,2.01,2.03,149615,1.5462044919777185,1.91775,2.6450633781252764,1.1904366218747235,-1,2.067550000000022,1.7282435645231422,-0.5816678120835125,0.1648634101698597,59.54821319219497
2020-07-21,2.01,2.08,1.93,1.97,162467,1.572880402138164,1.95475,2.61007797132428,1.2994220286757203,-1,2.063900000000022,1.7377242090516465,-0.5887185345295004,0.1638017380148697,55.56748114205232
2020-07-22,1.95,2.06,1.94,2.06,245817,1.5990227940954007,1.99625,2.5616956207275807,1.4308043792724188,-1,2.0607,1.7503624753633469,-0.5809772768488638,0.160673042442379,59.897966268510736
2020-07-23,2.04,2.13,2.0301,2.06,134335,1.624642338213493,2.04075,2.460372151464861,1.6211278485351386,-1,2.05735,1.7625051233883136,-0.5872129164459168,0.156332110839352,59.897966268510736
2020-07-24,2.03,2.1,2.02,2.06,74784,1.6497494914492228,2.08625,2.1821079678482875,1.990392032151712,-1,2.0543,1.7741715891377914,-0.6136841376253456,0.1508798172079697,59.897966268510736
2020-07-27,2.04,2.12,2.04,2.11,84207,1.6743545016202384,2.08925,2.184132822470669,1.9943671775293308,-1,2.05145,1.7873413307402308,0.243254408939736,0.1458169731216861,62.43814455544397
2020-07-28,2.09,2.18,2.09,2.15,174348,1.6984674115878335,2.088,2.1789065454188914,1.9970934545811088,-1,2.0489,1.8015632393386527,-0.1143322230241686,0.1418300464701371,64.38190678141976
2020-07-29,2.15,2.29,2.13,2.24,141398,1.722098063356077,2.096,2.208320968656797,1.9836790313432024,-1,2.04665,1.8187568377959609,0.0015596199570495,0.1431279002936988,68.35044778955702
2020-07-30,2.22,2.3,2.17,2.3,176185,1.7452561020889554,2.1085,2.249535456534877,1.9674645434651228,-1,2.04405,1.8376291186667075,0.131843812989999,0.1421901931298631,70.69467734869042
2020-07-31,2.3,2.3,2.14,2.21,312384,1.7679509800471762,2.1175,2.2603110639971584,1.9746889360028408,-1,2.0408500000000003,1.8522318983268369,0.2049994616276855,0.1434623221920157,63.140044013233336
2020-08-03,2.23,2.28,2.18,2.28,169218,1.7901919604462326,2.126,2.285298462013923,1.9667015379860768,-1,2.03795,1.869007118000294,0.2538789256013597,0.1403578706068717,66.16828799711037
2020-08-04,2.28,2.33,2.28,2.29,97219,1.811988121237308,2.136,2.309481987537612,1.962518012462387,-1,2.03505,1.885516642784596,0.204704601515352,0.1339037369920952,66.59055961799403
2020-08-05,2.3,2.32,2.26,2.32,140627,1.8333483588125616,2.147,2.33706314740107,1.9569368525989297,-1,2.0323,1.9025552058126511,0.2237394575962954,0.128624898635517,67.88557236808504
2020-08-06,2.29,2.31,2.17,2.22,219259,1.8542813916363103,2.1495,2.3420071427246345,1.9569928572753648,-1,2.02875,1.9150040212709785,0.1297136547692391,0.1301516915901229,59.593431598973446
2020-08-07,2.27,2.27,2.11,2.15,84085,1.874795763803584,2.1505,2.342799245968366,1.958200754031633,-1,2.02455,1.9242195498485872,0.2035947246278364,0.1322837136193998,54.56867198125614
2020-08-10,2.14,2.21,2.115,2.16,95573,1.8948998485275124,2.1535,2.3444214498164087,1.9625785501835908,-1,2.0207,1.933465842011388,0.2294500086890346,0.1296205912180141,55.15045571390822
2020-08-11,2.15,2.2799,2.14,2.17,228295,1.914601851556962,2.156,2.346410083766594,1.965589916233405,-1,2.01735,1.9427416913442743,0.15861814051179,0.1303548347024417,55.760554969804026
2020-08-12,2.18,2.19,2.1,2.12,76088,1.933909814525823,2.156,2.346410083766594,1.965589916233405,-1,2.0133500000000004,1.949692997566068,0.131980431882266,0.1274723465094101,51.9549469456134
2020-08-13,2.11,2.14,2.03,2.07,102945,1.9528316182353065,2.1535,2.347022608498328,1.9599773915016716,-1,2.0087,1.9544109192301435,0.1035566940505598,0.126224321758738,48.39775830822635
2020-08-14,2.06,2.07,1.9201,1.99,213825,2.88,2.148,2.353192592458885,1.942807407541114,-1,2.00315,1.9558065694564124,0.0857688157865528,0.1279154416331138,43.2906111307439
2020-08-17,1.99,2.03,1.93,2.0,86909,2.860802,2.1465000000000005,2.355523922075892,1.937476077924109,-1,1.9976000000000005,1.957539645164004,0.128786099202374,0.1259214815164629,44.08489720991929
2020-08-18,2.01,2.01,1.96,1.98,37104,2.84198796,2.1470000000000007,2.3543740581653982,1.9396259418346036,-1,1.9918500000000003,1.9584204433928667,0.1579928977422931,0.1204985185510012,42.79391954444191
2020-08-19,2.0,2.05,1.95,1.99,168133,2.8235502008,2.1435000000000004,2.358839267204072,1.9281607327959287,-1,1.9855500000000004,1.9596588573774605,0.0631481790825271,0.1190343386545011,43.68195670870588
2020-08-20,1.98,2.06,1.95,2.06,70025,2.805481196784,2.1435000000000004,2.3588392672040963,1.9281607327959045,-1,1.9794000000000005,1.963593804146972,0.1096525041230259,0.1183890287506082,49.5820253922606
2020-08-21,2.02,2.05,1.954,2.05,101131,2.78777357284832,2.1430000000000007,2.359157350094765,1.9268426499052365,-1,1.9739000000000009,1.9669822824157177,0.1450045984957623,0.1175040981255648,48.79556562576881
2020-08-24,2.02,2.05,1.98,2.02,64044,2.7704201013913536,2.1385000000000005,2.360875808036743,1.916124191963258,-1,1.9697000000000005,1.9690614085954932,0.1264884059467014,0.114110948259453,46.41689520490356
2020-08-25,2.01,2.1,1.99,2.1,73467,2.7534136993635268,2.136000000000001,2.358925996689471,1.9130740033105305,-1,1.9658500000000003,1.9741962553172387,0.1370648493080404,0.1138173090980635,52.99700131366141
2020-08-26,2.08,2.08,2.0064,2.07,55830,2.7367474253762563,2.1275000000000004,2.3468513163853646,1.908148683614636,-1,1.9619500000000003,1.9779532649126408,0.1368171840924806,0.1123732155910589,50.492903339736216
2020-08-27,2.05,2.07,2.02,2.05,23197,2.720414476868731,2.1150000000000007,2.321736547325305,1.9082634526746964,-1,1.9579500000000003,1.9807786270729295,0.0745633908795457,0.1079179859059833,48.83623482855436
2020-08-28,2.08,2.14,2.06,2.14,93728,2.704408187331357,2.1115000000000004,2.314011728055433,1.908988271944568,-1,1.9542000000000008,1.9870226024818345,0.1423052899627283,0.1066381297698416,55.85532463101181
2020-08-31,2.1,2.22,2.0702,2.19,76806,2.6887220235847296,2.1070000000000007,2.298007853241669,1.915992146758332,-1,1.9514500000000008,1.9949825004237236,0.0901185882117902,0.1097211205005672,59.20382197221628
2020-09-01,2.19,2.23,2.14,2.21,53748,2.673349583113035,2.1030000000000006,2.2814488722295345,1.924551127770467,-1,1.9491000000000005,2.0034145592306363,0.1347273142784111,0.108312469036241,60.49466103160579
2020-09-02,2.23,2.26,2.21,2.26,74559,2.6582845914507747,2.1000000000000005,2.2652876280911327,1.9347123719088684,-1,1.9472500000000008,2.0134767333784542,0.1061260348792994,0.1041472926765095,63.59584984667045
2020-09-03,2.21,2.25,2.18,2.25,64516,2.643520899621759,2.1015000000000006,2.2715911520332357,1.931408847966766,-1,1.9462000000000008,2.022752155598907,0.1839910384946607,0.1024224860567588,62.53846205385327
2020-09-04,2.26,2.28,2.16,2.22,213271,2.629052481629324,2.105000000000001,2.2816918221084124,1.9283081778915896,-1,1.9445500000000009,2.030487365183264,0.193251878382188,0.1036780227669903,59.350341903140766
2020-09-08,2.19,2.19,2.03,2.05,100210,2.6148734319967373,2.099500000000001,2.2758490856227804,1.9231509143772207,-1,1.9425000000000008,2.031252566548626,0.1573421110333491,0.1098438782836338,45.26759794358156
2020-09-09,2.05,2.06,2.0,2.01,37390,2.600977963356802,2.091500000000001,2.268844297906615,1.9141557020933864,-1,1.9405500000000009,2.030419132566327,0.2331679026864661,0.1062836012633743,42.70021934034048
2020-09-10,2.0,2.07,1.9501,2.0,85781,2.5873604040896665,2.085500000000001,2.266660150143448,1.9043398498565531,-1,1.9389000000000007,2.029226225406864,0.2474339844467805,0.1072562011731333,42.05801107519801
2020-09-11,1.95,1.97,1.91,1.93,64352,2.574015196007873,2.0785000000000005,2.271919233790228,1.8850807662097728,-1,1.937100000000001,2.025335000881104,0.2566343388135517,0.1060236153750523,37.77514363712174
2020-09-14,1.93,2.045,1.93,2.04,71280,2.5474545881675583,2.0810000000000004,2.271042100598779,1.890957899401222,-1,1.935800000000001,2.025910098885767,0.3284834263153293,0.1066647857054057,46.92214230232435
2020-09-15,2.05,2.05,1.96,1.99,39551,2.521956404640856,2.0805,2.271442399691646,1.8895576003083543,-1,1.934200000000001,2.024501859713776,0.3078275539359142,0.1054744438693053,43.77238612025731
2020-09-16,1.98,2.08,1.97,2.05,148496,2.497478148455221,2.0840000000000005,2.2699462287867056,1.8980537712132952,-1,1.932799999999999,2.025501786783824,0.3320187370632765,0.1057976978786406,48.260722463595215
2020-09-17,1.9801,2.09,1.9801,2.03,12633,2.4739790225170126,2.0860000000000003,2.2686909959467094,1.9033090040532912,-1,1.9319499999999992,2.025678187302105,0.3871983245823281,0.1060907194587377,46.91633863008404
2020-09-18,2.01,2.02,1.93,1.99,63142,2.451419861616332,2.0825000000000005,2.2696763873996857,1.8953236126003152,-1,1.9304999999999992,2.0242790427020227,0.3566719230572356,0.1056556680688279,44.260737830433726
2020-09-21,1.955,1.97,1.77,1.91,106184,2.429763067151679,2.0755000000000003,2.276942299430873,1.8740577005691277,1,1.9284999999999997,2.019797511615669,0.3169529248886763,0.1138231203496259,39.45109901651373
2020-09-22,1.88,1.8965,1.83,1.83,87983,2.3901772831225783,2.0660000000000003,2.293279563533543,1.8387204364664576,2,1.9258499999999992,2.0123544719444664,0.2492224718809919,0.1114071831817954,35.31801030790341
2020-09-23,1.83,1.83,1.7,1.73,63501,2.3529666461352234,2.0475000000000003,2.3170088124718715,1.7779911875281291,3,1.9218999999999988,2.0012817475544877,0.1807554945263968,0.1127352415259529,30.952755194222192
2020-09-24,1.72,1.7505,1.68,1.73,59483,2.3007293144444056,2.0305000000000004,2.333054127388799,1.7279458726112018,4,1.917649999999999,1.9906432476503897,0.1700859678611498,0.1097184385598134,30.952755194222192
2020-09-25,1.7,1.77,1.69,1.75,57048,2.2386563829999653,2.0155000000000003,2.3415352741652407,1.68946472583476,5,1.9134499999999988,1.9812062575464529,0.1816049725152193,0.1075956929483982,32.877102510776936
2020-09-28,1.78,1.8,1.75,1.78,57240,2.1827907446999686,1.9975000000000005,2.333647289145693,1.6613527108543078,6,1.908849999999999,1.973315816074043,0.1323889450759934,0.1034817148806554,35.76883966500651
2020-09-29,1.75,1.7656,1.67,1.68,95721,2.132511670229972,1.9720000000000009,2.322918794025052,1.621081205974949,7,1.9038499999999992,1.9618132350515316,0.0525462078045005,0.1039473066748943,30.97806413283156
2020-09-30,1.68,1.8082,1.6,1.61,879606,2.077010269802375,1.9420000000000008,2.30863878681885,1.5753612131811516,8,1.898899999999999,1.9480166375985304,-0.3120149904432789,0.1113939276266876,28.137116175734192
2020-10-01,1.61,1.75,1.6,1.7,299865,2.0102288320300428,1.9140000000000004,2.264394063876661,1.5636059361233392,9,1.8944499999999989,1.9382904949476076,-0.2753116672764005,0.1141515042247813,36.23415588959055
2020-10-02,1.66,1.75,1.64,1.75,44433,1.9527967955458367,1.8890000000000005,2.210054512505278,1.5679454874947227,10,1.8907499999999988,1.9309065539692696,-0.2852113198751521,0.1138549682087255,40.2612340027144
2020-10-05,1.75,1.85,1.75,1.8,58187,1.90340524416942,1.8680000000000003,2.1525768788921598,1.5834231211078411,11,1.8874999999999988,1.9257729636175336,-0.303398058473836,0.112865327622388,44.06546316318123
2020-10-06,1.95,2.17,1.9382,2.05,231801,1.6,1.868,2.152576878892177,1.5834231211078218,12,1.885549999999999,1.9306446121031209,-0.2617071908109805,0.1312320899350746,58.3478926763574
2020-10-07,2.09,2.14,2.0211,2.14,134815,1.6114000000000002,1.8745,2.177120224043291,1.5718797759567085,13,1.884049999999999,1.938854627314763,-0.192097499137596,0.1303512263682835,62.09978920497286
2020-10-08,2.18,2.23,2.05,2.08,128616,1.622572,1.8785,2.189644660889459,1.5673553391105404,14,1.881799999999999,1.9443897399690864,-0.2154468606575589,0.1338975673419776,58.3276984083912
2020-10-09,2.07,2.1688,2.05,2.14,76616,1.64686912,1.8889999999999996,2.219932017187854,1.5580679828121449,15,1.879649999999999,1.9520607305585336,-0.1920458842752442,0.1328191696746935,60.88631620216066
2020-10-12,2.16,2.16,2.06,2.08,22450,1.6701943552,1.8909999999999996,2.226016417508188,1.5559835824918111,16,1.8770999999999989,1.9570779568111405,-0.2250106798209689,0.1304749432693582,57.11011075726986
2020-10-13,2.09,2.19,2.05,2.12,123244,1.692586580992,1.8974999999999995,2.2447679081055707,1.5502320918944286,17,1.8742249999999987,1.9634670565440369,-0.213373187747748,0.1311553044644041,58.93848183249845
2020-10-14,2.11,2.1559,2.05,2.06,49695,1.71408311775232,1.8979999999999992,2.2461723711037718,1.5498276288962272,18,1.870574999999999,1.9672526621697608,-0.2619691968988139,0.1293513541455181,55.1412920961954
2020-10-15,2.06,2.09,2.02,2.05,211244,1.7347197930422271,1.899,2.248794225223941,1.549205774776058,19,1.8669249999999988,1.9704976558101623,-0.2538968498150611,0.1251119717065525,54.51094393690976
2020-10-16,2.04,2.1242,2.01,2.05,68486,1.754531001320538,1.9019999999999992,2.2558700326391365,1.5481299673608615,20,1.8629749999999987,1.973615394797999,-0.2679715200367736,0.1243325451560844,54.51094393690976
2020-10-19,2.09,2.15,2.03,2.05,89541,1.7735497612677165,1.908999999999999,2.268716555081953,1.549283444918045,21,1.8592249999999988,1.976610869511803,-0.3055220161525557,0.1240230776449356,54.51094393690976
2020-10-20,2.06,2.135,2.02,2.05,131494,1.7918077708170077,1.9199999999999988,2.2828222705403136,1.557177729459684,22,1.855624999999999,1.9794888746289871,-0.2922070704096244,0.1233785720988687,54.51094393690976
2020-10-21,2.04,2.12,1.99,2.06,184201,1.8093354599843277,1.9364999999999988,2.293222581286956,1.579777418713042,23,1.852774999999999,1.9826461736631444,-0.2643650246564998,0.1238515312346638,55.19979023909863
2020-10-22,2.0615,2.09,2.0,2.06,152423,1.8261620415849544,1.952999999999999,2.300396027611181,1.605603972388817,24,1.8499749999999997,1.9856796570489037,-0.2480614503613079,0.1214335647179021,55.19979023909863
2020-10-23,2.07,2.12,2.05,2.09,67771,1.842315559921556,1.9699999999999989,2.3091754708112453,1.6308245291887524,25,1.847474999999999,1.989770650890123,-0.2532690871203359,0.1177597386666234,57.4420539466098
2020-10-26,2.09,2.22,2.07,2.19,202456,1.857822937524694,1.9904999999999984,2.330821906435708,1.6501780935642891,26,1.8455749999999995,1.9976227822277648,-0.2081355354772167,0.1200626144761503,63.92378536020252
2020-10-27,2.2,2.2,2.03,2.06,82948,1.872710020023706,2.0094999999999987,2.319433863912977,1.6995661360870202,27,1.8431249999999997,2.000068947630598,-0.2021585042355269,0.1236295705849968,52.68913681823654
2020-10-28,2.02,2.15,1.9701,2.12,138641,1.8870016192227577,2.0349999999999997,2.287942681254124,1.7820573187458746,28,1.8408249999999995,2.0047721261548883,0.093055807790989,0.1276488869717827,56.48997129973507
2020-10-29,2.15,2.2,2.1,2.15,91652,1.900721554453848,2.0574999999999988,2.262816828341061,1.852183171658937,29,1.838624999999999,2.010467336893912,0.0578791898926329,0.1256739664737982,58.29411097224168
2020-10-30,2.16,2.35,2.0,2.34,322018,1.9138926922756936,2.086999999999999,2.276007936341387,1.8979920636586105,30,1.837124999999999,2.023390186427484,0.1525401217008937,0.1416972545828126,67.48869719079126
2020-11-02,2.34,2.38,2.22,2.34,132386,1.940059130739152,2.113999999999999,2.284692706346911,1.943307293653087,-1,1.835924999999999,2.035806257547975,0.1733063343943055,0.1430045935411831,67.48869719079124
2020-11-03,2.34,2.3744,2.27,2.29,82818,1.97525440028002,2.125999999999999,2.3102172630347986,1.9417827369651992,-1,1.8345249999999984,2.045774639604917,0.1664616863673835,0.1402471225739558,63.23397636582603
2020-11-04,2.3,2.3,2.0473,2.09,97303,2.0076340482576183,2.123499999999999,2.3082457712642706,1.938754228735728,-1,1.8321749999999988,2.047508967463548,0.0878827404564392,0.1482794709615304,49.728985407294445
2020-11-05,2.14,2.3,2.12,2.22,294837,2.037423324397009,2.130499999999999,2.318699362379434,1.9423006376205645,-1,1.8309749999999985,2.054273321680664,0.1275039588059232,0.1526880801785639,56.2670684915578
2020-11-06,2.22,2.288,2.12,2.12,50709,2.0473,2.1294999999999997,2.317699362379434,1.9413006376205644,-1,1.8293749999999984,2.0568508384775006,0.0940432514177022,0.1537817887372379,50.7945045523712
2020-11-09,2.2,2.32,2.15,2.19,154922,2.073916,2.134999999999999,2.323520555908445,1.9464794440915527,-1,1.828024999999999,2.0620723742234808,0.0643576923607101,0.1570830895417209,54.155778294597766
2020-11-10,2.1909,2.3,2.15,2.22,86388,2.09840272,2.1399999999999992,2.331937489824229,1.9480625101757687,1,1.826974999999999,2.068265614450011,0.0630994021691066,0.1565771545744551,55.55698336920718
2020-11-11,2.23,2.35,2.23,2.25,70416,2.1209305024000003,2.149499999999999,2.343456180618271,1.9555438193817267,2,1.826374999999999,2.07539245309903,0.0601717336075579,0.1546787863905654,56.97323516517963
2020-11-12,2.27,2.3399,2.23,2.24,28461,2.1416560622080003,2.159,2.351135368946009,1.9668646310539897,3,1.825624999999999,2.0818476510167154,0.067245027115598,0.1514803016483822,56.32887094238871
2020-11-13,2.28,2.35,2.23,2.35,74992,2.1607235772313604,2.173999999999999,2.376326468856713,1.971673531143285,4,1.826024999999999,2.0923634294082167,0.1047253865877836,0.1492317086734978,61.48860331225952
2020-11-16,2.4,2.45,2.34,2.37,127069,2.1782656910528515,2.189999999999999,2.40099763031851,1.979002369681488,5,1.8266999999999989,2.1032511380588748,0.1039503888036764,0.1464294437682479,62.35938925798586
2020-11-17,2.37,2.385,2.29,2.33,43550,2.2054391219475664,2.2039999999999997,2.413131537554773,1.994868462445225,6,1.827149999999999,2.11214325029186,0.1301591394582868,0.1427559120705159,59.463466054086
2020-11-18,2.31,2.35,2.28,2.3,100373,2.2298952097528097,2.2159999999999997,2.418128671890018,2.0138713281099805,7,1.8269999999999988,2.119510181652964,0.1108948741783051,0.1375590612083362,57.31370773074038
2020-11-19,2.28,2.36,2.14,2.23,348860,2.45,2.2244999999999995,2.413547613050303,2.035452386949696,8,1.8265499999999983,2.123843115705789,0.0585504639931948,0.143447699693455,52.5406536097028
2020-11-20,2.2,2.35,2.2,2.28,47015,2.4438,2.233999999999999,2.413933320983156,2.0540666790168425,9,1.8264999999999985,2.1299669150898755,0.0564820584896964,0.1439157211439226,55.397913084180416
2020-11-23,2.28,2.37,2.27,2.31,48469,2.437724,2.2399999999999998,2.421659021245911,2.058340978754088,10,1.8264999999999985,2.137027036066743,0.005954567353016,0.1407788839193567,57.06802187434358
2020-11-24,2.325,2.35,2.28,2.32,88137,2.43176952,2.2529999999999992,2.417693655008387,2.0883063449916115,11,1.8266499999999977,2.144202446417067,0.0332217146439859,0.1357232493536883,57.63744507190346
2020-11-25,2.3,2.36,2.29,2.31,227432,2.4259341295999994,2.2624999999999997,2.4170153714036937,2.107984628596305,12,1.8262999999999976,2.1507043112634565,-0.0433617133989416,0.1310287315427106,56.8257662027372
2020-11-27,2.29,2.37,2.29,2.35,47794,2.4202154470079997,2.272499999999999,2.4224166435057435,2.1225833564942547,13,1.825949999999998,2.158519828468811,-0.0344709715227956,0.1273838221468027,59.29505220949334
2020-11-30,2.33,2.38,2.2354,2.3,147060,2.4146111380678392,2.2704999999999997,2.4178058043663686,2.12319419563363,14,1.8256999999999977,2.164068070489642,-0.1759721498073131,0.1286135491363168,55.05620534003423
2020-12-01,2.34,2.35,2.25,2.32,114195,2.4091189153064825,2.269499999999999,2.415167429441268,2.12383257055873,15,1.8255499999999976,2.170183048117499,-0.1863703036906633,0.1265697241980084,56.39888239735647
2020-12-02,2.31,2.36,2.27,2.33,71703,2.403736537000353,2.2714999999999987,2.4193208375028257,2.123679162497172,16,1.8253999999999977,2.1764503795638714,-0.154244057276857,0.1239576010410078,57.0891596123059
2020-12-03,2.33,2.33,2.1775,2.27,205282,2.3984618062603458,2.280499999999999,2.402725201983987,2.158274798016011,17,1.8248249999999977,2.180118992129994,-0.101745815437536,0.125996343823793,51.791098393790094
2020-12-04,2.2601,2.33,2.2601,2.3,95119,2.393292570135139,2.284499999999998,2.4037434484574973,2.1652565515425,18,1.8244749999999972,2.184820208124896,-0.1199319172668059,0.1219894621220935,54.08549210655871
2020-12-07,2.2856,2.3,2.27,2.3,114982,2.388226718732436,2.2934999999999985,2.385863412669954,2.2011365873300432,19,1.8249249999999968,2.189337062708234,-0.0425980867540462,0.1154187862562296,54.08549210655871
2020-12-08,2.33,2.33,2.27,2.31,109672,2.3832621843577875,2.2994999999999983,2.3788662396743376,2.220133760325659,20,1.8257249999999967,2.194068942602029,0.0104965628834667,0.1114603015236418,54.91500069447952
2020-12-09,2.3,2.34,2.18,2.2,234973,2.378396940670632,2.2984999999999984,2.3822317144219616,2.2147682855780357,21,1.8262749999999968,2.194301533088224,-0.0628465286829777,0.1149274228433816,45.23412736196713
2020-12-10,2.21,2.34,2.21,2.32,28462,2.373629001857219,2.3019999999999987,2.3831418511006,2.220858148899397,22,1.8277999999999963,2.1992308847318225,-0.0350588058690795,0.1167183212117115,54.63050985996671
2020-12-11,2.3,2.3561,2.25,2.33,21595,2.3689564218200747,2.3064999999999984,2.383252850110212,2.2297471498897847,23,1.8268999999999969,2.2043590853305743,-0.0202502322034259,0.1159598696965893,55.31849944254651
2020-12-14,2.36,2.36,2.28,2.3,36179,2.364377293383673,2.3039999999999985,2.3781350119716462,2.2298649880283508,24,1.8258499999999969,2.208109709435257,-0.0618227550075947,0.1133913075754043,52.73491788500749
2020-12-15,2.315,2.315,2.25,2.29,37399,2.36,2.299999999999998,2.3678232998315907,2.2321767001684054,25,1.8259999999999963,2.211321093378973,-0.033760723266969,0.1099347856057326,51.86537159363895
2020-12-16,2.285,2.29,2.245,2.27,15085,2.36,2.2969999999999984,2.3645573830165207,2.229442616983476,26,1.8247249999999968,2.2136222269719545,-0.0302129722709393,0.1052965866338945,50.0865585537895
2020-12-17,2.28,2.32,2.25,2.29,62962,2.3556,2.296499999999998,2.3641091709758704,2.228890829024126,27,1.8247749999999965,2.216617433757368,-0.0060111653036078,0.1027754018743306,51.86444286228465
2020-12-18,2.29,2.31,2.15,2.15,104961,2.351288,2.292499999999998,2.3814662857493945,2.203533714250602,28,1.824974999999996,2.2140049853747263,-0.029147340480093,0.1068628731690213,40.88594850813495
2020-12-21,2.16,2.24,2.15,2.23,46829,2.34706224,2.2899999999999983,2.3829516003091853,2.1970483996908112,29,1.8263249999999964,2.2146322408502277,-0.0112368954920164,0.1056583822283769,47.698833752002976
2020-12-22,2.6,2.7,2.45,2.57,961251,2.14,2.302999999999998,2.456505700220032,2.149494299779964,30,1.828974999999997,2.2285682314051205,-0.0179127971138468,0.1316827834977786,65.76005247606422
2020-12-23,2.54,2.65,2.5,2.55,240679,2.15,2.3144999999999984,2.502060656855424,2.1269393431445733,1,1.8314749999999969,2.2411733988009983,-0.048725647044102,0.1329911561050801,64.35227077061447
2020-12-24,2.61,2.75,2.57,2.66,180163,2.161,2.3319999999999985,2.5724662138431063,2.091533786156891,2,1.8358999999999963,2.2575979713970376,-0.0156393362807097,0.1377775020975744,68.36375811413427
2020-12-28,2.68,2.71,2.56,2.62,156403,2.18456,2.3454999999999986,2.6168282145299893,2.074171785470008,3,1.8387999999999969,2.271809815655977,-0.0335555344284494,0.1386505376620334,65.47824803152339
2020-12-29,2.64,2.6486,2.4,2.54,159581,2.2071776,2.357499999999998,2.64068721722571,2.074312782774286,4,1.8439499999999969,2.2823270777871154,-0.0214658959360719,0.1465040706861739,60.02168093107439
2020-12-30,2.53,2.58,2.52,2.56,76303,2.228890496,2.369499999999998,2.665369903842958,2.0736300961570384,5,1.8478499999999969,2.2932162119915422,-0.0285807673201404,0.1403252084943043,60.898955421793225
2020-12-31,2.54,2.64,2.46,2.51,137064,2.24973487616,2.378499999999998,2.6799149963091518,2.077085003690845,6,1.8536999999999968,2.301717537011482,-0.0560028504398683,0.1431591221732826,57.50178754242047
2021-01-04,2.46,2.613,2.35,2.38,151662,2.2697454811136,2.383999999999998,2.681281011839037,2.086718988160959,7,1.8582499999999968,2.304787437520836,-0.1111344348695417,0.1517191848751909,49.733671284381366
2021-01-05,2.4,2.6498,2.3911,2.51,149339,2.288955661869056,2.394499999999998,2.693997913181446,2.09500208681855,8,1.8656999999999968,2.312834988990607,-0.1175831803283133,0.1601535288126773,56.11787458800454
2021-01-06,2.5,2.63,2.5,2.555,218438,2.307397435394294,2.407249999999998,2.711247944072063,2.1032520559279333,9,1.8725249999999969,2.3223316560890144,-0.1611827842432381,0.1579997053260575,58.10159680884061
2021-01-07,2.55,2.69,2.52,2.59,87435,2.3251015379785223,2.421249999999998,2.7317636872990407,2.110736312700955,10,1.8794249999999968,2.3328284538894453,-0.1790699744759347,0.1588568692313391,59.63018390397641
2021-01-08,2.56,2.65,2.53,2.59,133939,2.342097476459381,2.440749999999998,2.742084946529671,2.1394150534703256,11,1.8848749999999967,2.3429136125604475,-0.1264579145733958,0.1560813785719577,59.63018390397641
2021-01-11,2.61,2.61,2.49,2.52,67959,2.3584135774010058,2.4507499999999984,2.748647213817176,2.1528527861828213,12,1.8891249999999968,2.3498581767737634,-0.1424466304475399,0.1535041372453893,54.97776155904964
2021-01-12,2.53,2.575,2.49,2.51,145021,2.3740770343049657,2.4597499999999983,2.753356454288795,2.166143545711201,13,1.8948749999999968,2.356138248272832,-0.1645900245347028,0.1486109845850043,54.32567572675879
2021-01-13,2.53,2.59,2.47,2.5,101933,2.389113952932767,2.4697499999999986,2.754398467412062,2.185101532587935,14,1.9004749999999968,2.3617798855954657,-0.1714087564832415,0.1465673428289326,53.64051052621339
2021-01-14,2.51,2.64,2.5,2.55,280504,2.4035493948154563,2.4827499999999985,2.756930141512899,2.208569858487098,15,1.9059749999999969,2.3691610665525062,-0.1849541378541936,0.1460982469125802,56.58865072309693
2021-01-15,2.55,2.6,2.47,2.53,135537,2.417407419022838,2.4957499999999984,2.7524458316763987,2.239054168323598,16,1.9122749999999968,2.37546847570731,-0.1821258537321005,0.1449483721331102,55.07979918321836
2021-01-19,2.57,2.75,2.49,2.69,202707,2.4307111222619247,2.515749999999998,2.7674894486369745,2.2640105513630213,17,1.9201249999999963,2.3878030452874155,-0.148520625854978,0.1531663455521737,63.47108658284671
2021-01-20,2.72,2.7495,2.57,2.6,154557,2.443482677371448,2.538249999999998,2.728020255835962,2.3484797441640337,18,1.9277249999999964,2.3961244944918305,-0.1460300584424619,0.1550473208698756,57.01881946909447
2021-01-21,2.59,2.67,2.56,2.63,68938,2.45574337027659,2.558249999999998,2.6889892442996843,2.4275107557003115,19,1.9353749999999963,2.405296082943132,-0.149808253210574,0.1518296550934559,58.532074556614354
2021-01-22,2.63,2.71,2.56,2.64,169757,2.4675136354655263,2.5617499999999978,2.6972223218965943,2.426277678103401,20,1.9427249999999965,2.414500158121832,-0.1726071289369649,0.1516989654439234,59.04962785938344
2021-01-25,2.72,2.75,2.61,2.7,259960,2.478813090046905,2.5692499999999976,2.717313331044706,2.421186668955289,21,1.9505749999999964,2.425696230352348,-0.1206419448527248,0.1508633250550717,62.1056283476358
2021-01-26,2.77,2.9,2.68,2.8,415016,2.489660566445029,2.5762499999999977,2.7515461779390926,2.400953822060903,22,1.9586749999999964,2.440374809554217,-0.100452219946917,0.1558016589797094,66.58184836258928
2021-01-27,2.79,2.85,2.6,2.82,571785,2.5142809324583277,2.586249999999997,2.7907707813403237,2.381729218659672,23,1.9670749999999964,2.45526207192464,0.037194475934092,0.1625301119097302,67.41097852450532
2021-01-28,2.82,2.85,2.71,2.765,155483,2.537424076510828,2.597499999999997,2.814951143938252,2.3800488560617428,24,1.9750999999999963,2.46740865733936,0.0227180347765158,0.1609208182018923,62.79679222128361
2021-01-29,2.75,2.77,2.68,2.75,134186,2.5591786319201777,2.606999999999997,2.833481787347359,2.3805182126526363,25,1.983549999999996,2.478490670777032,0.0354942030952661,0.1558550454731857,61.55921915328151
2021-02-01,2.77,2.84,2.7101,2.83,150256,2.579627914004967,2.622999999999998,2.8645243258970976,2.3814756741028984,26,1.992449999999996,2.4922753503544035,0.0854543541521633,0.1540011136536724,65.46797745844111
2021-02-02,2.85,2.9,2.795,2.87,216716,2.598850239164669,2.6474999999999977,2.884828885726221,2.4101711142737745,27,2.0009999999999963,2.5070880817130545,0.1389648297897999,0.1505010341069816,67.26053412566228
2021-02-03,2.88,2.9,2.82,2.86,185731,2.616919224814789,2.664999999999998,2.9106623699308707,2.419337630069125,28,2.0093499999999964,2.520927764783131,0.1407822396642454,0.1454652459564829,66.33347313500451
2021-02-04,2.85,3.0996,2.84,3.04,295425,2.633904071325901,2.6892499999999977,2.978564275486109,2.399935724513886,29,2.018649999999996,2.541283538713204,0.1871971764428939,0.1536177283881627,73.43194603186332
2021-02-05,3.06,3.24,3.01,3.24,331015,2.6711597456198293,2.721749999999998,3.0934659533838267,2.350034046616169,30,2.029049999999996,2.568684184253863,0.2592318035807913,0.1590736049318654,78.78450987562871
2021-02-08,3.32,3.355,3.145,3.25,131691,2.7280437710578465,2.7547499999999983,3.18620654474123,2.3232934552587663,-1,2.0396999999999963,2.595402451538025,0.2593714126808485,0.1627112045795893,79.01218937921121
2021-02-09,3.25,3.29,3.11,3.2,147350,2.803278518530905,2.788749999999998,3.2471807472236627,2.330319252776333,-1,2.0501499999999964,2.6191121593208475,0.2625188277864387,0.1639461185381901,74.69578945893159
2021-02-10,3.07,3.16,3.02,3.13,171279,2.8694850963071965,2.819749999999998,3.2824213196212257,2.3570786803787707,-1,2.0601749999999965,2.6391469766023827,0.3017158228126643,0.1650928243568908,69.01167436235227
2021-02-11,3.13,3.15,3.05,3.06,85664,2.927746884750333,2.8477499999999982,3.2972216342552003,2.398278365744796,-1,2.0701749999999963,2.6556510167356224,0.2987473893476818,0.1604433369028272,63.78450452300395
2021-02-12,3.08,3.08,2.95,3.07,178566,3.355,2.8737499999999985,3.311321422741522,2.4361785772584748,-1,2.078024999999996,2.67189999647148,0.3616296520121957,0.1582688128383395,64.2016558496461
2021-02-16,3.09,3.25,2.93,3.23,496816,3.3469,2.908749999999998,3.3427070831315566,2.47479291686844,-1,2.087024999999997,2.6937862711196576,0.4311626647017611,0.1698210404927438,70.13006468571137
2021-02-17,3.25,3.25,3.0,3.07,149525,3.330224,2.9277499999999983,3.354955746684242,2.5005442533157547,-1,2.0959249999999967,2.7085397506835927,0.3971536068012694,0.1755481090289764,59.515753274977214
2021-02-18,3.06,3.15,3.0,3.15,104910,3.31421504,2.9552499999999986,3.3649752127951578,2.5455247872048394,-1,2.1054249999999968,2.725851917323452,0.448628363904173,0.1737232440983353,62.566477622720775
2021-02-19,3.18,3.21,3.02,3.08,150091,3.2988464384,2.9777499999999986,3.362203833379293,2.593296166620704,-1,2.1148249999999966,2.739740077428414,0.4240782540553999,0.1748858695198827,58.41828919198016
2021-02-22,3.1,3.18,3.0401,3.11,44744,3.284092580864,3.0012499999999984,3.356607214644709,2.6458927853552874,1,2.124374999999997,2.7542600743920063,0.4335993209413746,0.1723868788398911,59.65291908396566
2021-02-23,3.05,3.17,3.01,3.15,101011,3.26992887762944,3.0237499999999984,3.3562086440447128,2.691291355955284,2,2.133974999999997,2.7697792871609472,0.4502936065083124,0.1715021017798989,61.30274460596978
2021-02-24,3.15,3.37,3.14,3.33,121204,2.93,3.050249999999998,3.391519321797395,2.7089806782026007,3,2.144199999999997,2.791748726880126,0.4945452506741624,0.1756805230813347,67.7028520938792
2021-02-25,3.31,3.53,3.17,3.23,154013,2.9388,3.0707499999999976,3.4033800497550786,2.7381199502449167,4,2.154299999999997,2.8089350513162,0.4002339752258077,0.1888462000040965,61.60680940176871
2021-02-26,3.18,3.28,3.1,3.16,91143,2.962448,3.090499999999998,3.393780398311624,2.7872196016883715,5,2.1640749999999973,2.8227023042057606,0.4085702259378318,0.1882143285752324,57.69091319313284
2021-03-01,3.17,3.3235,3.09,3.25,251523,2.9851500800000004,3.1154999999999977,3.3826684861656835,2.848331513834312,6,2.174624999999997,2.8394590765898484,0.4003335692352864,0.1914490193912872,61.11332610531197
2021-03-02,3.3,3.3,3.11,3.25,188562,3.0069440768000004,3.1364999999999976,3.3751021793699056,2.8978978206300896,7,2.185074999999997,2.8555587206451483,0.3855605520890674,0.1913455180061953,61.11332610531196
2021-03-03,3.36,3.49,3.23,3.32,219048,3.0278663137280004,3.1589999999999976,3.376798071616979,2.941201928383016,8,2.195574999999997,2.87377210414926,0.3407806490639764,0.1962494095771814,63.75779387022033
2021-03-04,3.32,3.335,2.79,3.07,330950,3.53,3.169499999999997,3.3447113010056024,2.9942886989943927,9,2.203624999999997,2.88146731575125,0.3299971570155507,0.2211601660359541,50.53902544276233
2021-03-05,3.08,3.1036,2.87,3.06,171460,3.5152,3.170499999999997,3.3429499927517647,2.99805000724823,10,2.211674999999997,2.888468597486495,0.3268454073006399,0.2220487256048145,50.09165450864244
2021-03-08,3.05,3.06,2.82,2.89,96731,3.500696,3.1529999999999974,3.361048071368318,2.944951928631676,11,2.2184749999999966,2.8885286524870244,0.2398045108335983,0.2233309594901849,43.10592902068393
2021-03-09,3.1,3.18,3.02,3.18,125548,3.48648208,3.149499999999997,3.3532130334565555,2.9457869665434395,12,2.226724999999997,2.899958901409102,0.2773831893106459,0.2280930338123146,54.70940112033939
2021-03-10,3.3,3.4,3.185,3.25,56475,3.4725524384,3.151999999999997,3.3593258305182307,2.944674169481764,13,2.235474999999997,2.9136860033146275,0.2782587263981969,0.2275149599685778,56.98963206616652
2021-03-11,3.3,3.4,3.2,3.33,121194,3.458901389632,3.1619999999999973,3.382961535114328,2.9410384648856667,14,2.244974999999997,2.930012042400328,0.2635701461552897,0.2255496056851079,59.49926555556472
2021-03-12,3.33,3.42,3.305,3.42,79744,3.4455233618393595,3.179999999999997,3.422404620418183,2.9375953795818117,15,2.254924999999997,2.949227256423845,0.3099121130707783,0.2176532052790287,62.17333339506251
2021-03-15,3.4,3.93,3.4,3.89,309138,2.79,3.2209999999999974,3.6088607997723865,2.8331392002276083,16,2.267574999999997,2.986120305191537,0.3309938883855755,0.239963690616241,72.41589270339516
2021-03-16,4.0,4.087,3.61,3.84,263814,2.8128,3.2514999999999974,3.724079093909239,2.778920906090756,17,2.280199999999997,3.01960578341932,0.2137744377741037,0.2568948555722238,70.2370128738646
2021-03-17,3.84,4.02,3.62,3.87,274299,2.8637680000000003,3.291499999999997,3.827084727190835,2.755915272809159,18,2.2930499999999974,3.052954576226405,0.2468534991277872,0.2671166516027792,70.80462207244871
2021-03-18,3.87,3.87,3.66,3.78,246587,2.91269728,3.3229999999999977,3.894492782106708,2.751507217893288,19,2.305249999999997,3.081466161472429,0.2160474484883743,0.2630368907740092,66.69526527485644
2021-03-19,3.73,3.945,3.49,3.61,674516,2.9596693888,3.349499999999997,3.9226134268188897,2.776386573181104,20,2.315849999999997,3.102192978669588,0.1199842729854983,0.2767485414330086,59.65266284731866
2021-03-22,3.66,3.66,3.37,3.37,164604,3.004762613248,3.362499999999997,3.9249899999111824,2.800010000088812,21,2.325399999999997,3.1126952148001923,0.075706035126305,0.2776950741877936,51.40075008294988
2021-03-23,3.36,3.5,3.21,3.25,100542,3.04805210871808,3.367499999999997,3.924092310403288,2.810907689596708,22,2.3334749999999973,3.118079716180577,0.0389513882467849,0.2785739974600941,47.83748738412476
2021-03-24,3.38,3.46,3.21,3.22,503488,3.0896100243693567,3.361999999999997,3.922128556672551,2.801871443327444,23,2.3414749999999973,3.1220765900558485,-0.0870033489487063,0.2765329976415159,46.961010413349584
2021-03-25,3.16,3.42,3.16,3.35,123406,3.1295056233945826,3.3679999999999977,3.92490573708669,2.811094262913305,24,2.349374999999997,3.131014762994835,-0.051269867398406,0.2753520692385505,51.138768943798446
2021-03-26,3.41,3.41,3.21,3.32,73510,3.16,3.3759999999999977,3.925268604600769,2.826731395399227,25,2.357974999999997,3.1384259487597435,-0.0428523157667519,0.269969778578654,50.156926960419206
2021-03-29,3.3,3.3,3.11,3.15,82036,4.087,3.3709999999999973,3.926550177751823,2.815449822248172,26,2.366524999999997,3.1388798331221066,-0.0780273733604798,0.265686222965893,44.89655236219123
2021-03-30,3.12,3.26,3.07,3.2,39566,4.06746,3.3684999999999974,3.926649621517461,2.810350378482534,27,2.375474999999997,3.141276702411436,-0.0993177320347327,0.2602800641826149,46.66820162067647
2021-03-31,3.136,3.2252,3.12,3.12,58845,4.027561599999999,3.358499999999997,3.9268405669139614,2.790159433086033,28,2.3841749999999973,3.140442321924713,-0.101205760456935,0.2492029167409996,44.21852962249498
2021-04-01,3.16,3.5,3.16,3.44,104146,3.989259136,3.3769999999999976,3.930465446075976,2.823534553924019,29,2.3942249999999974,3.152189681849234,-0.0915792263267527,0.2585455655452139,54.50555707062714
2021-04-05,3.46,3.6,3.385,3.5,141106,3.95248877056,3.3989999999999974,3.935018656391808,2.8629813436081863,30,2.4049249999999973,3.165829302168872,-0.1191645930187,0.2554351680062701,56.13885662966708
2021-04-06,3.48,3.65,3.44,3.58,74939,3.9171892197376,3.4334999999999973,3.920625240569693,2.9463747594303014,1,2.416374999999997,3.182071290319112,-0.1018356743726238,0.252189798862965,58.28906636672452
2021-04-07,3.64,3.7,3.6,3.65,62933,3.883301650948096,3.456999999999997,3.93825253246096,2.9757474675390347,2,2.428274999999997,3.2004214357967937,-0.1389463908708207,0.2427476703727532,60.130817487473216
2021-04-08,3.64,3.73,3.485,3.7,91932,3.850769584910172,3.479499999999997,3.962013212254423,2.996986787745572,3,2.440624999999997,3.2200127520400565,-0.1120208478996498,0.2429085510604137,61.440508880104815
2021-04-09,3.69,3.69,3.51,3.68,44436,3.819538801513765,3.4969999999999977,3.981937109324566,3.012062890675429,4,2.452874999999997,3.238051467646329,-0.1135742545966846,0.2391293688418128,60.58321712123925
2021-04-12,3.73,3.8,3.59,3.75,75619,3.07,3.513499999999998,4.009172270759685,3.0178277292403104,5,2.465774999999997,3.258127880679806,-0.1251437035376502,0.2370486996388262,62.55267791035254
2021-04-13,3.71,3.74,3.55,3.55,50968,3.0846,3.496499999999997,3.9617429472867647,3.0312570527132303,6,2.477774999999997,3.269573846143343,-0.2314866620660364,0.2344023639503386,54.21737662306886
2021-04-14,3.56,3.75,3.56,3.71,145713,3.098908,3.489999999999997,3.939221548904399,3.040778451095596,7,2.486074999999997,3.2868454600200745,-0.2102867008384239,0.2319450522396001,58.932064407763264
2021-04-15,3.7,3.8,3.57,3.8,111883,3.11292984,3.4864999999999973,3.9247818727714856,3.048218127228509,8,2.494199999999997,3.3069691674702675,-0.2072052405472117,0.2318061199367715,61.34353312185855
2021-04-16,3.8,3.8,3.56,3.76,104686,3.1266712432,3.4854999999999974,3.921182223644798,3.049817776355197,9,2.502599999999997,3.324735082471433,-0.2053807260788886,0.232391397084145,59.666613245918334
2021-04-19,3.81,3.89,3.55,3.57,111921,3.140137818336,3.483499999999998,3.9172407059523615,3.0497592940476337,10,2.510199999999997,3.334353314531377,-0.1593019566327713,0.2400777258638489,52.34662319686821
2021-04-20,3.56,3.66,3.28,3.31,121293,3.17013230560256,3.480499999999998,3.918151687989495,3.042848312010501,11,2.5165999999999973,3.3333982825889703,-0.1343069952693744,0.2500721740164311,44.33172259711607
2021-04-21,3.27,3.71,3.27,3.64,79171,3.1989270133784573,3.499999999999998,3.929511350257549,3.0704886497424466,12,2.524249999999997,3.3454218793501878,-0.078022294509474,0.2636384473009718,53.96589564090497
2021-04-22,3.64,4.13,3.54,3.9,178405,3.226569932843319,3.533999999999998,3.976917599560072,3.091082400439924,13,2.533299999999997,3.367170040944297,0.1762549529318784,0.2869499867794737,59.86012187276253
2021-04-23,4.1217,4.14,3.89,4.03,280542,3.27,3.567999999999998,4.051718926650655,3.084281073349341,14,2.542949999999997,3.3931633726719723,0.1511830016774744,0.2843107020095113,62.44906519926014
2021-04-26,4.15,4.25,4.05,4.11,115384,3.3396,3.607499999999997,4.131136324179369,3.0838636758206253,15,2.552649999999997,3.421274612959346,0.1223540230618371,0.2797170804374033,63.98835629356647
2021-04-27,4.15,4.5,4.12,4.2,663930,3.43064,3.659999999999998,4.199925920844758,3.1200740791552377,16,2.562999999999997,3.4518128634315284,-0.0312097263729692,0.2875944318347316,65.69220121433085
2021-04-28,4.2,4.9399,4.2,4.46,443426,3.5589632,3.7229999999999976,4.32410232074088,3.1218976792591158,17,2.574799999999997,3.491349613885194,-0.0749038388582024,0.319901972417965,70.09427198599172
2021-04-29,4.46,4.55,4.26,4.42,229351,3.752294352,3.7879999999999976,4.395341748935538,3.180658251064458,18,2.586299999999997,3.5277672760857746,-0.045402325308535,0.3177661172452532,68.63518132350146
2021-04-30,4.37,4.55,4.32,4.46,176182,3.91855914272,3.8389999999999977,4.490579619079724,3.187420380920272,19,2.597999999999997,3.5643254221216267,-0.0532167799539938,0.3114971088705922,69.32288128357223
2021-05-03,4.54,4.54,4.25,4.44,137829,4.0615468627392,3.885999999999998,4.567891486968462,3.204108513031533,20,2.6095999999999977,3.598665601646269,-0.0432924974337214,0.3099616010941213,68.5139899815447
2021-05-04,4.36,4.55,4.29,4.52,222706,4.184516301955712,3.9329999999999976,4.652585992081608,3.2134140079183866,21,2.621699999999997,3.634796362366023,0.0009987186964783,0.3063929153016841,70.02086532992986
2021-05-05,4.54,5.0,4.46,4.92,1002719,4.25,3.9964999999999975,4.821418783881232,3.171581216118762,22,2.636149999999997,3.685196505018336,0.1615873868170448,0.3230791356372781,76.16352459020874
2021-05-06,4.88,4.94,4.74,4.94,182762,4.29,4.058499999999998,4.96710937701527,3.149890622984725,23,2.6509999999999976,3.734404485213696,0.183616546673466,0.3142877688060439,76.42364159520336
2021-05-07,4.92,4.96,4.82,4.9,177130,4.4036,4.119499999999998,5.080571797526117,3.1584282024738783,24,2.6651999999999973,3.780114113244531,0.1752552343804607,0.301838642462755,74.66863166559004
2021-05-10,4.95,4.95,4.78,4.81,119329,4.499024,4.172499999999998,5.162689375826705,3.1823106241732906,25,2.6789499999999977,3.820501795078079,0.1485152952077996,0.2924215965725582,70.73277092999663
2021-05-11,4.74,4.99,4.6701,4.97,137525,4.57918016,4.243499999999998,5.248493034801764,3.238506965198233,26,2.6934999999999976,3.865580156055409,0.1819285677811631,0.2943843396745184,73.41558623230257
2021-05-12,4.9,4.99,4.8,4.86,241011,4.6465113344,4.3009999999999975,5.30890674171774,3.2930932582822545,27,2.707249999999997,3.904577012680688,0.1425479956378742,0.2869283154120528,68.74966764326682
2021-05-13,4.89,5.1199,4.72,4.93,505402,4.6701,4.357499999999997,5.373391234335688,3.341608765664307,28,2.721149999999997,3.944789678850072,0.1152905665241027,0.294997721454049,70.05396971355864
2021-05-14,5.0,5.35,4.88,5.33,418685,4.72,4.435999999999998,5.496724280857226,3.3752757191427705,29,2.736599999999997,3.9991116522285006,0.1652590580335461,0.3074978842073313,76.17363835349605
2021-05-17,5.39,5.39,5.12,5.2,144040,4.72,4.517499999999998,5.5496409787427545,3.485359021257242,30,2.751099999999997,4.046205312925422,0.1714925194711659,0.3048194639068076,71.08901061922606
2021-05-18,5.25,5.43,5.2,5.39,398315,4.854,4.621499999999998,5.561016364945317,3.68198363505468,-1,2.7669999999999977,4.098903143791092,0.2252016591628252,0.2994752164848928,73.83769800155068
2021-05-19,5.34,5.41,5.2,5.32,265428,4.9692,4.705499999999998,5.576923547994933,3.834076452005063,-1,2.7821999999999973,4.146789295014971,0.2155979576702291,0.2930841295931147,71.15365939918108
2021-05-20,5.36,5.5,5.2601,5.46,531769,5.06136,4.783499999999998,5.631515919661933,3.935484080338064,1,2.7980499999999973,4.198287754033991,0.2529712202264868,0.2892852631936065,73.24815309988992
2021-05-21,5.5,5.5,5.16,5.22,350371,5.149088,4.842999999999998,5.636425484844085,4.049574515155912,2,2.8125499999999977,4.23835490093462,0.2099528437769519,0.2929077443940632,64.59006602324615
2021-05-24,5.21,5.32,5.06,5.11,211458,5.5,4.892999999999998,5.618481908802752,4.167518091197244,3,2.8269999999999977,4.272537061682281,0.1940754895085183,0.2905571912230587,61.02940575395386
2021-05-25,5.11,5.1313,4.66,4.67,202938,5.5,4.916499999999997,5.578323994729791,4.254676005270204,4,2.8395999999999977,4.288123843577094,0.2399109076539256,0.3034673918499831,49.31787113866715
2021-05-26,4.71,4.78,4.68,4.69,60589,5.4664,4.927999999999998,5.565231512089656,4.2907684879103405,5,2.852249999999997,4.30388369284858,0.2705576778288195,0.2896482924321272,49.78953318060093
2021-05-27,4.73,4.8,4.5,4.51,142472,5.434144,4.932499999999997,5.556451119880482,4.308548880119513,6,2.8639499999999973,4.311966685285891,0.2468941323860643,0.2903877001155467,45.67011939663575
2021-05-28,4.56,4.74,4.51,4.66,93773,5.37809536,4.942499999999997,5.541762046186903,4.343237953813092,7,2.876649999999997,4.325615050568797,0.2488027139610501,0.2860742929644362,49.42532645757085
2021-06-01,4.66,4.69,4.44,4.66,194789,5.3254096384,4.953499999999997,5.522789908570423,4.384210091429572,8,2.889599999999997,4.338728185840609,0.2650600564333216,0.2834975577526908,49.42532645757085
2021-06-02,4.7,5.0,4.61,4.94,302657,5.254576867328,4.974499999999998,5.50814688699559,4.440853113004406,9,2.9043499999999978,4.362307472670389,0.2680562133203788,0.29110487505607,56.00803515596282
2021-06-03,4.87,4.925,4.68,4.79,219910,5.18941071794176,4.967999999999998,5.507281002817705,4.428718997182291,10,2.9182999999999977,4.3790797286441,0.1623046371177403,0.2888830982663508,52.09607465476704
2021-06-04,4.87,5.0,4.8,5.0,259091,5.129457860506419,4.970999999999998,5.5102921286279525,4.431707871372044,11,2.9333999999999976,4.403429543207076,0.1751526449577912,0.2832485912473257,56.66006862727637
2021-06-07,5.09,5.25,4.995,5.15,640713,4.44,4.983499999999998,5.527201204707254,4.439798795292742,12,2.949199999999997,4.432706816022485,0.1809778989993218,0.2812308347296596,59.619462076097896
2021-06-08,5.15,5.3,5.09,5.28,428594,4.456200000000001,5.006999999999998,5.559235457029061,4.454764542970935,13,2.9652999999999974,4.465933999707877,0.2450178814044864,0.2761429179632553,62.03877205967182
2021-06-09,5.31,5.4254,5.18,5.25,256254,4.489952000000001,5.020999999999998,5.5828861094564255,4.459113890543571,14,2.981299999999998,4.496681685993843,0.2008000728086928,0.2739469952515942,61.12859390131916
2021-06-10,5.25,5.37,5.21,5.32,211241,4.5460788800000005,5.043999999999998,5.615223248826671,4.472776751173325,15,2.9977999999999976,4.528968678699966,0.2306000295240868,0.2658079241621947,62.51067125040417
2021-06-11,5.4,5.65,5.35,5.58,281034,4.5988381472,5.076499999999998,5.690447066122243,4.4625529338777525,16,3.015199999999997,4.570185593260752,0.2619889622214691,0.2703930724363236,67.17855270140385
2021-06-14,5.67,5.76,5.54,5.62,313228,4.682931095424,5.0909999999999975,5.740858446125081,4.441141553874914,17,3.032949999999998,4.611354785681899,0.1819605774379023,0.2667935672623005,67.84194923309917
2021-06-15,5.58,5.65,5.15,5.25,359579,4.790637985881601,5.093499999999998,5.745397998156227,4.441602001843769,18,3.0489499999999974,4.636399696047314,0.1476703822897873,0.2834511696007076,56.47163980199769
2021-06-16,5.19,5.31,5.1,5.22,230792,4.88757418729344,5.084999999999998,5.725546641549291,4.444453358450706,19,3.064349999999998,4.659285982476831,0.1113065497481806,0.2782046574863714,55.65712505919348
2021-06-17,5.2,5.3,4.82,5.05,287469,5.76,5.071499999999999,5.702983174756118,4.440016825243879,20,3.078649999999998,4.674608100811073,0.1019227737218682,0.2926186105230591,51.15450990297048
2021-06-18,4.99,5.22,4.92,5.12,396221,5.7412,5.054499999999998,5.661046783026732,4.447953216973264,21,3.0931999999999977,4.692074449798874,0.0636087821813651,0.2931458526285549,52.84610129991598
2021-06-21,5.13,5.22,4.95,4.97,336661,5.722776,5.041999999999998,5.644680678303266,4.43931932169673,22,3.1067499999999977,4.702973490983232,0.0527048359101102,0.2914925774408009,48.93525494723374
2021-06-22,5.0,5.03,4.74,4.74,604176,5.70472048,5.023499999999998,5.63926862537815,4.407731374621846,23,3.119199999999997,4.704425510944674,-0.0322712474079706,0.2913859647664579,43.606450331035695
2021-06-23,4.8,5.255,4.66,5.15,488610,5.6661316608,5.047499999999998,5.643381699668743,4.451618300331252,24,3.1338499999999976,4.721899020319392,0.0528166818466496,0.3130726815688538,53.3571118352458
2021-06-24,5.15,5.62,5.15,5.58,532447,4.66,5.091999999999998,5.707064224288892,4.476935775711104,25,3.1514999999999973,4.755550039130396,0.1235442486868129,0.3242817757425071,60.97767507134016
2021-06-25,5.57,5.7,5.07,5.41,6277131,4.66,5.136999999999999,5.705052814446038,4.568947185553959,26,3.168499999999997,4.781214743478224,0.1135757665333023,0.3461187917608995,57.01186395227769
2021-06-28,5.35,5.83,5.35,5.62,691572,4.7016,5.184999999999998,5.7459099749515214,4.624090025048474,27,3.186599999999997,4.814108282949666,0.1128254313810448,0.3556817352065495,60.43502344056211
2021-06-29,5.55,5.69,5.55,5.64,421680,4.769304,5.233999999999998,5.773718445117545,4.694281554882451,28,3.205149999999997,4.846496193422229,0.1088991089516088,0.3402758969775103,60.75554130952744
2021-06-30,5.59,5.96,5.5,5.85,485257,4.83294576,5.279499999999999,5.863981821787525,4.6950181782124725,29,3.224199999999998,4.885849283876259,0.1106307375367842,0.3488276186219738,64.04881987311325
2021-07-01,5.88,6.37,5.8,5.99,760499,4.9231100992000005,5.339499999999999,5.956151441253526,4.722848558746472,30,3.244199999999998,4.929149311959542,0.0902366446750923,0.3646256458632614,66.091729644371
2021-07-02,5.91,6.13,5.81,6.03,218198,5.06779908928,5.390999999999999,6.055797713594167,4.726202286405831,1,3.264099999999998,4.972319927176815,0.0780312893707669,0.3614380997301713,66.67441018987947
2021-07-06,6.1,6.15,5.89,5.97,198395,5.198019180352,5.431999999999999,6.132474125146731,4.731525874853266,2,3.2837999999999976,5.011444635914979,0.0649691201990966,0.3541925211780162,64.87359643904149
2021-07-07,5.89,6.0051,5.77,5.81,190394,5.3152172623168,5.458499999999999,6.173909672844912,4.743090327155086,3,3.302899999999998,5.042760532545764,0.0312128642292155,0.3456859125224437,60.20390990317196
2021-07-08,5.67,5.78,5.16,5.19,233750,6.37,5.455499999999999,6.174874033448554,4.736125966551444,4,3.319299999999998,5.048534629308676,0.023788517856314,0.3674226330565548,46.2970405611467
2021-07-09,5.21,5.4083,5.15,5.25,197982,6.3458000000000006,5.451999999999999,6.174650676329891,4.729349323670107,5,3.3363999999999976,5.056435232080884,0.0146374545860725,0.3596281592668008,47.55949520750839
2021-07-12,5.29,5.29,4.95,5.2,188017,6.297968000000001,5.432999999999999,6.1611510832238405,4.704848916776157,6,3.3537499999999976,5.0620652229796725,0.010160536901145,0.3582261478906008,46.57686246085635
2021-07-13,5.19,5.26,5.025,5.11,149965,6.217089920000001,5.4075,6.143349848814294,4.671650151185705,7,3.3706499999999977,5.06394501815694,0.0136027350079801,0.3494242801841293,44.78325722462593
2021-07-14,5.06,5.25,4.98,5.23,219266,6.141064524800001,5.406499999999999,6.143257083440687,4.669742916559311,8,3.388049999999998,5.070456978229217,0.044455902346908,0.3437511173138343,47.67644926214412
2021-07-15,5.21,5.34,5.18,5.32,281325,6.069600653312001,5.411499999999999,6.14447407866856,4.678525921331438,9,3.4057499999999976,5.080242979082973,0.0578138150913208,0.3306260375057033,49.80090793001416
2021-07-16,5.33,5.5577,5.33,5.44,301230,6.0024246141132815,5.430999999999999,6.144971988246073,4.717028011753925,10,3.4245499999999978,5.094351097550308,0.0578894086754977,0.323988463398153,52.56632880517615
2021-07-19,5.38,5.4219,4.81,4.86,223448,5.939279137266484,5.418,6.162945635600338,4.673054364399662,11,3.4407999999999976,5.085160858430688,0.0341199632447804,0.345846430298285,40.852152631044135
2021-07-20,4.9,5.65,4.9,5.59,415669,5.848936806285166,5.449,6.167940887695243,4.730059112304756,12,3.4602499999999976,5.104958471825563,0.0825373478803811,0.3775716852769789,54.57340710519178
2021-07-21,5.64,6.14,5.64,5.74,328019,4.81,5.4990000000000006,6.1495966492382,4.848403350761801,13,3.4801999999999977,5.1298620611657375,0.1161359397551774,0.3898879934714804,56.791487451123466
2021-07-22,5.76,5.76,5.47,5.48,175303,4.8366,5.5155,6.146292358863038,4.884707641136963,14,3.498599999999997,5.143592960727865,0.08066737177438,0.3827531367949461,52.0475978729845
2021-07-23,5.54,5.67,5.45,5.65,194837,4.862668,5.519,6.151958134476517,4.886041865523484,15,3.5165999999999973,5.163452060307165,0.0596689481394965,0.3711279127381642,54.71139142039996
2021-07-26,5.7,6.3,5.65,6.16,301967,4.88821464,5.5565,6.245565308951193,4.867434691048807,16,3.536699999999997,5.202532371667668,0.0645640055640281,0.391047347542581,61.60263438599347
2021-07-27,6.11,6.165,5.69,5.86,230544,4.9446860544,5.5685,6.269820896594397,4.867179103405603,17,3.555599999999997,5.228315415915994,0.0431838150163785,0.3970439655752537,56.186649070624895
2021-07-28,5.95,5.95,5.67,5.72,126215,4.998898612224,5.5725,6.2763146062707165,4.868685393729283,18,3.573499999999997,5.247597164311445,0.0083407979800083,0.3886836823198784,53.80912151298313
2021-07-29,5.74,5.815,5.54,5.71,233612,5.05094266773504,5.5655,6.260869685850622,4.870130314149378,19,3.5916499999999973,5.265730608848251,-0.0295533971588494,0.3805634192970299,53.63454185010352
2021-07-30,5.65,5.665,5.54,5.61,137964,5.100904961025639,5.5465,6.214669888576248,4.878330111423752,20,3.6090999999999975,5.279231369285575,0.0258033531472112,0.3655231750615278,51.82381954872745
2021-08-02,5.62,5.795,5.36,5.42,154313,5.148868762584613,5.516,6.147803767003646,4.884196232996354,21,3.6258999999999975,5.284751707744964,-0.0170146953702997,0.3704858054142758,48.4752046088793
2021-08-03,6.53,6.53,5.4,5.55,56437,5.194914012081228,5.495,6.092009212659212,4.897990787340788,22,3.6433999999999975,5.295153601558887,-0.0095412504932624,0.4247368193132561,50.81687799383404
2021-08-04,5.55,5.8553,5.51,5.72,93282,5.275019171356354,5.4905,6.0792435774596525,4.901756422540347,23,3.661749999999997,5.311814244635009,0.0245985334368029,0.4190627607908807,53.77539138341223
2021-08-05,5.72,5.92,5.62,5.77,80242,5.3503180210749735,5.5195,6.103297053778081,4.935702946221919,24,3.6803499999999967,5.329782313472852,0.07714723248488,0.4105582778772463,54.63964197626663
2021-08-06,5.85,6.24,5.72,6.0,237671,5.421098939810475,5.557,6.162676481300042,4.951323518699957,25,3.700099999999997,5.356065360003329,0.0916547624929021,0.4183755437431574,58.48481539920665
2021-08-09,5.96,6.2,5.61,6.08,229567,5.487633003421847,5.600999999999999,6.224150062184075,4.977849937815924,26,3.720199999999997,5.384454953728688,0.1021794028663986,0.430634433475789,59.7624818127727
2021-08-10,6.0,6.505,5.885,6.4,324189,5.550175023216536,5.6655,6.337168817200846,4.993831182799154,27,3.741899999999997,5.424280249660896,0.1569676988672192,0.4441605453703755,64.47247360761347
2021-08-11,6.27,6.83,6.12,6.6,231998,5.608964521823544,5.734,6.488384517338436,4.979615482661564,28,3.764449999999997,5.470386906536939,0.1323932718882975,0.4631490778439201,67.0671487866993
2021-08-12,6.69,6.9,6.46,6.6,345270,5.70664736007766,5.798,6.61557201517662,4.98042798482338,29,3.786499999999997,5.514685459221766,0.0543675448912945,0.4614955722836401,67.0671487866993
2021-08-13,6.57,6.97,6.435,6.8,242112,5.825982624069894,5.866,6.774347950952702,4.957652049047297,30,3.810199999999997,5.56508995101699,0.0776668795779053,0.4667458885490944,69.63876866552147
2021-08-16,6.83,6.85,6.5,6.59,166366,5.963264709181507,5.952499999999999,6.787721527500342,5.117278472499655,1,3.832549999999997,5.6052825019575,0.1033447294941903,0.4584068965098734,63.98868821489474
2021-08-17,6.53,6.72,6.33,6.65,145916,6.084072944079726,6.0055,6.875775243816567,5.135224756183432,2,3.855049999999997,5.646251815606226,0.0469130040896991,0.453520689616311,64.86579075897811
2021-08-18,6.65,6.87,6.2862,6.65,160067,6.19038419079016,6.051,6.95547553864102,5.146524461358981,3,3.8765999999999976,5.685614489504021,0.1100272418995363,0.4628263546437173,64.86579075897811
2021-08-19,6.65,6.92,6.4775,6.66,289964,6.283938087895341,6.109999999999999,7.011731667404443,5.208268332595556,4,3.898199999999997,5.723825685994059,0.1350898462722708,0.4613744721691661,65.03042489950475
2021-08-20,6.58,6.95,6.58,6.89,529893,6.2862,6.172,7.108538306744548,5.235461693255451,5,3.9211999999999976,5.769558012033508,0.1706099146180804,0.4548477241570828,68.6670874427956
2021-08-23,6.95,6.96,6.6,6.74,273343,6.368256,6.201,7.169625830751978,5.232374169248021,6,3.9444499999999976,5.8076145605812135,0.1175089314239606,0.4480728867172912,63.993036188216486
2021-08-24,6.79,6.81,6.53,6.65,247760,6.44046528,6.2405,7.214696592069562,5.266303407930438,7,3.9665999999999975,5.840649283695676,0.1240357616016208,0.436067680523199,61.29703401419593
2021-08-25,6.66,6.77,6.39,6.66,251416,6.97,6.2875,7.247309877006897,5.327690122993102,8,3.989299999999997,5.872780684335061,0.1627298261888046,0.4320628462001133,61.49116287239564
2021-08-26,6.65,6.69,6.43,6.52,109547,6.9584,6.327999999999999,7.254705994369296,5.401294005630703,9,4.010949999999998,5.89816183396898,0.1467720791358626,0.4197726429001052,57.16790771035432
2021-08-27,6.54,6.98,6.5,6.97,175013,6.39,6.395999999999999,7.301326460455009,5.490673539544989,10,4.034699999999997,5.940194703225099,0.1803160652794705,0.4240745969786691,65.55161629475552
2021-08-30,6.98,6.98,6.74,6.81,188261,6.4018,6.4655000000000005,7.268032865370598,5.662967134629403,11,4.057499999999997,5.97430471486333,0.186524035615605,0.4109264114801928,60.98120740722951
2021-08-31,6.84,7.05,6.73,6.98,196872,6.413364,6.536999999999999,7.2503890943938,5.823610905606198,12,4.081199999999997,6.013743745653004,0.2144077978520204,0.4044316678030361,63.86407348295137
2021-09-01,7.03,7.49,6.89,7.31,316833,6.438829439999999,6.616499999999999,7.301810878361032,5.931189121638966,13,4.105999999999997,6.064577324254847,0.2267693290431329,0.4184008343885336,68.69869795897557
2021-09-02,7.3,7.3,7.08,7.25,351307,6.5018996736,6.6905,7.310741082160741,6.07025891783926,14,4.130399999999997,6.111064488009559,0.2527304892265474,0.4049436319322098,66.94496499729604
2021-09-03,7.21,8.44,7.1645,8.12,513615,6.561185693184,6.796499999999999,7.604640458088808,5.988359541911191,15,4.159349999999997,6.189846272793497,0.2844699147653639,0.4671262296513376,76.36609706440684
2021-09-07,8.12,8.7,7.93,8.49,1138465,6.71149083772928,6.916999999999999,7.949435954430099,5.884564045569897,16,4.190299999999997,6.280048379742772,0.3042734064460002,0.4887600703905277,79.09497059089762
2021-09-08,8.61,8.7,8.355,8.66,816808,6.910341753956352,7.029999999999999,8.282597301609746,5.7774026983902536,17,4.222449999999998,6.373379815831291,0.3436002902686695,0.4784914939340614,80.22477010180575
2021-09-09,8.81,9.2,8.43,8.48,645453,7.089307578560717,7.124,8.508621247850828,5.739378752149172,18,4.253449999999997,6.455992372073202,0.2330499573500132,0.4993135300816284,75.56787882725627
2021-09-10,8.58,8.77,8.23,8.25,463414,7.342590669133431,7.206499999999998,8.65170275394148,5.761297246058517,19,4.283149999999997,6.526345612384056,0.1872110924361553,0.5022197065043692,69.97815776063777
2021-09-13,8.25,8.552,8.22,8.39,410683,7.565479788837419,7.285999999999999,8.806005263148792,5.765994736851205,20,4.313499999999998,6.599430098172917,0.1723404559122036,0.4900611560397713,71.36654783220685
2021-09-14,8.4,8.74,8.29,8.38,454259,7.761622214176929,7.3755,8.931410987171175,5.819589012828825,21,4.343849999999998,6.669256368832802,0.1409082177307705,0.4871996448940734,71.11356952217605
2021-09-15,8.45,8.46,8.12,8.2,1621956,7.934227548475697,7.4529999999999985,9.011051347035778,5.894948652964219,22,4.373099999999997,6.729285530839359,0.0141781632027101,0.4766853845444969,66.54124833533311
2021-09-16,8.17,8.5,8.07,8.23,1382301,9.2,7.531999999999999,9.07936679555948,5.9846332044405175,23,4.4027499999999975,6.78813707864958,-0.0253671515627964,0.47335071421989,66.92296772586818
2021-09-17,8.2,8.73,8.16,8.29,1816730,9.1774,7.613499999999999,9.140133878832764,6.086866121167233,24,4.432599999999997,6.847033663800577,-0.1008491021406878,0.480254234632755,67.71625961410686
2021-09-20,8.0,8.45,7.89,8.17,1549438,9.155252,7.677499999999999,9.184641333783931,6.170358666216067,25,4.4617999999999975,6.898914696592711,-0.1205973225471189,0.4859503607304153,64.39012061725035
2021-09-21,8.12,8.38,7.95,8.14,2875183,9.10464192,7.747499999999998,9.20313560000435,6.291864399995646,26,4.4911499999999975,6.9475847084910365,-0.1180083751072327,0.4819539063925285,63.54972113924064
2021-09-22,8.16,8.26,7.99,8.05,985033,9.0560562432,7.817499999999998,9.187417880750544,6.447582119249454,27,4.519899999999997,6.990816680707074,-0.1441322557112738,0.466814341650205,60.978444437265296
2021-09-23,8.11,8.11,7.45,7.52,844355,9.009413993471998,7.860499999999999,9.132906774581128,6.58809322541887,28,4.545999999999997,7.011568967738169,-0.1848101394386201,0.4806133172466189,48.52661399920186
2021-09-24,7.45,7.57,7.35,7.49,268466,8.915849153863679,7.908999999999999,9.039343310680447,6.778656689319548,29,4.571899999999997,7.030330969003339,-0.1767996159228536,0.4619980803004319,47.92999875895048
2021-09-27,7.41,8.095,7.25,7.96,231213,8.790581221554584,7.958499999999999,9.003512440117353,6.913487559882645,30,4.600699999999997,7.066788578062032,-0.1768259982482416,0.4893553602789725,56.87541526904058
2021-09-28,7.85,7.88,7.62,7.66,185609,8.636523099399126,8.001,8.916879904791024,7.085120095208976,1,4.627399999999997,7.090051771079208,-0.1797862407135132,0.4786871202590458,50.86827133479657
2021-09-29,7.68,7.68,7.4,7.56,105611,8.497870789459213,8.03,8.84601470574985,7.213985294250149,2,4.6535499999999965,7.108481113389827,-0.1863870804039478,0.4644951830976854,49.010072303923785
2021-09-30,7.66,7.84,7.38,7.67,147602,8.373083710513292,8.047999999999998,8.814044385137109,7.281955614862889,3,4.680399999999997,7.130501461884343,-0.1935131131460326,0.4641740985907078,51.125064717567
2021-10-01,7.7,7.88,7.57,7.87,169926,8.260775339461963,8.078999999999999,8.758673451004261,7.399326548995736,4,4.708299999999997,7.159501404555545,-0.1975885420324761,0.4531616629770858,54.7963639326452
2021-10-04,7.8,7.99,7.5764,7.79,101961,8.159697805515767,8.062499999999998,8.753321974172842,7.371678025827155,5,4.735899999999997,7.184226839671014,-0.2181804571031509,0.450335829907294,53.07885192709284
2021-10-05,7.78,8.05,7.56,8.0,176341,8.06872802496419,8.037999999999998,8.700619045908,7.375380954091997,6,4.764449999999997,7.216217943997641,-0.2566694776222737,0.453168984913916,56.89794310585437
2021-10-06,7.92,8.03,7.76,7.81,232094,7.25,7.9955,8.599535594977644,7.391464405022356,7,4.792749999999997,7.239503514821263,-0.3196390826991481,0.4400854859914934,52.71711758897042
2021-10-07,7.77,8.12,7.77,7.92,248936,7.2656,7.9674999999999985,8.529563163710337,7.40543683628966,8,4.821199999999997,7.266189651494939,-0.2916578470969563,0.4336508084206724,54.78839910300128
2021-10-08,7.93,8.5841,7.9,8.39,953691,7.299776,7.974499999999997,8.553688225018513,7.395311774981481,9,4.850299999999997,7.310260645553961,-0.2249575597992922,0.4515400363906243,62.37288230008251
2021-10-11,8.55,8.87,8.16,8.18,356358,7.37683544,7.963999999999999,8.51982011478539,7.408179885214608,10,4.878449999999997,7.344368071218511,-0.249326686952515,0.4700014623627225,57.7141819954093
2021-10-12,8.13,8.18,7.93,7.96,254024,7.4962886048,7.942999999999998,8.465076622728983,7.420923377271014,11,4.904949999999997,7.368510499798178,-0.2472881137483617,0.4542870721939566,53.2287593366343
2021-10-13,7.82,8.09,7.64,8.06,334015,7.606185516416,7.935999999999998,8.447757755192859,7.424242244807138,12,4.9321499999999965,7.39562773510021,-0.1845241492487192,0.4539808527515311,54.94289851306922
2021-10-14,8.28,8.365,8.192,8.31,176651,7.64,7.939999999999998,8.462034481619815,7.41796551838018,13,4.960999999999997,7.431485470978633,-0.1682529395745485,0.4433393632692789,58.98947040235232
2021-10-15,8.52,8.88,8.3,8.67,510540,7.64,7.958999999999998,8.553269299223878,7.364730700776118,14,4.991549999999997,7.480054668195158,-0.0833448922018547,0.4531008373214732,64.00293829529544
2021-10-18,8.75,8.75,8.28,8.3,153343,7.763999999999999,7.965499999999997,8.571584977540335,7.359415022459658,15,5.020499999999997,7.512209387089466,-0.1109091970327078,0.4543079203699395,56.37490484502093
2021-10-19,8.35,8.35,8.11,8.2,320094,7.875599999999999,7.968499999999997,8.57859097682237,7.358409023177623,16,5.049599999999997,7.539181567987918,-0.1152140156304133,0.4390002117720867,54.48486266538724
2021-10-20,8.17,8.39,8.02,8.35,121461,7.976039999999999,7.983499999999998,8.615236495700582,7.351763504299413,17,5.0787999999999975,7.570978369243294,-0.0230691911789859,0.4340716252169377,56.82322505326535
2021-10-21,8.37,8.49,8.02,8.47,149499,8.88,8.030999999999997,8.659041399909349,7.402958600090645,18,5.108374999999997,7.606234119469047,0.128158348729564,0.4366379377014421,58.65331052016583
2021-10-22,8.51,9.54,8.37,9.0,1183526,8.02,8.106499999999997,8.814236532899127,7.398763467100867,19,5.140424999999997,7.660891604980065,0.1118883776212012,0.4890209421513391,65.59043731319778
2021-10-25,9.02,9.2399,8.48,8.52,336425,8.02,8.134499999999997,8.860901404183721,7.4080985958162735,20,5.170074999999997,7.694582130274964,0.0362795604490273,0.5083694462833863,56.366615589856494
2021-10-26,8.6,8.69,8.29,8.33,315468,8.0504,8.167999999999997,8.864982065766457,7.471017934233538,21,5.199124999999997,7.719500478107318,0.0160218602567314,0.5006287715488588,53.17871160886144
2021-10-27,8.3,8.89,8.29,8.44,289916,8.080192,8.211999999999998,8.859227935120273,7.564772064879723,22,5.228774999999997,7.747755361318796,-0.0089324284407799,0.5077267164382261,54.77348919706634
2021-10-28,8.59,8.86,8.44,8.66,189469,8.10938816,8.261499999999998,8.886392790804992,7.636607209195004,23,5.259574999999996,7.783529660874922,-0.0133604361055747,0.5014605224069243,57.86462646429369
2021-10-29,8.65,8.81,8.3201,8.68,538907,8.1380003968,8.301999999999998,8.925140433610322,7.678859566389674,24,5.290224999999997,7.818685360448454,0.000879617764842,0.5006347708064297,58.14469717548689
2021-11-01,8.75,9.09,8.67,8.82,731717,8.166040388864001,8.353499999999999,8.96907371613806,7.737926283861937,25,5.321674999999996,7.857952601215181,-0.0272444271940933,0.4948751443202561,60.141891198064194
2021-11-02,8.78,8.87,8.63,8.7,305351,8.19351958108672,8.388499999999997,8.999279010772424,7.777720989227569,26,5.3517249999999965,7.890974067834193,-0.0615323366813353,0.4766697768688091,57.60463069138018
2021-11-03,8.6,10.36,8.5,10.01,830719,8.220449189464986,8.498499999999998,9.383695458641787,7.613304541358207,27,5.388774999999997,7.974073123997559,0.022930504354437,0.575479078521037,71.6604391013657
2021-11-04,10.02,10.58,9.765,9.82,688069,8.306031221886387,8.593499999999997,9.60829603862062,7.578703961379374,28,5.424724999999996,8.046462413252556,-0.0422591289885694,0.5925877157695343,68.1322092795901
2021-11-05,10.25,11.04,10.22,10.61,1223098,8.442469348573205,8.7045,10.040725654595814,7.368274345404184,29,5.464574999999996,8.146993299007358,-0.0934085310725496,0.6374028789288532,73.88876799561785
2021-11-08,10.6,10.85,10.09,10.09,571984,8.65027180068735,8.799999999999997,10.241499219562783,7.358500780437211,30,5.501524999999997,8.223189640222756,-0.1167774327751009,0.6461598161482208,65.50145474296096
2021-11-09,10.03,10.395,9.8,10.19,509217,8.841450056632361,8.911499999999998,10.419310001293258,7.403689998706739,-1,5.5384749999999965,8.300319458253236,-0.0765655814370048,0.642505543566205,66.29383762808905
2021-11-10,10.19,10.32,9.6,10.04,482439,9.017334052101772,9.010499999999997,10.541505878499525,7.479494121500471,-1,5.574574999999997,8.368542224596247,-0.0943167997088318,0.6480408618829047,63.92212823835492
2021-11-11,9.4013,10.18,9.23,10.01,704283,9.179147327933627,9.095499999999998,10.650086440182744,7.540913559817252,-1,5.610799999999997,8.432913117749335,-0.0512211618365104,0.6696093717484114,63.43334019658199
2021-11-12,10.01,10.24,9.61,9.8,1051503,9.23,9.151999999999996,10.722676287463488,7.581323712536506,-1,5.646049999999997,8.486524368033674,-0.1008068728247508,0.6667801309092392,59.97609444671989
2021-11-15,9.69,10.01,9.68,9.81,574468,9.23,9.227499999999996,10.772050096306392,7.682949903693602,-1,5.680949999999997,8.538425373208824,-0.0953301596356544,0.6427244072728648,60.08764850520464
2021-11-16,9.74,9.94,9.05,9.26,1998627,11.04,9.280499999999998,10.751370150625146,7.809629849374851,-1,5.712899999999998,8.566722417396713,-0.1590537518032849,0.6603869496105172,51.57352242162101
2021-11-17,9.29,9.32,9.02,9.1,737407,11.0002,9.317999999999996,10.72909319323714,7.906906806762851,-1,5.744099999999998,8.587635263773313,-0.1845049570754082,0.6346450246383375,49.38142204093769
2021-11-18,9.06,9.27,8.76,8.91,508069,10.920992,9.339999999999998,10.710664072630523,7.969335927369472,-1,5.773449999999997,8.600277018135143,-0.2048251581482016,0.625741808592742,46.83560005039739
2021-11-19,8.78,8.94,8.11,8.22,820811,10.79133248,9.300999999999997,10.750274301159084,7.85172569884091,-1,5.798349999999997,8.585364193894549,-0.2621478979629102,0.6403316794075461,38.97688198383901
2021-11-22,8.2,8.33,7.57,7.74,932052,10.5768258816,9.261999999999995,10.830331597590298,7.693668402409695,-1,5.820799999999997,8.552212656879076,-0.26628482904458,0.6488794165927213,34.624420261644005
2021-11-23,7.69,7.88,7.515,7.8,460186,10.27614329344,9.235499999999996,10.881895760441664,7.58910423955833,-1,5.843799999999996,8.522714121315191,-0.2274553195867133,0.6286023154075269,35.592605141305484
2021-11-24,7.7,8.01,7.7,7.86,464414,9.9448060982272,9.206499999999997,10.926700860364903,7.486299139635088,-1,5.867449999999996,8.496725332244008,-0.2135174209558296,0.605845007164132,36.60369870744689
2021-11-26,7.55,7.66,7.375,7.63,252185,9.653229366439936,9.154999999999998,10.99505978163756,7.314940218362433,-1,5.890299999999996,8.462736103528556,-0.1993738763149971,0.5972132209381227,34.37592402799368
2021-11-29,7.71,7.92,7.52,7.62,670804,9.334277255138344,9.101999999999997,11.05153943278923,7.152460567210763,-1,5.913049999999996,8.429687628880377,-0.238086252184582,0.5831265622996854,34.278240427329564
2021-11-30,7.51,7.74,7.39,7.72,1444793,9.059978439418977,9.046999999999995,11.08530419712078,7.008695802879213,-1,5.9354999999999976,8.401856741473303,-0.1291921463352011,0.566474664992565,36.229747364973086
2021-12-01,7.93,8.065,7.47,7.53,853247,8.82408145790032,8.988499999999997,11.127932401362608,6.849067598637385,-1,5.957799999999996,8.36766628102337,-0.1598131784685332,0.5685121889216675,34.15460242427923
2021-12-02,7.56,7.85,7.38,7.78,499856,8.621210053794275,8.876999999999997,11.024287591358023,6.72971240864197,-1,5.980949999999996,8.34462054451265,-0.1740547185604056,0.5614756039986913,39.09758137935011
2021-12-03,8.22,8.46,7.83,8.0,3363654,7.375,8.785999999999998,10.9199390806675,6.652060919332497,-1,6.005549999999997,8.33110601335529,-0.2009513180266107,0.5699416322844991,43.1425753374291
2021-12-06,8.03,8.4,7.56,8.3,1503391,7.38,8.670499999999999,10.640824592548157,6.700175407451841,-1,6.031500000000001,8.329886169694298,-0.1324080047152279,0.5892315156927493,48.19540732514594
2021-12-07,8.35,8.74,8.09,8.46,880084,7.4016,8.588999999999999,10.449504232728335,6.728495767271661,-1,6.058050000000001,8.334988672843542,-0.0931467438071896,0.5935721217146959,50.7112246970776
2021-12-08,8.79,9.61,8.75,9.33,969165,7.455136,8.545999999999998,10.29278447439864,6.7992155256013564,-1,6.088050000000001,8.374008724888894,-0.081535956046553,0.6333169701636461,61.624377478007126
2021-12-09,9.31,9.55,8.9,9.04,858280,7.58442784,8.495999999999999,10.121932347916134,6.870067652083863,-1,6.117100000000001,8.400126029795212,-0.1104465525559475,0.6345086151519571,57.08701987467597
2021-12-10,9.1,9.27,8.26,8.39,627443,7.7059621696,8.414999999999997,9.885108839508172,6.944891160491823,-1,6.14325,8.399728930587557,-0.1580383687421675,0.6613294283553888,48.47224992516257
2021-12-13,8.35,8.5,8.12,8.27,692243,7.820204439424,8.338499999999998,9.664535821537283,7.012464178462711,-1,6.16835,8.394641521544907,-0.1468014449258646,0.6412344691871468,47.06031804880954
2021-12-14,8.14,8.31,7.99,8.25,669613,7.92759217305856,8.260499999999997,9.401788307133735,7.1192116928662585,-1,6.193350000000001,8.388969305013735,-0.1179394723296346,0.6182891499594935,46.81555594216834
2021-12-15,8.22,8.5,7.98,8.4,1960781,9.61,8.217499999999998,9.265944085299772,7.169055914700224,-1,6.218750000000001,8.389401881287705,-0.0001614394501411,0.6112684963909583,48.95967407773316
2021-12-16,8.47,8.62,8.19,8.29,1820191,9.5774,8.176999999999996,9.145485415481405,7.208514584518589,-1,6.2448500000000005,8.385503768296031,-0.0312356739429581,0.5983207466487469,47.44897814561002
2021-12-17,8.38,8.5,8.09,8.19,2002470,9.545452,8.140999999999996,9.049491056642918,7.232508943357076,-1,6.270500000000001,8.37783695385305,-0.0666345422655607,0.584869264745265,46.05764146565764
2021-12-20,7.98,8.12,7.78,8.1,1660049,9.51414296,8.134999999999996,9.042909687138623,7.227090312861367,-1,6.296550000000001,8.366941387035283,0.0274069590092571,0.5723786029777459,44.78483166812326
2021-12-21,8.29,8.55,7.97,8.51,1428131,9.4447772416,8.173499999999995,9.076434659873138,7.2705653401268515,-1,6.323200000000001,8.372551528720173,0.1024745153000126,0.5729229884793356,51.37701748328599
2021-12-22,8.55,8.86,8.41,8.84,349483,9.378186151936,8.225499999999997,9.155778990410983,7.295221009589008,-1,6.351150000000001,8.390882841319382,0.1055785897774216,0.5641427750165259,55.93696851793512
2021-12-23,8.77,9.105,8.64,8.98,246122,9.31425870585856,8.281499999999998,9.251041644283536,7.31195835571646,-1,6.379400000000001,8.413985474993131,0.110934790954221,0.5570611482296312,57.74735486501446
2021-12-27,8.98,9.27,8.73,9.21,254485,7.78,8.360499999999998,9.361788669665255,7.359211330334738,-1,6.408350000000001,8.445201730875754,0.1108725700013742,0.5558424947846574,60.61061358712765
2021-12-28,9.19,9.27,8.9,8.94,255414,7.8098,8.426499999999997,9.397402157789404,7.45559784221059,-1,6.433600000000001,8.4646055845669,0.1189870271176065,0.5425680308714675,55.82785719729028
2021-12-29,8.92,9.02,8.57,8.69,355801,7.839004,8.474999999999998,9.395489000477502,7.554510999522494,-1,6.4578500000000005,8.47344458125055,0.0570508222308449,0.5359560286663626,51.75548998257809
2021-12-30,8.7,8.83,8.555,8.6,252197,7.86762392,8.528499999999998,9.341132143100427,7.715867856899568,-1,6.4815000000000005,8.478407538848568,0.0834830007218448,0.517316312333051,50.332086283680674
2021-12-31,8.57,8.74,8.425,8.67,295710,7.895671441599999,8.572999999999997,9.310837380457302,7.83516261954269,-1,6.505950000000001,8.485920968697643,0.0751856614933804,0.5028651471664044,51.45048529027234
2022-01-03,8.71,8.92,8.36,8.36,550563,7.923158012767999,8.590999999999998,9.28850698921233,7.893493010787666,-1,6.529700000000002,8.480982891493815,0.1437721015759425,0.5069462080830899,46.46097926825588
2022-01-04,8.47,8.49,8.12,8.22,517686,7.950094852512639,8.586999999999998,9.292013475048536,7.88198652495146,-1,6.553950000000001,8.47074826829798,0.0691844378397507,0.497164336077155,44.368349614211496
2022-01-05,8.11,8.26,7.7701,7.84,210698,9.27,8.555999999999997,9.331613305713626,7.780386694286369,-1,6.576900000000002,8.446013042090216,0.0550312355276819,0.4966454549287867,39.206531646324656
2022-01-06,7.84,7.88,7.55,7.71,353296,9.240002,8.474999999999998,9.248731219481282,7.701268780518713,-1,6.59935,8.417149785537658,0.0345311526305563,0.4847422081481591,37.595124173651925
2022-01-07,7.67,7.94,7.65,7.75,255034,9.17240192,8.410499999999997,9.199992875205396,7.621007124794598,-1,6.621350000000001,8.390987048849906,0.0636854338734396,0.4708320504232905,38.4336028273647
2022-01-10,7.65,7.7,7.4402,7.55,314312,9.107505843199998,8.3685,9.242714504569609,7.49428549543039,-1,6.642500000000001,8.358007164581283,0.0939555512797229,0.4593297611073412,35.84059746013823
2022-01-11,7.49,7.58,7.12,7.54,662493,9.007467492608,8.331999999999997,9.27765532833055,7.386344671669445,-1,6.66445,8.325928452244762,0.1422268039969349,0.4593776353139596,35.7108653804526
2022-01-12,7.64,7.94,7.27,7.3,349250,8.85647009319936,8.284499999999998,9.331829461057982,7.237170538942014,-1,6.6849500000000015,8.285695963921437,0.0932052584873856,0.4744220899343911,32.655749288984254
2022-01-13,7.25,7.6,7.25,7.4,249034,8.717552485743411,8.234499999999999,9.348366688612218,7.12063331138778,-1,6.706350000000001,8.250962788865694,0.0057694411682704,0.4655347977962203,35.14541738163628
2022-01-14,7.31,7.36,7.11,7.16,230948,8.589748286883939,8.177999999999999,9.385569459699902,6.970430540300096,-1,6.7249500000000015,8.208179934400373,0.0839846744670055,0.4529965979536332,32.08011856166378
2022-01-18,7.0,7.01,6.74,6.86,420343,8.441773458195545,8.1115,9.448635370858105,6.7743646291418935,-1,6.741750000000001,8.155310133051339,0.2046902541611691,0.4506396980998022,28.7093969942149
2022-01-19,6.93,6.99,6.7,6.75,283451,8.23756064321208,8.044,9.507016062796232,6.580983937203769,1,6.757600000000001,8.100199931755208,0.029989793463748,0.4391654339498164,27.565697282699787
2022-01-20,6.72,7.16,6.71,6.98,359191,8.022302153162387,7.967499999999999,9.484073440358172,6.450926559641826,2,6.77425,8.056270522666768,-0.136627617101095,0.4399393315248295,33.528409453757845
2022-01-21,6.88,7.21,6.57,6.96,377703,7.837179851719653,7.8735,9.395147462456338,6.351852537543662,3,6.7905500000000005,8.013279521777875,-0.1707678681413338,0.4542293792730559,33.271923073610495
2022-01-24,6.81,7.31,6.81,7.29,325392,7.634431075444509,7.788999999999999,9.241610064676632,6.336389935323366,4,6.808600000000001,7.984915618963056,-0.1417995812428534,0.4574987093249805,41.25695147597463
2022-01-25,7.17,7.34,7.07,7.3,304277,7.464122103373387,7.6934999999999985,9.004061330117722,6.382938669882275,5,6.8263500000000015,7.958056182925289,-0.1384413183533929,0.4441059443731961,41.48545999475964
2022-01-26,7.5,7.64,7.04,7.16,230234,6.57,7.604499999999999,8.801186675784367,6.407813324215632,6,6.8444,7.926759862026258,-0.1299509900390595,0.455241234060825,39.18718145797727
2022-01-27,7.14,7.31,6.89,6.96,366314,6.5914,7.517999999999999,8.635830040748534,6.400169959251464,7,6.860650000000001,7.888847710574248,-0.1410687218100759,0.4527240030564803,36.10955745410605
2022-01-28,6.95,7.1,6.75,7.07,486165,6.612372000000001,7.4415,8.457438482389485,6.4255615176105145,8,6.877000000000002,7.856736035649767,-0.0562913728594894,0.4453865742667317,38.949491105980506
2022-01-31,7.0,7.475,7.0,7.47,310719,6.63292456,7.3815,8.227697967381069,6.535302032618932,9,6.895550000000001,7.841569916604678,-0.0366271188658922,0.4475018189619651,48.0009697577261
2022-02-01,7.47,7.67,7.295,7.45,301328,6.6530660688,7.3359999999999985,8.055177307762072,6.616822692237925,10,6.914950000000001,7.826214233600573,0.0341912658170219,0.4423231176075391,47.62079648130954
2022-02-02,7.5,7.54,7.33,7.47,169146,6.693743426048,7.2985,7.8975751204981135,6.699424879501886,11,6.935750000000001,7.812245047969178,0.0808659790677682,0.4257286092070006,48.063779015817474
2022-02-03,7.33,7.49,6.97,7.26,270204,6.73279368900608,7.269499999999999,7.814641266095207,6.724358733904791,12,6.953850000000001,7.790588379421367,0.1075984328090487,0.4324622799779291,43.8685561555223
2022-02-04,7.19,7.91,7.1,7.28,248184,6.770281941445837,7.247999999999999,7.754501727538859,6.74149827246114,13,6.970750000000002,7.770565305718568,0.0898107264659417,0.4594292599795056,44.36660060485253
2022-02-07,7.25,7.45,7.23,7.38,153562,6.838665024959086,7.229499999999999,7.685854029235947,6.773145970764051,14,6.987500000000001,7.755249019219801,0.1122837248779344,0.4423271699809695,46.90338419673368
2022-02-08,7.36,7.64,7.33,7.53,162058,6.902945123461541,7.228499999999999,7.682119884925597,6.7748801150744,15,7.004600000000002,7.746415724348436,0.1302996509646043,0.432875229268043,50.54609235345306
2022-02-09,7.64,8.0,7.64,7.98,232163,6.963368416053849,7.2505,7.795824673932701,6.705175326067298,16,7.023500000000001,7.755575892021047,0.0814395848516836,0.4355269986060399,59.51868728619293
2022-02-10,7.92,8.14,7.5704,7.88,159260,7.046298942769541,7.279499999999999,7.890056303709922,6.668943696290076,17,7.040600000000001,7.760455268804535,0.1430237491530373,0.4451036415627514,57.041927922102246
2022-02-11,7.88,8.05,7.76,7.84,123465,7.155669048492586,7.301499999999999,7.957831471133206,6.645168528866792,18,7.0577000000000005,7.763574670027887,0.1426953651665346,0.4340248100225549,56.03742020459329
2022-02-14,7.87,7.905,7.71,7.78,97219,7.254102143643328,7.332499999999999,8.017127636018255,6.647872363981742,19,7.074300000000001,7.764218800615028,0.1669000892395667,0.4169516093066581,54.48742168822221
2022-02-15,7.92,8.11,7.625,7.99,115741,7.342691929278995,7.3889999999999985,8.09451824923242,6.683481750767577,20,7.092050000000001,7.773072965296792,0.1976362726040634,0.4218122086418968,58.78443890083013
2022-02-16,7.98,8.16,7.82,8.15,153483,7.422422736351096,7.458999999999999,8.17476253045268,6.743237469547316,21,7.110200000000001,7.787854417638094,0.2695861451375642,0.4159684794531899,61.747754833167605
2022-02-17,8.1,8.1,7.53,7.54,224719,7.510932007988963,7.486999999999999,8.168618661716385,6.805381338283613,22,7.123300000000001,7.778134636554247,0.2171224355363059,0.4305421594922478,47.67442818650007
2022-02-18,7.47,7.62,7.1573,7.32,249965,8.16,7.505,8.147915235470435,6.862084764529564,23,7.135200000000002,7.760168572375649,0.1895663779092585,0.4328391480999443,43.79737951948528
2022-02-22,7.32,7.47,7.1821,7.35,241030,8.139946,7.508,8.147424741466864,6.868575258533136,24,7.147450000000001,7.744083530321702,0.1366735623934741,0.4224863518070911,44.46066379547728
2022-02-23,7.42,7.42,7.175,7.2,205687,8.12029308,7.503,8.150366974752297,6.855633025247704,25,7.1594000000000015,7.722746921289478,0.0557171249042852,0.4098087552494417,41.80412040243042
2022-02-24,6.92,7.35,6.51,7.32,229597,8.1010332184,7.511,8.145031544956533,6.876968455043467,26,7.171150000000001,7.706952924376165,0.1337998812041678,0.440536701303053,44.65322230917242
2022-02-25,7.37,7.51,7.26,7.48,356000,8.037391889663999,7.536999999999999,8.119034363246753,6.954965636753245,27,7.184250000000002,7.698052809694747,0.2487630012620056,0.4269269369242635,48.28841171245309
2022-02-28,7.4,7.67,7.38,7.58,525095,7.976296214077439,7.5625,8.10371622296448,7.021283777035521,28,7.197500000000002,7.693423287745934,0.2016553677764956,0.4171464414296733,50.47768675477773
2022-03-01,7.52,7.66,7.39,7.42,250314,7.917644365514342,7.56,8.103359917550007,7.016640082449993,29,7.20795,7.682700805873544,0.0927338684894085,0.4066359813275538,47.04576299445088
2022-03-02,7.48,7.63,7.45,7.61,135295,7.861338590893768,7.568,8.109353858395743,7.026646141604257,30,7.2200000000000015,7.679849793878503,0.1329126225737877,0.3925905540898714,51.28169211623146
2022-03-03,7.62,7.87,7.55,7.83,231507,6.51,7.586,8.136977313507469,7.035022686492532,-1,7.2322000000000015,7.685738037255817,0.1578773350580303,0.3874055145120235,55.700457786537775
2022-03-04,7.75,7.83,7.5,7.63,437136,6.5372,7.6045,8.134913989257424,7.074086010742576,-1,7.243750000000002,7.683552231873236,0.1247186358928326,0.3833051206183075,51.15777490378034
2022-03-07,7.68,7.76,7.31,7.4,362991,6.563856,7.6105,8.128668891385802,7.092331108614197,-1,7.253450000000002,7.672432536505658,0.1044372429373506,0.3880690405741426,46.464682025757575
2022-03-08,7.49,7.6744,7.25,7.35,426981,6.589978879999999,7.609,8.129995201513378,7.0880047984866215,-1,7.264100000000002,7.659788123309358,0.0413927137668829,0.390664109104561,45.48774017215586
2022-03-09,7.5,7.85,7.48,7.81,619861,6.6155793024,7.622999999999999,8.149767500895834,7.096232499104164,-1,7.277600000000002,7.665678785140364,0.1194657015917634,0.3984738155970924,54.88568022793336
2022-03-10,7.72,8.02,7.55,7.8,399327,6.640667716352,7.613999999999999,8.121874000122105,7.106125999877893,-1,7.293250000000001,7.67094628376231,0.0832420111766231,0.4035828287687287,54.66504490372209
2022-03-11,7.9,8.0,7.26,7.82,371402,6.695841007697919,7.611,8.113231022538443,7.108768977461557,-1,7.308900000000002,7.676791527536337,0.1108949187554666,0.4276126267138195,55.05419739344509
2022-03-14,7.82,7.85,7.615,7.68,478800,6.748807367390002,7.603,8.095386027421581,7.1106139725784185,-1,7.324750000000002,7.676917349985892,0.0785019994816845,0.4138545819485467,51.7081770725481
2022-03-15,7.75,7.87,7.62,7.7,360399,6.799655072694402,7.598999999999999,8.086848337088524,7.111151662911476,-1,7.339950000000003,7.67782255194723,0.0592115388100257,0.4021506832379362,52.15553637445263
2022-03-16,7.76,7.95,7.67,7.83,268053,6.848468869786626,7.590999999999999,8.057729043450331,7.124270956549667,-1,7.355800000000003,7.683790295008123,0.0547394116195746,0.3934256344352265,55.06910960094807
2022-03-17,7.82,7.93,7.34,7.79,1228592,6.895330114995161,7.573,7.975447512105596,7.170552487894405,-1,7.370050000000003,7.687955381478392,0.1129059841547407,0.4074666605469961,53.97986021088735
2022-03-18,7.75,7.87,7.57,7.75,1334352,6.940316910395355,7.583499999999999,7.992854369709295,7.174145630290703,-1,7.384850000000003,7.690388503773358,0.1540451622363586,0.3997904705079249,52.85400674263201
2022-03-21,7.76,7.76,7.28,7.38,302377,6.983504233979541,7.586500000000001,7.988906510881698,7.184093489118304,-1,7.396750000000002,7.678216405586167,0.1414622512860062,0.4055197226145017,43.76175830728675
2022-03-22,7.36,7.41,7.29,7.31,678411,7.024964064620359,7.5845,7.991954291915063,7.177045708084937,-1,7.407550000000002,7.663776546543571,0.0812320687004077,0.3851254567134658,42.27989456176335
2022-03-23,7.25,7.25,7.005,7.03,364532,8.02,7.575999999999999,8.020585199933722,7.131414800066276,-1,7.416300000000002,7.638922564326178,0.066347907439603,0.379402209805361,36.89772069187917
2022-03-24,7.22,7.68,7.19,7.55,563333,7.9997,7.587499999999999,8.016632846563994,7.158367153436003,-1,7.427800000000002,7.635435404940837,0.0693476432475437,0.3987306233906924,49.70316098421772
2022-03-25,7.52,7.65,7.475,7.58,675992,7.979806,7.592499999999999,8.018827339024917,7.166172660975082,-1,7.439100000000002,7.6332614674921775,0.0536156188776823,0.3827498645770715,50.32941615998788
2022-03-28,7.54,7.78,7.33,7.53,251942,7.96030988,7.589999999999999,8.017176778395177,7.16282322160482,-1,7.448850000000002,7.629211998178759,0.0317996626305185,0.3875534456787093,49.22922768367509
2022-03-29,7.61,7.83,7.42,7.5,464166,7.941203682399999,7.5939999999999985,8.016203742285814,7.171796257714184,-1,7.458250000000003,7.624144860995278,0.022243106862247,0.389156770987373,48.54356144075382
2022-03-30,7.47,7.575,7.38,7.4,245877,7.922479608751999,7.583499999999999,8.013954411058897,7.1530455889411,-1,7.469000000000002,7.615354866446443,-0.0078710288875015,0.3752884302025606,46.2320485881251
2022-03-31,7.38,7.5,7.22,7.24,246293,7.904130016576959,7.553999999999999,7.993608917107034,7.114391082892965,-1,7.479100000000002,7.600635067762269,-0.0460248962457874,0.3684821137595206,42.7264203994306
2022-04-01,7.33,7.45,7.18,7.43,302591,7.88614741624542,7.544,7.9853343403815185,7.102665659618481,-1,7.491000000000001,7.593943496477475,-0.0114093033663516,0.361447677062412,47.7893311639592
2022-04-04,7.43,7.51,7.27,7.47,587033,7.868524467920511,7.547499999999999,7.985307035119391,7.109692964880608,-1,7.502750000000002,7.589082967203848,0.0487369316936608,0.3527728429865254,48.81516802693423
2022-04-05,7.5,7.56,7.07,7.19,378300,7.8512539785621,7.539499999999999,7.996860907817953,7.082139092182046,-1,7.513850000000002,7.573432654764481,0.0522074243619741,0.3625747827732021,42.51762977878504
2022-04-06,7.08,7.15,6.83,6.85,566203,7.834328898990859,7.491499999999999,8.021038478299749,6.961961521700249,-1,7.524400000000002,7.545062746734501,-0.0449782836899018,0.3623908697179734,36.380198301344784
2022-04-07,6.85,6.85,6.585,6.83,468967,7.794155743031224,7.443,8.025652555130437,6.8603474448695625,1,7.532800000000002,7.517021070391972,-0.0079061657872942,0.3554343790238325,36.05053914980533
2022-04-08,6.8,6.99,6.64,6.79,284785,7.72160639844935,7.391499999999999,8.012572459540815,6.770427540459183,2,7.538850000000002,7.488510440180522,-0.0309972385082832,0.3550462090935588,35.36040739089863
2022-04-11,6.72,6.89,6.7049,6.86,324188,7.65341001454239,7.350499999999999,7.9976931705449505,6.703306829455048,3,7.546100000000003,7.463862971938148,0.0122753378279487,0.3429071941583045,37.611270698882
2022-04-12,6.94,7.18,6.84,6.93,392738,7.589305413669846,7.311999999999999,7.963048385298716,6.660951614701283,4,7.552650000000002,7.442927169117045,0.0066883954458242,0.3426995374327113,39.866304662795216
2022-04-13,6.96,7.19,6.96,7.1,155671,7.529047088849656,7.275499999999999,7.8869401033626225,6.664059896637376,5,7.5599500000000015,7.429479044837945,0.006311461926064,0.3367924276160891,45.05994205543465
2022-04-14,7.14,7.25,7.1,7.19,163961,7.472404263518676,7.245499999999998,7.810105171779489,6.680894828220507,6,7.566650000000002,7.42008770974626,-0.0629343966909358,0.323450111357797,47.63831433100884
2022-04-18,7.18,7.29,7.13,7.14,149646,7.419160007707555,7.214999999999998,7.73112014105261,6.698879858947386,7,7.572400000000001,7.409103877991505,-0.1253592721788277,0.3117751034036687,46.33724949582568
2022-04-19,7.11,7.39,7.11,7.37,393360,6.585,7.214499999999999,7.729998787583522,6.699001212416476,8,7.579100000000002,7.407570392580074,-0.0568089177346394,0.3095054531605495,52.73237211872869
2022-04-20,7.44,7.52,7.31,7.4,464122,6.6011,7.2189999999999985,7.739303757434187,6.69869624256581,9,7.5862500000000015,7.407273514439679,-0.0065923143021492,0.3023979207919388,53.5106021230026
2022-04-21,7.53,7.54,7.02,7.05,155385,6.637855999999999,7.219999999999997,7.738921959450776,6.701078040549218,10,7.592450000000001,7.393262788383221,0.0143216232953637,0.3179409264496575,44.338714350103736
2022-04-22,6.97,7.2,6.64,6.84,192445,7.54,7.184499999999998,7.705402102126858,6.663597897873138,11,7.600700000000001,7.371566208446624,-0.0314402516997609,0.335230860274682,39.91771454163037
2022-04-25,6.77,6.91,6.62,6.88,162168,7.54,7.149499999999998,7.653185417696582,6.645814582303414,12,7.608850000000001,7.352289102233031,-0.0350209958301066,0.3320000845407761,41.12196300833988
2022-04-26,6.82,7.09,6.59,6.69,205635,7.5032,7.107499999999997,7.617318595188751,6.597681404811244,13,7.616300000000001,7.326316980576833,-0.0504106426057643,0.3440000785021492,37.29784176716157
2022-04-27,6.68,6.98,6.68,6.88,211801,7.448408,7.076499999999998,7.561897775026041,6.591102224973954,14,7.625150000000001,7.308814353887546,0.0059266535914856,0.3408572157519957,43.00570889131037
2022-04-28,6.96,7.18,6.795,7.05,238472,7.396903519999999,7.0589999999999975,7.521164472888408,6.596835527111587,15,7.634250000000001,7.298664771382151,0.0510823799241998,0.3440102717697103,47.601791317585
2022-04-29,7.0,7.15,6.745,6.78,189570,7.3484893088,7.035999999999997,7.505570016078806,6.566429983921188,16,7.64155,7.278324976425988,0.0606365180595342,0.3483666809290167,41.83194744337244
2022-05-02,6.83,6.94,6.74,6.92,160986,7.302979950271999,7.010499999999998,7.445860769937097,6.575139230062899,17,7.648950000000001,7.264273016566146,0.0400413957172687,0.3377690608626583,45.5194410435069
2022-05-03,6.91,6.95,6.74,6.81,297565,7.26020115325568,6.977499999999997,7.366080750938911,6.588919249061084,18,7.658700000000001,7.246458388465513,-0.0461637379212226,0.3286426993724684,43.202044352541805
2022-05-04,6.82,6.855,6.44,6.77,117297,7.219989084060339,6.956499999999997,7.342260288262346,6.570739711737647,19,7.664600000000002,7.227773745780591,0.0010903905761333,0.3348110779887207,42.35756995313656
2022-05-05,6.68,6.7,6.2,6.45,207051,7.157589957335512,6.936499999999998,7.379502257330802,6.493497742669193,20,7.668150000000001,7.197272814573509,0.1015437993572604,0.351610286703812,36.25244974634313
2022-05-06,6.41,7.27,6.41,6.84,446256,6.2,6.936999999999998,7.379542653311799,6.494457346688196,21,7.674950000000001,7.183262115962783,0.0209687640588511,0.3879238376535397,46.3934413414498
2022-05-09,6.7,6.795,6.42,6.46,300085,6.2,6.920499999999999,7.406235524745925,6.434764475254072,22,7.679000000000001,7.154898895728949,-0.0187406828020575,0.3902149921068583,39.75701386160836
2022-05-10,6.63,7.0,6.46,6.8,326661,6.2214,6.917499999999997,7.405429298157257,6.429570701842737,23,7.682200000000002,7.140981291974873,-0.0459907173673191,0.4009139212420827,47.05470000842528
2022-05-11,6.76,7.21,6.63,6.8,1137571,6.242372,6.910999999999997,7.401546633869013,6.420453366130981,24,7.686900000000001,7.127609476603309,-0.0903280490519239,0.4137057840105053,47.054700008425286
2022-05-12,6.75,7.21,6.67,6.93,468640,6.262924559999999,6.902499999999998,7.385485507029133,6.419514492970863,25,7.6929500000000015,7.119860085363964,-0.0941567209927275,0.4227267994383264,49.75378078142261
2022-05-13,7.2,7.59,7.135,7.25,812903,6.283066068799999,6.905499999999996,7.396273878685776,6.414726121314216,26,7.700650000000001,7.1249636114281225,-0.1504532558142559,0.4396748851927317,55.73561305047122
2022-05-16,7.2,7.56,7.19,7.31,523045,6.335343426048,6.913999999999997,7.426148415989198,6.401851584010796,27,7.709150000000002,7.1322199403917255,-0.1499758960784488,0.434698107678965,56.77470683096529
2022-05-17,7.48,7.69,7.42,7.53,644751,6.38552968900608,6.921999999999997,7.466374870838286,6.377625129161708,28,7.719700000000001,7.14781915841558,-0.2076511739549758,0.4307910999876104,60.44157578009897
2022-05-18,7.44,7.63,7.295,7.36,402941,6.463797907665715,6.919999999999996,7.457587202228874,6.382412797771119,29,7.728750000000002,7.156139975732615,-0.2344489644759112,0.423948878559924,56.4561080164444
2022-05-19,7.34,7.58,7.3,7.42,406863,6.537370033205772,6.938499999999996,7.51664444561915,6.360355554380842,30,7.737250000000001,7.166487427664669,-0.2158930959749065,0.4136668158056437,57.520759056045385
2022-05-20,7.52,7.53,7.185,7.34,294929,6.606527831213425,6.963499999999996,7.565206739201322,6.36179326079867,-1,7.745100000000001,7.173291842266055,-0.2096471193113355,0.4087620432480978,55.569825444161154
2022-05-23,7.48,8.07,7.44,7.9,1030422,6.67153616134062,7.014499999999996,7.739523447896873,6.28947655210312,-1,7.754600000000002,7.2017902013928765,-0.1469967131323686,0.4317076115875194,64.61670617535825
2022-05-24,7.78,7.87,7.21,7.76,772223,6.78341326843337,7.067999999999996,7.845369924810763,6.290630075189229,-1,7.763000000000001,7.223680781730411,-0.0667430603051514,0.4501570679026966,61.25846671992263
2022-05-25,7.7,8.195,7.67,8.1,663648,6.8863402069587005,7.129,8.020827337549179,6.237172662450822,-1,7.7715,7.258046241270395,-0.0261761406477616,0.4555029916239326,65.8943147257396
2022-05-26,8.19,8.285,8.07,8.1,767707,7.017206186262831,7.1815000000000015,8.167223592088565,6.195776407911438,-1,7.779000000000001,7.291064035730379,-0.0880584769922033,0.4383242065079374,65.8943147257396
2022-05-27,8.12,8.25,8.02,8.04,805815,7.169341443911291,7.2445,8.27936182652568,6.20963817347432,-1,7.786200000000001,7.320434073544874,-0.1309967442126398,0.4234439060430848,64.31912025298566
2022-05-31,8.01,8.11,7.84,7.91,648888,7.303220470641936,7.294,8.356382228767071,6.231617771232927,-1,7.79175,7.3435543059548785,-0.1650639126577643,0.4124836270400073,60.92106448661174
2022-06-01,7.97,8.05,7.79,7.98,974362,7.421034014164904,7.352500000000001,8.430570034830767,6.274429965169235,-1,7.798700000000001,7.368512960623314,-0.108851746866044,0.4015919393942925,62.08269299635765
2022-06-02,7.98,8.0575,7.91,7.99,567203,7.524709932465115,7.413500000000001,8.490890829736365,6.3361091702636365,-1,7.805400000000001,7.392885001383184,-0.1065739595879507,0.3834425151518429,62.25530345975731
2022-06-03,7.87,7.945,7.58,7.72,549034,8.285,7.477000000000001,8.465819498189639,6.488180501810363,-1,7.810750000000001,7.405713040544628,-0.1138611994379713,0.3853394783552827,54.97805130550708
2022-06-06,7.8,7.9,7.48,7.51,703530,8.270900000000001,7.5105,8.455136967305457,6.565863032694544,-1,7.815000000000001,7.409802725229152,-0.1586797513605975,0.3878152299013339,50.07514598255428
2022-06-07,7.41,7.63,7.34,7.59,411620,8.239264,7.567,8.379480153603799,6.754519846396201,-1,7.818500000000001,7.416869285024087,-0.115944113212778,0.3808284277655244,51.83724716344266
2022-06-08,7.49,7.73,7.35,7.56,374036,8.18530816,7.604999999999999,8.33759811629575,6.872401883704249,-1,7.822600000000001,7.422482254238829,-0.1190169853927828,0.3807692543537012,51.10875432670069
2022-06-09,7.53,7.675,7.405,7.56,399434,8.1345896704,7.642999999999999,8.276817008291937,7.009182991708061,-1,7.827150000000001,7.427875107013777,-0.082849106293571,0.3728571647570082,51.10875432670067
2022-06-10,7.44,7.68,7.36,7.57,477495,8.086914290176,7.675,8.219995412824787,7.130004587175213,-1,7.8317,7.433448632228923,-0.0691699370573824,0.3690816529886504,51.372940132022656
2022-06-13,7.38,7.48,7.085,7.14,494533,8.04209943276544,7.669499999999999,8.233431733457255,7.105568266542743,-1,7.834800000000001,7.421940842729749,-0.0672267296215539,0.3773615349180325,41.09094024757153
2022-06-14,7.15,7.2675,7.04,7.22,443768,7.965531478144205,7.665000000000001,8.241628129733549,7.088371870266452,-1,7.836050000000001,7.414021593995249,-0.0303050815471235,0.3666571395667445,43.3621444814579
2022-06-15,7.31,7.72,7.31,7.5,1219258,7.872978330329784,7.663500000000001,8.241679038015075,7.085320961984928,-1,7.839500000000002,7.417393296191514,-0.0264691747880491,0.3761816295976913,50.54846527909383
2022-06-16,7.33,7.37,6.85,6.94,705516,7.789680497296805,7.642500000000001,8.289643724376601,6.995356275623401,-1,7.8393000000000015,7.398671990458514,-0.0427327119910362,0.3957400846264277,39.69928034760294
2022-06-17,6.75,7.01,6.65,6.71,786963,7.72,7.607000000000001,8.367107887079236,6.846892112920767,-1,7.836300000000001,7.37166524573465,-0.0771301758437332,0.3931872214388257,36.25729490558455
2022-06-21,6.77,6.9577,6.615,6.65,570898,7.5702,7.572500000000001,8.433844878663647,6.711155121336355,-1,7.833300000000001,7.343364647862703,-0.1072865199439334,0.3895809913360524,35.39515390767883
2022-06-22,6.5,6.84,6.46,6.51,561175,7.417368,7.503,8.465768923470282,6.540231076529717,-1,7.82525,7.310683681279852,-0.1800286129483966,0.3888966348120486,33.39950387628774
2022-06-23,6.51,6.78,6.1,6.21,470028,7.245041759999999,7.425499999999999,8.53187199892266,6.319128001077338,-1,7.813850000000001,7.267519615347309,-0.2504681101127935,0.4096897323254738,29.55414497773954
2022-06-24,6.3,6.47,6.03,6.06,2868867,7.016033407999999,7.3235,8.53361197828966,6.113388021710341,-1,7.800850000000001,7.220165904941532,-0.4091688415856234,0.4118547514450827,27.828911893918928
2022-06-27,6.12,6.335,6.1,6.23,472962,6.818826726399999,7.229999999999999,8.474170406335144,5.985829593664855,-1,7.789600000000002,7.181335869453629,-0.3758586038900129,0.4020794120561483,32.62895366216618
2022-06-28,6.24,6.62,5.835,5.88,517812,6.66106138112,7.122,8.439036066324721,5.804963933675278,-1,7.777750000000002,7.130303090259369,-0.3688967148259678,0.4294308826235662,28.43571381242451
2022-06-29,5.86,5.93,5.505,5.66,468345,6.62,7.0095,8.419201741504247,5.599798258495753,-1,7.764100000000002,7.072644145543316,-0.3604120988157744,0.4291143910075972,26.159971214372845
2022-06-30,5.55,5.76,5.39,5.43,1468603,6.62,6.882,8.376263698280908,5.387736301719092,1,7.7493500000000015,7.008226728071029,-0.4583155112632285,0.4248919345070546,23.997662110255504
2022-07-01,5.4,5.48,5.2799,5.4,351096,6.374,6.7525,8.288558267124042,5.216441732875957,2,7.735350000000002,6.945159013244714,-0.4636772868547111,0.4088353677565507,23.72223027587565
2022-07-05,5.27,5.28,5.03,5.28,404171,6.15518,6.6305,8.226237760410562,5.034762239589438,3,7.720600000000002,6.879858659784137,-0.4308717158273105,0.4060614129167971,22.604628093351565
2022-07-06,5.29,5.29,5.075,5.19,476538,5.930143999999999,6.514500000000001,8.173674192181185,4.855325807818817,4,7.705100000000001,6.813589692733779,-0.3922527986686127,0.3924141691370258,21.7760071220453
2022-07-07,5.28,5.3473,5.23,5.28,478682,5.7501152,6.399,8.064219505050342,4.733780494949658,5,7.6906500000000015,6.753448920469709,-0.4166895190766329,0.3756202999129526,24.74677259733886
2022-07-08,5.3,5.34,5.17,5.3,372081,5.60609216,6.286,7.9272970480690335,4.644702951930966,6,7.676450000000002,6.696450923588544,-0.4054962936474711,0.360933135633456,25.424564468100314
2022-07-11,5.23,5.26,5.08,5.18,399719,5.490873728,6.167,7.766138518077824,4.567861481922176,7,7.6621000000000015,6.636982259918405,-0.4065418451544833,0.3508664830882091,24.026285599841955
2022-07-12,5.14,5.33,4.8754,5.21,463687,5.3986989824,6.049000000000001,7.562616860371237,4.535383139628766,8,7.650550000000002,6.581022171294154,-0.4019644756338358,0.35827602001048,25.134809090722957
2022-07-13,5.19,5.29,5.09,5.21,458811,5.33,5.952500000000001,7.421007745978924,4.483992254021077,9,7.639150000000002,6.527256595949285,-0.3708577490414561,0.3469705900097314,25.134809090722957
2022-07-14,5.12,5.16,4.8,4.89,329697,5.33,5.836,7.252578977678308,4.419421022321693,10,7.623800000000001,6.463050454931666,-0.4044882264974793,0.351472690723322,21.291645600494817
2022-07-15,5.01,5.09,4.89,5.02,296912,5.29,5.7120000000000015,6.94674045855803,4.477259541441973,11,7.610600000000002,6.406460241012777,-0.4195619001763808,0.3406532128145133,26.226685011046385
2022-07-18,5.04,5.23,5.04,5.17,319795,4.8,5.623500000000002,6.741717778431409,4.505282221568595,12,7.598650000000001,6.357971604110315,-0.386277258166431,0.3313208404706196,31.559033412721675
2022-07-19,5.22,5.67,5.22,5.65,409319,4.8086,5.570500000000001,6.572108206835432,4.56889179316457,13,7.5885500000000015,6.330208011792263,-0.32445559854662,0.3433693518655753,45.20727697624773
2022-07-20,5.63,5.79,5.62,5.76,268349,4.843056,5.526000000000002,6.403163610736305,4.648836389263698,14,7.578000000000002,6.307846913290605,-0.2797751763957992,0.3309858267323199,47.77740755235065
2022-07-21,5.72,5.78,5.66,5.77,254704,4.89987264,5.489000000000002,6.252017693110679,4.725982306889325,15,7.567900000000002,6.286754877475287,-0.2330219814520341,0.3159154105371543,48.016129809454455
2022-07-22,5.77,5.83,5.69,5.81,248735,4.9532802816,5.469000000000003,6.174149629511267,4.763850370488739,16,7.556950000000001,6.268058607770374,-0.1938246693203946,0.3033500240702146,49.02000324668172
2022-07-25,5.86,6.07,5.78,6.04,307198,5.023417859072,5.468000000000002,6.16984328735119,4.766156712648813,17,7.548100000000002,6.25911513295585,0.0599369592178452,0.3023964509223421,54.46511867301052
2022-07-26,6.0,6.08,5.91,6.03,221723,5.1280760731648,5.458000000000002,6.12073976793302,4.795260232066984,18,7.538650000000002,6.250130225781111,0.0665176605509166,0.2929395615707462,54.19408948845552
2022-07-27,6.09,6.29,6.05,6.26,330677,5.242306944385024,5.477000000000002,6.2055629691385095,4.748437030861495,19,7.528000000000002,6.250517275750479,0.1528322468422012,0.2905867357442643,59.22043884989656
2022-07-28,6.27,6.42,6.26,6.4,244412,5.38898397217112,5.514000000000001,6.344069876576638,4.683930123423364,20,7.519100000000002,6.256379343368107,0.195307965026198,0.2812591117625312,61.95691555462183
2022-07-29,6.43,6.67,6.32,6.61,538747,5.553946536623741,5.573000000000002,6.528993723828726,4.617006276171279,21,7.512350000000001,6.2702468200987695,0.4303876560334644,0.2861691752080647,65.6774451053708
2022-08-01,6.52,6.69,6.43,6.65,258467,5.754836160031467,5.635500000000002,6.695829665717183,4.575170334282822,22,7.505300000000002,6.285139101663524,0.4513473588530814,0.2842999484074887,66.35245143552862
2022-08-02,6.76,6.975,6.63,6.86,372358,5.9418689280251735,5.714500000000003,6.886651440727635,4.54234855927237,23,7.498050000000002,6.30768266630417,0.4136636810640966,0.2886356663783823,69.71940152467408
2022-08-03,6.86,7.05,6.78,6.99,631577,6.148495142420138,5.804500000000003,7.074105844346932,4.534894155653073,24,7.489650000000003,6.334440208802046,0.4488437509333398,0.287304547351355,71.6130964405075
2022-08-04,7.0,7.01,6.065,6.31,532608,7.05,5.856000000000002,7.11987341138261,4.592126588617393,25,7.479700000000003,6.333481769241181,0.4199099973003748,0.3342827939691153,52.957050862523324
2022-08-05,6.23,6.76,6.18,6.45,339008,7.05,5.913500000000002,7.175597856744844,4.65140214325516,26,7.470950000000003,6.33805111162388,0.3913379151256662,0.3518340229713214,55.52589729575565
2022-08-08,6.49,6.55,6.02,6.09,419352,7.0303,5.959000000000002,7.176881767660514,4.741118232339491,27,7.459650000000003,6.328323617050395,0.3415629546370984,0.3645601641876556,48.23231542589489
2022-08-09,6.06,6.13,5.955,6.05,420535,6.989888,6.001000000000002,7.169604295730559,4.832395704269445,28,7.447550000000002,6.31740896540136,0.3182247578672761,0.3510201524599659,47.48594819237717
2022-08-10,6.11,6.31,6.11,6.21,428142,6.92779472,6.051000000000002,7.164209773582658,4.937790226417346,29,7.433600000000002,6.313196849111111,0.3067915504717604,0.3445187129985397,50.767724943290006
2022-08-11,6.25,6.5001,6.25,6.48,343802,6.869427036799999,6.130500000000002,7.121044799592586,5.139955200407418,30,7.423400000000003,6.319738149145969,0.369279123990068,0.3406316620700726,55.788774668070175
2022-08-12,6.54,6.7315,6.47,6.6,342810,6.814561414591999,6.209500000000002,7.077635358109505,5.341364641890499,-1,7.414750000000002,6.330728809963775,0.3543476485507105,0.3349794004936388,57.84646845919279
2022-08-15,6.52,7.07,6.52,7.01,336428,5.955,6.3015000000000025,7.096390558504693,5.506609441495312,-1,7.407600000000002,6.357366895847548,0.3735659399018409,0.3503380147440932,64.00985112503346
2022-08-16,7.0,7.215,6.96,7.14,353787,5.9773000000000005,6.376000000000002,7.191705829328134,5.56029417067187,-1,7.400000000000003,6.388058390128037,0.3448573070369596,0.3435281565480866,65.72126156472669
2022-08-17,7.08,7.139,6.96,7.04,283149,6.026808000000001,6.440000000000002,7.253191244419106,5.626808755580898,-1,7.391800000000003,6.413624727770074,0.3158908732802786,0.3318475739375089,63.23046509722453
2022-08-18,7.02,7.3282,7.01,7.14,414487,6.074335680000001,6.508500000000002,7.315178994396079,5.701821005603926,-1,7.383400000000003,6.442110032563404,0.2699437377869051,0.3308727472276869,64.67235378816017
2022-08-19,7.1,7.1,6.935,7.02,331148,6.1495675392,6.569000000000001,7.337658571798928,5.800341428201073,-1,7.375000000000003,6.464772384227584,0.2444579168593058,0.3218818367114236,61.55304020223837
2022-08-22,6.92,6.995,6.78,6.83,293336,6.220285486848001,6.608500000000002,7.344876941518325,5.872123058481679,-1,7.359100000000003,6.479095035826502,0.1910525597506111,0.316033134089179,56.87544918314249
2022-08-23,6.86,6.97,6.76,6.84,340322,6.286760357637121,6.649000000000003,7.341442055337368,5.956557944662637,-1,7.344200000000003,6.493248171676443,0.1652442906336875,0.3084593387970948,57.06040235844874
2022-08-24,6.9,7.05,6.83,7.02,224296,6.349246736178894,6.687000000000002,7.373268169158289,6.000731830841716,-1,7.3262500000000035,6.513905106120505,0.1562086344856149,0.3021408145973023,60.35626399383401
2022-08-25,7.08,7.195,7.08,7.17,286226,6.40798393200816,6.725500000000002,7.429217983285834,6.0217820167141705,-1,7.311650000000003,6.539634317645191,0.152462492522216,0.2930593278403522,62.91107447800955
2022-08-26,7.19,7.24,6.855,6.88,299304,6.463196896087671,6.7390000000000025,7.443695678998988,6.034304321001017,-1,7.295100000000004,6.552981991463026,0.0727562866708483,0.2996265187088985,55.468518602742215
2022-08-29,6.79,6.905,6.765,6.86,178439,6.51509708232241,6.749500000000002,7.454836090101637,6.044163909898367,-1,7.279200000000003,6.565021913366437,0.0575023194473064,0.2882246245154058,54.98539414396503
2022-08-30,6.92,6.92,6.71,6.78,387049,6.563883257383066,6.7455000000000025,7.449189562235962,6.041810437764043,-1,7.263050000000004,6.573452426567753,0.0221575761316073,0.2826371513357339,52.99697377461645
2022-08-31,6.8,6.83,6.73,6.78,421748,6.609742261940082,6.735000000000002,7.429996402868296,6.040003597131708,-1,7.247950000000004,6.581552331408234,-0.027473731239432,0.2695916405260387,52.99697377461644
2022-09-01,6.73,6.74,6.355,6.44,439750,7.3282,6.741500000000002,7.422771605161898,6.060228394838106,1,7.231100000000003,6.576001259588303,-0.026265694732026,0.2806922376313216,44.97955901979751
2022-09-02,6.56,6.56,6.29,6.33,215401,7.308736,6.735500000000004,7.428939975772804,6.042060024227203,2,7.216450000000004,6.566354151369153,-0.0457116639953733,0.2799285063719415,42.72745346860374
2022-09-06,6.49,6.665,6.38,6.4,413058,7.26798656,6.751000000000003,7.398360795847125,6.103639204152881,3,7.202950000000004,6.559830459158598,-0.0526406406588955,0.2838621844882313,44.62747242580869
2022-09-07,6.305,6.915,6.305,6.81,467039,7.228867097599999,6.789000000000003,7.35088610945619,6.227113890543817,4,7.192450000000004,6.569641029387673,-0.0125423446879935,0.307157742739072,54.20949835563777
2022-09-08,6.73,6.98,6.601,6.8,438391,7.191312413695999,6.818500000000003,7.313687843146259,6.3233121568537465,5,7.185350000000004,6.578674714509725,-0.0092962317513755,0.3122893325434241,53.96421409747884
2022-09-09,6.87,7.2081,6.86,7.15,506818,6.29,6.852000000000002,7.341677444855127,6.362322555144877,6,7.182400000000004,6.601079627666206,-0.002038121799418,0.3191329516474653,60.671600011407
2022-09-12,7.21,7.51,7.21,7.41,413570,6.308362,6.892500000000003,7.424284730882549,6.360715269117456,7,7.180450000000004,6.632801995208707,0.0178330219810253,0.3220520265297892,64.77715735508355
2022-09-13,7.21,7.37,7.12,7.17,360822,6.35642752,6.900500000000003,7.443803782427337,6.357196217572668,8,7.177000000000004,6.653868583631895,-0.0500708036380105,0.3197625960633757,58.68697691589166
2022-09-14,7.18,7.34,7.1,7.34,349762,6.4025704192,6.910500000000003,7.477896686630959,6.343103313369047,9,7.175550000000004,6.680775697999271,-0.0212089483291207,0.3140652677731346,61.451606320989775
2022-09-15,7.26,7.52,7.252,7.36,401600,6.446867602432,6.9265000000000025,7.524806777497843,6.328193222502162,10,7.174250000000004,6.707411945136555,-0.0275235781053674,0.310774891503625,61.77568866745285
2022-09-16,7.21,7.32,7.09,7.28,1631790,6.51125554628608,6.933500000000002,7.544769989448103,6.322230010551901,11,7.172050000000005,6.729866378660612,0.1121841560550568,0.307862399253366,59.61664562631027
2022-09-19,7.15,7.505,6.98,7.42,533496,6.571780213508915,6.953500000000003,7.5999448932429265,6.307055106757079,12,7.171500000000004,6.756930442242548,0.1503150107867495,0.3233722278781256,62.11219346637588
2022-09-20,7.28,7.45,7.21,7.33,320100,6.62867340069838,6.978500000000002,7.6423456145820925,6.314654385417912,13,7.169250000000005,6.779403758233037,0.1680317748188055,0.3174170687439738,59.56392052703498
2022-09-21,7.41,7.52,7.1,7.11,413370,6.682152996656478,6.992000000000003,7.655011312120584,6.328988687879422,14,7.164800000000006,6.792368316733702,0.1306920863675685,0.324744420976547,53.75792824767807
2022-09-22,7.06,7.11,6.77,6.85,345276,6.732423816857089,6.983500000000004,7.64921089821319,6.3177891017868175,15,7.157550000000006,6.794628382744145,0.0896937524980575,0.325834105192508,47.82482484737674
2022-09-23,6.72,6.76,6.505,6.62,256712,7.52,6.956000000000003,7.633949850652551,6.278050149347455,16,7.148350000000005,6.7877802108718255,0.0687350171181541,0.3272030976787574,43.27480126682204
2022-09-26,6.57,6.77,6.57,6.68,397932,7.4997,6.946000000000003,7.633965115394531,6.258034884605475,17,7.135100000000006,6.783553535935676,0.1017358374375561,0.3181171621302746,44.75148988631672
2022-09-27,6.76,6.94,6.62,6.84,338972,7.479806,6.945000000000003,7.633520152210407,6.256479847789599,18,7.124100000000004,6.785767122761728,0.1069336850662433,0.3182516505495408,48.594536043677
2022-09-28,6.89,7.245,6.86,7.15,325950,7.46030988,6.963500000000003,7.653174560934238,6.273825439065769,19,7.117900000000005,6.8000507650063655,0.1403696553880411,0.3244479612245736,55.10981243783456
2022-09-29,7.05,7.08,6.91,7.04,295561,7.441203682399999,6.976500000000003,7.661635752971492,6.291364247028515,20,7.111750000000005,6.809460538927684,0.1600175997256927,0.3184159639942469,52.56399307555243
2022-09-30,7.01,7.335,6.93,6.95,1165921,7.422479608751999,7.002000000000004,7.641831227746636,6.362168772253373,21,7.105250000000004,6.814971890342285,0.0639544359725791,0.3246005379946579,50.50812880334402
2022-10-03,7.1,7.13,6.68,6.73,673772,7.404130016576959,7.022000000000003,7.598423455456006,6.445576544544,22,7.096900000000005,6.81163965934847,0.0239758504706769,0.3335576424236109,45.793231515277625
2022-10-04,6.81,7.21,6.81,7.2,485066,7.38614741624542,7.062000000000003,7.566800950870584,6.557199049129422,23,7.0914500000000045,6.8268694766289215,0.1044122888467684,0.3440178108219244,55.37687770822674
2022-10-05,7.13,7.38,7.11,7.28,400473,6.505,7.085500000000003,7.584918662046005,6.586081337954002,24,7.086900000000004,6.844639301074846,0.0849720542996301,0.3387308243346441,56.7776340672018
2022-10-06,7.24,7.45,7.19,7.3,338750,6.5225,7.110500000000004,7.600213181362127,6.62078681863788,25,7.082900000000004,6.862496583385636,0.0783802542570626,0.3331071940250266,57.13986114619175
2022-10-07,7.23,7.31,7.095,7.16,246031,6.5596,7.111000000000002,7.600893866056597,6.621106133943408,26,7.076150000000004,6.87416338403718,0.0356296932038248,0.3246709658803818,53.74447681070024
2022-10-10,7.17,7.34,7.11,7.25,250007,6.595216,7.103000000000003,7.5781041990972575,6.627895800902749,27,7.068200000000004,6.888902074859251,0.0274797969790053,0.3179087540317831,55.57217293087376
2022-10-11,7.21,7.35,7.155,7.25,335975,6.62940736,7.107000000000002,7.585627203572798,6.628372796427206,28,7.059550000000004,6.903062777805947,0.049418564759525,0.3091295573152272,55.57217293087376
2022-10-12,7.31,7.38,7.19,7.27,321969,6.6622310656,7.103500000000002,7.576248347432238,6.630751652567766,29,7.049850000000005,6.917452472793949,0.0073004734980801,0.3006203032212823,56.02004300606995
2022-10-13,7.08,7.43,6.98,7.41,410367,6.693741822976,7.106000000000002,7.58463973926108,6.627360260738923,30,7.042200000000004,6.936768062096147,0.0549156296818417,0.3112902815626192,59.1262087039723
2022-10-14,7.42,7.525,7.08,7.09,277902,6.723992150056961,7.096500000000002,7.56844385259261,6.624556147407393,-1,7.034200000000004,6.94277715770022,-0.0994161509976701,0.3208409757367178,50.369445344762944
2022-10-17,7.17,7.44,7.15,7.32,556485,6.772052621053543,7.091500000000002,7.5515989024111825,6.631401097588821,-1,7.0278000000000045,6.957570210339426,-0.1316003988942799,0.3229237631840951,55.47380963140521
2022-10-18,7.53,7.865,7.5075,7.7,680738,6.817229463790331,7.110000000000002,7.632494019104442,6.587505980895562,-1,7.022950000000004,6.986685104051606,-0.1198800886625254,0.3387863515280883,62.36138830541376
2022-10-19,7.72,8.0,7.325,7.5,476886,6.901051106687104,7.129500000000002,7.678953364717979,6.580046635282025,-1,7.018650000000004,7.006815099971151,-0.0998715415935443,0.3628016121332248,57.33451159710948
2022-10-20,7.5,7.66,7.38,7.38,236876,7.0109459960183935,7.1560000000000015,7.700073524443115,6.611926475556888,-1,7.014450000000004,7.021449801933066,-0.1075328087678806,0.356887211266566,54.49604755045297
2022-10-21,7.46,7.62,7.33,7.54,356397,7.109851396416554,7.202000000000001,7.711493866498891,6.692506133501111,-1,7.012950000000003,7.041785103818044,-0.0847084108606085,0.3521095533189541,57.51610384816424
2022-10-24,7.62,7.62,7.44,7.51,287518,7.198866256774898,7.2435,7.709516094142719,6.777483905857281,-1,7.011950000000004,7.060146472295767,-0.0980674528409646,0.3398160137961716,56.75549773762734
2022-10-25,7.5,7.8,7.5,7.55,386911,7.278979631097409,7.279000000000001,7.724371754829528,6.833628245170473,-1,7.010950000000004,7.079356414558679,-0.1427647267930012,0.3369720128107308,57.56134982096562
2022-10-26,7.62,7.92,7.455,7.47,258109,7.351081667987668,7.295,7.743664685483495,6.846335314516505,-1,7.010550000000004,7.094675770850495,-0.1920714987025371,0.3461168690385358,55.340190264098304
2022-10-27,7.53,7.7,7.35,7.38,293136,8.0,7.312,7.746262593369487,6.877737406630514,-1,7.009750000000004,7.105864956307339,-0.2394479255861648,0.3463942355357833,52.86856016006325
2022-10-28,7.37,7.82,7.295,7.62,461217,7.987,7.345500000000001,7.766046073575683,6.92495392642432,-1,7.011350000000005,7.126027114883521,-0.1112132537688311,0.3591517901403702,58.22649207439549
2022-10-31,7.57,7.69,7.45,7.59,310835,7.95932,7.3885,7.713539997538713,7.063460002461288,-1,7.012300000000003,7.144222129986128,-0.0385717877711165,0.3506409479874866,57.348872973192286
2022-11-01,7.71,7.76,7.59,7.67,270883,7.9327472,7.412000000000001,7.746938800379988,7.0770611996200135,-1,7.014850000000004,7.164840869986672,-0.1063343846315732,0.3377380231312376,59.11843726127526
2022-11-02,7.64,7.685,7.35,7.39,408788,7.907237311999999,7.417499999999999,7.747158914637632,7.087841085362367,-1,7.0175000000000045,7.1736706397911165,-0.164124206255981,0.3375424500504349,51.12359424428199
2022-11-03,7.66,7.8,6.93,7.02,469800,7.88274781952,7.403500000000001,7.773271551095999,7.033728448904003,-1,7.018850000000004,7.1676443401914645,-0.2050976341904084,0.3755751321896895,42.87277670244725
2022-11-04,7.11,7.11,6.16,6.63,550387,7.825582950348799,7.377000000000001,7.868654350128224,6.885345649871778,-1,7.017100000000004,7.1465602484192505,-0.1848511597651443,0.416605479890426,36.23462799458234
2022-11-07,6.7,7.365,6.7,7.31,486921,7.8,7.380000000000001,7.869244315245438,6.890755684754564,-1,7.018850000000004,7.152969650442025,-0.1343514013376885,0.4393479456125385,50.59755101113732
2022-11-08,7.32,7.45,7.14,7.23,362273,7.6688,7.379,7.869383523377368,6.888616476622633,-1,7.018550000000005,7.155990448463907,-0.1521242834758697,0.4301088066402143,49.19366177716092
2022-11-09,7.18,7.38,6.84,6.89,650944,7.548096,7.360000000000001,7.893366665625042,6.826633334374961,-1,7.016500000000004,7.14555945048493,-0.2045467129358763,0.4379581775944848,43.65040227057643
2022-11-10,7.22,7.59,7.22,7.42,645338,6.16,7.360500000000002,7.894071925798139,6.826928074201865,-1,7.017800000000005,7.156321824975717,-0.2369970596404455,0.4566754506234502,52.61409351082151
2022-11-11,7.49,7.695,7.4,7.64,464972,6.1886,7.388000000000001,7.919661546474834,6.856338453525168,-1,7.021200000000005,7.175289596545297,-0.167198942847876,0.4451272041503466,55.75997884727454
2022-11-14,7.77,8.038,7.7601,7.79,540673,6.248856,7.411500000000002,7.969936209427662,6.853063790572342,-1,7.024800000000004,7.199395886876854,-0.2280061229536329,0.4417609752824648,57.81630308982343
2022-11-15,8.05,8.05,7.87,8.0,380158,6.35620464,7.426500000000002,8.029468490055502,6.823531509944504,-1,7.027450000000004,7.230792126607173,-0.2222150105628906,0.4287780484765745,60.57890122170205
2022-11-16,7.96,8.025,7.85,7.9,275682,6.4917082688,7.446500000000002,8.083470171985969,6.809529828014036,-1,7.0297000000000045,7.257035572622578,-0.2139718270014602,0.4106510450139621,58.61049883831537
2022-11-17,7.75,7.98,7.676,7.96,368642,6.616371607296,7.475500000000002,8.149457713806903,6.801542286193102,-1,7.032150000000006,7.284602805068752,-0.1428617094741485,0.4030331132272505,59.461626573948806
2022-11-18,8.1,8.1,7.92,7.96,319329,6.73106187871232,7.496500000000003,8.20259560259201,6.790404397407995,-1,7.035650000000005,7.311088969575859,-0.184663857954613,0.3871021765681612,59.461626573948806
2022-11-21,7.87,7.92,7.39,7.44,481343,6.867955690841088,7.493000000000004,8.199487084099735,6.786512915900274,-1,7.036450000000006,7.316144304102297,-0.2193438459113143,0.4001663068132925,49.276511006773845
2022-11-22,7.47,7.72,7.31,7.64,532006,6.9911601217569785,7.497500000000004,8.206523977027395,6.788476022972612,-1,7.037750000000006,7.328844527470834,-0.1473559338613155,0.400868713469486,52.63683553839076
2022-11-23,7.63,7.74,7.51,7.63,508054,7.10204410958128,7.505500000000002,8.216709533119325,6.794290466880681,-1,7.038250000000008,7.34065454600139,-0.1131498118756728,0.3886638053645228,52.44973712382585
2022-11-25,7.62,7.81,7.58,7.75,208012,7.201839698623152,7.524000000000003,8.240418871889775,6.807581128110231,-1,7.037100000000007,7.356707308903296,-0.0748877929749424,0.3773306764099139,54.53804429186464
2022-11-28,7.66,7.8,7.58,7.69,260289,7.291655728760837,7.527500000000003,8.246440192227245,6.808559807772761,-1,7.036150000000007,7.369777610514931,-0.0895853551170842,0.366092770952063,53.27811833652407
2022-11-29,7.63,7.63,7.1,7.18,487542,8.1,7.507000000000003,8.240869198154403,6.773130801845604,-1,7.032850000000007,7.362335351279051,-0.1329817367073612,0.3820861444554871,43.97806943420534
2022-11-30,7.13,7.47,7.085,7.46,558605,8.08,7.496500000000003,8.226740371384508,6.766259628615498,-1,7.031250000000007,7.366165337503402,-0.0678256662188367,0.3822942769943809,49.2190189853656
2022-12-01,7.48,7.695,7.42,7.47,406175,8.0402,7.500500000000004,8.229237950157458,6.771762049842551,-1,7.028650000000007,7.370237285052288,-0.0619627761340166,0.3746304000662109,49.401081189981305
2022-12-02,7.35,7.57,7.29,7.49,237916,8.001992000000001,7.524000000000004,8.218763269034678,6.829236730965328,-1,7.025350000000008,7.374933862109061,-0.0092198468830819,0.3678710857757673,49.78881516664446
2022-12-05,7.43,7.6,7.4,7.49,224428,7.9653123200000016,7.567000000000005,8.12885763321296,7.00514236678705,-1,7.025100000000008,7.379446259673411,-0.0115598680779074,0.355880293934641,49.78881516664446
2022-12-06,7.46,7.535,7.06,7.32,458506,7.930099827200001,7.567500000000004,8.12845900028408,7.006540999715929,-1,7.025100000000008,7.377115033803866,-0.0549565523022729,0.364388844367881,46.29189382785539
2022-12-07,7.34,7.41,6.94,7.0,430710,7.877893837568001,7.556000000000004,8.152469613643213,6.959530386356795,-1,7.023350000000007,7.362326208948812,-0.0745149307112453,0.3719324983416037,40.52243188412589
2022-12-08,6.95,7.16,6.55,6.57,1022223,7.802862330562561,7.540000000000004,8.21858676674371,6.8614132332562985,-1,7.020200000000008,7.331254592911604,-0.119588728705798,0.388937319888632,34.33065118003634
2022-12-09,6.63,6.96,6.53,6.9,493542,7.677576097506304,7.514000000000005,8.246677282300816,6.781322717699193,-1,7.018100000000008,7.314342648091541,-0.0866359725730095,0.3918703684680155,41.69382096764881
2022-12-12,6.81,7.24,6.81,7.2,491982,7.539866965805548,7.492000000000004,8.234579288695658,6.749420711304352,-1,7.016700000000007,7.309858622676186,-0.0738337350211492,0.394593913577443,47.46114924345066
2022-12-13,7.69,7.76,7.0,7.09,487984,6.53,7.457000000000005,8.206055405160186,6.707944594839825,-1,7.014250000000008,7.3012367159045715,-0.0682703933745813,0.4206943483219114,45.67706880810319
2022-12-14,7.08,7.28,6.67,7.03,333089,6.554600000000001,7.408500000000005,8.135941406574892,6.681058593425119,-1,7.012300000000008,7.29059998194753,-0.0813272918595158,0.434216180584632,44.69026157150312
2022-12-15,6.96,6.995,6.54,6.6,350700,7.76,7.343500000000004,8.11466211006491,6.5723378899351,-1,7.00725000000001,7.263517629714293,-0.0967938733199449,0.4382007391143011,38.30357885531354
2022-12-16,6.89,6.89,6.62,6.76,842834,7.7356,7.283500000000004,8.04005204711887,6.5269479528811365,-1,7.00190000000001,7.243771840313733,-0.1233964308617978,0.4276149720347081,41.64533121685971
2022-12-19,6.75,6.86,6.56,6.64,293907,7.711688,7.217500000000004,7.956577127233534,6.478422872766473,-1,6.99695000000001,7.220094513242606,-0.1193226614631865,0.4184996168893719,39.8997871512886
2022-12-20,6.6,6.785,6.57,6.62,227261,7.68825424,7.176500000000004,7.9517489922597635,6.401251007740245,-1,6.99305000000001,7.1965613950762295,-0.0923743835599766,0.4039639299687024,39.601857664917766
2022-12-21,6.68,6.76,6.615,6.63,305073,7.6652891552,7.126000000000003,7.905471615903877,6.346528384096129,1,6.9894500000000095,7.174343301151671,-0.160438189495624,0.3854665063995094,39.84372572839767
2022-12-22,6.54,6.6,6.2,6.37,552674,7.642783372096,7.063000000000004,7.872446724621051,6.253553275378957,2,6.98225000000001,7.142800426596704,-0.1717176261412099,0.3886474702281158,35.82657381818487
2022-12-23,6.35,6.35,6.09,6.27,375733,7.58507203721216,6.9890000000000025,7.804276640165685,6.17372335983432,3,6.97460000000001,7.108572958887029,-0.1633669984267967,0.3808869366403933,34.39040041074527
2022-12-27,6.18,6.33,6.07,6.12,242859,7.49536771497943,6.910500000000003,7.74283346682675,6.078166533173257,4,6.966100000000011,7.069805391871851,-0.1806271542461891,0.3722521554517938,32.2988668756618
2022-12-28,6.09,6.195,5.94,6.03,349628,7.381338297781076,6.853000000000004,7.758584893866825,5.947415106133184,5,6.95785000000001,7.029028709837661,-0.1561485775464439,0.3638770014909513,31.077598840953343
2022-12-29,6.07,6.31,5.95,6.2,282233,7.237204468002968,6.790000000000004,7.6932164746060465,5.886783525393961,6,6.95035000000001,6.996517780040105,-0.2112037821021538,0.3636000728130262,36.0001870132424
2022-12-30,6.14,6.33,6.08,6.21,309925,7.107484021202671,6.727000000000004,7.607184071657612,5.846815928342396,7,6.94225000000001,6.965673945528729,-0.1810657576342598,0.35548578189781,36.288448781143934
2023-01-03,6.3,6.48,6.18,6.28,364586,6.990735619082404,6.666500000000004,7.493307716461222,5.839692283538786,8,6.93470000000001,6.9387847711942685,-0.2048287896247893,0.3515225117622522,38.38067202119472
2023-01-04,6.3,6.41,6.18,6.32,421188,6.885662057174164,6.608000000000002,7.355197430402355,5.86080256959765,9,6.92755000000001,6.91451870173567,-0.1869621684686348,0.3428423323506628,39.60124696325581
2023-01-05,6.3,6.54,6.09,6.43,345979,6.791095851456747,6.563500000000003,7.23828218707953,5.888717812920476,10,6.92280000000001,6.895517968334271,-0.1737809673046981,0.3504964514684726,42.94808791051203
2023-01-06,6.49,6.605,6.44,6.51,282515,6.705986266311072,6.539000000000003,7.18351221865826,5.894487781341747,11,6.918800000000012,6.880399616634888,-0.1436728876642436,0.337960990649296,45.32114663304485
2023-01-09,6.62,6.81,6.56,6.65,210856,5.94,6.543000000000002,7.189222871770933,5.896777128229071,12,6.916900000000011,6.871364337551166,-0.0406157236722797,0.3352494913172034,49.29584827583414
2023-01-10,6.61,6.825,6.57,6.76,297064,5.957400000000001,6.536000000000003,7.16951085231412,5.902489147685886,13,6.912950000000011,6.866997108627591,-0.0702258979987662,0.329517384794546,52.233866953943554
2023-01-11,6.76,7.115,6.68,7.02,458532,5.992104,6.527000000000003,7.12673660885408,5.927263391145925,14,6.910150000000011,6.872997222014744,-0.0899332401967159,0.3370518573092213,58.37354753931103
2023-01-12,7.09,7.215,6.95,7.06,305111,6.05947776,6.525500000000003,7.1197213392329415,5.931278660767064,15,6.907800000000012,6.880330664288676,-0.0474050049579727,0.3319052960728483,59.241537718151946
2023-01-13,7.02,7.18,6.99,7.11,320256,6.1519195392,6.529500000000003,7.138153431765367,5.920846568234639,16,6.905850000000012,6.889337304904806,-0.0440985753245549,0.3217692034962163,60.354384244674165
2023-01-17,7.06,7.06,6.62,6.69,310267,6.236965976064,6.534000000000003,7.145993464017162,5.922006535982844,17,6.902300000000012,6.8815201556928525,-0.0377762406175361,0.3337856889607723,48.40000874469708
2023-01-18,6.73,6.99,6.53,6.67,239119,6.31520869797888,6.529500000000003,7.136079755679131,5.922920244320875,18,6.8994500000000105,6.873225247626466,-0.0605007639531444,0.3428009968921457,47.91333284554488
2023-01-19,6.59,6.72,6.525,6.68,259386,6.38719200214057,6.531500000000003,7.139785294906718,5.923214705093288,19,6.895700000000012,6.865647786935232,-0.0159143304824628,0.332243782828421,48.19383135802243
2023-01-20,6.8,6.99,6.72,6.91,296757,6.453416641969325,6.546000000000004,7.175488681391244,5.916511318608764,20,6.8929000000000125,6.86738708940836,0.021386565772616,0.3306549411978195,54.29087644477715
2023-01-23,6.91,7.04,6.8,6.89,263067,6.514343310611778,6.559000000000003,7.205402351480672,5.912597648519334,21,6.891400000000012,6.868273870215875,0.048682079901616,0.3241795882551181,53.6990540298054
2023-01-24,6.84,7.02,6.84,6.86,245491,6.570395845762836,6.583500000000004,7.23650153139156,5.930498468608447,22,6.891450000000011,6.867949404717213,0.0336216068089172,0.3138810462368954,52.76981788389832
2023-01-25,6.81,6.965,6.73,6.88,301549,6.621964178101809,6.6140000000000025,7.262549150026228,5.965450849973777,23,6.891700000000012,6.868421977081244,0.0240232110333246,0.3082466857914028,53.349393595958645
2023-01-26,6.94,7.025,6.765,6.89,332883,6.669407043853664,6.652500000000003,7.269845122277413,6.035154877722594,24,6.892200000000011,6.86926817405845,0.0457271049202729,0.3048004939491598,53.65561978069431
2023-01-27,6.88,6.9341,6.72,6.78,381071,6.713054480345371,6.690000000000003,7.23885335017628,6.141146649823726,25,6.891800000000012,6.865767461350276,0.0351147226446522,0.2983218872385055,49.78433509287279
2023-01-30,6.74,6.98,6.74,6.89,234475,7.215,6.724500000000004,7.230917811692746,6.218082188307261,26,6.891600000000012,6.866717756983599,0.027111340348005,0.2941560381500408,53.40481094778932
2023-01-31,6.9,7.02,6.79,7.02,398589,7.2055,6.765000000000003,7.228055072318303,6.301944927681704,27,6.891200000000013,6.872728825337183,0.0883338729298081,0.2895734639964664,57.32110220794935
2023-02-01,7.01,7.04,6.8,6.96,403692,7.19619,6.799000000000002,7.211742050195728,6.386257949804277,28,6.890050000000013,6.876151224343568,0.1283853012906851,0.2860325022824331,55.02248482817985
2023-02-02,7.02,7.41,7.0,7.33,633268,6.74,6.849500000000004,7.262608944468307,6.4363910555317,29,6.8910000000000124,6.89394921554578,0.1693901255773469,0.2977444664051165,64.48143128633501
2023-02-03,7.29,7.565,7.29,7.35,552335,6.7534,6.895500000000003,7.316331320126861,6.474668679873145,30,6.890900000000012,6.911833560034181,0.0916199112146978,0.2961198616618938,64.91099864326674
2023-02-06,7.27,7.45,6.93,7.1,381725,6.785864,6.9250000000000025,7.315205074287558,6.534794925712447,-1,6.889400000000012,6.919212636111272,0.077200456783438,0.3121113001146157,55.822722315052346
2023-02-07,7.09,7.15,6.83,7.04,423684,6.81702944,6.944500000000002,7.31633195128953,6.572668048710475,-1,6.889350000000013,6.9239493954794575,0.1020658346460977,0.3126747786778575,53.873183885120014
2023-02-08,6.96,7.06,6.9,6.91,396171,6.83,6.952000000000003,7.3145796464223665,6.589420353577639,-1,6.889700000000013,6.9234023603626165,0.0316784806136076,0.3017694373437248,49.813911288894566
2023-02-09,7.03,7.03,6.75,6.81,297021,7.565,6.941500000000003,7.307738993008312,6.575261006991694,-1,6.889350000000012,6.918955208975847,-0.028939143965973,0.3002144775334588,46.88725505296094
2023-02-10,6.74,7.03,6.69,6.76,259180,7.5487,6.9265000000000025,7.296649969606573,6.556350030393432,-1,6.889700000000013,6.912721671368951,-0.0436544298935522,0.3030563005667832,45.44943592931007
2023-02-13,6.77,6.99,6.705,6.96,283254,7.514352000000001,6.919000000000004,7.279937667748423,6.558062332251585,-1,6.890100000000013,6.9145757234721295,-0.0236734778130594,0.3017665648120129,51.81459984286691
2023-02-14,6.93,7.0,6.8,6.94,274304,7.481377920000001,6.931500000000004,7.276827380900579,6.58617261909943,-1,6.889550000000011,6.915572753924203,0.0230546731632306,0.2944975244682977,51.17158075842273
2023-02-15,6.89,7.205,6.89,7.15,307356,7.449722803200001,6.955500000000003,7.291385397121833,6.6196146028781735,-1,6.891400000000012,6.924765979260509,0.065222121068929,0.2959619870062764,57.180389844444136
2023-02-16,7.04,7.275,6.97,7.12,402291,7.419333891072001,6.977500000000004,7.295485848741189,6.6595141512588185,-1,6.892400000000012,6.93242221536794,0.0413281146054653,0.296607559362971,56.11795040224578
2023-02-17,7.17,7.22,6.98,7.12,320282,7.390160535429121,6.988000000000004,7.310217317969776,6.665782682030232,-1,6.893950000000013,6.9397782069221385,0.0316699189032911,0.2925641622656159,56.11795040224578
2023-02-21,7.04,7.15,6.74,6.77,309669,7.362154114011957,6.982000000000005,7.315562587829604,6.648437412170405,-1,6.893950000000013,6.933120238023231,0.0036434984403251,0.3009524363895005,44.84396984695972
2023-02-22,6.76,7.015,6.7,6.88,290525,7.335267949451478,6.983000000000004,7.315210776465197,6.650789223534812,-1,6.896100000000013,6.931037091434085,0.0359790765883041,0.3019558337902505,48.35559448396399
2023-02-23,6.89,6.95,6.82,6.92,328471,7.309457231473419,6.985000000000004,7.315181768121167,6.654818231878841,-1,6.896500000000014,6.930604264319023,0.0488070995277881,0.289673274233804,49.611899414235744
2023-02-24,6.79,6.89,6.73,6.86,241026,7.284678942214483,6.983500000000004,7.315661105488941,6.651338894511067,-1,6.898500000000014,6.927835469639846,0.0723977906306512,0.2825537546456751,47.73606566092919
2023-02-27,6.87,7.01,6.777,6.87,264606,7.260891784525904,6.988000000000004,7.311332646046819,6.664667353953189,-1,6.898850000000015,6.925567412006911,0.0898990492238173,0.2790142007424126,48.08836081327586
2023-02-28,6.93,6.97,6.83,6.86,480525,7.238056113144868,6.986500000000004,7.311908973446719,6.661091026553289,-1,6.899150000000015,6.9229961409478165,0.0408751253870002,0.2690846149750974,47.74179319777036
2023-03-01,6.83,6.92,6.74,6.79,365120,7.216133868619074,6.975000000000003,7.310946424299537,6.639053575700469,-1,6.898450000000015,6.917780606008686,-0.0366764884775654,0.2627214281911619,45.281689839909376
2023-03-02,7.45,8.05,7.24,7.58,3156856,6.69,7.006000000000003,7.4328208054906515,6.579179194509354,-1,6.900100000000014,6.943749994008345,-0.0908760725038531,0.3339556118917932,66.35369126072142
2023-03-03,7.78,8.33,7.7,7.985,2769939,6.7172,7.038750000000003,7.629155580935397,6.448344419064608,-1,6.903475000000015,6.984583327576646,-0.1285295480310672,0.3636730681852366,72.25300710281988
2023-03-06,8.05,9.23,8.05,9.21,2964287,6.781712,7.131750000000004,8.244167525032642,6.019332474967366,-1,6.911875000000014,7.071854569632463,0.1115542065707951,0.4266249918862911,82.33939326535489
2023-03-07,9.21,9.21,8.645,9.0,1126624,6.92860928,7.226750000000004,8.604880164389312,5.848619835610696,-1,6.920075000000015,7.147468115921386,0.1337131948780019,0.4365089210372704,77.16110753591416
2023-03-08,9.03,9.045,8.65,8.79,640713,7.0666927232,7.314250000000004,8.84734906724901,5.781150932750999,-1,6.926925000000015,7.211881130983293,0.1112327296065617,0.4335439981060368,72.26668811030781
2023-03-09,8.25,8.26,6.6,6.81,3996786,9.23,7.309250000000003,8.848231075257198,5.770268924742808,-1,6.924275000000015,7.196121086631007,-0.0480750896425767,0.5590051410984628,43.95595840915785
2023-03-10,6.6,6.725,6.125,6.6,8153620,9.1774,7.298750000000004,8.853992344459469,5.743507655540538,-1,6.917775000000015,7.1727437891160655,0.1488295275341279,0.568004773877144,42.07335498704831
2023-03-13,6.425,6.46,6.075,6.3,2711060,9.055304,7.275750000000004,8.875160125640004,5.676339874360003,-1,6.910475000000015,7.138518542484063,0.1571752412706899,0.5649330043144908,39.47246500575525
2023-03-14,6.43,6.605,6.28,6.57,1524924,8.87648576,7.256250000000003,8.879909062118578,5.632590937881428,-1,6.902825000000015,7.116223697680766,0.1825661412755116,0.5477949325777415,42.89402069921457
2023-03-15,6.49,6.55,6.315,6.53,1020995,8.7083966144,7.235750000000003,8.88501430568293,5.586485694317076,-1,6.894975000000016,7.093234533065834,0.2017264150361917,0.5268810088221885,42.51062343403795
2023-03-16,6.38,6.62,6.24,6.5,975688,8.550392817536,7.203250000000002,8.883322245470374,5.52317775452963,-1,6.887275000000016,7.069970433729919,0.2024946850048226,0.5163895081920321,42.20592402407587
2023-03-17,6.3,6.56,6.245,6.5,1228907,8.401869248483841,7.172250000000001,8.879975021776023,5.464524978223979,-1,6.880225000000016,7.047618652015021,0.2207468958092006,0.5020045433211726,42.20592402407588
2023-03-20,6.66,6.9725,6.575,6.88,962241,8.26225709357481,7.16025,8.87264152941141,5.4478584705885895,-1,6.874725000000016,7.041045371543843,0.2302751015504837,0.4998970759410888,47.71160633356493
2023-03-21,6.95,7.135,6.65,7.07,1842528,8.131021667960322,7.175250000000001,8.878938571893318,5.471561428106683,-1,6.870125000000015,7.042180847169575,0.2662291886724636,0.4988329990881539,50.2629140799574
2023-03-22,7.15,7.2,6.87,6.88,846230,8.007660367882703,7.175250000000001,8.878938571893336,5.471561428106666,-1,6.865925000000016,7.035820813947239,0.2385786238267943,0.4867734991532857,47.75363664376223
2023-03-23,6.96,7.16,6.78,6.88,891725,7.891700745809741,7.173250000000001,8.878225879594753,5.468274120405249,-1,6.862775000000015,7.029710193792445,0.2182922256889428,0.4791468206423367,47.75363664376224
2023-03-24,6.8,6.96,6.7,6.89,462536,7.782698701061157,7.17475,8.878673340411746,5.470826659588255,-1,6.859275000000014,7.024231362663329,0.2186902641860917,0.4634934763107412,47.91236387170591
2023-03-27,6.89,7.02,6.805,6.93,448441,7.680236778997487,7.1777500000000005,8.879726718407134,5.475773281592866,-1,6.856125000000016,7.020536015107904,0.2210467082292927,0.4457439422885454,48.585228884452654
2023-03-28,6.88,7.17,6.88,7.03,454306,7.583922572257638,7.186250000000001,8.883485620059833,5.48901437994017,-1,6.853475000000016,7.02090715177034,0.229147925995381,0.4346193749822208,50.31328666726752
2023-03-29,7.13,7.2,7.06,7.09,338880,7.49338721792218,7.201250000000002,8.889491318650819,5.513008681349184,-1,6.851075000000016,7.023616675230326,0.2284535338340347,0.4157179910549193,51.36941282846856
2023-03-30,7.18,7.25,7.09,7.15,611402,7.408283984846849,7.179750000000001,8.859078660506905,5.500421339493098,-1,6.851125000000016,7.028572884044824,0.2559858542207173,0.3974524202652822,52.457692386723465
2023-03-31,7.2,7.5,7.2,7.42,991482,6.075,7.151500000000001,8.794305831496802,5.508694168503201,-1,6.852125000000016,7.043922967023458,0.2926938771796499,0.3940629616749049,57.10918614531189
2023-04-03,7.44,7.49,7.17,7.24,693173,6.1035,7.053000000000002,8.399879356141389,5.706120643858615,-1,6.850825000000016,7.051612262434303,0.2061706246340528,0.3887727501266974,53.36093211679357
2023-04-04,7.28,7.32,7.075,7.15,899232,6.13143,6.9605000000000015,7.97222081129126,5.948779188708743,-1,6.851875000000016,7.055470605083938,0.1862704244290297,0.3785032679747905,51.53947997286359
2023-04-05,7.06,7.1,6.87,6.99,698762,6.1588014,6.8705000000000025,7.437896686630983,6.3031033133690215,-1,6.853275000000016,7.052903130374764,0.1931976387902092,0.3714673202623055,48.37790440636634
2023-04-06,6.95,7.05,6.87,6.94,652968,6.185625372,6.877000000000001,7.444453962890277,6.309546037109724,-1,6.854725000000015,7.048475556634577,0.3252151906983019,0.3577910831007122,47.39938168203982
2023-04-10,6.87,7.02,6.78,6.81,675230,6.21191286456,6.887500000000001,7.441679573784383,6.333320426215619,-1,6.8562250000000144,7.039123574021457,0.1756901700642602,0.3493774343078041,44.85882001709925
2023-04-11,6.75,6.75,6.47,6.48,743557,6.2376746072688,6.896500000000001,7.417048748917777,6.375951251082226,-1,6.857575000000015,7.017197159353949,0.1283827076478808,0.3487076175715324,39.12589086942933
2023-04-12,6.5,6.54,6.06,6.1,946435,7.5,6.873000000000002,7.484820235036244,6.26117976496376,-1,6.857775000000015,6.981228643300853,0.0117553308484724,0.3580856448878515,33.7733796001815
2023-04-13,6.07,6.35,5.74,6.12,1046292,7.4712,6.852500000000002,7.53258455356656,6.172415446433443,-1,6.857225000000015,6.947454971014546,-0.0242117949337383,0.3760795273958621,34.282948021780186
2023-04-14,6.16,6.38,6.16,6.33,836703,7.401952,6.844000000000003,7.54541000848273,6.142589991517276,-1,6.859475000000015,6.923241050582603,-0.0184620434904314,0.3677881325818719,39.54300504578536
2023-04-17,6.35,6.79,6.31,6.7,866435,7.33547392,6.854000000000002,7.541063315859472,6.166936684140532,-1,6.864675000000013,6.914486499579364,-0.0326633338405069,0.375803265968881,47.51416625513178
2023-04-18,6.77,6.93,6.635,6.69,520515,7.2716549632,6.844500000000001,7.535107703403203,6.153892296596799,-1,6.870975000000013,6.905683107438996,-0.0879596266339318,0.3700316041139609,47.332523677588725
2023-04-19,6.65,6.7,6.485,6.5,550542,7.210388764672,6.8160000000000025,7.514037248289644,6.117962751710361,-1,6.876475000000014,6.8897739659708,-0.224540955819921,0.3589579181058209,43.898652365547534
2023-04-20,6.41,6.61,6.31,6.47,736717,7.15157321408512,6.795500000000002,7.508731379006709,6.082268620993296,-1,6.882425000000015,6.873312241815083,-0.1662794382074128,0.3547466382411194,43.36371470959163
2023-04-21,6.45,6.58,6.36,6.45,429662,7.095110285521716,6.774000000000003,7.501527319074524,6.046472680925481,-1,6.888725000000014,6.856711761743903,-0.1466191570442229,0.3451218783667538,42.98762722549798
2023-04-24,6.45,6.5925,6.37,6.48,332706,7.040905874100847,6.7535000000000025,7.489849781014285,6.01715021898572,-1,6.894725000000014,6.841938751479437,-0.1641538021436277,0.3363631727691286,43.77533515950394
2023-04-25,6.39,6.46,6.11,6.15,433792,6.988869639136813,6.714500000000003,7.490862672982004,5.938137327018001,1,6.898975000000014,6.814803898480244,-0.1946205992846606,0.3387658032856194,37.61828776594884
2023-04-26,6.12,6.26,6.02,6.06,443456,6.93891485357134,6.666000000000002,7.4778472762778785,5.854152723722126,2,6.903375000000015,6.785203745598666,-0.2179263745682898,0.3317111030509322,36.12592222601587
2023-04-27,6.14,6.19,6.0,6.06,590356,6.890958259428487,6.614500000000004,7.44273849222292,5.786261507777088,3,6.907625000000016,6.7567643830261686,-0.2156671989910168,0.3215888814044371,36.12592222601587
2023-04-28,6.04,6.27,6.04,6.22,430674,6.844919929051348,6.568000000000003,7.374910156089093,5.761089843910913,4,6.912675000000015,6.735714799378084,-0.1892372816193429,0.3150468184469773,40.955431259641614
2023-05-01,6.2,6.365,6.115,6.3,401842,6.800723131889294,6.512000000000003,7.224561576286375,5.799438423713632,5,6.919725000000015,6.718627944500511,-0.2187359176546793,0.3104006171293361,43.26527183514451
2023-05-02,6.48,6.48,6.1,6.16,579936,6.758294206613722,6.458000000000003,7.102099371215143,5.813900628784863,6,6.925425000000015,6.696720966284805,-0.2212061085717228,0.3153720016200978,40.294491995117646
2023-05-03,6.18,6.32,6.02,6.04,616918,6.717562438349173,6.402500000000003,6.987063940043956,5.817936059956051,7,6.929775000000015,6.670967202901087,-0.2410273948625584,0.3142740015043766,37.892756772232985
2023-05-04,5.82,5.86,5.57,5.71,816769,6.678459940815206,6.338500000000003,6.931973672541361,5.745026327458645,8,6.930075000000016,6.6332822145520245,-0.243406754868507,0.3253972871112068,32.20745826453049
2023-05-05,5.71,5.87,5.66,5.71,920904,6.611952344366294,6.277000000000003,6.863279796683935,5.69072020331607,9,6.929825000000015,6.597075068883318,-0.2644646979669617,0.3171546237461206,32.20745826453049
2023-05-08,5.95,6.12,5.83,5.84,657279,6.549435203704316,6.228500000000004,6.790363862514495,5.666636137485513,10,6.930175000000016,6.567385850495737,-0.273012107575178,0.3237864363356834,36.55640073418224
2023-05-09,5.52,5.655,5.16,5.53,1206442,6.490669091482057,6.181000000000003,6.806776317864274,5.555223682135732,11,6.928775000000017,6.52670405243708,-0.167212408471024,0.349230262311706,31.38583097400949
2023-05-10,5.61,5.97,5.52,5.76,1024238,6.384215564163492,6.164000000000003,6.81559496621732,5.512405033782686,12,6.9273750000000165,6.496637226851313,-0.1024916471715577,0.3564281007180127,38.35273188530172
2023-05-11,5.7,5.755,5.345,5.55,820302,6.286278319030413,6.135500000000003,6.840013307184276,5.43098669281573,13,6.924975000000017,6.45951419834734,-0.1237116090377999,0.3606118078095832,34.87121105349358
2023-05-12,5.57,5.69,5.48,5.58,577351,6.19617605350798,6.098000000000003,6.836149036441671,5.359850963558336,14,6.921575000000016,6.425023445470973,-0.1635331528571809,0.3498538215374701,35.76824550329751
2023-05-15,5.57,5.6,5.5,5.58,701082,6.113281969227342,6.042000000000003,6.758591934087827,5.32540806591218,15,6.917475000000016,6.391885271138778,-0.1750965792733666,0.3320071199990794,35.76824550329751
2023-05-16,5.57,5.7505,5.52,5.62,794564,6.037019411689155,5.988500000000003,6.662065883934004,5.314934116066001,16,6.912525000000016,6.361615260505885,-0.1544872257714594,0.3247566114277166,37.10774148054654
2023-05-17,5.66,5.77,5.61,5.72,581573,5.966857858754023,5.949500000000003,6.589577339076901,5.309422660923105,17,6.907875000000015,6.336453877740948,-0.1012972434723305,0.3129882820400225,40.45115185761292
2023-05-18,5.75,5.85,5.715,5.81,637478,5.902309230053701,5.916500000000004,6.512361561102704,5.320638438897303,18,6.902625000000016,6.31580862763346,-0.0858674399644975,0.3002748333228781,43.36907177238847
2023-05-19,5.88,5.93,5.75,5.82,584143,5.16,5.885000000000003,6.429077200404269,5.340922799595738,19,6.896775000000016,6.29636515203999,-0.0887890392374515,0.2916837737998153,43.69918041419496
2023-05-22,5.86,6.31,5.86,6.23,942731,5.1754,5.872500000000004,6.370892415672365,5.374107584327643,20,6.896375000000015,6.29376259705803,-0.0404350369805347,0.3058492185283999,55.22363936817274
2023-05-23,6.2,6.49,6.14,6.23,962994,5.220784,5.876500000000005,6.384920101883921,5.36807989811609,21,6.895275000000015,6.291262103055754,-0.048251274293545,0.3090028457763714,55.22363936817274
2023-05-24,6.17,6.29,5.92,5.93,546121,5.29693696,5.870000000000005,6.3721553544468765,5.367844645553134,22,6.894475000000016,6.27709496175945,-0.0632585302846407,0.3133597853637734,47.05069350412864
2023-05-25,5.93,6.065,5.81,5.93,738488,5.3685207424,5.8635000000000055,6.358970483479773,5.368029516520238,23,6.893875000000016,6.263483394631629,-0.0506445928654028,0.3091912292663611,47.05069350412864
2023-05-26,5.96,6.255,5.96,6.2,968145,5.435809497856001,5.862500000000006,6.355161141150426,5.369838858849586,24,6.8938250000000165,6.260993849744114,-0.0247191623182043,0.3103204271759067,54.13569987139355
2023-05-30,6.25,6.3591,6.21,6.22,667381,5.49906092798464,5.858500000000006,6.338011209461945,5.378988790538066,25,6.892525000000017,6.259386247793365,-0.0745196194920111,0.2995189680919133,54.62008914983208
2023-05-31,6.2,6.3,6.06,6.2,1109441,5.558517272305562,5.860500000000005,6.345328835775752,5.375671164224259,26,6.890525000000017,6.25705737533088,-0.0353895829851843,0.2952676132282053,54.00583916674768
2023-06-01,6.19,6.4,6.16,6.34,725705,5.614406235967229,5.875500000000005,6.39866249865571,5.3523375013443,27,6.887175000000017,6.260310027278688,0.0210051680326776,0.2913199265690478,57.60033433359075
2023-06-02,6.4,6.815,6.4,6.77,752294,5.666941861809195,5.928500000000005,6.574263888739295,5.282736111260715,28,6.885325000000016,6.280297869346191,0.0598692945078791,0.3044399318141159,66.30935997373354
2023-06-05,6.74,6.84,6.64,6.7,433153,5.75878651286446,5.978000000000006,6.696821257337068,5.259178742662944,29,6.883625000000016,6.296756776430653,0.0817940224470248,0.2969799366845362,64.00456470795336
2023-06-06,6.66,7.19,6.64,7.16,711693,5.866907861578014,6.044000000000006,6.924281773070222,5.16371822692979,30,6.883725000000016,6.3306094518647456,0.1619701194000185,0.3150527983499265,71.11077274422192
2023-06-07,7.15,7.78,7.15,7.75,1858074,6.025678918188652,6.155000000000006,7.275205338319565,5.034794661680446,-1,6.8873750000000165,6.386271826301422,0.2226037421951697,0.3375490270392175,77.30065823199024
2023-06-08,7.76,7.84,7.53,7.76,1146771,6.271283869642241,6.255000000000005,7.558403237681892,4.951596762318118,-1,6.892025000000017,6.44014351938764,0.2508537380666654,0.3355812393935591,77.38908778809812
2023-06-09,7.74,7.97,7.74,7.86,1056943,6.522278450499483,6.370500000000005,7.806222466216795,4.934777533783215,-1,6.897125000000017,6.495824165686164,0.2500409268184742,0.3280397222940191,78.29950106742933
2023-06-12,7.86,7.955,7.75,7.84,805581,6.782868329409576,6.483500000000007,8.005712534437802,4.961287465562212,-1,6.901225000000018,6.548536943502393,0.2423984484489509,0.3192511707015892,77.62630112282952
2023-06-13,7.85,8.11,7.64,7.92,1312690,6.996552030115852,6.600500000000007,8.185371919115097,5.015628080884916,-1,6.904975000000018,6.602319808463084,0.2240818507470403,0.3300189442229042,78.42535029273067
2023-06-14,7.93,7.98,7.64,7.81,697363,7.219241624092682,6.710000000000006,8.311299472303526,5.108700527696486,-1,6.909625000000018,6.649679815974335,0.2314442423019684,0.3307318767784111,74.48623131169498
2023-06-15,7.72,7.86,7.6,7.76,493517,7.397393299274145,6.812000000000007,8.4079398484904,5.216060151509613,-1,6.914125000000017,6.693221783975342,0.2265569051662074,0.3256795998656675,72.69878989743862
2023-06-16,7.61,7.7,7.405,7.59,836065,8.11,6.901000000000006,8.461639612466493,5.340360387533519,-1,6.918175000000018,6.728389557152779,0.2212457021632713,0.3277739141609769,66.82698915030602
2023-06-20,7.56,7.58,7.43,7.55,609916,8.0959,6.987500000000006,8.489563580544964,5.485436419455049,-1,6.922025000000018,6.760609574519337,0.2494503138794915,0.3157900631494786,65.48671667743878
2023-06-21,7.53,7.56,7.3401,7.53,474176,8.082082,7.052500000000005,8.530131550827077,5.574868449172932,-1,6.927475000000019,6.790781748067598,0.2408228626041486,0.3089407729245158,64.78706130696166
2023-06-22,7.52,7.57,7.29,7.35,745120,8.05240272,7.108500000000005,8.541416955025518,5.67558304497449,-1,6.932575000000019,6.812711875594359,0.2464809715366694,0.306873574858479,58.70776013151592
2023-06-23,7.2,7.34,7.07,7.21,4773712,8.0066585568,7.172500000000005,8.499585151751619,5.845414848248391,-1,6.93662500000002,6.828291802041639,0.2298137386663073,0.3049540337971589,54.42974887673912
2023-06-26,7.17,7.44,7.13,7.37,493979,7.931725872256,7.244500000000005,8.444274562157247,6.044725437842763,-1,6.93942500000002,6.849535260785105,0.2477379232826527,0.3053144599545048,58.18037026061218
2023-06-27,7.35,7.58,7.32,7.53,441334,7.86278780247552,7.311000000000004,8.415479968129635,6.206520031870374,-1,6.943075000000019,6.876220152519022,0.2375596408743932,0.3020777128148973,61.58526959507872
2023-06-28,7.45,7.48,7.34,7.46,481598,7.799364778277479,7.373000000000005,8.35833446098246,6.387665539017549,-1,6.944625000000019,6.899113479871217,0.2859581980902236,0.2940721618995475,59.3100913476878
2023-06-29,7.44,7.575,7.3801,7.44,548309,7.741015596015281,7.435000000000005,8.26036052728464,6.60963947271537,-1,6.944775000000019,6.920324715954699,0.2738062117357714,0.2869884360495798,58.643476584111006
2023-06-30,7.52,7.52,7.155,7.21,359995,7.687334348334058,7.478500000000004,8.144811488719533,6.812188511280475,-1,6.94497500000002,6.931684531015299,0.2467877932690803,0.292560690617467,51.47792116761523
2023-07-03,7.19,7.3,7.09,7.27,282925,7.637947600467334,7.503500000000004,8.094914406317272,6.912085593682737,-1,6.944625000000019,6.9449518043088165,0.2321768287318716,0.286663498430505,53.08826904747261
2023-07-05,7.2,7.2,6.9,7.13,547083,7.5925117924299474,7.525000000000004,8.021689037527171,7.028310962472838,-1,6.943475000000019,6.952208596296706,0.2556597519657206,0.2926161056854689,49.00175140561269
2023-07-06,7.04,7.05,6.86,6.97,409224,7.523260613186952,7.515500000000005,8.045876281520579,6.98512371847943,-1,6.941925000000019,6.952906298402717,0.2288773281646623,0.2910006695650783,44.76110338668125
2023-07-07,6.96,7.16,6.96,7.09,660367,7.443669339604518,7.482500000000004,8.032186274159756,6.932813725840253,-1,6.940275000000019,6.958282521994768,0.1584983411955681,0.2845006217390013,48.369955380730254
2023-07-10,7.04,7.42,6.98,7.41,492575,6.86,7.465000000000005,8.000331672890363,6.929668327109647,-1,6.940675000000019,6.975996932896934,0.1596473832118667,0.2956077201862154,56.526434871975816
2023-07-11,7.45,7.65,7.365,7.51,887291,6.8712,7.447500000000003,7.952034438863891,6.942965561136115,-1,6.94267500000002,6.996938229646074,0.1594453974473516,0.2948500258872001,58.72107507730596
2023-07-12,7.69,7.7,7.47,7.48,359218,6.902352,7.429500000000004,7.901367566166216,6.957632433833793,-1,6.945825000000019,7.015881828483483,0.1494765187167038,0.2902178811809715,57.77872564905235
2023-07-13,7.51,7.59,7.42,7.45,308342,6.950210879999999,7.406000000000003,7.82123005671521,6.990769943284796,-1,6.949975000000019,7.0329060705037385,0.1292944666757889,0.281630889668045,56.797137947414775
2023-07-14,7.5,7.5299,7.335,7.39,347807,6.9951982272,7.385000000000003,7.756564260929,7.013435739071007,-1,6.953525000000019,7.046909754013396,0.1219890917020431,0.2754358261203274,54.79222836376736
2023-07-17,8.08,8.59,8.0,8.19,2996942,7.037486333567999,7.406500000000004,7.894035639722695,6.918964360277313,-1,6.960275000000019,7.091736822483459,0.0348649613914121,0.3414761242545898,69.99877848134852
2023-07-18,8.13,8.275,7.86,8.04,2482011,7.161687426882559,7.429000000000005,7.985053954216463,6.8729460457835465,-1,6.964725000000018,7.128923613758618,0.0028422690248454,0.3467278296649763,65.5467808946934
2023-07-19,8.03,8.03,7.23,7.47,863355,8.59,7.425000000000004,7.978660545821861,6.871339454178147,-1,6.96687500000002,7.142299158317103,-0.0347202900155373,0.3798186989746207,52.00989629428804
2023-07-20,7.42,7.66,7.405,7.53,461016,8.5628,7.425000000000004,7.978660545821861,6.871339454178147,-1,6.969775000000018,7.157503112892903,-0.0534241816524063,0.3709030776192907,53.10771303999998
2023-07-21,7.54,7.55,6.92,6.96,958933,8.536144,7.4055000000000035,7.994685030359591,6.816314969640416,-1,6.970925000000019,7.149757892779456,-0.0743031623582182,0.3894100006464842,43.03571797898256
2023-07-24,6.67,7.15,6.2499,6.82,1902568,8.47149824,7.386000000000005,8.023601756584645,6.748398243415365,-1,6.969025000000019,7.136826210709673,-0.0670960288560958,0.4258878577431639,40.97998112549844
2023-07-25,6.74,6.865,6.35,6.37,848835,8.338202345600001,7.336000000000004,8.112489536310608,6.559510463689399,-1,6.964475000000019,7.106754594603411,-0.1289953789670365,0.4322530107615093,35.16534533763134
2023-07-26,6.34,6.525,6.3,6.44,556110,8.212904204864001,7.281500000000004,8.144107094800312,6.418892905199696,-1,6.960175000000018,7.080607355599356,-0.1362081606900784,0.4174492242785445,36.67065540444484
2023-07-27,6.45,6.56,6.38,6.49,599555,8.09512395257216,7.233000000000002,8.156906921718816,6.309093078281189,-1,6.95682500000002,7.057446282830754,-0.1477475218403932,0.4004885654015055,37.78185599494329
2023-07-28,6.5,6.66,6.39,6.65,625119,7.984410515417831,7.193500000000005,8.145745241521217,6.241254758478791,-1,6.95382500000002,7.041467997229548,-0.1004628932237031,0.3911679535871122,41.329514542001256
2023-07-31,6.65,6.79,6.595,6.71,603366,7.880339884492762,7.168500000000004,8.143677419754912,6.193322580245097,-1,6.95112500000002,7.0284692522401535,-0.0781132408264979,0.3771559569023185,42.6501204114843
2023-08-01,6.75,6.835,6.62,6.81,676826,7.782513491423196,7.145500000000004,8.131653639145476,6.159346360854532,-1,6.948825000000019,7.0199018305836764,-0.058319458579943,0.3655733885521529,44.87711377844097
2023-08-02,6.72,6.8014,6.39,6.39,769593,7.690556681937805,7.108500000000005,8.14827449478231,6.0687255052176985,-1,6.943725000000018,6.995199798011767,-0.117188054078613,0.3694610036555706,38.17253643441395
2023-08-03,6.46,6.555,6.27,6.35,802786,7.604117281021536,7.077500000000005,8.167690350351629,5.987309649648381,-1,6.940025000000019,6.9698978451485605,-0.1375473636424972,0.3634280748230298,37.59644861258604
2023-08-04,6.35,6.54,6.31,6.4,637360,7.522864244160244,7.043000000000005,8.172390986328384,5.913609013671625,-1,6.93542500000002,6.947548910044695,-0.1562403505283778,0.3538974980499563,38.8389792264438
2023-08-07,6.47,6.47,6.29,6.37,474371,7.446486389510629,6.991000000000004,8.143543274675544,5.838456725324465,-1,6.928775000000019,6.924899933180197,-0.185188405177822,0.3414762481892451,38.34563543800902
2023-08-08,6.08,6.465,5.925,6.45,1275242,7.374691206139992,6.938000000000004,8.08768865350573,5.788311346494278,-1,6.9235250000000175,6.906276406388817,-0.1172252474061669,0.3556565161757276,40.515531147040505
2023-08-09,6.16,6.29,5.67,5.72,956784,7.258715909648792,6.850000000000004,8.086430345793827,5.61356965420618,-1,6.915225000000017,6.85975576300102,-0.1383478355045132,0.3859667650203185,30.103960917789323
2023-08-10,5.74,5.75,5.3899,5.51,747524,7.099844318683913,6.753000000000003,8.08650815520563,5.419491844794376,-1,6.905075000000018,6.806824164451961,-0.1377669436319994,0.3841191389474386,27.884068370902085
2023-08-11,5.43,5.7,5.32,5.68,817393,6.894651000441844,6.667500000000004,8.045220944168241,5.289779055831767,-1,6.895925000000018,6.762634981532276,-0.0905208693308396,0.3838249147369073,32.24014102879529
2023-08-14,5.63,5.71,5.5373,5.66,425926,6.674199860379986,6.541000000000004,7.795398660713511,5.286601339286497,-1,6.886475000000018,6.719394394021206,-0.0325686337898259,0.368744563684271,31.995282294253485
2023-08-15,5.61,5.61,5.38,5.42,618761,6.484611879926788,6.410000000000004,7.553153532995404,5.266846467004603,-1,6.876225000000018,6.668437751118414,-0.0412286689639653,0.3624056662782517,29.135655302640103
2023-08-16,5.47,5.5,5.17,5.2,622667,6.321566216737037,6.296500000000004,7.446878633320297,5.14612136667971,-1,6.865325000000017,6.610851956956907,-0.052543867103548,0.3600909758298051,26.773418704574112
2023-08-17,5.21,5.23,5.04,5.07,463353,6.137315622059111,6.173500000000005,7.295734823911548,5.051265176088462,-1,6.852575000000018,6.55042639001742,-0.0725573387671282,0.3479416204133905,25.459829849624526
2023-08-18,5.02,5.215,5.02,5.14,538558,5.939798810088471,6.082500000000005,7.229755420558028,4.9352445794419815,-1,6.840325000000018,6.495115551193208,-0.0103396079490067,0.3370172189552912,27.52189243070316
2023-08-21,5.15,5.16,4.67,4.97,1811347,5.755839048070777,5.990000000000005,7.181939595784883,4.798060404215127,-1,6.826825000000017,6.435307098205239,-0.0171863220554152,0.3479445604584846,25.66499382339232
2023-08-22,5.02,5.1408,4.84,4.87,1135272,5.5386712384566215,5.9150000000000045,7.18787862736392,4.642121372636089,-1,6.814225000000017,6.373922506118759,-0.0251684632376053,0.3445770918543071,24.613006919841425
2023-08-23,4.88,5.05,4.85,4.99,605344,5.3649369907652975,5.842500000000006,7.152154534600561,4.5328454653994505,-1,6.804075000000019,6.319651035290573,-0.0181034467608761,0.3342501567218566,28.405416752829357
2023-08-24,4.99,5.01,4.84,4.95,569321,5.225949592612238,5.765500000000006,7.094762577521772,4.436237422478239,-1,6.795675000000017,6.26593922998506,-0.0158852375053205,0.3225180026702954,27.90155581349929
2023-08-25,4.97,5.09,4.925,4.98,486052,5.114759674089791,5.682000000000006,6.988133224445266,4.375866775554745,-1,6.7840250000000175,6.215510240573881,-0.0652965916677699,0.3112667167652744,28.91992060896517
2023-08-28,5.0,5.09,4.9575,5.08,459712,4.67,5.600500000000006,6.841684514888826,4.3593154851111855,-1,6.773275000000017,6.170980427218042,-0.0469911386887791,0.2984976655677548,32.35003414021138
2023-08-29,5.07,5.325,5.0581,5.31,565854,4.6784,5.525500000000005,6.640102619770747,4.410897380229264,-1,6.7653750000000175,6.137216488895766,-0.0485055738210843,0.2962406894557724,39.57283036828606
2023-08-30,5.31,5.51,5.28,5.48,749745,4.704264,5.480000000000005,6.521633332799896,4.438366667200114,-1,6.755675000000017,6.111443293252795,0.0410938489393047,0.2915092116375029,44.30599890140647
2023-08-31,5.48,5.51,5.36,5.45,552294,4.75260816,5.435000000000005,6.397133046932604,4.472866953067406,-1,6.744725000000018,6.085504340576215,0.0736753629610235,0.2814014108062527,43.65613558544279
2023-09-01,5.51,5.66,5.445,5.51,589289,4.7980516704000005,5.390500000000005,6.246455022182737,4.534544977817273,-1,6.733325000000018,6.062935542906559,0.0673927669849405,0.2766584528915203,45.3816274820104
2023-09-05,5.47,5.7075,5.28,5.58,907464,4.867007536768001,5.351000000000004,6.0870135868310165,4.614986413168992,-1,6.721225000000017,6.043996894165126,0.0935501572985301,0.2874328491135545,47.40529782424656
2023-09-06,5.59,5.8,5.495,5.67,1024676,4.9510567830912,5.312000000000005,5.872735231637759,4.75126476836225,-1,6.7100750000000176,6.029330349295905,0.0232456986180897,0.2886876456054435,49.97181914133158
2023-09-07,5.64,5.7,5.355,5.46,1080815,5.052929969120256,5.299000000000006,5.832700290425058,4.765299709574953,-1,6.697575000000018,6.007003668931359,0.0487445711367297,0.2927099566336261,44.51353176411034
2023-09-08,5.47,5.51,5.25,5.31,667576,5.142578372825825,5.289000000000006,5.813934281600851,4.764065718399161,-1,6.684325000000018,5.979670191718365,0.0414839323777077,0.2903735311597956,41.06334789675024
2023-09-11,5.39,5.55,5.35,5.42,518223,5.221468968086726,5.276000000000005,5.773730850962469,4.778269149037541,-1,6.6742250000000185,5.957722341062743,-0.0192715328403762,0.2867754217912388,44.46288372041525
2023-09-12,5.42,5.5,5.325,5.46,632059,5.25,5.266000000000006,5.73993670463448,4.792063295365533,-1,6.663325000000018,5.938203817883812,-0.0077776618216184,0.2787914630918646,45.68966911867916
2023-09-13,5.48,5.48,5.29,5.38,620078,5.8,5.264000000000007,5.735652414389848,4.792347585610165,-1,6.652075000000018,5.916313472084447,0.0176279538406487,0.27244921572816,43.614603292266246
2023-09-14,5.45,5.55,5.34,5.51,712260,5.7898,5.279500000000007,5.761971760831422,4.797028239168592,-1,6.640875000000018,5.900379610434077,0.0822191086802576,0.2679885574618628,47.7660970722295
2023-09-15,5.54,5.58,5.41,5.44,4144096,5.779804,5.298000000000006,5.775267220747223,4.82073277925279,-1,6.629625000000018,5.882325508064113,-0.0629668036543691,0.2609893747860155,45.81022887987447
2023-09-18,5.45,5.45,4.675,4.685,1284162,5.770007919999999,5.275250000000006,5.819193701130723,4.731306298869289,-1,6.617150000000018,5.8353715665714025,-0.1324573736633851,0.2977044194441572,31.04488703950858
2023-09-19,4.76,4.845,4.47,4.79,1544234,5.7262076032,5.266250000000007,5.835467664869749,4.697032335130264,-1,6.603800000000018,5.794376603176445,-0.0980117788983279,0.3032255323410032,34.22029826064826
2023-09-20,4.73,4.94,4.63,4.64,929011,5.650835147007999,5.254750000000007,5.863449227861975,4.646050772138039,-1,6.589650000000018,5.749106932463644,-0.0969641243292,0.3037094228880744,31.95629734702889
2023-09-21,4.61,4.76,4.6,4.67,756167,5.57998503818752,5.238750000000006,5.889794353327627,4.587705646672385,-1,6.575550000000018,5.7067890135435,-0.1140998954635819,0.2934444641103549,32.91228110045037
2023-09-22,4.68,4.76,4.62,4.69,638785,5.5133859358962685,5.225750000000006,5.908928417398989,4.542571582601023,-1,6.561550000000018,5.66691493458101,-0.1225569440009533,0.2824841452453295,33.582227876793894
2023-09-25,4.66,4.68,4.54,4.59,368009,5.450782779742492,5.206250000000006,5.93698165389203,4.475518346107982,-1,6.547900000000019,5.624682976362147,-0.120294686002027,0.2730209920135203,31.86860587604167
2023-09-26,4.53,4.6,4.42,4.46,1387966,5.391935812957943,5.175250000000006,5.974196024459585,4.376303975540428,-1,6.535200000000018,5.579009134151867,-0.1736552489385123,0.266376635441126,29.743750892012077
2023-09-27,4.51,4.65,4.465,4.55,521729,5.314180947921307,5.137250000000007,5.978139261436806,4.296360738563208,-1,6.525100000000018,5.538655834773362,-0.2017884269393445,0.2609211614810456,33.070847393011675
2023-09-28,4.53,4.625,4.47,4.62,588123,5.2426464720876025,5.094250000000007,5.948482257644097,4.240017742355916,-1,6.513700000000017,5.502630115762642,-0.2036681817163334,0.2533553642323995,35.62438378197041
2023-09-29,4.66,4.7594,4.64,4.69,473298,5.176834754320594,5.056250000000007,5.911415919573361,4.201084080426652,-1,6.501150000000017,5.470762268085676,-0.2141617126059363,0.2452156953586567,38.16503768828
2023-10-02,4.66,4.72,4.57,4.6,500302,5.116287973974947,5.010750000000006,5.861327891788736,4.160172108211276,-1,6.4887000000000175,5.436614728160747,-0.2186315783960737,0.2384145742616097,36.18755580734072
2023-10-03,4.57,4.57,4.325,4.34,860544,5.060584936056951,4.948750000000006,5.805066968183974,4.092433031816038,-1,6.475250000000017,5.393610229017189,-0.2774094976392755,0.241027818957209,31.16395712975208
2023-10-04,4.33,4.37,4.105,4.13,997394,4.987026442451255,4.871750000000007,5.731745784873249,4.011754215126764,1,6.462900000000016,5.3440568867027896,-0.3277587799639326,0.2427401176031226,27.806347080080695
2023-10-05,4.15,4.265,4.09,4.11,759617,4.881183269357105,4.804250000000007,5.6807274669093095,3.927772533090704,2,6.449650000000016,5.295662498988954,-0.34195383511836,0.2379015377743281,27.502437612067595
2023-10-06,4.16,4.64,4.15,4.54,1109293,4.77041761164711,4.765750000000007,5.617273781229718,3.914226218770295,3,6.439150000000016,5.266028675499191,-0.2816276498011776,0.2587657136475904,42.143580731380574
2023-10-09,4.49,4.56,4.415,4.49,622253,4.675159146016514,4.719250000000007,5.52301784583594,3.9154821541640734,4,6.4285000000000165,5.235596178420791,-0.2710246576025153,0.250639591244191,41.10408479353971
2023-10-10,4.51,4.62,4.47,4.59,358070,4.09,4.675750000000006,5.405183170345161,3.946316829654851,5,6.418300000000016,5.210278681227819,-0.2815868160361555,0.2434510490124631,44.07514147299913
2023-10-11,4.59,4.68,4.48,4.5,377245,4.1006,4.631750000000007,5.288494052123645,3.975005947876368,6,6.408950000000016,5.182424615297316,-0.2994153042461471,0.24034740265443,42.02059868347628
2023-10-12,4.54,4.57,4.3,4.34,639973,4.123776,4.573250000000006,5.102761803456537,4.043738196543475,7,6.399300000000016,5.149388355873892,-0.3478195960832722,0.2424654453219707,38.57773114172038
2023-10-13,4.34,4.38,4.0,4.02,416597,4.68,4.502250000000006,4.915994788486558,4.088505211513454,8,6.388800000000017,5.105098616427857,-0.280929537767347,0.2522893420846871,32.791066664603264
2023-10-16,4.02,4.235,3.97,4.22,395468,4.666399999999999,4.479000000000006,4.901227426868257,4.056772573131756,9,6.3797500000000165,5.07038886676402,-0.1860086886549577,0.2531972462214952,38.95433594285085
2023-10-17,4.16,4.425,4.16,4.35,417973,4.638544,4.457000000000006,4.8574047951758255,4.056595204824187,10,6.370500000000017,5.042138322969352,-0.2713406090188868,0.2540403000628169,42.63661701686226
2023-10-18,4.23,4.32,4.12,4.26,376743,4.611802239999999,4.438000000000006,4.837929993873662,4.0380700061263495,11,6.360750000000017,5.0114662318725145,-0.2021101065561635,0.2523231357726157,40.801668527567685
2023-10-19,4.18,4.245,4.07,4.15,705235,4.5861301504,4.412000000000006,4.815811837369564,4.008188162630448,12,6.350100000000018,4.977683242387318,-0.2002100652870487,0.2478714832174288,38.61428948908628
2023-10-20,4.17,4.345,4.08,4.19,578489,4.561484944384,4.387000000000006,4.780654670999612,3.9933453290004,13,6.339450000000017,4.946793703470169,-0.2090668987690687,0.2490949487018982,39.876530100916696
2023-10-23,4.15,4.24,4.055,4.08,559816,4.53782554660864,4.361500000000007,4.765196668304051,3.957803331695962,14,6.327700000000018,4.912801793530162,-0.229885006505662,0.2445167380803341,37.58757861022514
2023-10-24,4.12,4.24,3.99,4.03,330868,4.515112524744295,4.340000000000007,4.765628946383783,3.91437105361623,15,6.315300000000019,4.878182115352509,-0.2037317390091504,0.2449083996460245,36.56029370506201
2023-10-25,3.99,4.98,3.92,4.82,4054558,3.92,4.353500000000007,4.820073681212069,3.886926318787945,16,6.306150000000019,4.875900463770058,0.0338443577994065,0.3031292282427371,56.69756579229818
2023-10-26,4.62,4.86,4.44,4.46,1148702,3.92,4.345500000000007,4.798819975293149,3.892180024706864,17,6.2946500000000185,4.859590641661428,-0.0687196584855491,0.3114771405111129,49.0558577494069
2023-10-27,4.46,4.48,4.22,4.24,680332,3.92,4.323000000000007,4.749572385416339,3.896427614583674,18,6.280750000000019,4.835292969439411,-0.0992138887287734,0.3078002019031763,45.05905284683429
2023-10-30,4.28,4.38,4.15,4.33,857671,3.9412,4.309500000000007,4.716807009514659,3.9021929904853554,19,6.267100000000019,4.81547755887316,-0.0487174424707896,0.302243044624378,46.96279115123774
2023-10-31,4.33,4.3561,4.09,4.12,865396,3.961976,4.298500000000007,4.713724035912874,3.8832759640871406,20,6.252150000000018,4.788203929113428,-0.0434785796072252,0.2996613985797796,43.20122553609112
2023-11-01,4.13,4.17,4.02,4.12,864820,3.98233648,4.298000000000007,4.7140576883074745,3.88194231169254,21,6.239300000000019,4.761999853461921,0.0242494182412106,0.2889712986812239,43.20122553609112
2023-11-02,4.26,4.43,3.825,4.35,1085102,4.98,4.310000000000008,4.717430975748957,3.902569024251058,22,6.227700000000019,4.745842996463415,0.1079382873243256,0.3115447773468507,48.44630911066722
2023-11-03,4.65,4.805,4.47,4.74,944869,4.9569,4.320000000000007,4.758178046003841,3.8818219539961754,23,6.218000000000019,4.745613859347202,0.1042178564646355,0.3217915789649329,55.88536163688588
2023-11-06,4.69,4.7,4.48,4.66,985004,4.934262,4.328500000000007,4.785720953150392,3.8712790468496223,24,6.206750000000019,4.7422564530982925,0.1383199383408579,0.317377894753152,54.158973859562096
2023-11-07,4.62,4.8,4.57,4.6,555257,4.912076760000001,4.329000000000008,4.787384118398229,3.8706158816017857,25,6.195300000000019,4.736677768663065,0.0995717394560456,0.3111366165564982,52.84055441539576
2023-11-08,4.59,4.725,4.54,4.61,706317,4.8903352248,4.334500000000008,4.803476545255432,3.8655234547445847,26,6.184050000000019,4.731710013029219,0.1052343764654728,0.302126858231034,53.04571401647016
2023-11-09,4.63,4.91,4.565,4.64,1291025,3.825,4.349500000000008,4.837043844181967,3.861956155818049,27,6.172850000000019,4.728113541930034,0.0857132350856346,0.3051892255002459,53.69650697840829
2023-11-10,4.73,4.73,4.25,4.35,2882710,3.8467,4.3660000000000085,4.829568765125218,3.902431234874799,28,6.160150000000019,4.713285559893562,0.0107754420498945,0.3176757093930855,46.92570871968197
2023-11-13,4.3,4.62,4.2898,4.61,1077260,3.867966,4.385500000000008,4.855626578699511,3.915373421300506,29,6.149300000000019,4.709235145780089,0.0419640068783332,0.3185703015792937,52.68598927156213
2023-11-14,4.89,4.96,4.77,4.9,1075357,3.88880668,4.413000000000008,4.933273005257541,3.892726994742476,30,6.139350000000019,4.71671612045538,0.0506210512655011,0.3208152800379156,58.14280054049178
2023-11-15,4.89,5.04,4.69,4.72,1040453,3.9316544128,4.436000000000009,4.96772925441404,3.9042707455859778,1,6.127850000000019,4.7168449000453645,0.0036753285956777,0.3228999028923502,53.98128448663393
2023-11-16,4.66,4.71,4.49,4.54,669198,3.998155148032,4.455500000000009,4.972238812166955,3.9387611878330624,2,6.115750000000019,4.709909805925938,-0.0100052150602729,0.3162641955428966,50.118187035829365
2023-11-17,4.64,5.075,4.565,5.05,3123107,4.06066583915008,4.498500000000009,5.060826417661213,3.936173582338805,3,6.104350000000019,4.723246676281784,0.1085783230699707,0.3318881815755468,59.05826061647243
2023-11-20,5.05,5.16,4.95,4.99,911674,4.141812572018074,4.544000000000009,5.110759208129587,3.977240791870432,4,6.09255000000002,4.7337075909374,0.1008621456765408,0.3231818828915792,57.746985146896016
2023-11-21,4.96,4.975,4.835,4.92,506798,4.243631314816266,4.588500000000009,5.125836952014,4.051163047986018,5,6.081650000000019,4.741013175606522,0.1133335188888622,0.3111688912564664,56.17978371171626
2023-11-22,4.98,5.2,4.95,5.13,503075,4.335268183334639,4.604000000000009,5.183392785595128,4.02460721440489,6,6.0721000000000185,4.756267560876855,0.011989137784533,0.3089425418810045,59.712223309584985
2023-11-24,5.13,5.295,5.06,5.23,374607,4.4390360013344825,4.642500000000009,5.278106010040559,4.006893989959459,7,6.0637000000000185,4.774845303587566,0.069891913212771,0.3036609317466471,61.311584522265285
2023-11-27,5.19,5.285,5.11,5.14,599537,4.558870961147655,4.687500000000009,5.3301468703725865,4.044853129627431,8,6.0553500000000176,4.78916509560374,0.0788468764576877,0.2944708651933151,59.03990984625683
2023-11-28,5.15,5.195,5.075,5.13,414344,4.661929026586983,4.727500000000009,5.375724498148347,4.07927550185167,9,6.047200000000017,4.802531170285946,0.0551925293402847,0.2820086605366498,58.77931233045447
2023-11-29,5.16,5.275,5.075,5.11,696737,4.7505589628648055,4.77700000000001,5.381850394725538,4.172149605274482,10,6.037950000000018,4.814588771451203,0.066355877752891,0.2761508990697462,58.22576536951024
2023-11-30,5.15,5.23,4.985,5.02,547220,4.826780708063732,4.822000000000009,5.354187936728814,4.289812063271204,11,6.028350000000018,4.822644113747234,0.033435336262174,0.2739258348504786,55.68443579417419
2023-12-01,5.04,5.275,4.925,5.21,1215917,4.89233140893481,4.865000000000009,5.376253361846802,4.353746638153217,12,6.018650000000019,4.837834540659108,0.0315359749933093,0.2793597037897302,59.68489088332387
2023-12-04,5.18,5.36,5.17,5.26,606187,4.925,4.89100000000001,5.426496031730977,4.355503968269042,13,6.009350000000019,4.854390048868554,0.0012339896023488,0.2729768678047495,60.6905508476943
2023-12-05,5.17,5.19,5.0302,5.13,591989,4.925,4.914500000000009,5.448633878348537,4.380366121651481,14,5.999400000000017,4.865198282246258,-0.023465576684816,0.269892805818696,56.72830720673578
2023-12-06,5.19,5.37,5.15,5.2,531728,4.9946,4.944500000000009,5.471964690761047,4.417035309238972,15,5.991550000000018,4.878327761373855,-0.0172781102900376,0.2677576054030748,58.3067372953314
2023-12-07,5.19,5.31,5.15,5.24,483194,5.0302,4.976000000000009,5.494975914662376,4.4570240853376415,16,5.9833500000000175,4.892510986418018,-0.0053488683971168,0.2600606335885694,59.22209947095912
2023-12-08,5.23,5.47,5.151,5.41,617290,5.091364,5.01450000000001,5.542230044624733,4.486769955375286,17,5.975800000000017,4.912804673225154,0.0548181055354374,0.264270588332243,62.94551476501408
2023-12-11,5.44,5.51,5.34,5.51,527265,5.15,5.07250000000001,5.547721001219057,4.597278998780962,18,5.969050000000018,4.93622409780456,0.1999168461266939,0.25753697487994,64.97166600718052
2023-12-12,5.49,5.54,5.37,5.49,492715,5.151,5.116500000000009,5.574944107825182,4.658055892174836,19,5.962150000000017,4.95794079985144,0.155336053724898,0.2512843338170871,64.21538215735613
2023-12-13,5.48,5.925,5.41,5.82,1023934,5.2288,5.16250000000001,5.702236046600171,4.62276395339985,20,5.956950000000018,4.991747042994521,0.1694351452562606,0.2701211671158666,70.34843926388962
2023-12-14,5.92,6.1,5.89,6.08,930619,5.36804,5.230500000000009,5.864549682595656,4.596450317404362,21,5.953400000000019,5.034423629543755,0.2757697096634029,0.2708267980361618,74.11294045650378
2023-12-15,6.01,6.125,5.98,6.08,1755679,5.41,5.30750000000001,5.961162757084718,4.653837242915301,22,5.945900000000019,5.075426624463608,0.3202186470812226,0.2618391696050073,74.11294045650378
2023-12-18,6.1,6.21,6.04,6.08,677792,5.553,5.35900000000001,6.082018671957778,4.6359813280422415,23,5.936375000000019,5.114821658798369,0.1494116636324953,0.2552792289189354,74.11294045650378
2023-12-19,6.14,6.355,6.095,6.2,656849,5.6844,5.419500000000009,6.208384655700447,4.630615344299571,24,5.921325000000017,5.157377672178825,0.1840302815621121,0.2566878554247257,75.87828701452318
2023-12-20,6.26,6.465,6.17,6.17,523296,5.81852,5.482000000000009,6.300207797567119,4.663792202432899,25,5.907175000000018,5.197088351701224,0.1379204121452356,0.2594244371801024,74.51028057004018
2023-12-21,6.25,6.43,6.09,6.31,552010,5.947816,5.541000000000009,6.417285341655114,4.664714658344905,26,5.894775000000018,5.240731945752156,0.1331627099984609,0.2651798345243808,76.62795325977667
2023-12-22,6.35,6.44,6.3,6.42,474104,6.0512528,5.600500000000009,6.543314403793034,4.657685596206984,27,5.892825000000019,5.286977751801091,0.1445159373999544,0.2562384177726394,78.1630478328128
2023-12-26,6.48,6.77,6.34,6.72,509480,6.09,5.67950000000001,6.714960767001614,4.644039232998406,28,5.893425000000018,5.3431747027108525,0.2022229281612562,0.268649959360308,81.69436306442554
2023-12-27,6.72,6.965,6.645,6.82,366356,6.226,5.764000000000009,6.879067710948355,4.648932289051663,29,5.896025000000019,5.401089420251603,0.2079251601668816,0.2723178194060003,82.69871572755767
2023-12-28,6.77,6.9,6.56,6.78,369540,6.34,5.847500000000009,7.003525518749307,4.691474481250711,30,5.897075000000019,5.455164344947619,0.2547245431168881,0.2771522608770003,80.78930251101866
2023-12-29,6.78,6.84,6.36,6.63,436377,6.965,5.92800000000001,7.066412930355037,4.789587069644982,-1,5.89757500000002,5.5012363314202615,0.2902245873823601,0.2916413851000717,73.8987477380467
2024-01-02,6.63,6.75,6.41,6.65,337222,6.9529,6.00000000000001,7.129778739399694,4.870221260600325,-1,5.898325000000019,5.546285887050839,0.2605048513876118,0.295095571878638,74.21453795269449
2024-01-03,6.61,6.61,6.175,6.24,478781,6.941042,6.049000000000009,7.1301086901878,4.967891309812218,-1,5.897025000000019,5.573490362068453,0.2385692371601382,0.3079458881730211,58.57033114902298
2024-01-04,6.31,6.395,6.215,6.34,371351,6.91040032,6.1095000000000095,7.110588907140394,5.108411092859625,-1,5.89432500000002,5.603549563555965,0.2426639765972684,0.2988068961606624,60.74389590585235
2024-01-05,6.42,6.425,6.212,6.27,683974,6.8809843072,6.16300000000001,7.074287001991967,5.2517129980080535,-1,5.890325000000019,5.629684874789064,0.2379041867953193,0.2926778321491866,58.43288920114068
2024-01-08,6.3,6.57,6.28,6.54,342149,6.852744934912001,6.22800000000001,7.04750228797696,5.408497712023061,-1,5.888625000000019,5.665383507150278,0.2580674483751367,0.2932008441385304,64.10543109667304
2024-01-09,6.37,6.43,6.31,6.4,340645,6.825635137515521,6.2775000000000105,7.008167503040541,5.54683249695948,-1,5.88622500000002,5.694191997065953,0.2459692748048758,0.2886864981286354,59.56625409854856
2024-01-10,6.4,6.51,6.344,6.44,306247,6.7996097320149,6.3240000000000105,6.966414196604873,5.681585803395148,-1,5.88397500000002,5.723439369730033,0.2094286797099062,0.2799231768337328,60.42840344691923
2024-01-11,6.37,6.6099,6.32,6.51,532037,6.774625342734304,6.375000000000011,6.894711458406955,5.855288541593066,-1,5.88187500000002,5.754284884642581,0.2055067859021374,0.2806358070598947,61.9571459827042
2024-01-12,6.58,6.68,6.425,6.5,571154,6.750640329024932,6.4090000000000105,6.863968130751455,5.954031869248566,-1,5.87922500000002,5.783528614656597,0.1387662572676379,0.278804677984188,61.5910834634411
2024-01-16,6.47,6.515,6.275,6.36,768023,6.727614715863934,6.423000000000011,6.85316740927164,5.992832590728382,-1,5.875575000000021,5.806135335650456,0.0523827951529736,0.2760329152710317,56.55335288574997
2024-01-17,6.26,6.4,6.19,6.36,339082,6.705510127229377,6.43700000000001,6.838900485194385,6.035099514805635,-1,5.87162500000002,5.827855518566125,0.012758946244278,0.271316278465958,56.55335288574997
2024-01-18,6.41,6.53,6.38,6.52,300100,6.684289722140202,6.45900000000001,6.827070645392266,6.090929354607755,-1,5.86712500000002,5.8549984394066685,0.0801260161515765,0.2640794014326753,60.8028090335366
2024-01-19,6.54,6.67,6.4,6.63,372394,6.175,6.480500000000009,6.835547884093852,6.125452115906167,-1,5.864075000000019,5.885390657469152,0.1259416664420439,0.2645023013303413,63.44963956320977
2024-01-22,6.69,6.9,6.67,6.88,530804,6.1849,6.51600000000001,6.881589934215232,6.150410065784787,-1,5.86272500000002,5.924394945411538,0.2329177159595606,0.2648949940924598,68.63366346449311
2024-01-23,6.96,7.1,6.885,7.0,585754,6.213504,6.550500000000009,6.959473104249565,6.141526895750453,-1,5.86277500000002,5.966575535787556,0.2185704431602087,0.2616882088001412,70.77624459677634
2024-01-24,7.12,7.12,6.65,6.66,494259,6.26669376,6.56250000000001,6.969531939778094,6.155468060221925,-1,5.86137500000002,5.993768652031181,0.1282315558722803,0.276567622457274,58.56886055138554
2024-01-25,6.83,6.86,6.73,6.81,525246,6.3349582592,6.56700000000001,6.982793217837279,6.151206782162741,-1,5.86137500000002,6.025777724500546,0.0982025537687559,0.2710985065674687,61.706861566415576
2024-01-26,6.85,6.9049,6.65,6.65,404920,6.397761598463999,6.558500000000011,6.959961081550175,6.157038918449847,-1,5.86222500000002,6.050257029422093,0.0494621706443404,0.269941470384078,56.76782894761058
2024-01-29,6.66,6.815,6.59,6.8,467911,6.455540670586879,6.55950000000001,6.963256114504184,6.155743885495835,-1,5.865725000000021,6.079658714542796,0.0812378916526185,0.2667313653566439,60.0002069319733
2024-01-30,6.73,6.75,6.64,6.7,466744,6.508697416939929,6.5630000000000095,6.970337697739252,6.155662302260767,-1,5.868625000000021,6.103985823776411,0.0796560363054903,0.2591076964025979,56.94350751991636
2024-01-31,6.66,6.8002,6.52,6.52,407148,7.12,6.5565000000000095,6.962222811781063,6.150777188218956,-1,5.869575000000021,6.120300105196944,0.0202749840723946,0.2606142895166981,51.82550263001067
2024-02-01,6.55,6.8495,6.53,6.55,298368,7.1080000000000005,6.57200000000001,6.950977571895109,6.193022428104911,-1,5.868825000000021,6.13715108146373,0.0288760593418068,0.2655346974083626,52.59031860666455
2024-02-02,6.41,6.5,6.33,6.45,395991,7.096240000000001,6.5775000000000095,6.945895168262967,6.209104831737052,-1,5.867625000000021,6.149419666504368,0.0308392074776336,0.2622822190220509,49.75476496715313
2024-02-05,6.35,6.485,6.245,6.41,329647,7.0655904000000005,6.58450000000001,6.934098340956442,6.234901659043578,-1,5.867175000000021,6.15963850311204,0.081647393025506,0.2606906319490473,48.62538572962963
2024-02-06,6.38,6.445,6.32,6.37,379666,7.016354976000001,6.57600000000001,6.937574335371692,6.214425664628329,-1,5.86667500000002,6.167887973578234,0.0419071079383504,0.2509984439526868,47.465101947991336
2024-02-07,6.41,6.41,6.195,6.35,396627,6.97007367744,6.57350000000001,6.940557216247663,6.206442783752356,-1,5.8661750000000215,6.175029621673206,0.0421984978652544,0.2484271265274949,46.862978229030006
2024-02-08,6.35,6.52,6.31,6.46,467759,6.9080677832448005,6.57450000000001,6.940203431757837,6.208796568242184,-1,5.866075000000021,6.186204930627198,0.0583255826552258,0.2456823317755309,50.57654941480312
2024-02-09,6.51,6.618,6.49,6.59,295109,6.851022360585216,6.57850000000001,6.943042178628888,6.213957821371132,-1,5.868275000000022,6.202040031386916,0.0599696486239041,0.2394193080772788,54.61352692588276
2024-02-12,6.61,6.875,6.61,6.84,386117,6.195,6.59550000000001,6.975209099179195,6.215790900820825,-1,5.872175000000022,6.227058069371743,0.1215606703973406,0.2426750717860446,61.18036172485031
2024-02-13,6.54,6.57,6.325,6.41,567750,6.208600000000001,6.5980000000000105,6.972090898044116,6.223909101955905,-1,5.873925000000021,6.234232262729713,0.1304237661388389,0.2621268523727557,48.249308973251246
2024-02-14,6.56,6.69,6.49,6.68,352194,6.221928,6.61400000000001,6.973076593499918,6.254923406500101,-1,5.876225000000021,6.251713350465803,0.1429297283643457,0.2634035057747017,54.720750804721405
2024-02-15,6.74,6.9606,6.74,6.9,409413,6.2349894400000005,6.63300000000001,7.009940313576974,6.256059686423046,-1,5.87922500000002,6.277136356329889,0.1322388987578922,0.2646318267907945,59.19798776572932
2024-02-16,6.82,6.87,6.65,6.76,431147,6.264013862400001,6.63950000000001,7.02047112751431,6.2585288724857095,-1,5.882225000000021,6.296072185493423,0.1008368451874765,0.2635866963057377,55.44106338811388
2024-02-20,6.61,6.9,6.61,6.9,258844,6.2918773079040005,6.64050000000001,7.024087017506466,6.256912982493554,-1,5.886525000000021,6.319755629199563,0.0825422010118932,0.2654733608553278,58.29164361231133
2024-02-21,6.87,6.88,6.78,6.81,241065,6.31862621558784,6.63100000000001,6.98691572036017,6.27508427963985,-1,5.892025000000021,6.338980898642718,0.0688959882635348,0.2550824065085187,55.81944629267961
2024-02-22,6.84,6.98,6.84,6.9,306458,6.344305166964326,6.6430000000000105,7.017705217470328,6.268294782529693,-1,5.897975000000019,6.360981647715552,0.1256985922454214,0.2490050917579103,57.74917690996312
2024-02-23,6.9,6.975,6.66,6.92,338580,6.3824468569464665,6.64850000000001,7.035864169741455,6.261135830258565,-1,5.90337500000002,6.3829039360404325,0.1418269129335301,0.2537190137752024,58.18625274139431
2024-02-26,6.9,7.06,6.86,7.02,560215,6.418300045529678,6.6670000000000105,7.0868618820510845,6.2471381179489365,-1,5.91082500000002,6.407888095411396,0.2345234303495142,0.2498819413626878,60.3924978538255
2024-02-27,5.22,6.15,5.13,5.265,2075622,7.06,6.59025000000001,7.326663436867858,5.853836563132162,-1,5.908350000000021,6.363068954414871,-0.0120215307348721,0.367033231265353,30.23808910667225
2024-02-28,5.26,5.29,4.88,5.2,1304049,7.06,6.515250000000011,7.466015349599719,5.564484650400302,1,5.906600000000021,6.317458407182915,0.0565130634116447,0.3701022861749706,29.647644795101584
2024-02-29,5.2,5.48,5.14,5.34,1106463,6.972799999999999,6.456250000000011,7.536189234401388,5.376310765598634,2,5.9054000000000215,6.279126704940448,0.108148822161038,0.3679521228767584,32.69599508201857
2024-03-01,5.3,5.65,5.28,5.45,775073,6.889087999999999,6.40125000000001,7.565259772295561,5.237240227704459,3,5.904750000000022,6.246611932197685,0.1210348752226463,0.3680983998141328,35.076332941908746
2024-03-04,5.47,5.65,5.39,5.62,654104,6.80872448,6.359750000000011,7.57203080492909,5.147469195070931,4,5.904750000000022,6.222038915248756,0.1475786816831613,0.3603770855416948,38.68545936479354
2024-03-05,5.61,5.69,5.24,5.24,889841,6.731575500799999,6.301250000000011,7.60746543016438,4.995034569835642,5,5.9023500000000215,6.183527585239001,0.057703092231683,0.3667787222887166,34.11960173951928
2024-03-06,5.3,5.45,5.28,5.35,429001,6.657512480767999,6.250250000000011,7.619857516772429,4.880642483227593,6,5.9000500000000216,6.150840228955119,0.0574891642058927,0.3555802421252368,36.45753670112365
2024-03-07,5.36,5.6718,5.36,5.56,446331,6.586411981537279,6.210750000000012,7.611779175284904,4.809720824715119,7,5.898750000000022,6.127670023898055,0.0532715644102598,0.3531673676877199,40.77837322610349
2024-03-08,5.63,5.77,5.5425,5.55,363483,6.518155502275788,6.165250000000012,7.589853365852928,4.740646634147096,8,5.895350000000021,6.105016297470681,0.0094329567191373,0.344191127138597,40.63666754452785
2024-03-11,5.51,5.765,5.445,5.66,381132,6.452629282184756,6.118750000000012,7.5455712046362,4.691928795363824,9,5.8925000000000205,6.0875646779620265,0.0065172213772282,0.34246318948584,42.98377615247538
2024-03-12,5.69,5.87,5.68,5.83,503936,6.389724110897366,6.068250000000012,7.460461460231366,4.676038539768657,10,5.892000000000021,6.077464102355672,0.0070707432700524,0.3330015330939943,46.504052190918685
2024-03-13,5.79,5.99,5.79,5.88,539444,6.329335146461472,6.041750000000011,7.4270921057628865,4.656407894237136,11,5.891750000000021,6.069720412067214,0.0167790507329116,0.3235014235872804,47.53016181244054
2024-03-14,5.88,5.88,5.73,5.81,515048,6.271361740603013,5.998250000000011,7.355037658404794,4.641462341595228,12,5.889800000000021,6.0595352978685,-0.0059973025979804,0.3111084647596175,46.19426278695269
2024-03-15,5.78,5.96,5.7245,5.75,846526,6.215707270978893,5.940750000000011,7.235872677586781,4.645627322413241,13,5.887450000000021,6.047396658736402,-0.0711703647891363,0.3057078601339306,45.02609161474438
2024-03-18,5.75,5.92,5.7097,5.78,591283,6.162278980139737,5.891750000000012,7.132182485062986,4.651317514937038,14,5.885350000000021,6.036910515256543,-0.0852314455969998,0.298893012981507,45.76460092016535
2024-03-19,5.71,5.92,5.71,5.87,397439,6.110987820934148,5.840250000000012,6.991269005055749,4.689230994944275,15,5.883000000000021,6.030365004854326,-0.0881601106628346,0.2925435120542565,48.020588248646206
2024-03-20,5.82,6.15,5.82,6.12,456785,4.88,5.805750000000012,6.877035559502944,4.734464440497081,16,5.879750000000021,6.033880102703176,-0.0518731982273331,0.2952189754789524,53.77278494906531
2024-03-21,6.18,6.215,5.95,5.95,481255,4.9054,5.758250000000011,6.708677666895047,4.807822333104975,17,5.876000000000021,6.030590686910895,-0.0832455064789414,0.2930604772304558,49.74174603897331
2024-03-22,5.99,6.04,5.83,5.85,391450,4.957784,5.704750000000011,6.494442820025316,4.915057179974706,18,5.869450000000021,6.023508699188898,-0.1221143394637996,0.287127585999709,47.48666629236225
2024-03-25,5.86,5.99,5.66,5.67,425881,5.00807264,5.6372500000000105,6.14681329341857,5.127686706581451,19,5.859050000000021,6.009645612946197,-0.1775582059126031,0.290189901285444,43.650582291317455
2024-03-26,5.83,5.855,5.71,5.71,493879,5.0563497344,5.65950000000001,6.140144359167552,5.178855640832468,20,5.848800000000022,5.997894804595366,-0.1148966861351235,0.2826763369079123,44.71929788603028
2024-03-27,5.79,6.03,5.79,6.01,475556,5.1026957450240005,5.700000000000011,6.15475268003561,5.245247319964411,21,5.839550000000022,5.998369518140645,-0.1534525430388707,0.2853423128430615,52.06262551429509
2024-03-28,6.02,6.235,5.97,6.22,967422,5.14718791522304,5.74400000000001,6.220671794843801,5.26732820515622,22,5.831450000000022,6.007060909586111,-0.0952833115682175,0.2838892904971286,56.42606410475245
2024-04-01,6.22,6.22,5.93,5.95,450560,5.212456640309658,5.769000000000011,6.233667623145379,5.304332376854642,23,5.821600000000021,6.004823226857243,-0.1285990918687633,0.2843257697473337,50.110495282708925
2024-04-02,5.8,5.965,5.78,5.93,472909,5.273809241891079,5.78450000000001,6.248934064211039,5.320065935788981,24,5.812200000000021,6.001888982666763,-0.1507004720138741,0.2772310719082384,49.66703790060149
2024-04-03,5.88,6.02,5.605,5.71,1004597,5.331480687377614,5.808000000000011,6.202086284967589,5.413913715032434,25,5.80195000000002,5.990442355895517,-0.1120610814183815,0.2870717096290785,44.9543145898508
2024-04-04,5.82,5.99,5.76,5.8,489267,5.385691846134957,5.8305000000000105,6.164174991570492,5.496825008429529,26,5.7930000000000215,5.982974028213341,-0.1341878434119579,0.2865665875127158,47.163060940498056
2024-04-05,5.75,5.83,5.655,5.77,531679,5.43665033536686,5.841000000000011,6.152441808368065,5.529558191631956,27,5.78410000000002,5.974622105538308,-0.1293363795502044,0.2785975455475218,46.49336605917068
2024-04-08,5.85,5.95,5.66,5.66,441023,5.484551315244849,5.846500000000011,6.140593522539255,5.552406477460768,28,5.7747500000000205,5.962283983752492,-0.1377619640579954,0.2794120065798416,44.024887471809
2024-04-09,5.7,5.85,5.66,5.82,621013,5.529578236330158,5.8545000000000105,6.136313768293193,5.572686231706828,29,5.7671000000000205,5.956704219683767,-0.1083001817344217,0.2730254346812815,48.32272469397872
2024-04-10,5.6,5.72,5.545,5.57,393905,6.235,5.841500000000012,6.1494139490174895,5.533586050982533,30,5.75890000000002,5.941539348323619,-0.1615479945324535,0.27316647506119,42.79380141134019
2024-04-11,5.58,5.69,5.55,5.58,433451,6.2212000000000005,5.826500000000011,6.154053049137975,5.498946950862047,1,5.7499500000000205,5.927361334663869,-0.1809273013616837,0.2636545839853907,43.07437168595531
2024-04-12,5.51,5.66,5.505,5.59,654994,6.207676,5.815500000000012,6.15892248033517,5.472077519664853,2,5.74025000000002,5.914131478402541,-0.1759939326549855,0.2558935422721485,43.37346262562806
2024-04-15,5.66,5.77,5.54,5.57,562554,6.17956896,5.806500000000011,6.165402493721577,5.447597506278446,3,5.73080000000002,5.900636126308323,-0.1576065275695544,0.2540440035384236,42.88812146140173
2024-04-16,5.49,5.53,5.3812,5.41,681427,6.1525862016,5.788000000000012,6.186426906721345,5.389573093278679,4,5.72065000000002,5.881395493904075,-0.1767688953097715,0.2493837175713933,39.11705763215418
2024-04-17,5.45,5.58,5.2925,5.31,600536,6.106303029504,5.76000000000001,6.207168871903655,5.312831128096366,5,5.71115000000002,5.858987827476464,-0.2402049151843847,0.2521063091734367,36.93137530466159
2024-04-18,5.34,5.6,5.34,5.54,431757,6.04119878714368,5.7310000000000105,6.155683411495669,5.306316588504352,6,5.702500000000019,5.84647850090876,-0.2535860104272674,0.2548130013753341,44.59884703235089
2024-04-19,5.54,5.64,5.525,5.59,478888,5.981302884172186,5.713000000000011,6.129466085053205,5.296533914946816,7,5.69480000000002,5.836420520480965,-0.2042239406891228,0.244826358419953,46.13203788783621
2024-04-22,5.63,5.765,5.61,5.64,398243,5.92619865343841,5.70250000000001,6.115192379381542,5.289807620618479,8,5.68815000000002,5.828717754971908,-0.1974851521136175,0.2398387613899563,47.69101030987733
2024-04-23,5.69,6.095,5.69,6.01,642989,5.2925,5.719500000000011,6.152927041149472,5.286072958850549,9,5.68275000000002,5.835826862620069,-0.1247975656909759,0.2552074212906738,57.49429314198989
2024-04-24,5.96,6.095,5.94,6.08,406238,5.30855,5.738000000000011,6.198938173727821,5.2770618262722016,10,5.67610000000002,5.845402279772223,-0.0520305017955321,0.2480497483413399,59.05761825072385
2024-04-25,5.92,6.065,5.92,6.05,389159,5.324279000000001,5.740000000000011,6.205961371789098,5.274038628210924,11,5.6688000000000205,5.853425719781155,-0.060367771704218,0.2417604806026727,58.07184822858111
2024-04-26,6.05,6.2,5.97,6.12,326857,5.339693420000001,5.73500000000001,6.182012304080771,5.2879876959192496,12,5.662000000000021,5.86387961312307,-0.136922734349628,0.2409204462739104,59.7596554396497
2024-04-29,6.14,6.22,6.055,6.12,392526,5.374105683200001,5.74350000000001,6.212468015966593,5.274531984033427,13,5.655350000000022,5.873923549863342,-0.1082184477185992,0.2354975572543454,59.7596554396497
2024-04-30,6.05,6.145,5.95,5.95,507666,5.424859342208,5.74450000000001,6.215136802640429,5.273863197359591,14,5.648150000000021,5.87690694006478,-0.1850201468296395,0.2326048745933207,53.67407589652425
2024-05-01,6.45,7.12,6.4,6.74,2341569,5.4725677816755205,5.79600000000001,6.435418485813165,5.156581514186855,15,5.640900000000021,5.910753726728906,-0.1326971166753981,0.2995616692652263,69.31310193101336
2024-05-02,7.12,7.25,6.9,7.13,1561353,5.604362359141479,5.86250000000001,6.72683500449747,4.998164995502549,16,5.636350000000021,5.958567306072871,-0.058304734453147,0.3145929786034244,73.98261371255018
2024-05-03,7.21,7.21,6.82,6.9,692394,5.768926123227331,5.91900000000001,6.892589235766091,4.945410764233929,17,5.633500000000021,5.995486235246483,-0.1019873950460591,0.3199791944174655,67.46286061086609
2024-05-06,6.94,7.04,6.825,6.9,559230,5.917033510904598,5.9810000000000105,7.035303561598653,4.926696438401368,18,5.63035000000002,6.030957363276033,-0.0802687638233837,0.3124806805305037,67.46286061086609
2024-05-07,6.9,7.08,6.87,6.95,428015,6.050330159814138,6.03750000000001,7.169487190740072,4.905512809259949,19,5.6303000000000205,6.066998250990698,-0.1223608281447656,0.305160631921182,68.17007108327388
2024-05-08,6.87,7.005,6.82,6.97,395164,6.170297143832724,6.10750000000001,7.2873283773496915,4.927671622650328,20,5.6310500000000205,6.1024100842851805,-0.0814483839126826,0.2965777296410975,68.46532950058494
2024-05-09,6.94,6.965,6.87,6.91,309814,6.278267429449452,6.174000000000009,7.377102655636506,4.970897344363513,21,5.6337500000000205,6.134080277058311,-0.0666617107332,0.2825364632381619,66.47319298078122
2024-05-10,6.9,6.975,6.87,6.9,271472,6.375440686504507,6.239500000000009,7.450903731214177,5.028096268785842,22,5.63605000000002,6.164116344624651,-0.0832476182231181,0.2698552872925789,66.12783766178967
2024-05-13,6.96,7.04,6.92,6.98,407169,6.462896617854057,6.31000000000001,7.521461926764348,5.098538073235672,23,5.638500000000019,6.196111782090352,-0.0502865650730338,0.2605799096288232,67.57901498980031
2024-05-14,7.0,7.095,6.9,6.91,843231,6.541606956068651,6.38500000000001,7.549104806278026,5.220895193721993,24,5.63980000000002,6.224107398478965,-0.0770108205522896,0.2558956303696215,64.95664547391203
2024-05-15,7.02,7.02,6.72,6.84,1076252,6.612446260461786,6.46150000000001,7.530149147288091,5.392850852711929,25,5.64045000000002,6.248260049519006,-0.0498869847195698,0.2590459424860771,62.35102987785913
2024-05-16,6.84,6.965,6.83,6.89,433971,6.676201634415607,6.529000000000009,7.524327081918114,5.533672918081904,26,5.64085000000002,6.273426322086888,-0.0717023109217259,0.2501855180227858,63.47796363564925
2024-05-17,6.92,7.01,6.88,6.93,334274,6.72,6.596000000000009,7.506239528915127,5.685760471084891,27,5.643550000000021,6.29917430945603,-0.0834948762727054,0.2416008381640154,64.39612131471557
2024-05-20,6.91,7.045,6.91,7.03,448908,6.773,6.665500000000009,7.480422695720053,5.850577304279964,28,5.64695000000002,6.327834140457755,-0.0367018304649541,0.2339864925808714,66.6531729535408
2024-05-21,6.99,7.03,6.89,7.02,452857,6.8207,6.71600000000001,7.48612726221032,5.9458727377897,29,5.650050000000021,6.35497789965549,-0.0360584458928152,0.2272731716822378,66.2012183149528
2024-05-22,7.01,7.06,6.97,7.05,397285,6.86363,6.76450000000001,7.4891371505792,6.039862849420819,30,5.65345000000002,6.382233668296451,-0.0375648845176384,0.2174679451335065,66.92577053742721
2024-05-23,7.07,7.15,6.9,7.02,340059,7.25,6.8130000000000095,7.4661799139590626,6.159820086040956,-1,5.656300000000019,6.407244112676983,-0.0634505420419199,0.219791663338256,65.41557054425063
2024-05-24,7.07,7.14,6.955,7.07,309087,7.243,6.860500000000009,7.439100898720016,6.281899101280002,-1,5.663050000000019,6.433234539630827,-0.0654839612793994,0.2173065445283805,66.76177892227837
2024-05-28,7.11,7.1989,7.02,7.06,476568,7.236140000000001,6.907500000000009,7.38103458163011,6.433965418369907,-1,5.6708000000000185,6.457813577292363,-0.0793633887224299,0.2145632199192106,66.206708165501
2024-05-29,7.05,7.05,6.87,6.92,415689,7.2294172,6.956000000000008,7.133471124410732,6.778528875589285,-1,5.677000000000018,6.475938535045604,-0.0541027349820097,0.2128087042106955,58.83197072644379
2024-05-30,6.98,7.0007,6.885,6.98,353625,7.215040512000001,6.968000000000009,7.115322774884184,6.820677225115833,-1,5.68360000000002,6.495705651318325,-0.0303435246793794,0.2058723681956458,60.84495416823123
2024-05-31,7.0,7.07,6.865,6.93,598701,7.201238891520001,6.95800000000001,7.08584365451411,6.83015634548591,-1,5.691150000000019,6.512736802247018,-0.1077718927077529,0.2058100561816711,58.28721154173459
2024-06-03,7.05,7.06,6.735,6.82,538900,7.181064558028801,6.95400000000001,7.0933413075848994,6.814658692415121,-1,5.699250000000019,6.524786339413801,-0.0934188737135415,0.214323623597266,53.00786744046782
2024-06-04,6.79,6.915,6.73,6.8,486930,7.145379393386497,6.94900000000001,7.102218797800752,6.795781202199267,-1,5.70790000000002,6.535579031985809,-0.0887104540498834,0.2122290790546041,52.084160194586254
2024-06-05,6.85,6.92,6.72,6.78,697154,7.103841454047847,6.94050000000001,7.110497058796662,6.7705029412033575,-1,5.71610000000002,6.545164167986365,-0.1046774997783805,0.2113555734078467,51.12473792243882
2024-06-06,6.76,6.965,6.69,6.83,1357498,7.057780479562106,6.933500000000009,7.109485794879991,6.757514205120027,-1,5.72540000000002,6.556334200614351,-0.1160739285945888,0.2159016038787147,53.43412428435408
2024-06-07,6.73,6.98,6.69,6.72,455405,7.006291212423411,6.924000000000009,7.123037684872922,6.7249623151270965,-1,5.73465000000002,6.562752467256925,-0.1436910384520187,0.2211943464588066,48.05453365101311
2024-06-10,6.65,6.78,6.251,6.68,518704,6.98,6.913000000000009,7.138663466249099,6.687336533750919,-1,5.743100000000021,6.567350409717438,-0.100330115777133,0.2431804645688918,46.23179954297181
2024-06-11,6.62,6.68,6.51,6.59,421737,6.98,6.893500000000008,7.156883750447184,6.630116249552833,-1,5.75130000000002,6.568238628944205,-0.1024608816138815,0.2379532885282566,42.340356606269765
2024-06-12,6.82,6.945,6.635,6.67,641866,6.251,6.88150000000001,7.162090448874382,6.600909551125637,-1,5.759750000000021,6.572229270946393,-0.0802224096851272,0.2463137679190955,46.639866351179656
2024-06-13,6.64,6.64,6.37,6.54,566257,6.264880000000001,6.866500000000009,7.184007480226171,6.548992519773847,-1,5.767050000000021,6.570965377968103,-0.0488773776057943,0.2501484987820172,41.25624253463359
2024-06-14,6.43,6.5,6.295,6.4,490953,6.278482400000001,6.84200000000001,7.218595273469424,6.465404726530597,-1,5.77250000000002,6.564260853341903,-0.0427644091997751,0.249780748869016,36.38530267761069
2024-06-17,6.41,6.65,6.37,6.61,304523,6.291812752,6.82600000000001,7.213318989980505,6.438681010019516,-1,5.778150000000021,6.56605454536771,-0.0142048165783683,0.2519392668069434,46.57465094464638
2024-06-18,6.59,6.68,6.465,6.48,391351,6.295,6.7985000000000095,7.2017505424665655,6.3952494575334535,-1,5.783300000000021,6.562679857314075,-0.0814296937696259,0.2493007477493046,42.08114584268301
2024-06-20,6.45,6.59,6.36,6.44,329132,6.308,6.7695000000000105,7.187996117066248,6.351003882933773,-1,5.787950000000021,6.557868882517445,-0.1308190208273769,0.2479221229100685,40.77750603523417
2024-06-21,6.63,6.64,6.48,6.49,706190,6.32074,6.741500000000011,7.156097395070791,6.326902604929231,-1,5.792500000000022,6.555207357712839,-0.2160571940443748,0.2444991141307779,43.14837544018929
2024-06-24,6.51,6.675,6.41,6.67,411780,6.3332252,6.724000000000009,7.119191093016527,6.328808906983491,-1,5.797500000000022,6.559709029959395,-0.1754405688287264,0.2459634631214366,50.7865858709061
2024-06-25,6.58,6.655,6.515,6.6,324815,6.345460696,6.70050000000001,7.065327356429816,6.335672643570203,-1,5.803200000000021,6.561289068000203,-0.1757095276846514,0.2394660728984768,48.081170285494274
2024-06-26,6.56,6.68,6.47,6.6,381339,6.35745148208,6.677500000000011,7.004845383348429,6.350154616651593,-1,5.809650000000022,6.562807143764901,-0.1432324119726631,0.2373613534057284,48.081170285494274
2024-06-27,6.65,6.7575,6.54,6.75,332682,6.3692024524384,6.669000000000009,6.979090309425476,6.358909690574543,-1,5.816300000000021,6.570148040087846,-0.0964214297157253,0.2359426853053193,54.1510112991484
2024-06-28,6.82,7.0,6.74,6.82,1919058,6.380718403389632,6.66100000000001,6.945808707731227,6.3761912922687936,-1,5.8231000000000215,6.579946156162832,-0.164989839715712,0.2376610649263679,56.695369336990005
2024-07-01,6.81,6.895,6.655,6.68,379982,6.405489667254047,6.64850000000001,6.905581699075509,6.391418300924511,-1,5.829600000000022,6.583869836313309,-0.1751018812551737,0.2378281317173416,50.64228860088096
2024-07-02,6.69,6.83,6.67,6.82,270552,6.429270080563885,6.64850000000001,6.905581699075509,6.391418300924511,-1,5.836150000000021,6.593129842732395,-0.1358709174536763,0.2322689794518172,55.73210831774301
2024-07-03,6.84,7.0099,6.84,6.9,240886,6.45209927734133,6.653500000000011,6.92562313389253,6.381376866107492,-1,5.843450000000022,6.605163966546811,-0.1345907487468435,0.2292426237766874,58.373677931739024
2024-07-05,6.85,6.88,6.76,6.84,425399,6.48556732070085,6.656500000000011,6.935374523754924,6.377625476245098,-1,5.854225000000022,6.614373222760661,-0.0992566451292105,0.2228681506497812,55.68961093399237
2024-07-08,6.95,7.0132,6.845,6.97,354682,6.517027281458799,6.663500000000012,6.965511589180751,6.361488410819272,-1,5.865125000000021,6.628319370887694,-0.0943644143356841,0.2193204256033682,59.98297644064637
2024-07-09,6.99,7.06,6.94,7.05,284008,6.556721098942095,6.680000000000011,7.025485166106298,6.334514833893724,-1,5.877175000000022,6.644855866147,-0.0343717296295454,0.2122261094888419,62.39754644405628
2024-07-10,7.08,7.155,6.96,6.99,346175,6.607048989047885,6.695500000000012,7.066470349218734,6.324529650781289,-1,5.888775000000021,6.658390930219666,-0.0940340699683261,0.2109956730967818,59.49791556614952
2024-07-11,7.15,7.245,7.055,7.12,610667,6.672803110362139,6.722000000000011,7.132638527173829,6.311361472826193,-1,5.900925000000021,6.67649324668164,-0.1095060324570833,0.2141388393041545,63.45997370245834
2024-07-12,7.22,7.24,7.09,7.11,379709,6.75291067491144,6.744000000000011,7.18700790060619,6.300992099393833,-1,5.913525000000022,6.693493511517654,-0.0894251155064862,0.2095574936395721,62.94984534328909
2024-07-15,7.14,7.2,7.07,7.14,500986,6.821803180423838,6.774000000000011,7.238430834462501,6.30956916553752,-1,5.926925000000023,6.711003569889511,-0.1015837138278069,0.2038748155224598,63.88771079437316
2024-07-16,7.2,7.205,7.085,7.18,558278,6.8810507351645,6.813000000000011,7.276253710184287,6.349746289815736,-1,5.940075000000022,6.729395586756588,-0.0676734040324849,0.1978837572708555,65.15426438280679
2024-07-17,7.15,7.18,6.98,6.99,413413,6.93200363224147,6.8320000000000105,7.291547603627261,6.37245239637276,-1,5.951925000000022,6.739615367668095,-0.1285680862260868,0.1980349174657944,55.24309603429055
2024-07-18,6.94,7.125,6.745,6.75,676257,7.245,6.845500000000011,7.277956934271517,6.413043065728505,-1,5.962225000000022,6.7400226081516985,-0.1575227226072569,0.2110324233610948,45.77156668739572
2024-07-19,6.77,6.8,6.66,6.71,373207,7.235,6.859000000000012,7.255328146867576,6.462671853132447,-1,5.972775000000022,6.738845250969279,-0.1574739007576538,0.2059586788353022,44.40507150216037
2024-07-22,6.74,7.07,6.675,7.05,437158,7.212000000000001,6.887000000000012,7.253065567896579,6.520934432103445,-1,5.986325000000022,6.751047397990091,-0.0568153158661556,0.2194616303470664,56.337407106029815
2024-07-23,7.03,7.225,6.99,7.17,443551,6.66,6.912000000000012,7.283623465351012,6.540376534649011,-1,6.001525000000022,6.767476911794401,-0.0732358989108714,0.2205715138937045,59.630687084117184
2024-07-24,7.16,7.18,6.77,6.79,481822,6.6713000000000005,6.921500000000012,7.269711142842197,6.573288857157826,-1,6.014925000000021,6.768360170155405,-0.1234835174547117,0.2341021200441542,47.43055859613912
2024-07-25,6.87,6.87,6.69,6.715,490023,6.682374,6.927250000000012,7.2573632381462865,6.597136761853738,-1,6.025800000000021,6.766267614463036,-0.1669659023718745,0.2302376828981431,45.45391558037752
2024-07-26,6.86,6.95,6.71,6.93,593158,6.69,6.936250000000013,7.256201168148194,6.616298831851831,-1,6.038000000000022,6.772688492327231,-0.1445618175261229,0.2309349912625615,51.6716713455528
2024-07-29,6.96,6.97,6.63,6.7,547946,7.225,6.9302500000000125,7.262943176965549,6.597556823034476,-1,6.048550000000022,6.769837963216359,-0.1198602854572326,0.2387253490295214,45.67362740820475
2024-07-30,6.71,6.835,6.65,6.71,818951,7.2131,6.9317500000000125,7.260159424346223,6.603340575653802,-1,6.059600000000021,6.7674913764235605,-0.1127557418840562,0.2348878240988413,45.96730486557393
2024-07-31,6.77,6.85,6.575,6.68,1096727,7.201438,6.924750000000012,7.26802066580103,6.581479334198994,-1,6.071300000000021,6.764060342054009,-0.1527441551474221,0.2377529795203526,45.17827134965953
2024-08-01,6.7,6.94,6.17,6.31,1060832,7.17638048,6.895250000000013,7.3309273462086,6.459572653791426,-1,6.082750000000021,6.746254054130322,-0.1967252852587011,0.2757706238403274,36.7904894652312
2024-08-02,6.03,6.18,5.705,6.15,1012457,7.1159976512,6.860750000000013,7.404370041940528,6.317129958059498,1,6.092400000000023,6.7228715422036425,-0.1219642523966497,0.2992870078517325,33.86268634724125
2024-08-05,5.76,6.17,5.71,6.02,819650,7.003117839104,6.8132500000000125,7.465540387787091,6.160959612212934,2,6.100750000000022,6.695307952313304,-0.1077897465179137,0.3107665072908945,31.65823245420627
2024-08-06,6.01,6.2,6.0,6.06,701286,6.89926841197568,6.763750000000013,7.483436563720215,6.044063436279812,3,6.109750000000023,6.670393914967684,-0.1459874313158089,0.3028546139129736,33.101338879413944
2024-08-07,6.17,6.26,5.98,6.08,632676,6.803726939017626,6.718250000000014,7.488271265939723,5.948228734060304,4,6.119400000000022,6.647241212419932,-0.1380245450887977,0.3012221414906183,33.85343635052935
2024-08-08,6.08,6.26,6.05,6.26,358973,6.715828783896216,6.675250000000013,7.446777543253922,5.903722456746103,5,6.129750000000023,6.632055282521111,-0.0963150381028886,0.2947062742412884,40.35284209818005
2024-08-09,6.23,6.32,6.165,6.27,334364,6.634962481184519,6.633250000000013,7.396953312811614,5.869546687188412,6,6.140700000000022,6.617857036147734,-0.0645193602082426,0.284727254652625,40.7014383397629
2024-08-12,6.31,6.33,6.17,6.24,326409,6.560565482689757,6.588250000000014,7.33304040675843,5.843459593241597,7,6.151750000000022,6.603039113161548,-0.0719597050546634,0.2758181650345804,39.94717166609574
2024-08-13,6.32,6.485,6.315,6.46,311537,6.492120244074576,6.552250000000013,7.247077136775348,5.857422863224678,8,6.159950000000023,6.597429736174821,-0.0823121774546449,0.2736168675321104,47.614011878354646
2024-08-14,6.49,6.675,6.36,6.45,561773,5.705,6.525250000000014,7.19130911899723,5.859190881002798,9,6.169900000000024,6.591648177893455,-0.0704298556640571,0.276572805565531,47.31829640570401
2024-08-15,6.62,6.67,6.33,6.44,754540,5.7244,6.509750000000014,7.168555547942171,5.850944452057856,10,6.180900000000023,6.585701190525084,-0.0377190980902786,0.2811033194537074,47.00391418257225
2024-08-16,6.43,6.475,6.21,6.38,870170,5.743412,6.493250000000015,7.147683151665897,5.838816848334132,11,6.191150000000024,6.577634477171159,-0.0083489378433829,0.2799530823498711,45.06908104444122
2024-08-19,6.4,6.7,6.39,6.64,871083,5.76204376,6.472750000000015,7.080133527928896,5.865366472071133,12,6.203750000000025,6.580080183948761,0.0027012114282062,0.2828135764677375,53.92069035936264
2024-08-20,6.61,6.7,6.525,6.69,398416,5.7995620096,6.448750000000016,6.976782906170918,5.920717093829113,13,6.2166000000000246,6.584390764970378,0.0116773010630131,0.2751126067200419,55.40880312344596
2024-08-21,6.74,6.94,6.65,6.92,408680,5.835579529216,6.455250000000016,7.002766894715852,5.907733105284179,14,6.229450000000025,6.597551911442127,0.0724329390976596,0.2761759919543247,61.558732053287024
2024-08-22,6.95,6.99,6.9,6.92,302376,5.90184475746304,6.465500000000016,7.039136644575038,5.891863355424993,15,6.240350000000024,6.610196934522828,0.088041654057864,0.26287770681473,61.55873205328703
2024-08-23,6.99,7.23,6.9835,7.18,496429,5.988897176865997,6.478000000000014,7.100401799482746,5.8555982005172815,16,6.252950000000023,6.632542152776835,0.0730049893242511,0.2662435848993922,67.44515516858175
2024-08-26,7.23,7.32,7.14,7.21,539484,6.113007459179397,6.503500000000014,7.1978277324141615,5.809172267585867,17,6.266000000000024,6.655187558550292,0.0890227069759129,0.2600833288351499,68.05303257379848
2024-08-27,7.2,7.235,7.12,7.21,378374,6.2578465640778695,6.5285000000000135,7.284073292275086,5.772926707724941,18,6.279000000000024,6.676944909195378,0.1332213039079482,0.2497202339183535,68.05303257379848
2024-08-28,7.19,7.29,7.06,7.14,369682,6.385304976388525,6.551500000000014,7.350856616285476,5.752143383714552,19,6.291500000000024,6.695103932364187,0.1543845943316156,0.2483116457813283,64.77973355208104
2024-08-29,7.23,7.24,7.005,7.01,323493,6.497468379221902,6.586500000000015,7.401638638514516,5.771361361485514,20,6.304800000000023,6.70745279776167,0.1988691779543071,0.2473608139398049,59.09489472087756
2024-08-30,7.07,7.21,7.07,7.19,417460,6.596172173715274,6.638500000000015,7.468181264100423,5.808818735899607,21,6.317700000000023,6.7263762174572905,0.1528770304612114,0.2439778986583902,63.82818497244365
2024-09-03,7.07,7.16,6.93,6.94,407077,6.683031512869442,6.684500000000016,7.472902815824009,5.896097184176023,22,6.327900000000024,6.73475362069426,0.0920736127510883,0.2451223344685053,54.410936860517424
2024-09-04,6.95,7.05,6.87,6.95,324057,6.759467731325109,6.729000000000016,7.470455325693464,5.987544674306568,23,6.339050000000023,6.743194655176838,0.1218210642176083,0.2404707391493263,54.69885259174816
2024-09-05,6.95,7.08,6.915,7.04,583460,6.826731603566095,6.777000000000015,7.466669486057809,6.087330513942222,24,6.351550000000023,6.754834080464021,0.1740098548289039,0.2350799720672316,57.31185155886333
2024-09-06,7.05,7.075,6.69,6.71,283909,7.32,6.799500000000016,7.448390591701876,6.150609408298156,25,6.359850000000023,6.753075881230138,0.109199556088334,0.2457885454910007,46.67983863610518
2024-09-09,6.71,6.77,6.61,6.66,299449,7.3074,6.819000000000017,7.425099001813351,6.212900998186683,26,6.368200000000023,6.749425846672093,0.0845864808956128,0.2396607922416435,45.30835662831121
2024-09-10,6.66,6.83,6.625,6.82,322452,7.279504,6.848000000000016,7.392925683005664,6.303074316994367,27,6.377700000000022,6.7521934605280896,0.1205939252510528,0.2371850213672404,50.336763895120576
2024-09-11,6.83,6.935,6.75,6.9,312090,7.25272384,6.870000000000016,7.38520869557802,6.354791304422013,28,6.386550000000023,6.757989795409341,0.117778228285465,0.2334575198410089,52.67944918745587
2024-09-12,6.98,7.09,6.92,7.05,515688,7.2270148864,6.900000000000016,7.382742167206508,6.417257832793523,29,6.395650000000022,6.769441175981524,0.1743458996125864,0.2303534112809368,56.79474850969237
2024-09-13,7.07,7.3,7.05,7.25,547714,6.61,6.940500000000016,7.397292075236834,6.483707924763198,30,6.406200000000023,6.78828662006068,0.2446789404649113,0.2317567390465842,61.59105999228517
2024-09-16,7.3,7.33,7.1701,7.25,527341,6.6238,6.984000000000016,7.380756852491765,6.587243147508267,-1,6.416800000000023,6.8063930271171245,0.2258208248676571,0.226624114828971,61.59105999228517
2024-09-17,7.32,7.39,7.25,7.37,672646,6.652048,7.020500000000015,7.418267520040562,6.622732479959469,-1,6.428100000000024,6.828495261347825,0.2247986822916227,0.2204366780554731,64.34533804958501
2024-09-18,7.39,7.48,6.65,7.33,651353,7.48,7.052500000000014,7.44164650197489,6.663353498025139,-1,6.439650000000024,6.848162113843989,0.2255105797133995,0.263976915337225,62.73054109157111
2024-09-19,7.39,7.5,7.215,7.32,672658,6.65,7.072500000000015,7.473292964009173,6.671707035990857,-1,6.450200000000024,6.866665560359911,0.159696026969135,0.2654785642417089,62.30954303211354
2024-09-20,7.25,7.37,7.21,7.22,1871591,6.65,7.087500000000016,7.486793125409415,6.688206874590616,-1,6.460000000000025,6.880521812894816,-0.0038819763635343,0.2579443810815869,58.10968811321841
2024-09-23,7.27,7.28,7.01,7.02,350670,6.667000000000001,7.079500000000016,7.47746859172454,6.681531408275491,-1,6.469450000000026,6.885991545722471,-0.0636948446034461,0.2588054967186164,50.743025809863816
2024-09-24,7.03,7.16,6.94,7.16,401416,6.683660000000001,7.077000000000015,7.4722771179808305,6.6817228820192,-1,6.479250000000025,6.896736975301981,-0.0136090291464817,0.2560336755244295,55.03971551398881
2024-09-25,7.17,7.195,7.04,7.05,521323,6.6999868000000005,7.069000000000015,7.459635379861108,6.678364620138922,-1,6.488300000000025,6.902747289996021,-0.0777959910102057,0.2488169844155417,51.25647193451498
2024-09-26,7.15,7.15,7.015,7.1,238480,6.715987064,7.067000000000016,7.4565689926049075,6.677431007395125,-1,6.496750000000024,6.910482690388333,-0.0617741409092568,0.2406871998144316,52.84317154312351
2024-09-27,7.15,7.21,7.085,7.13,228341,6.73166732272,7.073000000000016,7.462568992604871,6.6834310073951615,-1,6.504850000000025,6.919091212333889,-0.0381353793971403,0.2324238283991151,53.8146165967515
2024-09-30,7.08,7.12,6.95,7.02,339734,6.7470339762656,7.064500000000015,7.450892287706752,6.6781077122932775,-1,6.512500000000024,6.923048419693345,-0.0739894936967084,0.2286792692277497,49.76638059492625
2024-10-01,7.02,7.12,6.935,7.11,362702,6.762093296740288,7.073000000000016,7.455523201909574,6.690476798090459,1,6.518950000000025,6.930379854215174,-0.0049876403953186,0.2255593214257676,52.889022580365086
2024-10-02,7.08,7.27,7.08,7.14,368058,6.776851430805482,7.082500000000016,7.461755850316395,6.703244149683636,2,6.524250000000024,6.938600252089089,-0.0148549605464551,0.2230193698953556,53.917343472738
2024-10-03,7.14,7.205,7.06,7.12,378918,6.791314402189372,7.086500000000015,7.465565957320366,6.707434042679664,3,6.529450000000023,6.945713967693439,-0.0522479795558241,0.2174465577599731,53.08543537336614
2024-10-04,7.2,7.295,7.155,7.21,472282,6.805488114145585,7.111500000000016,7.451927672199531,6.7710723278005,4,6.535100000000024,6.956078125823108,-0.0360319369615379,0.2144146607771178,56.34932194694854
2024-10-07,7.19,7.19,6.775,6.84,474446,7.5,7.120500000000016,7.419730680243833,6.821269319756198,5,6.538300000000024,6.951526042457496,-0.0562887766963161,0.2301707564358951,43.080041374742656
2024-10-08,6.84,7.02,6.81,6.99,437926,7.4855,7.129000000000016,7.402122683055015,6.855877316945018,6,6.542400000000023,6.953034825106221,-0.0535522009657424,0.2287299881190454,48.3864050375653
2024-10-09,6.99,7.16,6.99,7.15,340334,7.47129,7.141500000000015,7.393632901461243,6.889367098538787,7,6.546600000000024,6.96075894961186,-0.0431599433004068,0.224534988967685,53.37901134009297
2024-10-10,7.06,7.14,6.9,6.99,304167,7.4573642,7.1385000000000165,7.396280914730235,6.880719085269798,8,6.549450000000023,6.961905657470218,-0.0784068192890796,0.2263539183271361,48.34305468300736
2024-10-11,6.99,7.055,6.88,6.89,321075,7.443716916,7.120500000000016,7.394395965649752,6.846604034350279,9,6.550300000000024,6.959085827765503,-0.1418944780300855,0.2226857813037692,45.45654772946872
2024-10-14,6.88,6.89,6.69,6.79,345388,7.430342577679999,7.097500000000015,7.399816059777212,6.7951839402228185,10,6.550150000000024,6.952455010990385,-0.1445077256651523,0.2210653683535,42.71020426093797
2024-10-15,6.79,6.83,6.67,6.68,427709,7.400728874572799,7.063000000000015,7.389563929421575,6.736436070578455,11,6.549650000000023,6.941770500755468,-0.2381182263778965,0.21670355632825,39.85756697463238
2024-10-16,6.71,6.85,6.69,6.85,421068,7.356885142098431,7.039000000000016,7.353890457142175,6.724109542857857,12,6.550750000000023,6.938171657588587,-0.2434738772578878,0.2133675880190892,45.87428267338733
2024-10-17,6.86,7.03,6.685,7.02,386162,7.315672033572525,7.024000000000015,7.311290793446719,6.736709206553311,13,6.552600000000023,6.941380612192956,-0.1910886716069034,0.2227699031605829,51.13845804531321
2024-10-18,7.04,7.1,6.85,6.86,384294,7.276931711558173,7.006000000000016,7.286955512491184,6.725044487508849,14,6.555700000000023,6.938189215636369,-0.057850351978239,0.2247149100776841,46.54966002729012
2024-10-21,6.78,6.89,6.6,6.6,352570,7.240515808864683,6.985000000000015,7.316813200459626,6.653186799540405,15,6.557000000000024,6.924926893454551,-0.0615492843265448,0.229378130786421,40.23194049222633
2024-10-22,6.58,6.66,6.41,6.43,448447,7.189274544155508,6.948500000000015,7.348813627046636,6.548186372953395,16,6.557800000000023,6.905517995672019,-0.1641804560453362,0.2308511214445338,36.72251148949404
2024-10-23,6.37,6.375,6.15,6.25,361788,7.111347089739958,6.908500000000015,7.407870603859743,6.409129396140288,17,6.556350000000022,6.87981140760645,-0.1117500881554241,0.2343617556270671,33.40032198941147
2024-10-24,6.26,6.26,6.101,6.18,452768,6.995985438971163,6.862500000000014,7.445350752765482,6.279649247234546,18,6.555250000000022,6.852367822994433,-0.1171034129718387,0.2289787730822765,32.18104497540284
2024-10-25,6.25,6.355,6.13,6.15,313926,6.8706874775152,6.813500000000015,7.459511609802253,6.167488390197776,19,6.553800000000023,6.824823986798573,-0.1410395781058963,0.2286945750049711,31.647828514927227
2024-10-28,6.2,6.46,6.2,6.27,397493,6.762931230663072,6.776000000000015,7.455894109401808,6.0961058905982215,20,6.552600000000023,6.803066183394708,-0.1559216823892955,0.2345021053617589,36.201469190072615
2024-10-29,6.26,6.37,6.23,6.35,453750,6.670260858370241,6.738000000000016,7.42390378333938,6.052096216660651,21,6.551850000000022,6.785298882085112,-0.1540329483249416,0.2277519549787761,39.11365940675044
2024-10-30,6.34,6.47,6.315,6.45,537459,6.590564338198408,6.703500000000014,7.374298777577406,6.032701222422623,22,6.552300000000022,6.772149906317068,-0.0840809197359083,0.2225553867660063,42.63838358990394
2024-10-31,6.48,6.605,6.195,6.21,379946,6.101,6.658000000000016,7.333058515981599,5.982941484018432,23,6.551550000000021,6.750104811951693,-0.1198637750829423,0.2359442877112916,37.088982561402986
2024-11-01,6.29,6.51,6.27,6.5,391088,6.11108,6.6225000000000165,7.250763479759261,5.994236520240772,24,6.551450000000021,6.74029678011045,-0.0631341332897845,0.2405196957319136,46.20057797899886
2024-11-04,6.5,6.705,6.48,6.59,465265,6.1209584,6.610000000000016,7.230354737226365,5.989645262773667,25,6.551250000000022,6.734402788733569,-0.0233865011298512,0.2394111460367769,48.68454102833665
2024-11-05,6.58,6.795,6.58,6.76,463691,6.144320064,6.598500000000017,7.198442497243849,5.998557502756186,26,6.550650000000021,6.735406600940096,-0.0233210658873059,0.2376674927484356,53.090304986615
2024-11-06,6.82,7.16,6.82,7.12,1161575,6.1833608601600005,6.597000000000017,7.191545204336179,6.002454795663856,27,6.551250000000022,6.750488695020877,0.0459088576228129,0.2492626718378331,60.77126604268615
2024-11-07,7.2,7.33,6.71,7.33,1160123,6.2614919913472,6.614000000000017,7.268901519313558,5.959098480686476,28,6.554600000000022,6.773214628549471,0.1702513041197902,0.2757439095637022,64.43005702536564
2024-11-08,7.35,7.915,7.2152,7.85,1609436,6.368342792212481,6.662000000000018,7.504605483010388,5.819394516989648,29,6.559800000000021,6.815441505861256,0.2962818794647935,0.3060336303091521,71.51476360335215
2024-11-11,7.9,7.99,7.67,7.82,1067796,6.553941657146983,6.713500000000018,7.695483197411828,5.731516802588208,30,6.565650000000022,6.854835956611795,0.27215287393777,0.3070312281442127,70.64059412927938
2024-11-12,7.85,7.895,7.575,7.67,536227,6.754989825146406,6.763000000000017,7.829416428980359,5.696583571019675,-1,6.570000000000022,6.886803173999567,0.2829550070453954,0.3079575689910546,66.27819602087186
2024-11-13,7.74,7.795,7.63,7.67,565811,6.927891249625909,6.804000000000016,7.941337241102769,5.666662758897264,-1,6.574850000000022,6.917516775019192,0.2195801920893042,0.2977463140631221,66.27819602087186
2024-11-14,7.7,7.83,7.39,7.46,537871,7.076586474678282,6.8260000000000165,7.995758949527301,5.656241050472732,-1,6.579550000000021,6.938790626979223,0.1561471081746242,0.307907291630042,60.23815336906464
2024-11-15,7.39,7.51,7.27,7.3,463569,7.204464368223323,6.848000000000015,8.03589898560413,5.6601010143959005,-1,6.583300000000021,6.952955700431018,0.1556104323881763,0.3030567707993247,56.047237800592775
2024-11-18,7.33,7.6399,7.3,7.43,514530,7.99,6.889500000000015,8.09766348231492,5.681336517685111,-1,6.588200000000021,6.971663320021959,0.1724161494056688,0.3056884300279444,58.56936455441574
2024-11-19,7.38,7.5101,7.2605,7.46,371864,7.9762,6.941000000000014,8.154225453079247,5.727774546920781,-1,6.593450000000022,6.990813778060313,0.2225949866950623,0.3016821135973769,59.15189051262241
2024-11-20,7.46,7.6,7.43,7.6,477878,7.947572,7.008500000000015,8.210602741033092,5.806397258966937,-1,6.599600000000022,7.014703433822654,0.2625424772101462,0.2922762483404214,61.84779670608144
2024-11-21,7.63,7.895,7.61,7.86,583401,7.92008912,7.092500000000014,8.286047234088098,5.898952765911929,-1,6.607150000000021,7.0478523187707856,0.2953594924110014,0.2924708020303913,66.2965395665818
2024-11-22,7.9,7.9,7.79,7.82,377376,7.2605,7.1760000000000135,8.327023892019332,6.024976107980695,-1,6.613950000000021,7.07813261999546,0.300779836007527,0.2794371733139348,65.04001881496887
2024-11-25,7.92,8.04,7.865,7.92,560582,7.27329,7.258500000000014,8.373924134578118,6.14307586542191,-1,6.620600000000021,7.111147027054462,0.2949583705211236,0.275191660934368,66.73732676878606
2024-11-26,7.9,8.16,7.69,8.09,546506,7.3039584,7.345500000000014,8.435040728930915,6.255959271069113,-1,6.6268499999999975,7.149533418150365,0.2974834795409217,0.2891065422961988,69.45250683871198
2024-11-27,8.0,8.05,7.865,7.91,301969,7.355320896,7.418500000000014,8.452487910954146,6.384512089045883,-1,6.634349999999997,7.179355637046429,0.2588945171961659,0.284527503560756,63.53843907525929
2024-11-29,7.99,8.0,7.85,7.86,275284,7.40360164224,7.501000000000014,8.389141880557005,6.612858119443023,-1,6.640249999999997,7.20604757284853,0.2702091739029397,0.2749183961635592,61.96012709523796
2024-12-02,7.85,8.18,7.72,8.1,535776,7.4489855437056,7.581000000000013,8.377590233432006,6.784409766568021,-1,6.646249999999997,7.241104530776039,0.266378687445052,0.288138510723305,66.28881479289231
2024-12-03,8.09,8.11,7.99,8.04,511454,7.507466700209152,7.653500000000013,8.331180603233719,6.975819396766308,-1,6.652649999999998,7.272433764863253,0.2594699638724592,0.2761286171002117,64.31831432463198
2024-12-04,8.04,8.04,7.88,7.94,269965,7.56126936419242,7.712500000000013,8.26211350056125,7.162886499438775,-1,6.657849999999997,7.298612832907831,0.2329234038262716,0.2678337158787679,61.0604733021537
2024-12-05,7.92,7.96,7.85,7.88,565852,7.610767815057026,7.750500000000014,8.231851223120033,7.269148776879994,-1,6.663199999999997,7.321412329656543,0.1478487912346573,0.2565598790302845,59.12536618127682
2024-12-06,7.92,7.93,7.545,7.62,396861,8.18,7.765000000000013,8.210982062418687,7.31901793758134,-1,6.666799999999998,7.333121650062169,0.031361480017404,0.2657341733852641,51.50767179265814
2024-12-09,7.7,7.7,7.415,7.46,311866,8.1673,7.745500000000012,8.208683548929876,7.282316451070149,-1,6.669499999999997,7.338097271628358,-0.1204065439065621,0.2671103038577453,47.45567429396186
2024-12-10,7.43,7.565,7.35,7.5,553970,8.137208,7.729500000000013,8.20327104174827,7.255728958251757,-1,6.671899999999997,7.344446398231168,-0.0962257452599073,0.2633881392964778,48.5454711405372
2024-12-11,7.59,7.66,7.32,7.53,491725,8.08997552,7.722500000000013,8.203660056529207,7.241339943470819,-1,6.6832249999999975,7.351723010065239,-0.0604914225055183,0.2688604150610151,49.39323374875363
2024-12-12,7.53,7.6,7.33,7.34,305259,8.0283774784,7.706000000000015,8.21505402463699,7.196945975363039,-1,6.693924999999997,7.351263284180328,-0.0612654153025143,0.2689418139852282,44.40342240625834
2024-12-13,7.34,7.4,7.19,7.29,591626,7.971707280127999,7.697500000000014,8.227929071600647,7.167070928399381,-1,6.703674999999997,7.348860802447765,-0.0233128224476147,0.2647316844148548,43.16754580174148
2024-12-16,7.31,7.375,7.1101,7.2,332354,7.893536552115199,7.692500000000014,8.239450637625716,7.145549362374314,-1,6.712424999999997,7.343023123920402,0.0034836299679608,0.2647437069566508,40.957750959002105
2024-12-17,7.17,7.275,7.005,7.15,323826,7.799524165861375,7.678500000000014,8.264546926448027,7.092453073552001,-1,6.720074999999998,7.335453589649013,0.0202475875784362,0.2651191564597472,39.74060883874468
2024-12-18,7.21,7.4,6.88,6.94,507350,7.688290782640783,7.652500000000015,8.316032214741,6.98896778525903,-1,6.7285749999999975,7.319945605741209,-0.0495407502191744,0.2833249309983367,35.03189024884067
2024-12-19,7.04,7.24,6.835,6.88,308716,7.558964257418258,7.616500000000014,8.360738537029102,6.8722614629709255,-1,6.736224999999998,7.302692836888612,-0.1334975847846354,0.2920160073555984,33.799645423155255
2024-12-20,6.79,6.95,6.73,6.82,621512,7.4286506910829715,7.564500000000014,8.375733012148276,6.753266987851753,-1,6.742524999999998,7.283763706030236,-0.1965625750945995,0.2868720068301985,32.56602139778124
2024-12-23,6.8,6.83,6.65,6.67,257871,7.288920552866378,7.507000000000014,8.396856168152599,6.617143831847429,-1,6.748124999999999,7.259694541087874,-0.2026909313172429,0.2792382920566129,29.652265004872675
2024-12-24,6.68,6.7,6.62,6.68,84139,7.161136442293103,7.4450000000000145,8.382624658378385,6.507375341621645,-1,6.753224999999999,7.236961421829526,-0.1836994245185898,0.2650069854811405,30.10127007433718
2024-12-26,6.64,6.825,6.6144,6.78,195386,7.052909153834482,7.379500000000014,8.310745939588038,6.448254060411991,-1,6.757974999999998,7.219041366071505,-0.2271373933850781,0.2611207722324877,34.59683790530681
2024-12-27,6.73,6.76,6.535,6.64,309133,6.9652073230675855,7.316000000000014,8.266881696111145,6.365118303888883,-1,6.761774999999997,7.1963338615196815,-0.2095780611616429,0.2599692885015957,31.538605562268287
2024-12-30,6.65,6.7,6.525,6.6,264183,6.879165858454068,7.253000000000014,8.218217074030076,6.287782925969953,-1,6.765724999999998,7.172948219891459,-0.1839265523486401,0.2539000536086246,30.70350520799927
2024-12-31,6.61,6.69,6.54,6.58,285724,6.808332686763254,7.177000000000014,8.10201027021283,6.251989729787197,-1,6.769874999999997,7.149695348523166,-0.2545320133466959,0.2464786212080086,30.27189620648853
2025-01-02,6.64,6.68,6.385,6.47,273614,6.751666149410603,7.098500000000014,7.982813858310068,6.214186141689959,-1,6.773324999999997,7.123040628973238,-0.2671143539774258,0.2499444339788651,27.945113706121177
2025-01-03,6.48,6.55,6.415,6.5,214523,6.69,7.026500000000015,7.857939113825648,6.195060886174382,-1,6.776474999999997,7.09860766313115,-0.252063402609158,0.2417341172660889,29.535848007053104
2025-01-06,6.5,6.57,6.39,6.41,350587,6.68,6.953000000000013,7.727599251225621,6.178400748774404,-1,6.777924999999997,7.071603441047576,-0.2620535894004124,0.2373245374613684,27.569463424715067
2025-01-07,6.4,6.45,6.09,6.18,610034,6.621,6.881000000000013,7.661894359052023,6.100105640948002,-1,6.779074999999997,7.03663860022218,-0.2630148067580389,0.2460870704998421,23.300235541426574
2025-01-08,6.19,6.3,6.1,6.21,300650,6.57,6.818500000000013,7.604102316696746,6.032897683303279,-1,6.780874999999997,7.004221400213467,-0.229529575399741,0.2427951368927105,24.933090693511915
2025-01-10,6.08,6.15,5.81,5.94,377373,6.474,6.740500000000013,7.54938750762964,5.931612492370387,-1,6.782224999999998,6.9624872276560765,-0.2792526573171722,0.2540240556860884,20.668398836299247
2025-01-13,5.84,6.045,5.84,6.01,352043,6.3412,6.664500000000014,7.447608549307983,5.881391450692044,1,6.783724999999997,6.925134787355838,-0.2680193751920717,0.2505223374227963,24.28429912715548
2025-01-14,6.09,6.22,5.97,6.11,364166,6.23496,6.603000000000014,7.35689919750538,5.849100802494648,2,6.7842249999999975,6.893168717263452,-0.2186121915210882,0.2504850276068823,29.245757538037097
2025-01-15,6.31,6.495,6.18,6.4,553859,5.81,6.558500000000014,7.247187882860787,5.86981211713924,3,6.785124999999998,6.873828767566846,-0.1838074636444348,0.2600932399206764,41.26559656940041
2025-01-16,6.45,6.545,6.27,6.32,328134,5.8237,6.514500000000014,7.143482511679961,5.885517488320067,4,6.786974999999997,6.852109992368146,-0.198745867936042,0.261158008497771,39.28302983239213
2025-01-17,6.41,6.6099,6.4,6.53,350574,5.852551999999999,6.483500000000014,7.041219463529172,5.925780536470855,5,6.789974999999998,6.8394782279615525,-0.1893377976733504,0.2632110078907873,46.54334477268557
2025-01-21,6.59,6.69,6.52,6.63,281750,5.897992879999999,6.468000000000013,6.990210685451073,5.9457893145489535,6,6.794574999999998,6.831263395492472,-0.1249416070446142,0.2565530787557311,49.631973401602046
2025-01-22,6.67,6.69,6.575,6.61,352750,5.9613534496,6.454500000000015,6.946494918672165,5.962505081327864,7,6.798624999999999,6.822586399590807,-0.1089515008432372,0.2464421445588932,49.02191853765707
2025-01-23,6.57,6.62,6.49,6.515,217680,6.019645173632,6.439250000000013,6.903084830515469,5.975415169484557,8,6.802349999999998,6.810524187842148,-0.1192220680379153,0.2381248485189722,46.121949885908336
2025-01-24,6.48,6.595,6.48,6.51,167848,6.07327355974144,6.431250000000013,6.8842828354537975,5.978217164546228,9,6.806599999999999,6.798738925573828,-0.1016481446213191,0.2293302164819027,45.96781959929433
2025-01-27,6.46,6.69,6.38,6.63,263412,6.122611674962125,6.428750000000013,6.876788781802728,5.980711218197299,10,6.810649999999998,6.792121712806227,-0.0801932472370631,0.2350923438760525,50.26367763380373
2025-01-28,6.63,6.63,6.35,6.4,274246,6.168002740965155,6.409750000000014,6.827822661147833,5.991677338852195,11,6.814799999999998,6.776744390735395,-0.1236085866368695,0.2383000335991917,43.17786218846467
2025-01-29,6.35,6.58,6.33,6.53,299420,6.209762521687943,6.4042500000000135,6.812848519330678,5.995651480669349,12,6.819549999999997,6.767068140118321,-0.0929015898031039,0.2391357454849637,47.668413622385714
2025-01-30,6.58,6.625,6.38,6.4,207074,6.248181519952908,6.394250000000013,6.792863534641359,5.9956364653586665,13,6.823599999999996,6.752673311094073,-0.114819252725754,0.2395546208074663,43.92967757657956
2025-01-31,6.4,6.5,6.23,6.24,301976,6.69,6.3772500000000125,6.771705003770145,5.98279499622988,14,6.826949999999997,6.732568475364894,-0.137236193413028,0.2417292907497901,39.79291001243377
2025-02-03,6.1,6.285,6.04,6.24,276223,6.6808000000000005,6.365750000000013,6.76212450725202,5.969375492748005,15,6.831099999999997,6.71325206456627,-0.0920724800926124,0.2419629128390908,39.79291001243377
2025-02-04,6.24,6.38,6.2182,6.36,249299,6.655168000000001,6.358750000000013,6.750309382468716,5.96719061753131,16,6.836349999999997,6.699399042426417,-0.0711972839298947,0.2362369904934414,44.35107958165153
2025-02-05,6.39,6.45,6.24,6.3,241072,6.63056128,6.353250000000013,6.744865564041172,5.961634435958855,17,6.840149999999997,6.683736334880282,-0.0458321955403374,0.2343629197439098,42.613884263088366
2025-02-06,6.35,6.455,6.255,6.37,186332,6.606938828800001,6.3627500000000135,6.746227183153364,5.979272816846663,18,6.844049999999997,6.671432949198703,0.0069013871003458,0.2319084254764877,45.30553854493725
2025-02-07,6.35,6.405,6.24,6.33,223585,6.584261275648001,6.368750000000013,6.746187080848284,5.991312919151742,19,6.847499999999996,6.658043421779146,0.0053325467222859,0.2271292522281672,44.03451868510482
2025-02-10,6.38,6.45,6.275,6.29,200911,6.562490824622081,6.386250000000013,6.711378820622363,6.061121179377663,20,6.848899999999995,6.643610346415258,-0.0081477244216352,0.2234057342118695,42.74314423715256
2025-02-11,6.23,6.39,6.23,6.39,243464,6.541591191637198,6.405250000000012,6.680848893320148,6.1296511066798764,21,6.850449999999996,6.633664842634268,-0.0062231961037727,0.2188767531967359,46.93308129181104
2025-02-12,6.27,6.29,6.115,6.24,197640,6.52152754397171,6.411750000000014,6.664361856410625,6.159138143589403,22,6.851399999999996,6.618227005668218,0.0011544624067514,0.2228855565398262,41.971598845754514
2025-02-13,6.34,6.82,6.3,6.75,680275,6.04,6.429250000000013,6.721555918515632,6.136944081484394,23,6.854549999999996,6.6233945740733855,0.0511561812122,0.2483937310726957,58.164937914326735
2025-02-14,6.72,6.755,6.49,6.5,315118,6.0556,6.4382500000000125,6.727616117572987,6.148883882427038,24,6.856449999999995,6.618555571168547,0.0363555465805753,0.2495798931389317,50.69652213505972
2025-02-18,6.57,6.575,6.41,6.44,417043,6.070888,6.433750000000012,6.720051851197794,6.147448148802231,25,6.858899999999995,6.611553391907036,-0.0264418257303671,0.2435384722004366,49.068116735064365
2025-02-19,6.34,6.34,6.125,6.21,317755,6.08587024,6.412750000000012,6.700003807632376,6.125496192367649,26,6.856249999999997,6.595806200067544,-0.0527899934498572,0.2486428670432626,43.32340526322728
2025-02-20,6.17,6.2,6.035,6.15,431279,6.82,6.389750000000013,6.68373086672314,6.095769133276885,27,6.8513499999999965,6.578323603986464,0.0018484792669792,0.2433826622544581,41.9438311840363
2025-02-21,6.6,6.71,6.29,6.3,655967,6.8043000000000005,6.379000000000014,6.66957873287497,6.0884212671250575,28,6.848349999999996,6.56740895284974,-0.0780846253615445,0.2659981863791397,46.5281259815376
2025-02-24,6.35,6.75,6.3123,6.66,495688,6.788914,6.386500000000013,6.697258748869961,6.075741251130065,29,6.847149999999996,6.571039974306613,-0.0166877522191469,0.279141173066344,55.59143572417829
2025-02-25,6.67,6.78,6.57,6.73,388844,6.035,6.391500000000013,6.7204544041341485,6.062545595865878,30,6.846049999999996,6.577273700804393,-0.0099747599951494,0.2742025178473194,57.11359900780703
2025-02-26,6.75,6.8,6.67,6.71,367784,6.0499,6.4070000000000125,6.764105026566824,6.049894973433201,-1,6.844749999999997,6.582478653714025,-0.0046320728965228,0.2639023380010823,56.517533014756246
2025-02-27,6.98,7.48,6.31,6.36,678287,6.079904,6.398500000000012,6.751559485071989,6.045440514928035,-1,6.841999999999996,6.573754000627201,-0.1174435669875906,0.3286235995724336,47.228299905720455
2025-02-28,6.45,6.565,6.335,6.49,599809,6.16390976,6.403000000000013,6.758308316816896,6.04769168318313,-1,6.839949999999996,6.570469530014369,-0.0601324662275734,0.3215790567458313,50.48370330472244
2025-03-03,6.53,6.55,6.165,6.19,683341,7.48,6.4005000000000125,6.761026004608907,6.039973995391118,-1,6.835999999999997,6.555549156288316,-0.0973383460573822,0.3261091241211291,43.77293854580791
2025-03-04,6.15,6.305,5.865,6.03,1110122,7.4537,6.390000000000013,6.779666524093697,6.000333475906329,-1,6.831599999999997,6.534939385453479,-0.1400755559741861,0.3342441866839055,40.66797325268888
2025-03-05,6.03,6.275,6.02,6.23,730294,7.390152,6.383500000000012,6.779241076967375,5.98775892303265,-1,6.828549999999998,6.522980978180794,-0.1016395270212303,0.3285838876350552,45.83960471984415
2025-03-06,6.17,6.22,6.06,6.18,605005,7.32914592,6.377500000000013,6.781671993091143,5.973328006908883,-1,6.8249999999999975,6.509530743742332,-0.0551676740405606,0.3172564670896941,44.7885387598577
2025-03-07,6.17,6.26,6.035,6.23,441302,7.2705800832,6.370500000000012,6.77976641689649,5.961233583103534,-1,6.821499999999998,6.498568753791652,-0.0235085176090425,0.3106667194404302,46.11902155872378
2025-03-10,6.22,6.395,6.07,6.11,525245,7.214356879872001,6.359500000000013,6.784069193417575,5.934930806582451,-1,6.816899999999997,6.483330763446881,-0.0640817683352212,0.3116905251946851,43.41496715774472
2025-03-11,6.11,6.17,5.96,5.97,589601,7.16038260467712,6.343500000000012,6.800239531898971,5.886760468101054,-1,6.8116499999999975,6.463200145272494,-0.0967413006385932,0.3044269162522076,40.4361962198591
2025-03-12,5.97,6.025,5.91,5.96,885328,7.108567300490035,6.3220000000000125,6.807534756736615,5.83646524326341,-1,6.806199999999998,6.4434668062422,-0.1234464191633919,0.2908964222341928,40.22390185070245
2025-03-13,5.97,6.175,5.94,5.94,436740,7.058824608470434,6.307000000000012,6.819527072455016,5.794472927545008,-1,6.800799999999998,6.423723009918977,-0.1667695643175093,0.2869038206460361,39.774138933311086
2025-03-14,5.99,6.105,5.94,5.99,655399,7.011071624131616,6.269000000000013,6.75660229695856,5.781397703041465,-1,6.795399999999998,6.406714264431958,-0.2338007529777238,0.278196404885605,41.53419331735329
2025-03-17,6.0,6.09,5.95,6.02,716059,6.965228759166352,6.2450000000000125,6.732011293502798,5.757988706497227,-1,6.790199999999999,6.391548999160117,-0.2009749612874074,0.2683252331080618,42.61776210041458
2025-03-18,6.0,6.09,5.955,6.09,548368,6.9212196087996976,6.2275000000000125,6.710361263717938,5.744638736282087,-1,6.78605,6.379723548212661,-0.1301490746263332,0.2588020021717716,45.17119689868886
2025-03-19,6.07,6.215,6.005,6.12,463540,6.87897082444771,6.223000000000012,6.708102051118444,5.737897948881581,-1,6.781749999999999,6.369538311027851,-0.1193539973123734,0.2553161448737879,46.27460160925038
2025-03-20,6.07,6.165,6.05,6.1,534063,6.838411991469801,6.220500000000013,6.707592393698842,5.733407606301183,-1,6.777599999999999,6.358968181183622,-0.1381216064438851,0.2452935630970887,45.61553057775991
2025-03-21,6.05,6.245,6.04,6.1,889346,6.799475511811009,6.210500000000012,6.698863594056027,5.722136405943997,-1,6.773999999999998,6.348812566235244,-0.1147735760936309,0.2424154514472967,45.61553057775991
2025-03-24,6.15,6.375,6.15,6.3,1040584,6.762096491338569,6.192500000000012,6.637915536324571,5.747084463675454,-1,6.771499999999999,6.346898347951509,-0.1056526622925192,0.2447429192010612,53.32528548112753
2025-03-25,6.28,6.31,6.165,6.21,503488,6.7262126316850255,6.166500000000012,6.537944477680512,5.795055522319512,-1,6.768649999999999,6.341529785286744,-0.1350708899097159,0.237618424972414,49.897293017819095
2025-03-26,6.2,6.39,6.11,6.18,423431,6.691764126417625,6.140000000000012,6.415898532071716,5.864101467928308,-1,6.765399999999999,6.33519528390295,-0.1398754028421961,0.2406456803315272,48.77180993726421
2025-03-27,6.19,6.31,5.9801,6.05,476623,6.65869356136092,6.124500000000012,6.383534746702655,5.865465253297368,-1,6.762049999999999,6.324011155122442,-0.1151851973943844,0.2470209888792753,44.12694947565798
2025-03-28,6.07,6.095,5.875,5.93,490752,6.626945818906483,6.096500000000011,6.308186088346308,5.884813911653715,-1,6.758299999999998,6.308559737274503,-0.1517826147534361,0.2450909182450413,40.3106200614297
2025-03-31,5.88,6.105,5.86,6.05,564902,6.596467986150224,6.089500000000012,6.297584117604668,5.881415882395356,-1,6.755599999999999,6.298420139734326,-0.0814835278442367,0.2450844240846812,45.39629656824266
2025-04-01,5.99,6.06,5.935,5.99,516626,6.5522799069812105,6.087500000000012,6.29858055334238,5.876419446657644,-1,6.752199999999998,6.286325232293764,-0.0675947304401517,0.2365069652214897,43.40495542565656
2025-04-02,5.89,6.13,5.86,6.02,940157,6.510743112562338,6.077000000000012,6.279395652125476,5.874604347874548,-1,6.749599999999998,6.275881105537145,-0.0908056907930217,0.2388993248485261,44.71088444503908
2025-04-03,5.8,5.84,5.405,5.625,577444,6.4716985258085975,6.049250000000012,6.326058146555068,5.772441853444956,-1,6.7457249999999975,6.2503563563003945,-0.1152240521257287,0.2657636587879171,33.68835064369321
2025-04-04,5.37,5.48,5.26,5.33,1030019,6.38636264374391,6.004250000000011,6.41100883518289,5.597491164817133,-1,6.739324999999999,6.214263950170968,-0.164439659438019,0.2728519688744945,28.1139342423664
2025-04-07,5.12,5.44,4.96,5.07,1083346,6.273726379369519,5.952250000000012,6.524058315783624,5.380441684216399,-1,6.732274999999999,6.169390854085831,-0.1718529408431891,0.2876482568120306,24.297807726099634
2025-04-08,5.24,5.325,4.7901,4.84,921024,6.116079213845176,5.895750000000012,6.645118233913968,5.146381766086056,-1,6.724274999999999,6.117257879415798,-0.1834448849097894,0.3053090956111713,21.51557605803265
2025-04-09,4.75,5.51,4.75,5.35,1253976,5.930442123906851,5.865250000000012,6.650472739099772,5.080027260900252,-1,6.718574999999999,6.087169335124983,-0.1188140329476787,0.3377870173532304,38.367911853246994
2025-04-10,5.21,5.34,5.03,5.12,848708,5.741571384081755,5.824250000000012,6.672667792128003,4.9758322078720205,-1,6.710824999999999,6.049241125904396,-0.1098501516908367,0.3365165161137139,34.74459566395818
2025-04-11,5.08,5.19,4.985,5.18,862363,5.582919962628674,5.783750000000012,6.673001792238481,4.894498207761543,-1,6.703725,6.015153238614027,-0.0377244730540577,0.3271224792484486,36.43111287294915
2025-04-14,5.28,5.425,5.22,5.28,740355,5.449652768608086,5.746750000000012,6.654980559934723,4.838519440065301,-1,6.697125,5.986323699844849,-0.0585319730033956,0.3212565878735595,39.24923293029399
2025-04-15,5.28,5.46,5.22,5.42,687717,4.75,5.713250000000012,6.617784548814663,4.808715451185361,-1,6.690475,5.964114927301914,-0.0640364903793309,0.3154525458825909,43.05533675089895
2025-04-16,5.4,5.5,5.175,5.26,642805,4.7642,5.670250000000012,6.575117255457594,4.765382744542429,-1,6.682675000000001,5.936502577211643,-0.0866104736924686,0.3161345068909773,39.9730516981885
2025-04-17,5.28,5.51,5.2592,5.43,734287,4.793632,5.636750000000012,6.524951975903776,4.748548024096247,-1,6.676425,5.91663973104648,-0.0634396489800688,0.3114677563987645,44.51783162356398
2025-04-21,5.35,5.36,5.16,5.22,615907,4.83661408,5.592750000000012,6.471939825918945,4.71356017408108,-1,6.668425,5.889320525907403,-0.0564154457639205,0.3085057737988528,40.44423284441241
2025-04-22,5.31,5.51,5.31,5.49,643712,4.877017235199999,5.552250000000012,6.36985916702258,4.734640832977445,-1,6.661375,5.873660897440446,-0.0464056821033322,0.3071839328132205,47.14137152772099
2025-04-23,5.63,5.73,5.39,5.46,782079,4.914996201087999,5.514750000000012,6.275035965936094,4.75446403406393,-1,6.654475,5.857438901462389,-0.0636701762851663,0.3095279376122762,46.51547135824045
2025-04-24,5.46,5.6,5.43,5.59,591714,4.98019650500096,5.485250000000013,6.183229046962956,4.78727095303707,-1,6.647575000000001,5.846951101405041,-0.0140497355784421,0.2995616563542564,49.6360113572481
2025-04-25,5.53,5.62,5.46,5.58,503214,5.040180784600883,5.461750000000013,6.11211355217628,4.811386447823746,-1,6.640225,5.836482430761706,0.0209861108906759,0.2895929666146667,49.39726004223967
2025-04-28,5.57,5.695,5.54,5.6,616333,5.095366321832812,5.445250000000013,6.063193969951421,4.8273060300486055,-1,6.633275,5.827208609947521,0.0278193039646706,0.2799791832850477,49.91613346426359
2025-04-29,5.56,5.685,5.53,5.66,582112,5.146137016086187,5.425750000000013,5.9882557777475975,4.863244222252429,-1,6.625975,5.8206514095574216,0.0332617179475774,0.2710520987646871,51.52210228286381
2025-04-30,5.55,5.631,5.455,5.58,592395,5.1928460547992925,5.405250000000013,5.911031326266049,4.899468673733977,-1,6.618325000000001,5.811214099378699,0.0534949521124525,0.2663340917100666,49.2542918014691
2025-05-01,5.58,5.67,5.49,5.5,593641,5.235818370415349,5.379250000000012,5.802715169759564,4.955784830240461,-1,6.610125,5.79900962489326,0.0076491319761044,0.2601673708736333,47.025197241791865
2025-05-02,5.56,5.715,5.56,5.62,655360,5.275352900782122,5.379000000000013,5.801890056633455,4.956109943366571,-1,6.602325,5.791989639603328,-0.0027117984738027,0.2569411300969452,50.63419474026849
2025-05-05,5.52,5.78,5.44,5.73,1029956,5.311724668719552,5.3990000000000125,5.847771656858429,4.950228343141596,-1,6.596025000000001,5.789558673344374,0.070819986011332,0.2628739065185919,53.74499473717323
2025-05-06,5.63,5.895,5.59,5.87,1150869,5.358552201847597,5.4390000000000125,5.905600471495119,4.972399528504906,-1,6.591625000000001,5.792713235174006,0.173436832801114,0.2658829131958353,57.422443511704856
2025-05-07,5.88,5.96,5.705,5.81,1056228,5.422925937625886,5.487500000000013,5.892561723690895,5.082438276309131,-1,6.587125000000001,5.793391147520123,0.2089577228488118,0.2651055622532757,55.38996083216781
2025-05-08,5.45,5.625,4.772,4.995,1698219,5.96,5.469750000000014,5.925320795814859,5.014179204185169,-1,6.57685,5.762081690754628,0.1047150687193713,0.3203123078066131,36.49432354377262
2025-05-09,4.96,4.96,4.69,4.87,2638148,5.96,5.4572500000000135,5.961625604088282,4.952874395911745,-1,6.5653500000000005,5.72709809503876,0.1648796339383577,0.3192185715347121,34.5476798812974
2025-05-12,5.08,5.365,5.08,5.22,1705644,5.9092,5.459250000000013,5.959512680998128,4.958987319001898,-1,6.5575,5.707211895233319,0.1130090197079145,0.3317743878536612,43.616591748239856
2025-05-13,5.24,5.44,5.195,5.41,1323736,5.860432,5.465750000000012,5.959868153885773,4.971631846114252,-1,6.550975000000001,5.695556526792796,0.1788442935409454,0.3255762172926855,47.84157367362609
2025-05-14,5.54,5.655,5.335,5.35,1292188,5.81361472,5.462250000000013,5.958601437994722,4.965898562005305,-1,6.543075,5.6820052904479805,0.0894993381588805,0.3251779160574936,46.65270817675442
2025-05-15,5.34,5.41,5.25,5.27,999869,5.7686701312,5.462750000000012,5.958304991902517,4.967195008097508,-1,6.535925,5.665848220234334,0.0655015830167226,0.3133794934819583,45.0453929237483
2025-05-16,5.27,5.405,5.23,5.3,1297648,5.725523325952,5.456250000000013,5.956738511356116,4.95576148864391,-1,6.528875,5.651501231205537,0.0378971962949675,0.3034952439475327,45.79951787008025
2025-05-19,5.488,5.49,5.165,5.19,973700,5.68410239291392,5.454750000000013,5.958232621348021,4.951267378652005,-1,6.521425000000001,5.633403143707281,0.0093786816326957,0.3050312979512804,43.44534389955262
2025-05-20,5.19,5.2,5.01,5.02,1058303,5.644338297197364,5.431250000000014,5.968687205633777,4.893812794366251,-1,6.514975,5.609348118463858,-0.0599527558213309,0.2968147766690461,40.0215147226658
2025-05-21,4.97,4.986,4.68,4.73,1497253,5.60616476530947,5.3947500000000135,6.012564494811716,4.776935505188311,-1,6.507875,5.574863878524099,-0.0830594205666918,0.2998994354784,34.96006588197126
2025-05-22,4.75,4.86,4.72,4.76,944704,5.550594879390902,5.353250000000013,6.02240076776423,4.684099232235797,-1,6.501574999999999,5.542908432307468,-0.1234769796236459,0.2884780472299429,35.86370113276129
2025-05-23,4.75,4.79,4.655,4.71,1148039,5.498359186627448,5.3097500000000135,6.025756110308759,4.593743889691268,-1,6.494825,5.510245356530704,-0.1403046669377649,0.2775153295706613,34.991122881495386
2025-05-27,4.78,5.075,4.775,4.96,1836322,5.430890451697252,5.2777500000000135,5.996209984967472,4.559290015032556,-1,6.489225,5.48866710725499,-0.1096156663038116,0.2837642346013283,42.521387549607184
2025-05-28,4.93,4.98,4.825,4.86,1436358,5.368819215561472,5.237750000000013,5.955708738368358,4.519791261631667,-1,6.482225,5.464013495205775,-0.1532754088384804,0.274566789272662,40.50049784004735
2025-05-29,4.87,4.89,4.725,4.84,1523379,5.311713678316554,5.200750000000013,5.920613007800448,4.4808869921995775,-1,6.475075,5.439542377746725,-0.1341822492334869,0.2667405900389005,40.09011689601798
2025-05-30,4.79,4.865,4.45,4.46,2102796,5.25917658405123,5.148750000000012,5.922842210269256,4.374657789730769,-1,6.466175,5.401128951168422,-0.1806321299350312,0.2773305478932647,33.205560994459844
2025-06-02,4.41,4.46,4.07,4.16,2655712,5.178258925646107,5.075750000000012,5.929572434701496,4.221927565298528,1,6.454674999999998,5.35245722759319,-0.211980973441928,0.2853783659008886,28.97511531747358
2025-06-03,4.15,4.255,4.03,4.19,1783707,5.045267854568574,4.998750000000013,5.879998404253608,4.117501595746417,2,6.443374999999999,5.306870669648359,-0.2058104413669358,0.2810656254793965,29.936400896182747
2025-06-04,4.24,4.36,4.15,4.27,6849622,4.903130354928973,4.918750000000012,5.758630199790172,4.078869800209851,3,6.432524999999999,5.266209074760188,-0.1726131755313925,0.2759895093737253,32.557764485953285
2025-06-05,4.43,4.51,4.235,4.29,2707548,4.780892105238917,4.842750000000012,5.618955352983068,4.066544647016956,4,6.422075,5.227926365946063,-0.2033846447362914,0.2759188301327449,33.23033635794857
2025-06-06,4.35,4.54,4.35,4.49,1853666,4.675767210505469,4.817500000000012,5.60502460279,4.029975397210025,5,6.411325000000001,5.198988077085433,-0.1576756090803752,0.2740674851232631,39.70574741309655
2025-06-09,4.62,4.68,4.5292,4.55,1562757,4.03,4.801500000000013,5.597069607262312,4.005930392737715,6,6.400625,5.173537564258553,-0.2173314551509396,0.2680626647573157,41.537519063477184
2025-06-10,4.53,4.83,4.53,4.79,2654501,4.043,4.780000000000013,5.5520621736618905,4.007937826338135,7,6.389975000000001,5.1584968754641,-0.1591269515666273,0.270343902988936,48.3030931071351
2025-06-11,4.83,5.045,4.815,5.0,2125066,4.07448,4.7595000000000125,5.483861097795532,4.035138902204493,8,6.380375,5.15228131172041,-0.1481232609609266,0.2692479099182977,53.38625711942507
2025-06-12,4.91,5.03,4.795,4.83,1660020,4.1327112,4.733500000000013,5.406739184836669,4.060260815163357,9,6.368625000000001,5.139642828907845,-0.1465721260170921,0.2668016306384193,49.171278518267165
2025-06-13,4.74,4.805,4.345,4.38,1561766,4.187448528,4.6890000000000125,5.331460893751167,4.046539106248858,10,6.354475,5.109852914048714,-0.1591087007371886,0.2823872284499608,40.1375839470755
2025-06-16,4.5,4.625,4.45,4.495,1149479,4.23890161632,4.648750000000013,5.231106205427173,4.066393794572853,11,6.3409,5.085741035066412,-0.1673565257173916,0.2797167121321065,43.01867166757242
2025-06-17,4.4,4.51,4.33,4.37,1064449,4.2872675193408,4.607750000000013,5.145676342541024,4.069823657459001,12,6.327049999999999,5.057672759181454,-0.1610330016540473,0.272594089836956,40.72435524562135
2025-06-18,4.35,4.395,4.28,4.3,1168614,5.045,4.571750000000013,5.090530059369615,4.052969940630411,13,6.3135,5.027960101958652,-0.15587777897924,0.2613373691343162,39.45531741292165
2025-06-20,4.41,4.51,4.355,4.45,2045187,5.0297,4.557750000000013,5.073797236209595,4.041702763790431,14,6.299799999999999,5.005294999921057,-0.1168359098929155,0.2576704141961508,43.51708750445504
2025-06-23,4.45,4.565,4.3,4.43,1173289,5.014706,4.541250000000012,5.051444815731771,4.031055184268253,15,6.287249999999999,4.982734411688859,-0.10661575812725,0.2581939560392829,43.10188589953639
2025-06-24,4.49,4.51,4.3301,4.49,998374,5.000011880000001,4.530250000000013,5.034873374408619,4.025626625591407,16,6.274949999999999,4.963411493583413,-0.0822366732925419,0.2526015306079056,44.803331264312696
2025-06-25,4.47,4.47,4.29,4.29,1023704,4.9856116424,4.496750000000013,4.970841499606951,4.022658500393074,17,6.261199999999999,4.937003199717397,-0.1210859410011499,0.2488442784216266,40.46012202039428
2025-06-26,4.31,4.48,4.29,4.48,1045090,4.971499409552,4.477750000000013,4.921579640740194,4.033920359259832,18,6.250049999999999,4.919081505610833,-0.0749621512493315,0.2446411156772247,45.83228580321898
2025-06-27,4.48,4.55,4.41,4.47,5636651,4.95766942136096,4.459250000000013,4.870811356300052,4.047688643699974,19,6.239099999999999,4.901470466175113,-0.1005801791458636,0.2371667502717087,45.59908581577709
2025-06-30,4.48,4.59,4.46,4.5,1077656,4.94411603293374,4.461250000000012,4.87319508129069,4.049304918709335,20,6.227499999999999,4.885726526325109,-0.0650783576462122,0.229511982395158,46.47889405021354
2025-07-01,4.46,4.665,4.46,4.57,1181931,4.930833712275065,4.481750000000012,4.871920155188176,4.091579844811849,21,6.215849999999998,4.873345093920203,-0.0298486484075512,0.2277611265097896,48.5689998160746
2025-07-02,4.56,4.64,4.5018,4.56,1351652,4.917817038029564,4.500250000000013,4.867761564443288,4.132738435556738,22,6.203399999999999,4.861057051021371,-0.0543962728002178,0.2213639031876617,48.27894000885118
2025-07-03,4.59,4.67,4.48,4.56,1488207,4.905060697268973,4.514750000000013,4.867361329936457,4.162138670063569,23,6.189949999999999,4.849250892157787,-0.0979860673246139,0.219123624388543,48.27894000885118
2025-07-07,4.54,4.595,4.51,4.53,1092407,4.892559483323594,4.526750000000012,4.8639483837440265,4.189551616255998,24,6.176349999999999,4.836731249328071,-0.0710090424630161,0.2095433655036471,47.29618530925982
2025-07-08,4.52,4.64,4.52,4.57,1042241,4.880308293657122,4.530750000000014,4.86800769079372,4.193492309206308,25,6.162349999999999,4.826271200334813,-0.1055658204767674,0.2031474108248152,48.79290663916163
2025-07-09,4.56,4.715,4.54,4.61,2129614,4.86830212778398,4.533750000000013,4.872702430290092,4.194797569709934,26,6.148749999999999,4.817789976792271,-0.0821323360812032,0.2011368814801855,50.312511337540506
2025-07-10,4.59,4.725,4.56,4.67,880198,4.8565360852283,4.5277500000000135,4.852287748188918,4.203212251811109,27,6.135499999999999,4.811994291427869,-0.1403594841144169,0.1985556756601722,52.585451809315565
2025-07-11,4.62,4.6791,4.605,4.65,1253622,4.845005363523734,4.5102500000000125,4.760219498138396,4.260280501861629,28,6.122649999999998,4.805641574116972,-0.178556669150291,0.1896659845415885,51.735887330888026
2025-07-14,4.65,4.75,4.515,4.68,1607062,4.83370525625326,4.502750000000012,4.720866368023068,4.2846336319769565,29,6.110949999999998,4.800714453563366,-0.1183070382776037,0.1929041285029036,52.96344577289496
2025-07-15,4.71,4.7891,4.66,4.68,1677057,4.822631151128195,4.517750000000012,4.741233220845745,4.294266779154279,30,6.098549999999998,4.795980553423626,-0.1123141955956908,0.1883466907526962,52.96344577289496
2025-07-16,4.71,4.91,4.71,4.9,2809387,4.28,4.538000000000013,4.816251684630228,4.259748315369797,1,6.087799999999998,4.800059747407014,-0.0092096316751221,0.1913219271275037,61.32867263216414
2025-07-17,4.93,5.14,4.93,5.08,1155247,4.2926,4.573500000000012,4.927747088907719,4.219252911092305,2,6.077699999999998,4.811037796528307,0.0249423342752413,0.1947989323326819,66.56761990565903
2025-07-18,5.1,5.1091,4.92,4.93,1805926,4.326496000000001,4.605000000000013,4.968290517354298,4.241709482645728,3,6.066699999999998,4.815702980978178,-0.0018072757011383,0.1943918657374903,59.35170230269442
2025-07-21,4.94,5.055,4.84,4.85,1259723,4.3590361600000005,4.625000000000012,4.99591778064627,4.254082219353755,4,6.055849999999998,4.8170479621162885,-0.0524801750953214,0.1958638753276696,55.87302508349935
2025-07-22,4.9,5.06,4.9,5.05,1527053,4.3902747136,4.656000000000013,5.058810128968385,4.253189871031641,5,6.045549999999997,4.826183336150944,-0.009510321835787,0.1968735985185503,61.88720533854998
2025-07-23,5.1,5.25,5.035,5.24,1364188,4.420263725056,4.693500000000013,5.161827876598799,4.225172123401227,6,6.036049999999998,4.842411440615613,0.0048184607639274,0.198168341481511,66.55122893916828
2025-07-24,5.23,5.315,5.19,5.21,1025487,4.470047901552641,4.739500000000012,5.220809671624762,4.258190328375262,7,6.026499999999998,4.85682667823853,0.0148881994513298,0.1929420313756888,65.1946219422607
2025-07-25,5.21,5.4,5.145,5.4,773959,4.5376440694284295,4.785500000000012,5.330457796530647,4.240542203469378,8,6.0174499999999975,4.878127592817411,0.0065776695539295,0.1973747434202825,69.4430219839297
2025-07-28,5.34,5.49,5.335,5.47,965018,4.623879662485587,4.835500000000012,5.436148815864595,4.2348511841354295,9,6.0105999999999975,4.901338275452023,0.0630785445680434,0.1943479760331195,70.8545172456966
2025-07-29,5.51,5.56,5.19,5.29,1579538,4.727814102987317,4.875000000000012,5.486015548083296,4.263984451916729,10,6.002099999999998,4.916579911708807,0.0508184621055003,0.2068945491736109,62.81891219630803
2025-07-30,5.27,5.37,5.12,5.16,2323416,4.844320128569093,4.904500000000013,5.510716957862034,4.298283042137992,11,5.992149999999998,4.926125797524148,-0.0084173604303938,0.2099735099469244,57.72694987453389
2025-07-31,5.58,6.05,5.26,5.73,2615358,4.94451531056942,4.963000000000013,5.645908485815982,4.280091514184045,12,5.985849999999998,4.957650276052613,0.0153009536511739,0.2585468306650012,69.42819421971494
2025-08-01,5.67,5.67,5.315,5.58,2910628,5.12,5.014000000000014,5.720835200028608,4.307164799971419,13,5.979299999999999,4.982056147579962,0.0671305472775809,0.2697220570460726,64.37801131530816
2025-08-04,5.6,5.82,5.525,5.62,1857736,5.26,5.068500000000013,5.78566873886102,4.351331261139006,14,5.973449999999998,5.007073553557218,0.0630070285687976,0.2715276243999245,65.10690493227247
2025-08-05,5.66,5.7091,5.57,5.65,1666031,5.315,5.122500000000013,5.844022695415393,4.400977304584633,15,5.968299999999998,5.032286355378504,0.0746000092397793,0.2620685083713585,65.67420461645267
2025-08-06,5.67,5.77,5.61,5.66,707893,5.4326,5.175000000000013,5.89250958181719,4.457490418182836,16,5.962349999999998,5.056902576736209,0.0829906056033386,0.2547779006305471,65.87337730586168
2025-08-07,5.69,5.78,5.6,5.63,1140444,5.531384,5.223000000000013,5.927275514269436,4.518724485730591,17,5.955399999999997,5.079376985491652,0.0494136835599198,0.2494366220140795,64.66121992478537
2025-08-08,5.61,5.65,5.33,5.39,1258036,6.05,5.260000000000013,5.916079263503642,4.603920736496384,18,5.948049999999998,5.091558280178254,0.0164597897953224,0.2544768632987882,55.81294356983515
2025-08-11,5.43,5.56,5.39,5.45,1180378,6.0356,5.298500000000013,5.90219777206769,4.694802227932336,19,5.942299999999998,5.105614818210479,-0.0148608379648613,0.248442801634589,57.38302471799893
2025-08-12,5.5,5.685,5.5,5.54,928529,6.021488,5.341500000000012,5.882065444696104,4.800934555303921,20,5.937849999999997,5.122649531221833,0.0052116301220482,0.2474826015178326,59.69640362219996
2025-08-13,5.58,5.7299,5.58,5.68,1329409,6.00765824,5.380500000000014,5.900172011945466,4.860827988054561,21,5.934999999999998,5.144506412350388,-0.0654772987128509,0.2433695585522731,63.05593738133019
2025-08-14,5.61,5.68,5.5,5.53,816720,5.994105075199999,5.403000000000013,5.90742442446761,4.898575575532416,22,5.931749999999997,5.159623807944491,-0.1020447002615161,0.238843161512825,57.52336157798581
2025-08-15,5.58,5.71,5.53,5.56,887323,5.980822973695999,5.434500000000012,5.893476034232204,4.975523965767821,23,5.928799999999998,5.175324835083923,-0.0689813954312896,0.2346400785476232,58.31119697869989
2025-08-18,5.58,5.795,5.57,5.76,761654,5.96780651422208,5.480000000000013,5.8740050761087685,5.085994923891257,24,5.926249999999998,5.198253272923769,-0.0098594543441724,0.234665787222793,63.21018502673958
2025-08-19,5.76,5.87,5.645,5.73,1320412,5.955050383937638,5.514000000000012,5.869156303617877,5.158843696382147,25,5.923149999999997,5.219106085750288,-0.0704521366450547,0.2339753738497364,62.03262499680058
2025-08-20,5.74,5.75,5.47,5.47,789817,5.942549376258885,5.5255000000000125,5.858635107725804,5.192364892274221,26,5.918249999999997,5.2289450627796885,-0.147491630695519,0.2372628471461838,52.844397823266085
2025-08-21,5.41,5.655,5.4,5.53,1581582,5.930298388733707,5.541500000000012,5.841584987960955,5.241415012039068,27,5.914849999999997,5.240751138749112,-0.1179097715154949,0.2385297866357421,54.51860027192503
2025-08-22,5.54,5.79,5.54,5.75,1644472,5.918292420959033,5.559000000000013,5.864803858706018,5.253196141294008,28,5.911099999999997,5.260721682327579,-0.1020975114355064,0.2400633733046176,60.11083889148649
2025-08-25,5.71,5.78,5.59,5.61,1446331,5.906526572539852,5.566000000000012,5.869736728104318,5.262263271895707,29,5.906199999999997,5.274418871255909,-0.1650175328637677,0.2364874180685735,55.43930317582236
2025-08-26,5.58,5.685,5.57,5.6,993162,5.894996041089056,5.581500000000013,5.85770825476349,5.305291745236535,30,5.900399999999996,5.287186758657638,-0.1595493335984509,0.2278097453493897,55.109850706647
2025-08-27,5.56,5.62,5.45,5.58,788052,5.883696120267275,5.602500000000012,5.799971516932279,5.405028483067744,-1,5.892699999999996,5.298669630867143,-0.0937379322783941,0.2236804778244333,54.41339182493965
2025-08-28,5.61,5.7,5.5,5.54,516464,5.872622197861929,5.593000000000012,5.783168346470943,5.402831653529082,-1,5.8837499999999965,5.308133566911569,-0.1346434719135605,0.221989015122688,52.971530648928045
2025-08-29,5.58,5.64,5.505,5.64,653921,5.8617697539046905,5.5960000000000125,5.787143924830158,5.404856075169867,-1,5.8726999999999965,5.3211479368366055,-0.1833559138273472,0.215775514042496,56.10319530168385
2025-09-02,5.64,5.65,5.43,5.59,828478,5.851134358826597,5.5945000000000125,5.785337627315706,5.403662372684319,-1,5.861549999999997,5.331691154999876,-0.1433783198656134,0.2160772630394606,54.16116029585327
2025-09-03,5.58,5.685,5.545,5.67,603443,5.840711671650065,5.595500000000013,5.787695213258396,5.4033047867416295,-1,5.851549999999996,5.344958168529293,-0.1398366857809986,0.2106431728223563,56.74132447453332
2025-09-04,5.72,5.74,5.515,5.52,767089,5.830497438217064,5.588500000000012,5.780986363151965,5.39601363684806,-1,5.840799999999996,5.351822554077164,-0.1625321272521117,0.2116686604779023,50.95040744838487
2025-09-05,5.55,5.66,5.48,5.57,864118,5.820487489452723,5.585500000000013,5.777174202748956,5.39382579725107,-1,5.831349999999997,5.360378532348648,-0.1266901427322976,0.2094066133009093,52.68389331161276
2025-09-08,5.58,5.59,5.44,5.53,739911,5.810677739663668,5.592500000000014,5.764299301510254,5.420700698489773,-1,5.822499999999996,5.367030354609485,-0.0820112923695854,0.2051632837794157,51.12717036226232
2025-09-09,5.53,5.54,5.43,5.47,667886,5.801064184870395,5.593500000000013,5.762174242252497,5.424825757747529,-1,5.812699999999996,5.371068379918917,-0.0755138220117238,0.1983659063666003,48.79794791002121
2025-09-10,5.43,5.49,5.325,5.39,762475,5.791642901172987,5.586000000000014,5.775567929775659,5.396432070224368,-1,5.802349999999997,5.371810796392685,-0.0567144970027268,0.1959826273404146,45.80178752082547
2025-09-11,5.39,5.62,5.37,5.57,857838,5.772977185126067,5.580500000000013,5.765159145453005,5.395840854547021,-1,5.792199999999997,5.379582922024345,-0.0543286943517268,0.1998410111018135,52.820873979818046
2025-09-12,5.53,5.55,5.2,5.23,2438927,5.755058097721025,5.5655000000000125,5.804788528766984,5.326211471233041,-1,5.779049999999996,5.373716925082213,-0.1240413490145496,0.2119952245945411,41.80708780721874
2025-09-15,5.23,5.33,5.12,5.31,1479438,5.721754611857763,5.553000000000013,5.816977271747868,5.289022728252158,-1,5.766499999999997,5.371218222137813,-0.0332053088870762,0.2118527085520739,44.72744741294126
2025-09-16,5.3,5.305,5.13,5.25,1533191,5.673614242909142,5.527500000000012,5.804763412659328,5.250236587340697,-1,5.753149999999997,5.366464566367703,-0.0298968036315119,0.2095775150840686,42.98511783399441
2025-09-17,5.25,5.45,5.205,5.21,1029608,5.629325103476411,5.5015000000000125,5.794980834126289,5.208019165873736,-1,5.738749999999997,5.36032870101995,-0.0619897894841198,0.2121076925780637,41.81564949964044
2025-09-18,5.35,5.365,5.21,5.3,985845,5.588579095198298,5.493000000000012,5.7992090788979045,5.186790921102119,-1,5.725699999999996,5.357962869607403,-0.0166227083434455,0.2080285716796306,45.41411934841738
2025-09-19,5.3,5.36,5.07,5.09,2888047,5.551092767582435,5.4710000000000125,5.823187450087979,5.118812549912046,-1,5.711849999999996,5.347454521779661,-0.1277447633867423,0.2138836737025141,39.305701983969975
2025-09-22,5.11,5.39,5.09,5.38,1874529,5.502983490824192,5.452500000000012,5.782280229849341,5.122719770150683,-1,5.698249999999996,5.348730815043204,-0.0986627087057276,0.2200348398666203,49.42280034648475
2025-09-23,5.39,5.5188,5.365,5.39,1022667,5.07,5.441500000000012,5.764131368591916,5.118868631408108,-1,5.684999999999997,5.350349214453274,-0.0802801877706793,0.2153037798761474,49.73395014403484
2025-09-24,5.4,5.48,5.4,5.42,952825,5.078976,5.432500000000012,5.746880342896177,5.118119657103846,-1,5.672399999999997,5.353080617808048,-0.0804895920451002,0.206353509884994,50.71354890841426
2025-09-25,5.32,5.405,5.3,5.32,706372,5.08777248,5.419500000000012,5.729885244493833,5.109114755506191,-1,5.659599999999997,5.35178333867832,-0.119323015516604,0.2001854020360659,47.39770403602541
2025-09-26,5.3,5.505,5.3,5.41,1058766,5.0963930304,5.413000000000012,5.718424295038101,5.107575704961922,1,5.648549999999997,5.354066345004661,-0.0994220359911285,0.2005293018906326,50.532554829807694
2025-09-29,5.41,5.55,5.315,5.47,846504,5.104841169792,5.404500000000011,5.693184949381731,5.115815050618291,2,5.638599999999997,5.358612762847615,-0.1153384773821654,0.2029914946127302,52.56224490221808
2025-09-30,5.46,5.64,5.45,5.63,921550,5.122647523000319,5.406500000000012,5.700797468557751,5.112202531442273,3,5.629249999999996,5.369255399598689,-0.0953959517448074,0.2020635307118209,57.56271931434656
2025-10-01,5.58,5.62,5.435,5.47,976925,5.1536886716203,5.396500000000012,5.666927439435237,5.126072560564787,4,5.6189499999999954,5.373206168241878,-0.1401362595770199,0.2015589928038337,51.694381485004335
2025-10-02,5.44,5.495,5.26,5.28,953283,5.182867351323082,5.384500000000012,5.6532359298633645,5.115764070136659,5,5.608649999999996,5.369551024389256,-0.141491625537357,0.2039476361749885,45.73209057879588
2025-10-03,5.31,5.55,5.27,5.46,910810,5.210295310243697,5.379000000000012,5.636596583827324,5.1214034161727,6,5.599499999999996,5.373098043040657,-0.1274326501791725,0.209379947876775,51.44558881695762
2025-10-06,5.45,5.59,5.39,5.48,758897,5.236077591629075,5.3765000000000125,5.629108392575338,5.123891607424687,7,5.590899999999994,5.377290276646906,-0.1368057507381407,0.2087099515998625,52.04966652864304
2025-10-07,5.53,5.59,5.42,5.43,972226,5.2603129361313306,5.374500000000012,5.624737886818765,5.124262113181259,8,5.582299999999996,5.3793573246215365,-0.1633014099430825,0.2059449550570152,50.36273250452415
2025-10-08,5.43,5.51,5.375,5.5,566524,5.283094159963451,5.380000000000011,5.636124969496472,5.123875030503551,9,5.575099999999996,5.384088409930496,-0.1375024443936814,0.2008774582672284,52.675230539250784
2025-10-09,5.52,5.55,5.17,5.2,1982718,5.64,5.361500000000012,5.613474205028059,5.109525794971965,10,5.566699999999995,5.376869256599888,-0.2191482499547701,0.2136719255338549,43.353340577084765
2025-10-10,5.19,5.2775,4.97,5.02,1485951,5.630599999999999,5.351000000000012,5.638951384784914,5.063048615215109,11,5.557699999999995,5.362874383792049,-0.185297148970112,0.2203739308528653,38.9046245055341
2025-10-13,5.1,5.15,4.975,5.05,1057554,5.604176,5.338000000000012,5.654265711071494,5.0217342889285295,12,5.5495999999999945,5.3506048001139295,-0.246055333712286,0.2171329357919464,40.00953670885852
2025-10-14,4.93,5.21,4.93,5.19,1148078,5.57880896,5.335000000000012,5.655655578463187,5.014344421536836,13,5.542149999999995,5.344306572658481,-0.2322093921061808,0.221623440378236,45.0077246834265
2025-10-15,5.23,5.3,5.15,5.19,1109194,5.5398804224,5.334000000000012,5.656329024444813,5.011670975555211,14,5.534199999999995,5.338255334515011,-0.2111371133394914,0.2165074803512191,45.0077246834265
2025-10-16,5.19,5.31,5.085,5.13,1505244,5.503287597056,5.325500000000012,5.659714003296601,4.991285996703423,15,5.526649999999995,5.3300884586516775,-0.2513287989354851,0.2171140888975606,43.217994506804665
2025-10-17,5.08,5.2,5.035,5.13,868489,5.46889034123264,5.327500000000012,5.6564908813319095,4.998509118668115,16,5.519299999999995,5.322241852430043,-0.1538288445757956,0.2133916539763062,43.217994506804665
2025-10-20,5.2,5.29,5.2,5.24,612489,5.436556920758681,5.320500000000012,5.65068025380021,4.990319746199813,17,5.512599999999996,5.319016681746512,-0.2523617526998997,0.2095779644065701,47.64461849038056
2025-10-21,5.24,5.4688,5.2235,5.42,1273883,4.93,5.322000000000012,5.6536986584229165,4.990301341577107,18,5.507349999999995,5.3229768118741,-0.1787887271277746,0.2121295383775294,53.96847198677855
2025-10-22,5.39,5.49,5.3,5.35,834210,4.940776,5.318500000000012,5.647454404134644,4.98954559586538,19,5.501599999999995,5.324036544741783,-0.1758663746697718,0.2105488570648488,51.36987347224654
2025-10-23,5.33,5.39,4.895,4.91,2123569,5.49,5.2980000000000125,5.672037431281357,4.923962568718668,20,5.494099999999995,5.307799817497007,-0.2354266580648011,0.230866795845931,38.74221493125712
2025-10-24,4.95,5.15,4.95,5.11,1369456,5.49,5.283000000000012,5.661898403268713,4.90410159673131,21,5.488749999999994,5.300042961908889,-0.1987373686810869,0.2315191675712216,45.32169234789637
2025-10-27,5.15,5.195,4.9135,4.93,1356465,5.4781,5.256000000000013,5.6542160217765804,4.857783978223445,22,5.482349999999994,5.28553147320658,-0.2586938989313657,0.2350892270304201,41.048480810040346
2025-10-28,4.91,4.92,4.8,4.81,854816,5.466438,5.215000000000012,5.619549131749873,4.810450868250151,23,5.476699999999995,5.266883180139655,-0.3270962607234213,0.2275828536711044,38.44597011861956
2025-10-29,4.78,4.855,4.675,4.75,1037128,5.4397804800000005,5.179000000000012,5.613414548558875,4.744585451441148,24,5.470399999999994,5.246613251506727,-0.3071623012324543,0.2241840784088827,37.17679353454937
2025-10-30,4.75,4.815,4.63,4.67,1035604,5.393893651200001,5.148500000000012,5.633031732706576,4.663968267293448,25,5.463199999999993,5.2240009671339145,-0.2971666891201067,0.2213852156653911,35.494300523438184
2025-10-31,4.65,4.76,4.635,4.75,878224,5.332782159104001,5.113000000000012,5.605020324783066,4.620979675216958,26,5.454949999999994,5.205412693912977,-0.2795266226572832,0.2145005574035774,38.49206276578483
2025-11-03,4.74,4.8,4.63,4.75,1029914,5.276559586375681,5.076500000000012,5.562474279154417,4.590525720845607,27,5.4470999999999945,5.187553372583056,-0.2546051880955333,0.2113219461604647,38.49206276578483
2025-11-04,4.65,4.799,4.65,4.72,1093868,5.224834819465626,5.041000000000012,5.522202660008898,4.559797339991126,28,5.438049999999993,5.16921794620725,-0.2191777584115245,0.2068703785775744,37.72949107646864
2025-11-05,4.72,4.89,4.715,4.81,1403128,5.177248033908376,5.006500000000012,5.448462668106329,4.564537331893694,29,5.428949999999994,5.155130967924613,-0.2266158942685959,0.2045939229648905,41.47537301314045
2025-11-06,6.685,6.89,5.57,5.62,72476166,4.63,5.027500000000012,5.538728911545135,4.516271088454889,30,5.423999999999994,5.173361126045217,-0.7484473533905096,0.3385514998959698,63.03024460235975
2025-11-07,5.295,5.36,4.75,4.82,4803230,4.6752,5.017500000000012,5.536686864240279,4.498313135759744,-1,5.415524999999994,5.15950382698462,-0.7506474575484895,0.3765121070462576,45.28885074836917
2025-11-10,4.89,5.055,4.66,4.77,2339945,6.89,5.003500000000011,5.533416031083833,4.47358396891619,-1,5.406824999999994,5.14422916710287,-0.7498706972362117,0.3778326708286678,44.446789195306906
2025-11-11,4.74,5.04,4.715,5.02,1981954,6.8454,4.995000000000012,5.518086990852991,4.471913009147032,-1,5.398774999999993,5.139357435059621,-0.7360763654585843,0.37405890862662,49.50244582751338
2025-11-12,5.02,5.2,4.99,5.16,2025676,6.801692,4.993500000000012,5.514509596840251,4.472490403159772,-1,5.392574999999995,5.140166947410224,-0.711833246744092,0.3623404151532901,52.12972967340741
2025-11-13,5.14,5.2,4.82,4.84,1479361,6.75885816,4.979000000000012,5.500148731169549,4.457851268830474,-1,5.384124999999995,5.128395694570608,-0.7161842312854944,0.3636018140709122,46.211481537518814
2025-11-14,4.71,4.87,4.703,4.79,1632305,6.7168809968,4.962000000000012,5.484516985369478,4.439483014630547,-1,5.376074999999995,5.115125275175682,-0.7114237326571433,0.3495588273515613,45.34523000558213
2025-11-17,4.89,5.08,4.84,5.03,1566005,6.675743376863999,4.951500000000012,5.459487204562907,4.443512795437116,-1,5.370024999999996,5.111787029090361,-0.695244458164811,0.3453046253978784,50.17338727909459
2025-11-18,4.97,5.145,4.9,5.08,1607705,6.63542850932672,4.934500000000012,5.399579563085291,4.469420436914733,-1,5.364224999999996,5.110540478929955,-0.6931100230711482,0.3381400092980299,51.1417426292955
2025-11-19,5.08,5.275,5.01,5.17,1301359,6.5959199391401855,4.925500000000012,5.364292661743116,4.486707338256908,-1,5.358274999999996,5.11287222485427,-0.6835445437123935,0.3329157229195992,52.91555640455535
2025-11-20,5.19,5.3355,5.105,5.16,1275432,6.557201540357382,4.938000000000011,5.388404262856876,4.487595737143146,-1,5.3525749999999945,5.114720372899201,-0.676246845558487,0.3256003141396277,52.68667368502418
2025-11-21,5.2,5.465,5.19,5.34,2759624,6.5192575095502345,4.949500000000012,5.427766662019844,4.47123333798018,-1,5.347424999999995,5.123554868079624,-0.6726937816433062,0.3241288631296543,56.34685317096122
2025-11-24,5.31,5.575,5.25,5.49,2383034,6.48207235935923,4.977500000000012,5.510374281608368,4.444625718391655,-1,5.343224999999995,5.137925265409835,-0.6438789069668235,0.3241910871918219,59.18077028081037
2025-11-25,5.55,5.56,5.41,5.43,1319560,6.445630912172045,5.008500000000011,5.570150247039596,4.446849752960427,-1,5.338924999999994,5.149379176570234,-0.6434624361702096,0.3117488666781203,57.57079759485863
2025-11-26,5.39,5.455,5.345,5.37,939742,6.409918293928604,5.039500000000012,5.609042799093808,4.469957200906216,-1,5.333824999999995,5.158030973567479,-0.6472827067254171,0.2973382333439689,55.93215540067832
2025-11-28,5.38,5.4,5.3,5.36,452712,6.374919928050033,5.074000000000011,5.633335319821327,4.514664680178696,-1,5.329424999999995,5.165951327545225,-0.6444089619385039,0.2832426452479711,55.64786393752254
2025-12-01,5.29,5.435,5.255,5.3,1008691,6.340621529489032,5.101500000000011,5.648355556796888,4.554644443203134,-1,5.322174999999995,5.171208138229726,-0.655450018947899,0.2758681705874017,53.87835593190808
2025-12-02,5.31,5.38,5.185,5.35,1289070,6.307009098899251,5.131500000000012,5.663562966198187,4.599437033801836,-1,5.316424999999996,5.178219583789345,-0.6493797950048676,0.2700918726883016,55.158009331144505
2025-12-03,5.31,5.345,5.26,5.33,789345,6.274068916921267,5.162000000000012,5.665372625397539,4.658627374602484,-1,5.310874999999995,5.184171756974076,-0.6457638500976678,0.2572281674962801,54.50655943557823
2025-12-04,5.32,5.62,5.305,5.62,1896899,6.241787538582841,5.202500000000012,5.716304437504771,4.688695562495253,-1,5.307924999999996,5.201263060622152,-0.6258689121105762,0.2613547269608315,61.59034666196499
2025-12-05,5.61,5.765,5.56,5.74,1872298,6.210151787811184,5.208500000000012,5.744010037253767,4.672989962746256,-1,5.305874999999995,5.222389999421283,0.0714141835840806,0.2573293893207721,64.08258584184831
2025-12-08,5.73,5.7897,5.58,5.61,1675403,6.17914875205496,5.248000000000011,5.779586305316052,4.71641369468397,-1,5.302424999999995,5.237590391600841,0.1577598786743717,0.253927290083574,59.57291375945413
2025-12-09,5.56,5.74,5.5062,5.72,1075773,6.148765777013861,5.295500000000011,5.817437735749704,4.773562264250319,-1,5.297724999999996,5.256508415459631,0.2279117524247692,0.2524896265061759,62.00914242502177
2025-12-10,5.72,5.85,5.7,5.83,1545828,6.118990461473584,5.336000000000011,5.890811679761291,4.781188320238731,-1,5.293224999999996,5.278998281520038,0.2110192328258105,0.2451689388985919,64.32441133163145
2025-12-11,5.83,5.995,5.79,5.95,2189635,6.089810652244112,5.375500000000011,5.984416250398632,4.766583749601391,-1,5.289424999999997,5.305312074401606,0.2090146747124799,0.2422997289772639,66.7080213084406
2025-12-12,5.89,5.92,5.59,5.62,1436163,6.0612144391992295,5.414500000000012,5.979565482930508,4.849434517069516,-1,5.285724999999997,5.3176527773662485,0.2142659503439022,0.2507068911931736,55.68883435656701
2025-12-15,5.66,5.67,5.52,5.56,1538586,6.033190150415245,5.453000000000012,5.942493615892485,4.963506384107538,-1,5.281074999999996,5.327156590018553,0.1886552340882791,0.2435135418222327,53.94406838060837
2025-12-16,5.56,5.6065,5.48,5.52,1561524,6.00572634740694,5.477500000000012,5.927294397474554,5.027705602525469,-1,5.277724999999996,5.334719076684491,0.1389648315931244,0.2351554316920731,52.75735592167462
2025-12-17,5.52,5.52,5.305,5.31,1468554,5.978811820458801,5.489000000000011,5.908280335813032,5.069719664186991,-1,5.274124999999997,5.333749701128236,0.0672521323426532,0.2337157579997822,46.921343228804965
2025-12-18,5.34,5.42,5.3,5.3,981281,5.952435584049625,5.495500000000011,5.898512406756308,5.092487593243715,-1,5.269474999999996,5.332426183436933,0.0255045502721525,0.2255932038569406,46.65666859512059
2025-12-19,5.27,5.3,5.11,5.18,2370844,5.926586872368633,5.496500000000011,5.89626368019058,5.096736319809442,-1,5.2644749999999965,5.326448686047249,0.02599291143621,0.2230508321528734,43.48663668541636
